scenario_path,scenario,mode,status,success,steps,sim_time_s,task_completion_time_s,rollout_elapsed_s,fallback_count,fallback_rate,qp_fail_count,qp_fail_rate,min_h,min_psi,min_dist,max_hard_qp_violation,final_dist_to_goal,goal_tolerance,path_length_q,path_inefficiency,mean_squared_jerk,mean_intervention_l2,mean_solve_time_s,p1_mean,p1_max,p2_mean,p2_max,initial_gamma,initial_beta,d_margin
/home/simon/davide_fr3_ws/src/cbf_safety_filter/config/generated_scenarios/scenario_0000.yaml,scenario_0000,davide_online,SUCCESS,True,410,8.2,8.2,18.20112657546997,1,0.0024390243902439024,0,0.0,4.7108769020622054e-05,0.00010219932005395716,0.0001155432256713107,5.551115123125783e-17,0.009360745597210939,0.02,6.945923265486279,2.116940954063584,3592.7512148748697,1.0586537334059223,0.021825172261493962,10.000081344745395,10.033351345611088,15.0,15.0,10.0,15.0,0.0
/home/simon/davide_fr3_ws/src/cbf_safety_filter/config/generated_scenarios/scenario_0000.yaml,scenario_0000,fixed,SUCCESS,True,410,8.2,8.2,12.74228549003601,0,0.0,0,0.0,4.7086924892414395e-05,0.0001020350942514531,0.00011548966395960591,5.551115123125783e-17,0.009360742644152271,0.02,6.945824792262418,2.1169663522643685,3592.716700459953,1.058644041558017,0.01584170969521127,10.0,10.0,15.0,15.0,10.0,15.0,0.0
/home/simon/davide_fr3_ws/src/cbf_safety_filter/config/generated_scenarios/scenario_0001.yaml,scenario_0001,davide_online,SUCCESS,True,395,7.9,7.9,11.587650060653687,0,0.0,0,0.0,4.797724889279292e-05,0.00013744611672468965,0.00012204161510678824,6.938893903907228e-18,0.009474343119224573,0.02,1.396360292420418,1.1895453043578905,4.667127129620661,0.012260561893933451,0.018384446977060053,10.0,10.0,15.0,15.0,10.0,15.0,0.0
/home/simon/davide_fr3_ws/src/cbf_safety_filter/config/generated_scenarios/scenario_0001.yaml,scenario_0001,fixed,SUCCESS,True,395,7.9,7.9,12.039434432983398,0,0.0,0,0.0,4.797724889279292e-05,0.00013744611672468965,0.00012204161510678824,6.938893903907228e-18,0.009474343119224573,0.02,1.396360292420418,1.1895453043578905,4.667127129620661,0.012260561893933451,0.01978107343746137,10.0,10.0,15.0,15.0,10.0,15.0,0.0
/home/simon/davide_fr3_ws/src/cbf_safety_filter/config/generated_scenarios/scenario_0002.yaml,scenario_0002,davide_online,QP_FAIL_OR_MAX_STEPS,False,3000,60.0,nan,123.69734954833984,2855,0.9516666666666667,2789,0.9296666666666666,-0.0002014765834431817,-0.06252053919411946,-0.0005682833093512696,2.6982495330957518e-15,0.2365734159276216,0.02,9.834513509824928,2.6973867619552387,28104.83200227431,82.00283520885964,0.020413506189982097,187.3347281477138,200.0,233.94166666666666,250.0,10.0,15.0,0.0
/home/simon/davide_fr3_ws/src/cbf_safety_filter/config/generated_scenarios/scenario_0002.yaml,scenario_0002,fixed,QP_FAIL_OR_MAX_STEPS,False,3000,60.0,nan,104.34910297393799,0,0.0,2652,0.884,-0.0014717283289554899,-0.018467571705041264,-0.00443343399192847,4.440892098500626e-16,0.2513321142076061,0.02,17.260066723947325,4.368226927899419,22278.648604745536,121.24436803280955,0.017839314540227254,10.0,10.0,15.0,15.0,10.0,15.0,0.0
/home/simon/davide_fr3_ws/src/cbf_safety_filter/config/generated_scenarios/scenario_0006.yaml,scenario_0006,davide_online,SUCCESS,True,401,8.02,8.02,12.565123319625854,26,0.06483790523690773,0,0.0,-4.094788828311324e-06,-0.0012214358241178106,-1.127454830326946e-05,1.3322676295501878e-15,0.009439789723023912,0.02,8.868976866237624,5.541712504295002,18831.57580763077,1.019035379514754,0.015470809175486577,11.249679561381212,200.0,16.17206982543641,250.0,10.0,15.0,0.0
/home/simon/davide_fr3_ws/src/cbf_safety_filter/config/generated_scenarios/scenario_0006.yaml,scenario_0006,fixed,SUCCESS,True,400,8.0,8.0,15.828324794769287,0,0.0,0,0.0,-0.00038064327116864305,-0.004175956158122551,-0.0010510683254222053,4.440892098500626e-16,0.009550676402715069,0.02,9.519985083858028,6.150927436578372,17457.224180587975,1.3272286760108156,0.019890161752700804,10.0,10.0,15.0,15.0,10.0,15.0,0.0
/home/simon/davide_fr3_ws/src/cbf_safety_filter/config/generated_scenarios/scenario_0009.yaml,scenario_0009,davide_online,SUCCESS,True,385,7.7,7.7,15.374100685119629,0,0.0,0,0.0,0.021431221668274207,0.1871735088257097,0.04983589074641212,0.0,0.008183804241666481,0.02,7.45309525470557,2.7459913941513427,65394.835401058364,2.8540485097462747,0.022992370655010273,10.0,10.0,15.0,15.0,10.0,15.0,0.0
/home/simon/davide_fr3_ws/src/cbf_safety_filter/config/generated_scenarios/scenario_0009.yaml,scenario_0009,fixed,SUCCESS,True,385,7.7,7.7,15.749370574951172,0,0.0,0,0.0,0.021431221668274207,0.1871735088257097,0.04983589074641212,0.0,0.008183804241666481,0.02,7.45309525470557,2.7459913941513427,65394.835401058364,2.8540485097462747,0.024418336075621765,10.0,10.0,15.0,15.0,10.0,15.0,0.0
/home/simon/davide_fr3_ws/src/cbf_safety_filter/config/generated_scenarios/scenario_0010.yaml,scenario_0010,davide_online,SUCCESS,True,448,8.96,8.96,20.71793293952942,22,0.049107142857142856,0,0.0,6.0837688301437765e-05,-0.00030712105556604443,0.0002221795487921674,2.220446049250313e-16,0.009524076645135873,0.02,8.28495986364006,2.3232130490313647,3449.396944824041,1.9188925286118381,0.024558566510677338,10.11960184318444,18.562048545901572,15.0,15.0,10.0,15.0,0.0
/home/simon/davide_fr3_ws/src/cbf_safety_filter/config/generated_scenarios/scenario_0010.yaml,scenario_0010,fixed,SUCCESS,True,448,8.96,8.96,18.764917135238647,0,0.0,0,0.0,6.145805540415383e-05,-0.0016267553879061227,0.00022444327711809708,2.220446049250313e-16,0.00952361841246769,0.02,8.269606241197408,2.3226830518669708,3449.28910613844,1.9174602722703187,0.022944231650659015,10.0,10.0,15.0,15.0,10.0,15.0,0.0
/home/simon/davide_fr3_ws/src/cbf_safety_filter/config/generated_scenarios/scenario_0013.yaml,scenario_0013,davide_online,SUCCESS,True,359,7.18,7.18,16.672747135162354,53,0.14763231197771587,0,0.0,3.278469597293998e-07,-2.147961302809104e-05,1.1708771027740816e-06,6.938893903907228e-18,0.009438714730873486,0.02,1.2485249248604604,1.2190456721151508,2.6917676408578584,0.04263673487803028,0.02647341459906533,10.590360808726338,44.7136640726647,28.091922005571032,250.0,10.0,15.0,0.0
/home/simon/davide_fr3_ws/src/cbf_safety_filter/config/generated_scenarios/scenario_0013.yaml,scenario_0013,fixed,SUCCESS,True,359,7.18,7.18,14.169880151748657,0,0.0,0,0.0,-7.167459143139071e-06,-7.168643565920972e-05,-2.560040901458671e-05,6.938893903907228e-18,0.009438717918452928,0.02,1.248531762694845,1.2190265068680008,2.6144836501870232,0.04261398859814963,0.023543692564897883,10.0,10.0,15.0,15.0,10.0,15.0,0.0
/home/simon/davide_fr3_ws/src/cbf_safety_filter/config/generated_scenarios/scenario_0018.yaml,scenario_0018,davide_online,SUCCESS,True,415,8.3,8.3,16.716646194458008,0,0.0,0,0.0,6.148997963036085e-06,3.647971606548367e-05,1.728133591474834e-05,5.551115123125783e-17,0.009439818956401724,0.02,1.6221650310722595,1.176700403793881,5.589819522116753,2.7059387449041723,0.025160566582737198,10.0,10.0,15.0,15.0,10.0,15.0,0.0
/home/simon/davide_fr3_ws/src/cbf_safety_filter/config/generated_scenarios/scenario_0018.yaml,scenario_0018,fixed,SUCCESS,True,415,8.3,8.3,16.35873055458069,0,0.0,0,0.0,6.148997963036085e-06,3.647971606548367e-05,1.728133591474834e-05,5.551115123125783e-17,0.009439818956401724,0.02,1.6221650310722595,1.176700403793881,5.589819522116753,2.7059387449041723,0.02565931641911886,10.0,10.0,15.0,15.0,10.0,15.0,0.0
/home/simon/davide_fr3_ws/src/cbf_safety_filter/config/generated_scenarios/scenario_0019.yaml,scenario_0019,davide_online,SUCCESS,True,502,10.040000000000001,10.040000000000001,19.2259042263031,82,0.16334661354581673,0,0.0,-9.6570901412657e-06,-0.0015817962087386478,-2.6430729952786614e-05,3.3306690738754696e-16,0.004332146704023238,0.02,16.319064969069167,5.932661828503076,3410.435466175936,30.454177057577038,0.02351505490413225,13.032678594374113,200.0,19.681274900398407,250.0,10.0,15.0,0.0
/home/simon/davide_fr3_ws/src/cbf_safety_filter/config/generated_scenarios/scenario_0019.yaml,scenario_0019,fixed,SUCCESS,True,428,8.56,8.56,16.393658876419067,0,0.0,0,0.0,-0.0003301130297181723,-0.006268288070657033,-0.0009056739876576181,2.7755575615628914e-16,0.010931698213670816,0.02,14.714622288307163,6.5336148645383325,3866.0481136986373,35.03465443054801,0.024300105660875267,10.0,10.0,15.0,15.0,10.0,15.0,0.0
/home/simon/davide_fr3_ws/src/cbf_safety_filter/config/generated_scenarios/scenario_0021.yaml,scenario_0021,davide_online,QP_FAIL_OR_MAX_STEPS,False,3000,60.0,nan,125.62653374671936,2903,0.9676666666666667,2849,0.9496666666666667,-0.0002270421886710408,-0.1323722706138638,-0.0006371095159843077,3.3306690738754696e-16,0.1974932073380432,0.02,3.905376991287563,2.1512668817509573,18939.448678994268,68.93400697484435,0.022345334450403848,191.14526302956358,200.0,238.56333333333333,250.0,10.0,15.0,0.0
/home/simon/davide_fr3_ws/src/cbf_safety_filter/config/generated_scenarios/scenario_0021.yaml,scenario_0021,fixed,SUCCESS,True,464,9.28,9.28,20.22173547744751,0,0.0,0,0.0,-0.0012834629014690374,-0.014737477894559932,-0.0036320867096225617,3.885780586188048e-16,0.009491558057814056,0.02,11.79818457578421,3.4905170376284134,4926.418834864789,27.003945376778123,0.02392770606895973,10.0,10.0,15.0,15.0,10.0,15.0,0.0
/home/simon/davide_fr3_ws/src/cbf_safety_filter/config/generated_scenarios/scenario_0022.yaml,scenario_0022,davide_online,SUCCESS,True,433,8.66,8.66,17.50600290298462,45,0.10392609699769054,0,0.0,0.0035726155751218264,0.0017278221313046984,0.010339246865669921,8.326672684688674e-17,0.009435073952923801,0.02,5.482398414620116,1.9005698619269165,2808.154497078987,10.640760222284324,0.023173048094293536,2.0894554028467605,3.922542616493738,3.0,3.0,2.0,3.0,0.0
/home/simon/davide_fr3_ws/src/cbf_safety_filter/config/generated_scenarios/scenario_0022.yaml,scenario_0022,fixed,SUCCESS,True,433,8.66,8.66,10.858391761779785,0,0.0,0,0.0,-9.003893628616033e-06,-0.00030462199266071896,-2.6863410714367264e-05,8.326672684688674e-17,0.009531534134221262,0.02,4.2760217236446545,1.692140173982007,2755.4569046270103,4.09544890912893,0.01512531099914128,10.0,10.0,15.0,15.0,2.0,3.0,0.0
/home/simon/davide_fr3_ws/src/cbf_safety_filter/config/generated_scenarios/scenario_0024.yaml,scenario_0024,davide_online,SUCCESS,True,333,6.66,6.66,10.179288148880005,0,0.0,0,0.0,9.117999352600131e-06,8.50102018184432e-05,2.6396359539104797e-05,6.938893903907228e-18,0.009413164356056453,0.02,1.404958817625715,1.1749526229482767,1.3529367156787537,0.29613661633039934,0.01890251729581449,10.0,10.0,15.0,15.0,10.0,15.0,0.0
/home/simon/davide_fr3_ws/src/cbf_safety_filter/config/generated_scenarios/scenario_0024.yaml,scenario_0024,fixed,SUCCESS,True,333,6.66,6.66,12.104344129562378,0,0.0,0,0.0,9.117999352600131e-06,8.50102018184432e-05,2.6396359539104797e-05,6.938893903907228e-18,0.009413164356056453,0.02,1.404958817625715,1.1749526229482767,1.3529367156787537,0.29613661633039934,0.023298316531711154,10.0,10.0,15.0,15.0,10.0,15.0,0.0
/home/simon/davide_fr3_ws/src/cbf_safety_filter/config/generated_scenarios/scenario_0026.yaml,scenario_0026,davide_online,SUCCESS,True,402,8.040000000000001,8.040000000000001,18.057320833206177,34,0.0845771144278607,0,0.0,-7.407036912328302e-07,-0.0001962266853158468,-2.3529518030918073e-06,5.551115123125783e-17,0.009415986845604489,0.02,2.0253825231465963,1.2643452520025242,4.6194494095485545,0.45143658044252627,0.0240530279738393,10.753611781441831,69.87036987101939,17.922885572139304,250.0,10.0,15.0,0.0
/home/simon/davide_fr3_ws/src/cbf_safety_filter/config/generated_scenarios/scenario_0026.yaml,scenario_0026,fixed,SUCCESS,True,402,8.040000000000001,8.040000000000001,10.799992084503174,0,0.0,0,0.0,-5.323703927571574e-05,-0.0005583808512279031,-0.00016920479523013787,5.551115123125783e-17,0.009415987935389754,0.02,2.025442724754761,1.2644040701145425,4.360778287830386,0.44593087135387316,0.014912457608464939,10.0,10.0,15.0,15.0,10.0,15.0,0.0
/home/simon/davide_fr3_ws/src/cbf_safety_filter/config/generated_scenarios/scenario_0028.yaml,scenario_0028,davide_online,QP_FAIL_OR_MAX_STEPS,False,3000,60.0,nan,111.64734625816345,2911,0.9703333333333334,2828,0.9426666666666667,-0.0004064476664045226,-0.12600223617796882,-0.002140784503622248,6.661338147750939e-16,0.2761689640257384,0.02,1.3767662166417924,1.317110946905985,10229.812252226911,56.326588966762735,0.019574834982554117,189.85248421640765,200.0,237.85833333333332,250.0,10.0,15.0,0.0
/home/simon/davide_fr3_ws/src/cbf_safety_filter/config/generated_scenarios/scenario_0028.yaml,scenario_0028,fixed,MAX_STEPS,False,3000,60.0,nan,109.05054640769958,0,0.0,0,0.0,-0.0006778379937193418,-0.011980861611633302,-0.003574439434435292,4.440892098500626e-16,0.12785969325208218,0.02,66.41686269246316,20.118767531951406,4224.263170743645,72.95385650338099,0.01990010658899943,10.0,10.0,15.0,15.0,10.0,15.0,0.0
/home/simon/davide_fr3_ws/src/cbf_safety_filter/config/generated_scenarios/scenario_0029.yaml,scenario_0029,davide_online,SUCCESS,True,377,7.54,7.54,12.108856678009033,50,0.13262599469496023,0,0.0,-1.6864117872186085e-05,-0.002827976328793011,-5.465685432246015e-05,8.881784197001252e-16,0.008165139866029606,0.02,5.210168374833748,4.6133081215663285,29669.615919325788,1.9488278303653084,0.018170532560474992,15.977277341393307,200.0,18.74005305039788,250.0,10.0,15.0,0.0
/home/simon/davide_fr3_ws/src/cbf_safety_filter/config/generated_scenarios/scenario_0029.yaml,scenario_0029,fixed,SUCCESS,True,376,7.5200000000000005,7.5200000000000005,10.401452779769897,0,0.0,0,0.0,-0.0007070745653159939,-0.008153806846625339,-0.002308502097373849,4.3021142204224816e-16,0.008379438783575447,0.02,5.239035809306075,4.602324735487647,25905.15234934666,1.8548963217140435,0.016277733001303165,10.0,10.0,15.0,15.0,10.0,15.0,0.0
/home/simon/davide_fr3_ws/src/cbf_safety_filter/config/generated_scenarios/scenario_0030.yaml,scenario_0030,davide_online,MAX_STEPS,False,3000,60.0,nan,99.88175177574158,101,0.033666666666666664,0,0.0,-0.0011780021649976154,-0.10057340349114506,-0.006801455331223588,4.440892098500626e-16,0.04316099192628765,0.02,119.77676163486588,46.279623019022,4523.060576961213,67.81212987484345,0.01759135635693868,10.515129605528161,200.0,15.783333333333333,250.0,10.0,15.0,0.0
/home/simon/davide_fr3_ws/src/cbf_safety_filter/config/generated_scenarios/scenario_0030.yaml,scenario_0030,fixed,MAX_STEPS,False,3000,60.0,nan,91.49210739135742,0,0.0,0,0.0,-0.0008220331474284373,-0.010978715324636804,-0.0023965741607892277,5.551115123125783e-17,0.051034067315165674,0.02,119.15054372153966,53.87380518862823,4112.674395777277,72.14924957275294,0.01673915410041809,10.0,10.0,15.0,15.0,10.0,15.0,0.0
/home/simon/davide_fr3_ws/src/cbf_safety_filter/config/generated_scenarios/scenario_0031.yaml,scenario_0031,davide_online,SUCCESS,True,447,8.94,8.94,12.77839994430542,0,0.0,0,0.0,0.00017145113496900427,0.00016737554345918303,0.00045447078364072024,4.440892098500626e-16,0.009100828316425773,0.02,9.23783926253258,4.499081108867735,24456.720176206258,6.473989711763661,0.017849091715460657,10.0,10.0,15.0,15.0,10.0,15.0,0.0
/home/simon/davide_fr3_ws/src/cbf_safety_filter/config/generated_scenarios/scenario_0031.yaml,scenario_0031,fixed,SUCCESS,True,447,8.94,8.94,11.290228843688965,0,0.0,0,0.0,0.00017145113496900427,0.00016737554345918303,0.00045447078364072024,4.440892098500626e-16,0.009100828316425773,0.02,9.23783926253258,4.499081108867735,24456.720176206258,6.473989711763661,0.016506445754561117,10.0,10.0,15.0,15.0,10.0,15.0,0.0
/home/simon/davide_fr3_ws/src/cbf_safety_filter/config/generated_scenarios/scenario_0033.yaml,scenario_0033,davide_online,SUCCESS,True,405,8.1,8.1,14.041969299316406,3,0.007407407407407408,0,0.0,9.171596415033512e-05,4.582920367222844e-05,0.00035944569443910335,1.3877787807814457e-17,0.009454340617252095,0.02,2.1174099079059245,1.2707006466717858,5.453294500286692,0.046178355461723365,0.017137078296991043,10.001352081147568,10.325352512017043,15.0,15.0,10.0,15.0,0.0
/home/simon/davide_fr3_ws/src/cbf_safety_filter/config/generated_scenarios/scenario_0033.yaml,scenario_0033,fixed,SUCCESS,True,405,8.1,8.1,13.586031675338745,0,0.0,0,0.0,9.185342017472425e-05,2.7208880204641515e-05,0.00035998364188499776,1.3877787807814457e-17,0.009454342167612827,0.02,2.1175015290573866,1.27070170033009,5.452924563668471,0.04618269018558846,0.017151872611340182,10.0,10.0,15.0,15.0,10.0,15.0,0.0
/home/simon/davide_fr3_ws/src/cbf_safety_filter/config/generated_scenarios/scenario_0034.yaml,scenario_0034,davide_online,SUCCESS,True,439,8.78,8.78,9.303888320922852,0,0.0,0,0.0,0.007240817498554611,0.06389805883362415,0.03385805382999771,0.0,0.008739808804855096,0.02,15.624828876864868,5.7539931423723685,6675.893912029159,0.3941211438143723,0.0113889785453779,10.0,10.0,15.0,15.0,10.0,15.0,0.0
/home/simon/davide_fr3_ws/src/cbf_safety_filter/config/generated_scenarios/scenario_0034.yaml,scenario_0034,fixed,SUCCESS,True,439,8.78,8.78,12.782278537750244,0,0.0,0,0.0,0.007240817498554611,0.06389805883362415,0.03385805382999771,0.0,0.008739808804855096,0.02,15.624828876864868,5.7539931423723685,6675.893912029159,0.3941211438143723,0.016186443168101385,10.0,10.0,15.0,15.0,10.0,15.0,0.0
/home/simon/davide_fr3_ws/src/cbf_safety_filter/config/generated_scenarios/scenario_0037.yaml,scenario_0037,davide_online,SUCCESS,True,395,7.9,7.9,10.737195491790771,0,0.0,0,0.0,0.001100536927515279,0.0030863903210130716,0.0031809179936778675,1.1102230246251565e-16,0.009050809805506049,0.02,10.14915011213118,4.394670443260903,16536.293314610397,0.4615420093341779,0.016727794574785838,10.0,10.0,15.0,15.0,10.0,15.0,0.0
/home/simon/davide_fr3_ws/src/cbf_safety_filter/config/generated_scenarios/scenario_0037.yaml,scenario_0037,fixed,SUCCESS,True,395,7.9,7.9,9.515520572662354,0,0.0,0,0.0,0.001100536927515279,0.0030863903210130716,0.0031809179936778675,1.1102230246251565e-16,0.009050809805506049,0.02,10.14915011213118,4.394670443260903,16536.293314610397,0.4615420093341779,0.015442389476148389,10.0,10.0,15.0,15.0,10.0,15.0,0.0
/home/simon/davide_fr3_ws/src/cbf_safety_filter/config/generated_scenarios/scenario_0038.yaml,scenario_0038,davide_online,SUCCESS,True,449,8.98,8.98,13.145214319229126,0,0.0,0,0.0,0.0002427402621832317,0.0011033115040539315,0.0007226076977873697,1.1102230246251565e-16,0.009261506017437934,0.02,9.69773964257439,3.5376730694272234,4023.649495043287,0.25074189984763023,0.015548775615564699,10.0,10.0,15.0,15.0,10.0,15.0,0.0
/home/simon/davide_fr3_ws/src/cbf_safety_filter/config/generated_scenarios/scenario_0038.yaml,scenario_0038,fixed,SUCCESS,True,449,8.98,8.98,13.590671300888062,0,0.0,0,0.0,0.0002427402621832317,0.0011033115040539315,0.0007226076977873697,1.1102230246251565e-16,0.009261506017437934,0.02,9.69773964257439,3.5376730694272234,4023.649495043287,0.25074189984763023,0.016660969613124108,10.0,10.0,15.0,15.0,10.0,15.0,0.0
/home/simon/davide_fr3_ws/src/cbf_safety_filter/config/generated_scenarios/scenario_0039.yaml,scenario_0039,davide_online,QP_FAIL_OR_MAX_STEPS,False,3000,60.0,nan,84.48652982711792,2833,0.9443333333333334,2791,0.9303333333333333,-0.0003804870506362336,-0.12693171346563414,-0.0013794732943945842,4.440892098500626e-16,0.13790727691453752,0.02,5.668762910408823,1.5814223290239173,23956.908750005685,9.114870318391736,0.017273146152496338,186.9803247938952,200.0,233.785,250.0,10.0,15.0,0.0
/home/simon/davide_fr3_ws/src/cbf_safety_filter/config/generated_scenarios/scenario_0039.yaml,scenario_0039,fixed,SUCCESS,True,458,9.16,9.16,13.080578327178955,0,0.0,0,0.0,-0.0006079510697230769,-0.008669544237738136,-0.0021289483735309755,4.440892098500626e-16,0.009534156520355807,0.02,11.634551301621729,3.2961204662059123,12126.538045357966,9.871619023304632,0.01816236504300713,10.0,10.0,15.0,15.0,10.0,15.0,0.0
/home/simon/davide_fr3_ws/src/cbf_safety_filter/config/generated_scenarios/scenario_0041.yaml,scenario_0041,davide_online,SUCCESS,True,410,8.2,8.2,11.660342693328857,0,0.0,0,0.0,-0.00013910260483609993,-0.004656556776964421,-0.0007761388687762549,8.326672684688674e-17,0.009484042523806746,0.02,12.565975435083942,5.395304864158829,13502.679484221144,3.8450927192941866,0.017789616235872593,10.0,10.0,15.0,15.0,10.0,15.0,0.0
/home/simon/davide_fr3_ws/src/cbf_safety_filter/config/generated_scenarios/scenario_0041.yaml,scenario_0041,fixed,SUCCESS,True,410,8.2,8.2,11.44176197052002,0,0.0,0,0.0,-0.00013910260483609993,-0.004656556776964421,-0.0007761388687762549,8.326672684688674e-17,0.009484042523806746,0.02,12.565975435083942,5.395304864158829,13502.679484221144,3.8450927192941866,0.018072952293768162,10.0,10.0,15.0,15.0,10.0,15.0,0.0
/home/simon/davide_fr3_ws/src/cbf_safety_filter/config/generated_scenarios/scenario_0042.yaml,scenario_0042,davide_online,SUCCESS,True,446,8.92,8.92,14.70695185661316,27,0.06053811659192825,0,0.0,-1.5645821283688521e-06,-0.0002926100556862512,-4.190143775228972e-06,2.7755575615628914e-17,0.009436032998717672,0.02,4.172122903422158,1.8459481955487562,1602.582372179209,0.06463847593475898,0.01865127696050122,12.259171228441922,200.0,16.580717488789237,250.0,10.0,15.0,0.0
/home/simon/davide_fr3_ws/src/cbf_safety_filter/config/generated_scenarios/scenario_0042.yaml,scenario_0042,fixed,SUCCESS,True,446,8.92,8.92,13.012086868286133,0,0.0,0,0.0,-9.072155383381408e-05,-0.0009662997962282364,-0.00024311906994103905,1.1796119636642288e-16,0.009436028091197757,0.02,4.1932978818596425,1.859584136627317,1585.5745780479594,0.06573297182874217,0.017145654011200363,10.0,10.0,15.0,15.0,10.0,15.0,0.0
/home/simon/davide_fr3_ws/src/cbf_safety_filter/config/generated_scenarios/scenario_0043.yaml,scenario_0043,davide_online,SUCCESS,True,403,8.06,8.06,11.196482181549072,66,0.16377171215880892,0,0.0,-0.0003105889176667105,-0.004577875556049789,-0.0017423596376308637,6.661338147750939e-16,0.0103680530501622,0.02,12.0093365184143,3.514193320680427,32753.43529374227,18.875815683651457,0.016119384883946875,11.872045282788473,148.66259287080277,15.0,15.0,10.0,15.0,0.0
/home/simon/davide_fr3_ws/src/cbf_safety_filter/config/generated_scenarios/scenario_0043.yaml,scenario_0043,fixed,SUCCESS,True,402,8.040000000000001,8.040000000000001,12.359508991241455,0,0.0,0,0.0,-0.00030968756417174264,-0.004568868418205909,-0.0017372534087667507,5.793976409762536e-16,0.009840138854610676,0.02,12.190569324520707,5.319455314563264,30251.455072348435,20.024032973596352,0.01849015613100422,10.0,10.0,15.0,15.0,10.0,15.0,0.0
/home/simon/davide_fr3_ws/src/cbf_safety_filter/config/generated_scenarios/scenario_0044.yaml,scenario_0044,davide_online,SUCCESS,True,381,7.62,7.62,10.989692211151123,0,0.0,0,0.0,1.6364199172344898e-05,-0.002634552695465248,9.086634710726849e-05,1.0408340855860843e-16,0.008357906621556955,0.02,9.104279441596498,4.769864891101732,43195.18992949576,2.012037427448592,0.017984061103480383,10.0,10.0,15.0,15.0,10.0,15.0,0.0
/home/simon/davide_fr3_ws/src/cbf_safety_filter/config/generated_scenarios/scenario_0044.yaml,scenario_0044,fixed,SUCCESS,True,381,7.62,7.62,10.656182050704956,0,0.0,0,0.0,1.6364199172344898e-05,-0.002634552695465248,9.086634710726849e-05,1.0408340855860843e-16,0.008357906621556955,0.02,9.104279441596498,4.769864891101732,43195.18992949576,2.012037427448592,0.0182231943125487,10.0,10.0,15.0,15.0,10.0,15.0,0.0
/home/simon/davide_fr3_ws/src/cbf_safety_filter/config/generated_scenarios/scenario_0045.yaml,scenario_0045,davide_online,QP_FAIL_OR_MAX_STEPS,False,3000,60.0,nan,87.86702108383179,45,0.015,2796,0.932,-1.0014414967216e-06,-0.0006683203241004822,-2.7139535562770156e-06,3.885780586188048e-16,0.1251740499664112,0.02,3.8877605163945237,2.080778304447388,76068.63172303399,36.464071518175956,0.01679531200726827,10.372047069331304,200.0,15.235,250.0,10.0,15.0,0.0
/home/simon/davide_fr3_ws/src/cbf_safety_filter/config/generated_scenarios/scenario_0045.yaml,scenario_0045,fixed,SUCCESS,True,458,9.16,9.16,15.201945304870605,0,0.0,0,0.0,-9.904011020722865e-05,-0.005051219142554696,-0.000434452096459495,4.440892098500626e-16,0.007242927427484309,0.02,12.640099918553364,6.147307787171425,39635.66548370005,28.882142128238755,0.019628418585098468,10.0,10.0,15.0,15.0,10.0,15.0,0.0
/home/simon/davide_fr3_ws/src/cbf_safety_filter/config/generated_scenarios/scenario_0046.yaml,scenario_0046,davide_online,SUCCESS,True,409,8.18,8.18,13.952873706817627,2,0.004889975550122249,0,0.0,-0.0002707429944612434,-0.002882851048460859,-0.0015169111889805492,1.1102230246251565e-16,0.009295345633055185,0.02,10.639273738796868,4.8956488429781855,13081.22753000996,6.137359625998712,0.01938690183215153,10.000210803803736,10.077072751202344,15.0,15.0,10.0,15.0,0.0
/home/simon/davide_fr3_ws/src/cbf_safety_filter/config/generated_scenarios/scenario_0046.yaml,scenario_0046,fixed,SUCCESS,True,409,8.18,8.18,11.16478180885315,0,0.0,0,0.0,-0.0002707429944612434,-0.002882851048460859,-0.0015169111889805492,1.1102230246251565e-16,0.009302616315729432,0.02,10.609773333939932,4.951610760282172,12679.95457723176,6.004268399749101,0.016047126215069686,10.0,10.0,15.0,15.0,10.0,15.0,0.0
/home/simon/davide_fr3_ws/src/cbf_safety_filter/config/generated_scenarios/scenario_0047.yaml,scenario_0047,davide_online,SUCCESS,True,453,9.06,9.06,13.215330839157104,0,0.0,0,0.0,0.013811532499005113,0.12674763523140548,0.051737478686561644,0.0,0.01055408339955505,0.02,15.09190935369329,5.553542161555194,11858.28869869264,0.35413556557886466,0.015417415311531252,10.0,10.0,15.0,15.0,10.0,15.0,0.0
/home/simon/davide_fr3_ws/src/cbf_safety_filter/config/generated_scenarios/scenario_0047.yaml,scenario_0047,fixed,SUCCESS,True,453,9.06,9.06,13.592789888381958,0,0.0,0,0.0,0.013811532499005113,0.12674763523140548,0.051737478686561644,0.0,0.01055408339955505,0.02,15.09190935369329,5.553542161555194,11858.28869869264,0.35413556557886466,0.016410880794061992,10.0,10.0,15.0,15.0,10.0,15.0,0.0
/home/simon/davide_fr3_ws/src/cbf_safety_filter/config/generated_scenarios/scenario_0054.yaml,scenario_0054,davide_online,SUCCESS,True,393,7.86,7.86,12.550397157669067,226,0.5750636132315522,0,0.0,-6.115519095455102e-06,-0.0006557832055750722,-1.7335089571385298e-05,1.1102230246251565e-16,0.009238744933953802,0.02,7.074887228585863,2.4540182758445814,55.6876738862099,2.0372070854740234,0.018556352790075403,5.611775848610834,200.0,6.770992366412214,250.0,2.0,3.0,0.0
/home/simon/davide_fr3_ws/src/cbf_safety_filter/config/generated_scenarios/scenario_0054.yaml,scenario_0054,fixed,SUCCESS,True,406,8.120000000000001,8.120000000000001,13.159690618515015,0,0.0,0,0.0,5.224203298283964e-05,-0.0002153241078550268,0.00013642482040548964,1.1102230246251565e-16,0.007986935150279042,0.02,5.603931127755708,2.3321675296067803,24.89174001784587,1.24811837561075,0.019659205610528956,10.0,10.0,15.0,15.0,2.0,3.0,0.0
/home/simon/davide_fr3_ws/src/cbf_safety_filter/config/generated_scenarios/scenario_0055.yaml,scenario_0055,davide_online,SUCCESS,True,391,7.82,7.82,10.954688310623169,0,0.0,0,0.0,4.762206377604411e-05,0.0003928194351799151,0.00014847167790674187,3.469446951953614e-17,0.00938415836926842,0.02,4.783319529469327,1.1955222645598393,4.424567105799312,0.8552622795515741,0.01732161404836513,10.0,10.0,15.0,15.0,10.0,15.0,0.0
/home/simon/davide_fr3_ws/src/cbf_safety_filter/config/generated_scenarios/scenario_0055.yaml,scenario_0055,fixed,SUCCESS,True,391,7.82,7.82,12.07457971572876,0,0.0,0,0.0,4.762206377604411e-05,0.0003928194351799151,0.00014847167790674187,3.469446951953614e-17,0.00938415836926842,0.02,4.783319529469327,1.1955222645598393,4.424567105799312,0.8552622795515741,0.019815536411217107,10.0,10.0,15.0,15.0,10.0,15.0,0.0
/home/simon/davide_fr3_ws/src/cbf_safety_filter/config/generated_scenarios/scenario_0059.yaml,scenario_0059,davide_online,SUCCESS,True,431,8.620000000000001,8.620000000000001,15.247134923934937,0,0.0,0,0.0,-1.1300187713735727e-05,-0.002577926453624004,-6.280073136441522e-05,5.551115123125783e-17,0.010048775829845757,0.02,15.473428210250862,5.507276502238472,9116.085089082686,1.0418340945899391,0.01763356036210558,10.0,10.0,15.0,15.0,10.0,15.0,0.0
/home/simon/davide_fr3_ws/src/cbf_safety_filter/config/generated_scenarios/scenario_0059.yaml,scenario_0059,fixed,SUCCESS,True,431,8.620000000000001,8.620000000000001,12.14884090423584,0,0.0,0,0.0,-1.1300187713735727e-05,-0.002577926453624004,-6.280073136441522e-05,5.551115123125783e-17,0.010048775829845757,0.02,15.473428210250862,5.507276502238472,9116.085089082686,1.0418340945899391,0.01466754141097279,10.0,10.0,15.0,15.0,10.0,15.0,0.0
/home/simon/davide_fr3_ws/src/cbf_safety_filter/config/generated_scenarios/scenario_0061.yaml,scenario_0061,davide_online,SUCCESS,True,448,8.96,8.96,14.87215256690979,0,0.0,0,0.0,0.015360389488477667,0.14639545209892976,0.06316784743697898,0.0,0.009198008308011983,0.02,15.57552378605942,4.588501031396224,13148.827223928633,0.6928423123848615,0.01739180354135377,10.0,10.0,15.0,15.0,10.0,15.0,0.0
/home/simon/davide_fr3_ws/src/cbf_safety_filter/config/generated_scenarios/scenario_0061.yaml,scenario_0061,fixed,SUCCESS,True,448,8.96,8.96,15.123004913330078,0,0.0,0,0.0,0.015360389488477667,0.14639545209892976,0.06316784743697898,0.0,0.009198008308011983,0.02,15.57552378605942,4.588501031396224,13148.827223928633,0.6928423123848615,0.018230997025966644,10.0,10.0,15.0,15.0,10.0,15.0,0.0
/home/simon/davide_fr3_ws/src/cbf_safety_filter/config/generated_scenarios/scenario_0065.yaml,scenario_0065,davide_online,QP_FAIL_OR_MAX_STEPS,False,3000,60.0,nan,106.61270141601562,2891,0.9636666666666667,2849,0.9496666666666667,-0.00021442972618676212,-0.08771766688252255,-0.000781968000511224,8.881784197001252e-16,0.16990652615253807,0.02,1.6642834520872636,1.3450135966940104,11353.718516144518,21.78184140535543,0.017666258335113524,190.68325788909064,200.0,238.485,250.0,10.0,15.0,0.0
/home/simon/davide_fr3_ws/src/cbf_safety_filter/config/generated_scenarios/scenario_0065.yaml,scenario_0065,fixed,SUCCESS,True,427,8.540000000000001,8.540000000000001,14.872917413711548,0,0.0,0,0.0,-0.00025588523236492675,-0.002963738148687391,-0.0009336616598545899,1.6653345369377348e-16,0.009019848147980835,0.02,15.735589352047477,5.766328657918674,3893.726510916919,12.381104244230276,0.01801447510998478,10.0,10.0,15.0,15.0,10.0,15.0,0.0
/home/simon/davide_fr3_ws/src/cbf_safety_filter/config/generated_scenarios/scenario_0068.yaml,scenario_0068,davide_online,SUCCESS,True,443,8.86,8.86,12.423001527786255,0,0.0,0,0.0,8.085176278593842e-06,3.606040960111483e-05,3.0483586084373293e-05,1.3877787807814457e-17,0.009471160831444319,0.02,4.850859595761211,1.289236829431535,12.769785668760479,0.041135125901137805,0.013860409738786064,10.0,10.0,15.0,15.0,10.0,15.0,0.0
/home/simon/davide_fr3_ws/src/cbf_safety_filter/config/generated_scenarios/scenario_0068.yaml,scenario_0068,fixed,SUCCESS,True,443,8.86,8.86,13.29281497001648,0,0.0,0,0.0,8.085176278593842e-06,3.606040960111483e-05,3.0483586084373293e-05,1.3877787807814457e-17,0.009471160831444319,0.02,4.850859595761211,1.289236829431535,12.769785668760479,0.041135125901137805,0.015286299767935519,10.0,10.0,15.0,15.0,10.0,15.0,0.0
/home/simon/davide_fr3_ws/src/cbf_safety_filter/config/generated_scenarios/scenario_0072.yaml,scenario_0072,davide_online,SUCCESS,True,394,7.88,7.88,9.876229763031006,23,0.0583756345177665,0,0.0,1.6808497014172974e-06,1.8782930852738556e-06,6.125408822110767e-06,5.551115123125783e-17,0.009481812827929119,0.02,2.891863924620393,1.2174888758287532,4.157743583993494,0.27403381856466374,0.01566190949551345,10.063024961485825,12.202461783238421,15.0,15.0,10.0,15.0,0.0
/home/simon/davide_fr3_ws/src/cbf_safety_filter/config/generated_scenarios/scenario_0072.yaml,scenario_0072,fixed,SUCCESS,True,394,7.88,7.88,10.601895093917847,0,0.0,0,0.0,2.088629498232103e-06,-1.2742445660780138e-05,7.6114124075710166e-06,5.551115123125783e-17,0.009481814185187249,0.02,2.8922448551712963,1.2175489206751742,4.1561493214015375,0.27411174736013333,0.01744180524409725,10.0,10.0,15.0,15.0,10.0,15.0,0.0
/home/simon/davide_fr3_ws/src/cbf_safety_filter/config/generated_scenarios/scenario_0077.yaml,scenario_0077,davide_online,SUCCESS,True,447,8.94,8.94,14.418349027633667,12,0.026845637583892617,0,0.0,3.3625695288645036e-05,-0.0011647680938625428,0.00011234316277547451,1.1102230246251565e-16,0.00923344724812397,0.02,7.9381081322429745,1.7769814029512148,7180.903353224329,0.49752557802414377,0.018495034318108953,10.176028374815866,32.34242250527561,15.0,15.0,10.0,15.0,0.0
/home/simon/davide_fr3_ws/src/cbf_safety_filter/config/generated_scenarios/scenario_0077.yaml,scenario_0077,fixed,SUCCESS,True,447,8.94,8.94,12.968797445297241,0,0.0,0,0.0,3.354534385271654e-05,-0.004777409949972973,0.00011207480979186224,1.6653345369377348e-16,0.009233514333771781,0.02,7.929664270165078,1.771640311695466,7176.111001258336,0.49711087356318023,0.017337361171474927,10.0,10.0,15.0,15.0,10.0,15.0,0.0
/home/simon/davide_fr3_ws/src/cbf_safety_filter/config/generated_scenarios/scenario_0080.yaml,scenario_0080,davide_online,SUCCESS,True,318,6.36,6.36,9.08467149734497,13,0.040880503144654086,0,0.0,1.6838027052431398e-06,-6.318581969554324e-06,7.632567765883391e-06,2.6020852139652106e-18,0.00949348623998263,0.02,0.7999732094632619,1.1427635696085376,1.2565677258893908,0.03302877616154416,0.017398780246950546,10.166717836352218,24.878520162293665,15.0,15.0,10.0,15.0,0.0
/home/simon/davide_fr3_ws/src/cbf_safety_filter/config/generated_scenarios/scenario_0080.yaml,scenario_0080,fixed,SUCCESS,True,318,6.36,6.36,7.333477020263672,0,0.0,0,0.0,1.8842648916127247e-06,-2.7187506905908547e-05,8.541214593232871e-06,2.6020852139652106e-18,0.00949348650334578,0.02,0.8000331149411776,1.142798981938973,1.2569504137911218,0.03303902001237182,0.014662889564562144,10.0,10.0,15.0,15.0,10.0,15.0,0.0
/home/simon/davide_fr3_ws/src/cbf_safety_filter/config/generated_scenarios/scenario_0082.yaml,scenario_0082,davide_online,SUCCESS,True,474,9.48,9.48,17.033157348632812,16,0.03375527426160337,0,0.0,6.928844403779333e-05,-0.0006108492082503268,0.00020165340693437117,8.881784197001252e-16,0.008055728222049974,0.02,19.43005790758439,6.7616211793024075,12411.025278164416,0.9536193629955301,0.017900727972199645,10.047955437070026,13.501666043255135,15.0,15.0,10.0,15.0,0.0
/home/simon/davide_fr3_ws/src/cbf_safety_filter/config/generated_scenarios/scenario_0082.yaml,scenario_0082,fixed,SUCCESS,True,474,9.48,9.48,16.869393348693848,0,0.0,0,0.0,6.928844403779333e-05,-0.0012954875357738815,0.00020165340693437117,1.7763568394002505e-15,0.008056248056169198,0.02,19.426828080749782,6.762178841961955,12399.388269036994,0.9537467366675194,0.01842249898467889,10.0,10.0,15.0,15.0,10.0,15.0,0.0
/home/simon/davide_fr3_ws/src/cbf_safety_filter/config/generated_scenarios/scenario_0087.yaml,scenario_0087,davide_online,SUCCESS,True,398,7.96,7.96,12.43709659576416,93,0.23366834170854273,0,0.0,-1.2493694534074923e-05,-0.003412312180000189,-4.2072271414478335e-05,1.6653345369377348e-16,0.015137175245349912,0.02,14.814587157084087,3.7511117872063244,5079.988070869077,3.5849608153263786,0.017814478682513214,18.359829106289936,200.0,25.037688442211056,250.0,10.0,15.0,0.0
/home/simon/davide_fr3_ws/src/cbf_safety_filter/config/generated_scenarios/scenario_0087.yaml,scenario_0087,fixed,SUCCESS,True,395,7.9,7.9,10.012143611907959,0,0.0,0,0.0,-0.0007713186123711711,-0.010470621713976835,-0.002620147423885749,1.6653345369377348e-16,0.011147520458738425,0.02,14.371886050923111,3.840046015486599,3328.5612229181543,4.352869340524937,0.015037762364254722,10.0,10.0,15.0,15.0,10.0,15.0,0.0
/home/simon/davide_fr3_ws/src/cbf_safety_filter/config/generated_scenarios/scenario_0089.yaml,scenario_0089,davide_online,SUCCESS,True,415,8.3,8.3,9.979020357131958,0,0.0,0,0.0,0.03664939761976603,0.38390739444036404,0.10282499345621338,0.0,0.009384902850714895,0.02,13.696173821146784,5.954523171082264,32748.837598115122,1.7614707777337588,0.014745623806873,10.0,10.0,15.0,15.0,10.0,15.0,0.0
/home/simon/davide_fr3_ws/src/cbf_safety_filter/config/generated_scenarios/scenario_0089.yaml,scenario_0089,fixed,SUCCESS,True,415,8.3,8.3,12.173980474472046,0,0.0,0,0.0,0.03664939761976603,0.38390739444036404,0.10282499345621338,0.0,0.009384902850714895,0.02,13.696173821146784,5.954523171082264,32748.837598115122,1.7614707777337588,0.018789328150002352,10.0,10.0,15.0,15.0,10.0,15.0,0.0
/home/simon/davide_fr3_ws/src/cbf_safety_filter/config/generated_scenarios/scenario_0090.yaml,scenario_0090,davide_online,SUCCESS,True,453,9.06,9.06,13.747352123260498,71,0.15673289183222958,0,0.0,-1.3991728540010961e-06,-0.00034664356895204855,-5.147900496244029e-06,5.551115123125783e-17,0.010661349671715798,0.02,6.36478559006227,2.662404712660389,1640.0362182625863,0.21023504292639011,0.01644827514294757,12.764675996619655,200.0,18.631346578366447,250.0,10.0,15.0,0.0
/home/simon/davide_fr3_ws/src/cbf_safety_filter/config/generated_scenarios/scenario_0090.yaml,scenario_0090,fixed,SUCCESS,True,453,9.06,9.06,10.942224740982056,0,0.0,0,0.0,-9.633197444594913e-05,-0.0013435427998668564,-0.0003548856448375992,5.551115123125783e-17,0.010613198656579196,0.02,6.36266051852614,2.6649678849812197,1633.7181383311224,0.21026847975682575,0.013618116610360725,10.0,10.0,15.0,15.0,10.0,15.0,0.0
/home/simon/davide_fr3_ws/src/cbf_safety_filter/config/generated_scenarios/scenario_0092.yaml,scenario_0092,davide_online,SUCCESS,True,388,7.76,7.76,10.284296751022339,20,0.05154639175257732,0,0.0,6.807278033552078e-07,-0.00012252437124652478,1.8240205688635491e-06,1.734723475976807e-17,0.009383022938840265,0.02,3.4361716055326115,1.2136152225266559,5.649036091668946,0.6883908014719298,0.016334164388400994,10.328720491403562,34.353264040262516,15.0,15.0,10.0,15.0,0.0
/home/simon/davide_fr3_ws/src/cbf_safety_filter/config/generated_scenarios/scenario_0092.yaml,scenario_0092,fixed,SUCCESS,True,388,7.76,7.76,12.044755458831787,0,0.0,0,0.0,-6.325835940200475e-06,-0.0005053520809804352,-1.695102700299822e-05,1.3877787807814457e-17,0.009383053921960467,0.02,3.4359434321606344,1.213342405013111,5.6487633933166554,0.6881418089103943,0.01991599859650602,10.0,10.0,15.0,15.0,10.0,15.0,0.0
/home/simon/davide_fr3_ws/src/cbf_safety_filter/config/generated_scenarios/scenario_0093.yaml,scenario_0093,davide_online,SUCCESS,True,540,10.8,10.8,15.405628442764282,48,0.08888888888888889,0,0.0,-1.5188566456381114e-05,-0.007695392676320412,-4.116601923445651e-05,8.881784197001252e-16,0.0037110217250550543,0.02,12.893658606661477,3.8718411063565354,19189.819159936444,2.9638801171289333,0.016277307051199452,11.742299885699564,200.0,16.305555555555557,250.0,10.0,15.0,0.0
/home/simon/davide_fr3_ws/src/cbf_safety_filter/config/generated_scenarios/scenario_0093.yaml,scenario_0093,fixed,SUCCESS,True,444,8.88,8.88,13.092100858688354,0,0.0,0,0.0,-0.0006597735063538362,-0.01977380942320188,-0.0017967529198066878,8.881784197001252e-16,0.009466232321047036,0.02,9.640322635865848,3.2111477080319806,13268.36773206921,1.9399513315335513,0.01751123677502881,10.0,10.0,15.0,15.0,10.0,15.0,0.0
/home/simon/davide_fr3_ws/src/cbf_safety_filter/config/generated_scenarios/scenario_0096.yaml,scenario_0096,davide_online,SUCCESS,True,431,8.620000000000001,8.620000000000001,16.556015729904175,20,0.04640371229698376,0,0.0,8.763823773211277e-07,-2.1840029500294237e-05,2.1822151774486542e-06,6.938893903907228e-18,0.009471696446604562,0.02,3.505473490732739,1.20142618207152,10.344340529239114,0.025201547314209493,0.019174730141588818,10.23406544200841,38.469370378322765,15.54524361948956,250.0,10.0,15.0,0.0
/home/simon/davide_fr3_ws/src/cbf_safety_filter/config/generated_scenarios/scenario_0096.yaml,scenario_0096,fixed,SUCCESS,True,431,8.620000000000001,8.620000000000001,14.565454244613647,0,0.0,0,0.0,-9.54953243628709e-06,-0.00010377744276875476,-2.3780124329186858e-05,6.938893903907228e-18,0.00947165494476865,0.02,3.5027809839711757,1.2002004848686383,10.30534009708276,0.02488227600497992,0.017563703718428823,10.0,10.0,15.0,15.0,10.0,15.0,0.0
/home/simon/davide_fr3_ws/src/cbf_safety_filter/config/generated_scenarios/scenario_0100.yaml,scenario_0100,davide_online,SUCCESS,True,459,9.18,9.18,12.932639360427856,167,0.3638344226579521,0,0.0,7.469248152507796e-05,-0.043761670234143124,0.0003171424413137558,4.85722573273506e-16,0.009473566060548822,0.02,7.611405151025113,1.9512623122487713,3692.6445273358454,5.158867154828421,0.01412185137048526,2.4251652253804297,5.640872840687797,3.0,3.0,2.0,3.0,0.0
/home/simon/davide_fr3_ws/src/cbf_safety_filter/config/generated_scenarios/scenario_0100.yaml,scenario_0100,fixed,SUCCESS,True,484,9.68,9.68,14.777543544769287,0,0.0,0,0.0,-0.00012914408273692786,-0.0024531401027097065,-0.0005503698542234925,4.440892098500626e-16,0.011131100620806288,0.02,17.890421275255846,6.710067775010154,6445.153368217358,2.2572255258688596,0.015832401504201336,10.0,10.0,15.0,15.0,2.0,3.0,0.0
/home/simon/davide_fr3_ws/src/cbf_safety_filter/config/generated_scenarios/scenario_0102.yaml,scenario_0102,davide_online,QP_FAIL_OR_MAX_STEPS,False,3000,60.0,nan,92.83743143081665,2764,0.9213333333333333,2710,0.9033333333333333,-0.00027429124711621927,-0.08759139374056027,-0.0010407193647482271,1.8041124150158794e-16,0.04661317059257833,0.02,7.609431287679234,2.0801006257744543,11494.500604572022,5.851713211593942,0.01630639958381653,181.7952715306343,200.0,227.675,250.0,10.0,15.0,0.0
/home/simon/davide_fr3_ws/src/cbf_safety_filter/config/generated_scenarios/scenario_0102.yaml,scenario_0102,fixed,MAX_STEPS,False,3000,60.0,nan,94.9566216468811,0,0.0,0,0.0,-0.0012875034202908652,-0.015323982602279605,-0.006499234973257467,8.278887745748782e-15,0.05067275547556007,0.02,186.27739878257535,40.5404244238259,18004.659810862162,30.493821921585415,0.017315893252690635,10.0,10.0,15.0,15.0,10.0,15.0,0.0
/home/simon/davide_fr3_ws/src/cbf_safety_filter/config/generated_scenarios/scenario_0104.yaml,scenario_0104,davide_online,SUCCESS,True,423,8.46,8.46,11.157241106033325,0,0.0,0,0.0,0.00020028539599061673,0.0005435778140781243,0.0005131402848606026,1.3877787807814457e-17,0.009462992590946797,0.02,2.683378126386416,1.0810622246909005,4.330476421923289,0.01691960606382131,0.01633824862486927,10.0,10.0,15.0,15.0,10.0,15.0,0.0
/home/simon/davide_fr3_ws/src/cbf_safety_filter/config/generated_scenarios/scenario_0104.yaml,scenario_0104,fixed,SUCCESS,True,423,8.46,8.46,11.713474750518799,0,0.0,0,0.0,0.00020028539599061673,0.0005435778140781243,0.0005131402848606026,1.3877787807814457e-17,0.009462992590946797,0.02,2.683378126386416,1.0810622246909005,4.330476421923289,0.01691960606382131,0.017800813025616584,10.0,10.0,15.0,15.0,10.0,15.0,0.0
/home/simon/davide_fr3_ws/src/cbf_safety_filter/config/generated_scenarios/scenario_0106.yaml,scenario_0106,davide_online,SUCCESS,True,390,7.8,7.8,11.067262887954712,23,0.05897435897435897,0,0.0,1.4608691398430851e-05,-3.0081331142845944e-05,4.836540458963423e-05,1.1102230246251565e-16,0.009942600568818198,0.02,4.59995915432671,1.8894104149837523,3108.6214835007813,1.0942580718269028,0.016557846313867815,10.033462369207996,13.12148233906944,15.0,15.0,10.0,15.0,0.0
/home/simon/davide_fr3_ws/src/cbf_safety_filter/config/generated_scenarios/scenario_0106.yaml,scenario_0106,fixed,SUCCESS,True,390,7.8,7.8,10.395804166793823,0,0.0,0,0.0,1.4613610544892547e-05,-0.00011230340361747691,4.838168793763753e-05,1.1102230246251565e-16,0.009950468243421658,0.02,4.599857069308084,1.889422528202635,3108.3305712700426,1.0942437552277464,0.016141294210385054,10.0,10.0,15.0,15.0,10.0,15.0,0.0
/home/simon/davide_fr3_ws/src/cbf_safety_filter/config/generated_scenarios/scenario_0112.yaml,scenario_0112,davide_online,SUCCESS,True,415,8.3,8.3,12.696637153625488,3,0.007228915662650603,0,0.0,0.00020863317239717266,0.000405727259412598,0.0005380775952960049,5.551115123125783e-17,0.009292657726120765,0.02,6.987250081044908,2.6470601310740927,3168.7901935060286,0.18969747224903327,0.019164747215179075,10.000418860610877,10.08579069067666,15.0,15.0,10.0,15.0,0.0
/home/simon/davide_fr3_ws/src/cbf_safety_filter/config/generated_scenarios/scenario_0112.yaml,scenario_0112,fixed,SUCCESS,True,415,8.3,8.3,9.222683906555176,0,0.0,0,0.0,0.0002089934367010618,0.00035609771610311397,0.0005390054489335938,5.551115123125783e-17,0.009292629318377578,0.02,6.987239344094147,2.6469596043320975,3168.714419209431,0.18969518235439575,0.014438411413905132,10.0,10.0,15.0,15.0,10.0,15.0,0.0
/home/simon/davide_fr3_ws/src/cbf_safety_filter/config/generated_scenarios/scenario_0113.yaml,scenario_0113,davide_online,QP_FAIL_OR_MAX_STEPS,False,3000,60.0,nan,85.57523512840271,2853,0.951,2836,0.9453333333333334,-0.00018696251181881535,-0.06493947593985941,-0.0007216446606429783,5.603156827405087e-16,0.2360571964053497,0.02,4.356416373962834,2.289528171056211,6137.098779236507,52.06379550976993,0.016142129182815552,189.74949345754433,200.0,237.23166666666665,250.0,10.0,15.0,0.0
/home/simon/davide_fr3_ws/src/cbf_safety_filter/config/generated_scenarios/scenario_0113.yaml,scenario_0113,fixed,SUCCESS,True,449,8.98,8.98,14.820167541503906,0,0.0,0,0.0,-0.0002470723525384924,-0.003744324767642842,-0.0008264019101252573,4.891920202254596e-16,0.009614382208037642,0.02,18.239767450341947,6.856113398202766,7749.315496972883,21.710526518428892,0.019306595447599755,10.0,10.0,15.0,15.0,10.0,15.0,0.0
/home/simon/davide_fr3_ws/src/cbf_safety_filter/config/generated_scenarios/scenario_0114.yaml,scenario_0114,davide_online,SUCCESS,True,419,8.38,8.38,10.475950956344604,0,0.0,0,0.0,0.0003741970904932602,0.002110251992316705,0.0016582469092905755,8.326672684688674e-17,0.009899923461433237,0.02,14.532019105306993,5.131965347145842,6344.619639800024,0.4554442029920577,0.015462683038097008,10.0,10.0,15.0,15.0,10.0,15.0,0.0
/home/simon/davide_fr3_ws/src/cbf_safety_filter/config/generated_scenarios/scenario_0114.yaml,scenario_0114,fixed,SUCCESS,True,419,8.38,8.38,11.603523015975952,0,0.0,0,0.0,0.0003741970904932602,0.002110251992316705,0.0016582469092905755,8.326672684688674e-17,0.009899923461433237,0.02,14.532019105306993,5.131965347145842,6344.619639800024,0.4554442029920577,0.017825493664616332,10.0,10.0,15.0,15.0,10.0,15.0,0.0
/home/simon/davide_fr3_ws/src/cbf_safety_filter/config/generated_scenarios/scenario_0115.yaml,scenario_0115,davide_online,SUCCESS,True,439,8.78,8.78,14.184516906738281,52,0.11845102505694761,0,0.0,-1.58651886822056e-06,-0.009144420725053799,-4.9672621850738174e-06,4.440892098500626e-16,0.008798583528826098,0.02,10.07586605951294,4.835820896286541,9980.059449088956,3.355453023637851,0.01691224797711557,12.895588722598147,200.0,16.605922551252846,250.0,10.0,15.0,0.0
/home/simon/davide_fr3_ws/src/cbf_safety_filter/config/generated_scenarios/scenario_0115.yaml,scenario_0115,fixed,SUCCESS,True,433,8.66,8.66,11.126428365707397,0,0.0,0,0.0,-0.001777624912703505,-0.02298304073794115,-0.006278668236082585,3.3306690738754696e-16,0.009401730210576944,0.02,10.267522687971415,4.153775423270061,9068.475126489202,3.5318545459130393,0.013985700475150938,10.0,10.0,15.0,15.0,10.0,15.0,0.0
/home/simon/davide_fr3_ws/src/cbf_safety_filter/config/generated_scenarios/scenario_0118.yaml,scenario_0118,davide_online,SUCCESS,True,379,7.58,7.58,9.239033937454224,0,0.0,0,0.0,0.00024795578518138975,0.0006606855992624273,0.0009473097751963588,2.7755575615628914e-17,0.009511281779458938,0.02,2.0120212328054468,1.2798708336646252,6.346098234124511,0.05277566943185021,0.013943697343086505,10.0,10.0,15.0,15.0,10.0,15.0,0.0
/home/simon/davide_fr3_ws/src/cbf_safety_filter/config/generated_scenarios/scenario_0118.yaml,scenario_0118,fixed,SUCCESS,True,379,7.58,7.58,10.221061706542969,0,0.0,0,0.0,0.00024795578518138975,0.0006606855992624273,0.0009473097751963588,2.7755575615628914e-17,0.009511281779458938,0.02,2.0120212328054468,1.2798708336646252,6.346098234124511,0.05277566943185021,0.01608987282322705,10.0,10.0,15.0,15.0,10.0,15.0,0.0
/home/simon/davide_fr3_ws/src/cbf_safety_filter/config/generated_scenarios/scenario_0121.yaml,scenario_0121,davide_online,SUCCESS,True,385,7.7,7.7,12.315741539001465,12,0.03116883116883117,0,0.0,8.369455264459202e-07,-3.515420362180858e-06,2.7512753350833474e-06,6.938893903907228e-18,0.009437254111552372,0.02,1.5708298283234103,1.1554431778903589,3.187336208855998,0.09047206343194367,0.016416498902556184,10.091400711972346,20.665614865360403,15.61038961038961,250.0,10.0,15.0,0.0
/home/simon/davide_fr3_ws/src/cbf_safety_filter/config/generated_scenarios/scenario_0121.yaml,scenario_0121,fixed,SUCCESS,True,385,7.7,7.7,11.840244054794312,0,0.0,0,0.0,5.573148747425871e-07,-1.3899151290942065e-05,1.8320562732154766e-06,6.938893903907228e-18,0.009437254510667095,0.02,1.5707214532745681,1.1553233298196797,3.1938072949183582,0.09043391120599659,0.016271376919436763,10.0,10.0,15.0,15.0,10.0,15.0,0.0
/home/simon/davide_fr3_ws/src/cbf_safety_filter/config/generated_scenarios/scenario_0123.yaml,scenario_0123,davide_online,SUCCESS,True,387,7.74,7.74,15.074142456054688,0,0.0,0,0.0,0.00286716514195947,0.008825336068948413,0.010953676671952878,2.220446049250313e-16,0.009813295889549286,0.02,9.753306262457773,5.049418516289261,43453.50011355925,2.701562411228838,0.019142813768805767,10.0,10.0,15.0,15.0,10.0,15.0,0.0
/home/simon/davide_fr3_ws/src/cbf_safety_filter/config/generated_scenarios/scenario_0123.yaml,scenario_0123,fixed,SUCCESS,True,387,7.74,7.74,9.636447191238403,0,0.0,0,0.0,0.00286716514195947,0.008825336068948413,0.010953676671952878,2.220446049250313e-16,0.009813295889549286,0.02,9.753306262457773,5.049418516289261,43453.50011355925,2.701562411228838,0.012587225714395212,10.0,10.0,15.0,15.0,10.0,15.0,0.0
/home/simon/davide_fr3_ws/src/cbf_safety_filter/config/generated_scenarios/scenario_0131.yaml,scenario_0131,davide_online,SUCCESS,True,386,7.72,7.72,9.871942520141602,42,0.10880829015544041,0,0.0,-6.735947680732574e-05,-0.029276162526263375,-0.00025695695000563235,4.440892098500626e-16,0.010262110822383057,0.02,9.417600438989536,2.69248216456076,18794.27866489775,2.759695919179859,0.015664860374569274,15.09024542528457,200.0,19.261658031088082,250.0,10.0,15.0,0.0
/home/simon/davide_fr3_ws/src/cbf_safety_filter/config/generated_scenarios/scenario_0131.yaml,scenario_0131,fixed,SUCCESS,True,392,7.84,7.84,11.377319574356079,0,0.0,0,0.0,-0.0006099081274617488,-0.0067982554397229234,-0.001964686687716516,5.551115123125783e-17,0.008875675910859757,0.02,9.431508594649042,2.707155305584602,5020.992094051448,2.616872675917888,0.018702791053421642,10.0,10.0,15.0,15.0,10.0,15.0,0.0
/home/simon/davide_fr3_ws/src/cbf_safety_filter/config/generated_scenarios/scenario_0132.yaml,scenario_0132,davide_online,SUCCESS,True,381,7.62,7.62,9.64661717414856,11,0.028871391076115485,0,0.0,2.6988434749346257e-06,-2.882376973130809e-06,8.91269497624303e-06,1.734723475976807e-18,0.009435873110149526,0.02,1.4804023939021353,1.0629418789888827,3.1595171353680462,0.017926478535217154,0.015686665932963213,10.057282779896731,15.279405805186224,15.0,15.0,10.0,15.0,0.0
/home/simon/davide_fr3_ws/src/cbf_safety_filter/config/generated_scenarios/scenario_0132.yaml,scenario_0132,fixed,SUCCESS,True,381,7.62,7.62,12.429938793182373,0,0.0,0,0.0,2.919668408724735e-06,-1.4292889188271792e-05,9.641926822900881e-06,1.734723475976807e-18,0.009435872536229534,0.02,1.4804068883866053,1.0629553919574546,3.1595268778053054,0.017935400461623133,0.02096168012443803,10.0,10.0,15.0,15.0,10.0,15.0,0.0
/home/simon/davide_fr3_ws/src/cbf_safety_filter/config/generated_scenarios/scenario_0133.yaml,scenario_0133,davide_online,SUCCESS,True,418,8.36,8.36,15.337060928344727,0,0.0,0,0.0,0.00017400918088477518,0.00036851099830502443,0.00047559657575779735,2.7755575615628914e-17,0.009180558978609228,0.02,13.574591693077254,6.213262884105201,22719.112555950607,0.9684681654166218,0.019453153085480467,10.0,10.0,15.0,15.0,10.0,15.0,0.0
/home/simon/davide_fr3_ws/src/cbf_safety_filter/config/generated_scenarios/scenario_0133.yaml,scenario_0133,fixed,SUCCESS,True,418,8.36,8.36,12.784844160079956,0,0.0,0,0.0,0.00017400918088477518,0.00036851099830502443,0.00047559657575779735,2.7755575615628914e-17,0.009180558978609228,0.02,13.574591693077254,6.213262884105201,22719.112555950607,0.9684681654166218,0.01678401260284716,10.0,10.0,15.0,15.0,10.0,15.0,0.0
/home/simon/davide_fr3_ws/src/cbf_safety_filter/config/generated_scenarios/scenario_0135.yaml,scenario_0135,davide_online,SUCCESS,True,487,9.74,9.74,17.00531315803528,81,0.16632443531827515,0,0.0,-9.395700928206685e-06,-0.001961288438759791,-3.6880145499768036e-05,1.3546212429885136e-15,0.004292131062889345,0.02,27.66145586959905,5.60059312496269,14972.082256473068,19.164177860286113,0.018463995911991816,12.620662959975451,200.0,16.4476386036961,250.0,10.0,15.0,0.0
/home/simon/davide_fr3_ws/src/cbf_safety_filter/config/generated_scenarios/scenario_0135.yaml,scenario_0135,fixed,SUCCESS,True,441,8.82,8.82,14.382246732711792,0,0.0,0,0.0,-0.00034754614701562603,-0.00670937600814475,-0.0013713768503980928,1.7029751682022043e-15,0.006847208170811787,0.02,25.24832484375046,6.10957609356168,13770.943689128972,20.873584873926433,0.017746361475142223,10.0,10.0,15.0,15.0,10.0,15.0,0.0
/home/simon/davide_fr3_ws/src/cbf_safety_filter/config/generated_scenarios/scenario_0136.yaml,scenario_0136,davide_online,SUCCESS,True,415,8.3,8.3,10.067697763442993,21,0.05060240963855422,0,0.0,-9.712230241432085e-07,-0.0001975024641863692,-2.7733601246915374e-06,2.7755575615628914e-17,0.009304320653140415,0.02,7.4390452145875505,4.061113085910723,3442.5903425135134,0.11843060801314209,0.013905412605009883,10.872874530363758,140.00672570464454,16.698795180722893,250.0,10.0,15.0,0.0
/home/simon/davide_fr3_ws/src/cbf_safety_filter/config/generated_scenarios/scenario_0136.yaml,scenario_0136,fixed,SUCCESS,True,415,8.3,8.3,11.429993867874146,0,0.0,0,0.0,-5.318768376966557e-05,-0.0006573270080357033,-0.00015194394840983838,2.7755575615628914e-17,0.009305796942520017,0.02,7.438548413795525,4.063959134275664,3440.0960675662354,0.11783415296992021,0.016439271834959468,10.0,10.0,15.0,15.0,10.0,15.0,0.0
/home/simon/davide_fr3_ws/src/cbf_safety_filter/config/generated_scenarios/scenario_0139.yaml,scenario_0139,davide_online,SUCCESS,True,405,8.1,8.1,11.298478364944458,0,0.0,0,0.0,7.145589037302683e-05,0.0001654232821656442,0.00024434013781682307,1.3877787807814457e-17,0.009448904491637855,0.02,3.3130733193517723,1.909436829114716,3196.2868328236955,0.04315758960140103,0.01595019175682539,10.0,10.0,15.0,15.0,10.0,15.0,0.0
/home/simon/davide_fr3_ws/src/cbf_safety_filter/config/generated_scenarios/scenario_0139.yaml,scenario_0139,fixed,SUCCESS,True,405,8.1,8.1,9.816229104995728,0,0.0,0,0.0,7.145589037302683e-05,0.0001654232821656442,0.00024434013781682307,1.3877787807814457e-17,0.009448904491637855,0.02,3.3130733193517723,1.909436829114716,3196.2868328236955,0.04315758960140103,0.014404305116629894,10.0,10.0,15.0,15.0,10.0,15.0,0.0
/home/simon/davide_fr3_ws/src/cbf_safety_filter/config/generated_scenarios/scenario_0140.yaml,scenario_0140,davide_online,SUCCESS,True,423,8.46,8.46,11.60866641998291,0,0.0,0,0.0,-0.0007734356330608792,-0.011439531393588442,-0.004404647515539012,5.551115123125783e-17,0.009182229783194194,0.02,19.97436046741845,6.1456982885458675,10343.672910421174,13.812633899516674,0.016982824808035056,10.0,10.0,15.0,15.0,10.0,15.0,0.0
/home/simon/davide_fr3_ws/src/cbf_safety_filter/config/generated_scenarios/scenario_0140.yaml,scenario_0140,fixed,SUCCESS,True,423,8.46,8.46,9.57473087310791,0,0.0,0,0.0,-0.0007734356330608792,-0.011439531393588442,-0.004404647515539012,5.551115123125783e-17,0.009182229783194194,0.02,19.97436046741845,6.1456982885458675,10343.672910421174,13.812633899516674,0.014580947005720567,10.0,10.0,15.0,15.0,10.0,15.0,0.0
/home/simon/davide_fr3_ws/src/cbf_safety_filter/config/generated_scenarios/scenario_0141.yaml,scenario_0141,davide_online,SUCCESS,True,345,6.9,6.9,11.2746741771698,17,0.04927536231884058,0,0.0,9.192590704823478e-07,-0.00154691809238631,2.1876589353375664e-06,5.551115123125783e-17,0.009467793949983538,0.02,2.6036594952809464,2.1082900126599275,5009.899004542598,0.3366475985131854,0.01874669945758322,10.264965147078756,38.74719421109584,15.681159420289855,250.0,10.0,15.0,0.0
/home/simon/davide_fr3_ws/src/cbf_safety_filter/config/generated_scenarios/scenario_0141.yaml,scenario_0141,fixed,SUCCESS,True,345,6.9,6.9,9.149381875991821,0,0.0,0,0.0,-9.963993601189158e-06,-0.003817544921365478,-2.3713840902994665e-05,1.1102230246251565e-16,0.009472581809172879,0.02,2.6046188324522723,2.108082327879859,5015.05669455673,0.3370264165931661,0.015783139933710513,10.0,10.0,15.0,15.0,10.0,15.0,0.0
/home/simon/davide_fr3_ws/src/cbf_safety_filter/config/generated_scenarios/scenario_0142.yaml,scenario_0142,davide_online,SUCCESS,True,392,7.84,7.84,11.753918647766113,0,0.0,0,0.0,3.8102368416025045e-05,8.09936034879056e-05,0.0001076011028776358,2.0816681711721685e-17,0.009326660020201896,0.02,3.986256777364778,2.5150422746393155,4221.700591788613,0.03663927689841491,0.016041859680292557,10.0,10.0,15.0,15.0,10.0,15.0,0.0
/home/simon/davide_fr3_ws/src/cbf_safety_filter/config/generated_scenarios/scenario_0142.yaml,scenario_0142,fixed,SUCCESS,True,392,7.84,7.84,11.161950588226318,0,0.0,0,0.0,3.8102368416025045e-05,8.09936034879056e-05,0.0001076011028776358,2.0816681711721685e-17,0.009326660020201896,0.02,3.986256777364778,2.5150422746393155,4221.700591788613,0.03663927689841491,0.01567047165364635,10.0,10.0,15.0,15.0,10.0,15.0,0.0
/home/simon/davide_fr3_ws/src/cbf_safety_filter/config/generated_scenarios/scenario_0145.yaml,scenario_0145,davide_online,SUCCESS,True,421,8.42,8.42,10.652241468429565,50,0.1187648456057007,0,0.0,-3.2519650652873544e-07,-0.0013241064612684924,-1.3155268492742733e-06,4.718447854656915e-16,0.009825555619535246,0.02,19.558583133914148,10.0093210490429,20695.315110193194,8.222041412266957,0.013818778221510935,10.727453132341656,62.19663287738709,15.558194774346793,250.0,10.0,15.0,0.0
/home/simon/davide_fr3_ws/src/cbf_safety_filter/config/generated_scenarios/scenario_0145.yaml,scenario_0145,fixed,SUCCESS,True,433,8.66,8.66,12.49005126953125,0,0.0,0,0.0,-0.00012068317727289592,-0.002940419259742608,-0.0004891685401844786,3.3306690738754696e-16,0.009047666483052618,0.02,16.09820559298284,6.021725633468709,26857.213101412657,7.780753291263649,0.016166934790842528,10.0,10.0,15.0,15.0,10.0,15.0,0.0
/home/simon/davide_fr3_ws/src/cbf_safety_filter/config/generated_scenarios/scenario_0150.yaml,scenario_0150,davide_online,SUCCESS,True,408,8.16,8.16,12.820659875869751,2,0.004901960784313725,0,0.0,-0.0007100661524227312,-0.008119302171060562,-0.004035275562721263,4.440892098500626e-16,0.008889516445602673,0.02,18.736859812397608,5.6585640781504996,19737.00328129237,26.36382081716901,0.016790851074106553,10.001438203529473,10.29654669556195,15.0,15.0,10.0,15.0,0.0
/home/simon/davide_fr3_ws/src/cbf_safety_filter/config/generated_scenarios/scenario_0150.yaml,scenario_0150,fixed,SUCCESS,True,408,8.16,8.16,11.628942966461182,0,0.0,0,0.0,-0.0007100661524227312,-0.008119302171060562,-0.004035275562721263,4.440892098500626e-16,0.008850992319533872,0.02,18.738640226696035,5.627845635634333,20818.722188885196,26.63275241186908,0.01588248739055559,10.0,10.0,15.0,15.0,10.0,15.0,0.0
/home/simon/davide_fr3_ws/src/cbf_safety_filter/config/generated_scenarios/scenario_0151.yaml,scenario_0151,davide_online,SUCCESS,True,458,9.16,9.16,16.926165103912354,34,0.07423580786026202,0,0.0,-2.436477774730994e-06,-0.0004988226076729589,-7.3169108465998e-06,8.881784197001252e-16,0.008957831712029872,0.02,11.982326293962933,4.099951626357061,9185.21585984891,0.5638519639133046,0.018546434469098087,11.869181317162544,200.0,16.53930131004367,250.0,10.0,15.0,0.0
/home/simon/davide_fr3_ws/src/cbf_safety_filter/config/generated_scenarios/scenario_0151.yaml,scenario_0151,fixed,SUCCESS,True,458,9.16,9.16,15.89992904663086,0,0.0,0,0.0,-0.00017619629880623322,-0.0018471572829395332,-0.0005299614352223814,4.440892098500626e-16,0.00895849323776603,0.02,11.978059404142023,4.101891762024506,9132.977838711102,0.5650090474758623,0.017887028544230233,10.0,10.0,15.0,15.0,10.0,15.0,0.0
/home/simon/davide_fr3_ws/src/cbf_safety_filter/config/generated_scenarios/scenario_0152.yaml,scenario_0152,davide_online,SUCCESS,True,395,7.9,7.9,11.03079891204834,65,0.16455696202531644,0,0.0,-1.6762626591566854e-05,-0.0017246321480445508,-6.105737288547575e-05,4.440892098500626e-16,0.010498321978512946,0.02,13.353168874635662,4.797804046953515,4705.163892585127,3.359498411027303,0.017342915112459206,16.167314273983013,200.0,19.759493670886076,250.0,10.0,15.0,0.0
/home/simon/davide_fr3_ws/src/cbf_safety_filter/config/generated_scenarios/scenario_0152.yaml,scenario_0152,fixed,SUCCESS,True,426,8.52,8.52,10.084658861160278,0,0.0,0,0.0,-0.0006086858700141383,-0.006222477793333191,-0.0022348152557963574,2.220446049250313e-16,0.007608545836305647,0.02,14.666281423321195,4.175895296700202,6749.917028969614,3.2498527946592097,0.015230671900538771,10.0,10.0,15.0,15.0,10.0,15.0,0.0
/home/simon/davide_fr3_ws/src/cbf_safety_filter/config/generated_scenarios/scenario_0154.yaml,scenario_0154,davide_online,SUCCESS,True,413,8.26,8.26,9.74426007270813,50,0.12106537530266344,0,0.0,-1.8014743467451022e-06,-0.0005902098444669022,-4.7507830081283675e-06,1.1102230246251565e-16,0.009581523385681738,0.02,5.8013835849865565,2.3840818542448914,8120.027148243883,0.30467568383219573,0.013484105648197794,13.379748540518438,200.0,17.276029055690074,250.0,10.0,15.0,0.0
/home/simon/davide_fr3_ws/src/cbf_safety_filter/config/generated_scenarios/scenario_0154.yaml,scenario_0154,fixed,SUCCESS,True,413,8.26,8.26,12.143115997314453,0,0.0,0,0.0,-0.0001658472585978829,-0.0026633987599163182,-0.0004378665234447132,1.1102230246251565e-16,0.009405898500512471,0.02,6.222643812427344,2.916695901272852,7961.006096029046,0.3150415870413778,0.017489081722194866,10.0,10.0,15.0,15.0,10.0,15.0,0.0
/home/simon/davide_fr3_ws/src/cbf_safety_filter/config/generated_scenarios/scenario_0155.yaml,scenario_0155,davide_online,SUCCESS,True,452,9.040000000000001,9.040000000000001,11.53934359550476,66,0.14601769911504425,0,0.0,-0.000759367338419685,-0.00968827878674659,-0.0043225078472746425,2.220446049250313e-16,0.009783633811813046,0.02,24.753110566322945,7.032955003840208,10233.727919296356,15.71244293034899,0.015778821654024378,13.650352292902333,200.0,18.11946902654867,250.0,10.0,15.0,0.0
/home/simon/davide_fr3_ws/src/cbf_safety_filter/config/generated_scenarios/scenario_0155.yaml,scenario_0155,fixed,SUCCESS,True,453,9.06,9.06,11.383957862854004,0,0.0,0,0.0,-0.0007618494623987298,-0.00973013743527256,-0.0043369943464433985,1.6653345369377348e-16,0.010157036937806743,0.02,24.449199250066805,6.78172662169678,10080.159434912981,15.644290816647125,0.01618465314111436,10.0,10.0,15.0,15.0,10.0,15.0,0.0
/home/simon/davide_fr3_ws/src/cbf_safety_filter/config/generated_scenarios/scenario_0158.yaml,scenario_0158,davide_online,SUCCESS,True,442,8.84,8.84,13.609287977218628,0,0.0,0,0.0,0.0066559099843979536,0.06663311648652812,0.016971918855931828,0.0,0.009103758072999207,0.02,12.743771764913374,5.553987556990774,19710.776478622,1.3723548783255983,0.018987319588121786,10.0,10.0,15.0,15.0,10.0,15.0,0.0
/home/simon/davide_fr3_ws/src/cbf_safety_filter/config/generated_scenarios/scenario_0158.yaml,scenario_0158,fixed,SUCCESS,True,442,8.84,8.84,11.15485405921936,0,0.0,0,0.0,0.0066559099843979536,0.06663311648652812,0.016971918855931828,0.0,0.009103758072999207,0.02,12.743771764913374,5.553987556990774,19710.776478622,1.3723548783255983,0.016243178380560552,10.0,10.0,15.0,15.0,10.0,15.0,0.0
/home/simon/davide_fr3_ws/src/cbf_safety_filter/config/generated_scenarios/scenario_0160.yaml,scenario_0160,davide_online,SUCCESS,True,425,8.5,8.5,11.341249227523804,0,0.0,0,0.0,2.142597844149302e-05,5.874370676737205e-05,7.300834431886449e-05,5.551115123125783e-17,0.009487807947834655,0.02,2.9783559005935425,1.7580342203824901,3262.9231431732314,0.08812983523989072,0.01642959987415987,10.0,10.0,15.0,15.0,10.0,15.0,0.0
/home/simon/davide_fr3_ws/src/cbf_safety_filter/config/generated_scenarios/scenario_0160.yaml,scenario_0160,fixed,SUCCESS,True,425,8.5,8.5,10.167408466339111,0,0.0,0,0.0,2.142597844149302e-05,5.874370676737205e-05,7.300834431886449e-05,5.551115123125783e-17,0.009487807947834655,0.02,2.9783559005935425,1.7580342203824901,3262.9231431732314,0.08812983523989072,0.015421974518719841,10.0,10.0,15.0,15.0,10.0,15.0,0.0
/home/simon/davide_fr3_ws/src/cbf_safety_filter/config/generated_scenarios/scenario_0161.yaml,scenario_0161,davide_online,SUCCESS,True,428,8.56,8.56,10.187643051147461,30,0.07009345794392523,0,0.0,-4.4080206130919786e-06,-0.0005390314210731162,-1.5274615131538605e-05,1.1102230246251565e-16,0.00939868467773653,0.02,8.464289079722093,3.329604719905672,5293.214917752201,1.903273973036875,0.014706783762602049,11.01942884147502,200.0,15.549065420560748,250.0,10.0,15.0,0.0
/home/simon/davide_fr3_ws/src/cbf_safety_filter/config/generated_scenarios/scenario_0161.yaml,scenario_0161,fixed,SUCCESS,True,429,8.58,8.58,12.022164821624756,0,0.0,0,0.0,-1.9551925137497456e-05,-0.0019001211222896101,-6.776339922304198e-05,1.3877787807814457e-16,0.009299240684428799,0.02,8.251443462495669,3.310041056778859,5238.706484593627,1.90084630537967,0.017951301761440462,10.0,10.0,15.0,15.0,10.0,15.0,0.0
/home/simon/davide_fr3_ws/src/cbf_safety_filter/config/generated_scenarios/scenario_0162.yaml,scenario_0162,davide_online,QP_FAIL_OR_MAX_STEPS,False,3000,60.0,nan,91.32895517349243,2971,0.9903333333333333,2960,0.9866666666666667,-0.000262361677739938,-0.09335040714050433,-0.001508768878382638,1.1102230246251565e-16,0.49273736859048933,0.02,1.0753089790245698,1.155148909626503,10167.299629186517,17.57614451980542,0.015081718603769938,197.57994185521795,200.0,247.02333333333334,250.0,10.0,15.0,0.0
/home/simon/davide_fr3_ws/src/cbf_safety_filter/config/generated_scenarios/scenario_0162.yaml,scenario_0162,fixed,SUCCESS,True,428,8.56,8.56,16.10657811164856,0,0.0,0,0.0,-0.0012742849467541218,-0.021384787860863435,-0.0064021129346369665,1.7763568394002505e-15,0.009314609745091018,0.02,20.541133246463893,7.388081195484364,31467.597038555876,21.69762995827473,0.019362156079194257,10.0,10.0,15.0,15.0,10.0,15.0,0.0
/home/simon/davide_fr3_ws/src/cbf_safety_filter/config/generated_scenarios/scenario_0164.yaml,scenario_0164,davide_online,SUCCESS,True,437,8.74,8.74,13.894477128982544,14,0.032036613272311214,0,0.0,2.8628205164804577e-07,-8.945654847237816e-07,7.374588042174945e-07,6.938893903907228e-18,0.009490007348249818,0.02,3.7151551042113042,1.2174679562302242,10.47201453412068,0.010466239728093116,0.019725896673835387,10.057425925488959,15.792123064404022,15.537757437070939,250.0,10.0,15.0,0.0
/home/simon/davide_fr3_ws/src/cbf_safety_filter/config/generated_scenarios/scenario_0164.yaml,scenario_0164,fixed,SUCCESS,True,437,8.74,8.74,14.123739242553711,0,0.0,0,0.0,-2.0521067362749834e-07,-5.311153134089468e-06,-5.286217235334068e-07,6.938893903907228e-18,0.009490008183712704,0.02,3.715156802644117,1.2174819085981616,10.470971033722925,0.010474562788501566,0.02078390285134043,10.0,10.0,15.0,15.0,10.0,15.0,0.0
/home/simon/davide_fr3_ws/src/cbf_safety_filter/config/generated_scenarios/scenario_0167.yaml,scenario_0167,davide_online,SUCCESS,True,560,11.200000000000001,11.200000000000001,16.30194401741028,93,0.16607142857142856,0,0.0,-7.86178684039629e-06,-0.0019605806611145606,-2.089905266028369e-05,2.220446049250313e-16,0.0021802818132235493,0.02,10.5857296262907,3.8771497362306158,2209.8903817648606,3.5330140242244483,0.01565107958657401,12.283167667068307,200.0,17.9375,250.0,10.0,15.0,0.0
/home/simon/davide_fr3_ws/src/cbf_safety_filter/config/generated_scenarios/scenario_0167.yaml,scenario_0167,fixed,SUCCESS,True,411,8.22,8.22,11.173776388168335,0,0.0,0,0.0,-0.00019825447068609614,-0.005081634192966561,-0.0005277325154011414,1.1102230246251565e-16,0.011416705380238189,0.02,8.000781878961499,2.615136957843558,2950.7881278719897,3.4876144646450618,0.015126873976992864,10.0,10.0,15.0,15.0,10.0,15.0,0.0
/home/simon/davide_fr3_ws/src/cbf_safety_filter/config/generated_scenarios/scenario_0168.yaml,scenario_0168,davide_online,QP_FAIL_OR_MAX_STEPS,False,3000,60.0,nan,84.14442777633667,0,0.0,2897,0.9656666666666667,0.0004683209883388738,0.0013327673750426587,0.001822103940319536,1.3877787807814457e-17,0.25081636376262173,0.02,2.03315431179084,1.5257860709306765,30834.584631683236,2.4857317546170203,0.015988174835840863,10.0,10.0,15.0,15.0,10.0,15.0,0.0
/home/simon/davide_fr3_ws/src/cbf_safety_filter/config/generated_scenarios/scenario_0168.yaml,scenario_0168,fixed,QP_FAIL_OR_MAX_STEPS,False,3000,60.0,nan,84.50170254707336,0,0.0,2897,0.9656666666666667,0.0004683209883388738,0.0013327673750426587,0.001822103940319536,1.3877787807814457e-17,0.25081636376262173,0.02,2.03315431179084,1.5257860709306765,30834.584631683236,2.4857317546170203,0.016701668898264566,10.0,10.0,15.0,15.0,10.0,15.0,0.0
/home/simon/davide_fr3_ws/src/cbf_safety_filter/config/generated_scenarios/scenario_0172.yaml,scenario_0172,davide_online,SUCCESS,True,365,7.3,7.3,10.645612478256226,0,0.0,0,0.0,6.606688834832203e-06,3.971291239913532e-05,2.2318211933269883e-05,2.0816681711721685e-17,0.009723132430090537,0.02,4.023969622074287,1.4070295173290597,3832.8824470282448,1.616698565419842,0.018245948504095208,10.0,10.0,15.0,15.0,10.0,15.0,0.0
/home/simon/davide_fr3_ws/src/cbf_safety_filter/config/generated_scenarios/scenario_0172.yaml,scenario_0172,fixed,SUCCESS,True,365,7.3,7.3,8.04843020439148,0,0.0,0,0.0,6.606688834832203e-06,3.971291239913532e-05,2.2318211933269883e-05,2.0816681711721685e-17,0.009723132430090537,0.02,4.023969622074287,1.4070295173290597,3832.8824470282448,1.616698565419842,0.014332211507509832,10.0,10.0,15.0,15.0,10.0,15.0,0.0
/home/simon/davide_fr3_ws/src/cbf_safety_filter/config/generated_scenarios/scenario_0173.yaml,scenario_0173,davide_online,SUCCESS,True,399,7.98,7.98,10.713422060012817,0,0.0,0,0.0,0.000189734189096364,0.0004558231779302315,0.0006461320901652579,1.734723475976807e-18,0.009251524309468124,0.02,10.57182853174835,4.901447707556492,20871.93469738585,0.3519481755807663,0.015596523021994378,10.0,10.0,15.0,15.0,10.0,15.0,0.0
/home/simon/davide_fr3_ws/src/cbf_safety_filter/config/generated_scenarios/scenario_0173.yaml,scenario_0173,fixed,SUCCESS,True,399,7.98,7.98,11.257970094680786,0,0.0,0,0.0,0.000189734189096364,0.0004558231779302315,0.0006461320901652579,1.734723475976807e-18,0.009251524309468124,0.02,10.57182853174835,4.901447707556492,20871.93469738585,0.3519481755807663,0.01701033563542187,10.0,10.0,15.0,15.0,10.0,15.0,0.0
/home/simon/davide_fr3_ws/src/cbf_safety_filter/config/generated_scenarios/scenario_0175.yaml,scenario_0175,davide_online,SUCCESS,True,420,8.4,8.4,14.922058820724487,0,0.0,0,0.0,4.88910975163237e-06,4.750314138415561e-05,2.530263730940452e-05,4.163336342344337e-17,0.009360133380623522,0.02,3.837485250843364,1.602267034706233,1184.9294815088713,0.16674158329173322,0.017995792911166236,10.0,10.0,15.0,15.0,10.0,15.0,0.0
/home/simon/davide_fr3_ws/src/cbf_safety_filter/config/generated_scenarios/scenario_0175.yaml,scenario_0175,fixed,SUCCESS,True,420,8.4,8.4,12.343300342559814,0,0.0,0,0.0,4.88910975163237e-06,4.750314138415561e-05,2.530263730940452e-05,4.163336342344337e-17,0.009360133380623522,0.02,3.837485250843364,1.602267034706233,1184.9294815088713,0.16674158329173322,0.015316903591156006,10.0,10.0,15.0,15.0,10.0,15.0,0.0
/home/simon/davide_fr3_ws/src/cbf_safety_filter/config/generated_scenarios/scenario_0179.yaml,scenario_0179,davide_online,SUCCESS,True,439,8.78,8.78,12.142055749893188,64,0.14578587699316628,0,0.0,-3.408146979216875e-08,-0.004775689024791904,-9.373343942686851e-08,4.440892098500626e-16,0.009544285441172121,0.02,10.120787383964366,5.305149369126769,11575.013050828471,0.9189350924245395,0.01458998475911134,10.972027053204643,76.74425814406351,18.211845102505695,250.0,10.0,15.0,0.0
/home/simon/davide_fr3_ws/src/cbf_safety_filter/config/generated_scenarios/scenario_0179.yaml,scenario_0179,fixed,SUCCESS,True,442,8.84,8.84,13.546635866165161,0,0.0,0,0.0,-5.475662654905178e-05,-0.013171591569921315,-0.00014662238938470407,2.220446049250313e-16,0.009443416723021078,0.02,7.28513888057181,2.458100068371433,12413.322700175417,1.4004759787108414,0.016715304883896494,10.0,10.0,15.0,15.0,10.0,15.0,0.0
/home/simon/davide_fr3_ws/src/cbf_safety_filter/config/generated_scenarios/scenario_0180.yaml,scenario_0180,davide_online,SUCCESS,True,381,7.62,7.62,10.69780683517456,9,0.023622047244094488,0,0.0,0.0002858637730619312,-8.96606200701932e-05,0.0007133871296629013,2.636779683484747e-16,0.009146417884859563,0.02,7.558389137608131,5.678139946396779,18234.33650319213,2.8243739880654384,0.014010100227015538,10.01675871923917,11.216454822977266,15.0,15.0,10.0,15.0,0.0
/home/simon/davide_fr3_ws/src/cbf_safety_filter/config/generated_scenarios/scenario_0180.yaml,scenario_0180,fixed,SUCCESS,True,381,7.62,7.62,13.315486907958984,0,0.0,0,0.0,0.00028939369108202384,-0.0004162760277857027,0.0007221803665006798,3.3306690738754696e-16,0.009146458118749425,0.02,7.558363977808262,5.678204716708893,18235.45774247527,2.824393090530942,0.018075835360629663,10.0,10.0,15.0,15.0,10.0,15.0,0.0
/home/simon/davide_fr3_ws/src/cbf_safety_filter/config/generated_scenarios/scenario_0181.yaml,scenario_0181,davide_online,QP_FAIL_OR_MAX_STEPS,False,3000,60.0,nan,88.11268520355225,2855,0.9516666666666667,2826,0.942,-0.00015703810691519715,-0.05036472520225292,-0.0004121866931967588,1.0547118733938987e-15,0.10124484091133046,0.02,4.680515745131771,1.2855021568556213,5466.076570199844,13.96342643320404,0.016987629969914753,189.23172084494934,200.0,236.52666666666667,250.0,10.0,15.0,0.0
/home/simon/davide_fr3_ws/src/cbf_safety_filter/config/generated_scenarios/scenario_0181.yaml,scenario_0181,fixed,SUCCESS,True,396,7.92,7.92,8.664851427078247,0,0.0,0,0.0,-0.0006760298969460815,-0.007666656379856996,-0.0020526349034182545,2.7755575615628914e-16,0.009854962957713697,0.02,10.498818949069573,3.148241162860014,7131.537811541388,8.640939984704445,0.013008542133100105,10.0,10.0,15.0,15.0,10.0,15.0,0.0
/home/simon/davide_fr3_ws/src/cbf_safety_filter/config/generated_scenarios/scenario_0183.yaml,scenario_0183,davide_online,QP_FAIL_OR_MAX_STEPS,False,3000,60.0,nan,84.44941711425781,2941,0.9803333333333333,2931,0.977,-7.65571903231857e-06,-0.008608581192193904,-3.886918703563391e-05,2.0122792321330962e-16,0.5024336470549623,0.02,2.080873700406759,1.4646309959006443,61120.916742441754,44.61667349150912,0.01626097591718038,195.73841595516024,200.0,244.67333333333335,250.0,10.0,15.0,0.0
/home/simon/davide_fr3_ws/src/cbf_safety_filter/config/generated_scenarios/scenario_0183.yaml,scenario_0183,fixed,QP_FAIL_OR_MAX_STEPS,False,3000,60.0,nan,78.13461446762085,0,0.0,2923,0.9743333333333334,-0.0007018978465358917,-0.010997158208058595,-0.0036298142013830165,2.220446049250313e-16,0.48724583702851726,0.02,2.4195441610554425,1.6033116940068077,23467.01039734729,63.8368039828869,0.015707971890767416,10.0,10.0,15.0,15.0,10.0,15.0,0.0
/home/simon/davide_fr3_ws/src/cbf_safety_filter/config/generated_scenarios/scenario_0184.yaml,scenario_0184,davide_online,SUCCESS,True,385,7.7,7.7,13.817455530166626,0,0.0,0,0.0,3.259416556584266e-05,0.00012184601863567167,8.816664558561338e-05,5.551115123125783e-17,0.00944373031140648,0.02,3.9355906485648915,1.416658766926588,593.8837422033165,0.2542900165868867,0.017916786515867554,10.0,10.0,15.0,15.0,10.0,15.0,0.0
/home/simon/davide_fr3_ws/src/cbf_safety_filter/config/generated_scenarios/scenario_0184.yaml,scenario_0184,fixed,SUCCESS,True,385,7.7,7.7,13.46155595779419,0,0.0,0,0.0,3.259416556584266e-05,0.00012184601863567167,8.816664558561338e-05,5.551115123125783e-17,0.00944373031140648,0.02,3.9355906485648915,1.416658766926588,593.8837422033165,0.2542900165868867,0.018057419417740462,10.0,10.0,15.0,15.0,10.0,15.0,0.0
/home/simon/davide_fr3_ws/src/cbf_safety_filter/config/generated_scenarios/scenario_0185.yaml,scenario_0185,davide_online,QP_FAIL_OR_MAX_STEPS,False,3000,60.0,nan,100.20023131370544,2922,0.974,2913,0.971,-0.00023338295014366586,-0.10001705609625869,-0.0007407589422233907,2.7755575615628914e-16,0.4186114925341469,0.02,2.2247736281548915,1.4032212599646907,21883.730991072975,15.489079282962697,0.016667882680892945,194.5799295854409,200.0,243.26333333333332,250.0,10.0,15.0,0.0
/home/simon/davide_fr3_ws/src/cbf_safety_filter/config/generated_scenarios/scenario_0185.yaml,scenario_0185,fixed,QP_FAIL_OR_MAX_STEPS,False,3000,60.0,nan,102.70521092414856,0,0.0,2851,0.9503333333333334,-0.0011643784850987639,-0.013714456132757999,-0.003731159066102996,4.440892098500626e-16,0.312291503786413,0.02,4.192646073318433,1.591444739413118,13319.045233301462,63.24248481974027,0.018141879240671795,10.0,10.0,15.0,15.0,10.0,15.0,0.0
/home/simon/davide_fr3_ws/src/cbf_safety_filter/config/generated_scenarios/scenario_0186.yaml,scenario_0186,davide_online,SUCCESS,True,404,8.08,8.08,12.029017210006714,38,0.09405940594059406,0,0.0,3.606542714473804e-07,-5.549385079413891e-05,9.684568569867658e-07,2.220446049250313e-16,0.009484872198181574,0.02,2.5961046261270253,1.8541158258801738,1765.213679655591,0.28371657105221343,0.016040138088830626,10.702986580891306,49.756997187717104,16.163366336633665,250.0,10.0,15.0,0.0
/home/simon/davide_fr3_ws/src/cbf_safety_filter/config/generated_scenarios/scenario_0186.yaml,scenario_0186,fixed,SUCCESS,True,404,8.08,8.08,11.114023923873901,0,0.0,0,0.0,-9.578523942753436e-06,-0.0005090332368426244,-2.5722839976510814e-05,2.220446049250313e-16,0.00948469151190236,0.02,2.5728174860535424,1.8605044463089229,1765.7459733097924,0.2814386770169171,0.015252682242063012,10.0,10.0,15.0,15.0,10.0,15.0,0.0
/home/simon/davide_fr3_ws/src/cbf_safety_filter/config/generated_scenarios/scenario_0188.yaml,scenario_0188,davide_online,QP_FAIL_OR_MAX_STEPS,False,3000,60.0,nan,96.26069736480713,2879,0.9596666666666667,2846,0.9486666666666667,-9.722177218469963e-05,-0.043767244776338914,-0.000297402874861491,4.440892098500626e-16,0.13375002614945158,0.02,3.5663097502626497,1.522982455421038,33042.44283558777,2.5650337051503866,0.015933584690093993,190.57370836857555,200.0,238.25,250.0,10.0,15.0,0.0
/home/simon/davide_fr3_ws/src/cbf_safety_filter/config/generated_scenarios/scenario_0188.yaml,scenario_0188,fixed,SUCCESS,True,417,8.34,8.34,12.009355306625366,0,0.0,0,0.0,-0.0006182416834474777,-0.011107269623587457,-0.0019005308711481095,8.326672684688674e-16,0.009175276007396394,0.02,12.40678830362259,4.802436129339801,21219.91568119963,2.3181295635768833,0.014780493377209852,10.0,10.0,15.0,15.0,10.0,15.0,0.0
/home/simon/davide_fr3_ws/src/cbf_safety_filter/config/generated_scenarios/scenario_0189.yaml,scenario_0189,davide_online,QP_FAIL_OR_MAX_STEPS,False,3000,60.0,nan,93.26377964019775,2925,0.975,2908,0.9693333333333334,-0.0011331877956439404,-0.35095184319530637,-0.0032473974614322942,2.7755575615628914e-16,0.6378807289648734,0.02,3.4681251063153367,1.9427340638142327,23609.81031004326,101.80597877344903,0.015457812627156576,194.3464399373047,200.0,242.95,250.0,10.0,15.0,0.0
/home/simon/davide_fr3_ws/src/cbf_safety_filter/config/generated_scenarios/scenario_0189.yaml,scenario_0189,fixed,QP_FAIL_OR_MAX_STEPS,False,3000,60.0,nan,89.44358801841736,0,0.0,2863,0.9543333333333334,-0.000610644335564417,-0.01219242056456251,-0.001787260962971715,5.551115123125783e-16,0.460712254645952,0.02,5.409493207122974,1.7896154262679242,13599.533931104761,142.07341295216378,0.015564199129740396,10.0,10.0,15.0,15.0,10.0,15.0,0.0
/home/simon/davide_fr3_ws/src/cbf_safety_filter/config/generated_scenarios/scenario_0190.yaml,scenario_0190,davide_online,QP_FAIL_OR_MAX_STEPS,False,3000,60.0,nan,100.77528166770935,2932,0.9773333333333334,2909,0.9696666666666667,-0.00016063900174816473,-0.049401510650607085,-0.0006030060601375509,8.881784197001252e-16,0.29373456246051943,0.02,2.5341908526470327,1.187575082129047,1233.6381258910228,15.060467172087698,0.017113965670267742,194.38021888379345,200.0,242.95,250.0,10.0,15.0,0.0
/home/simon/davide_fr3_ws/src/cbf_safety_filter/config/generated_scenarios/scenario_0190.yaml,scenario_0190,fixed,SUCCESS,True,424,8.48,8.48,11.622288942337036,0,0.0,0,0.0,-0.0006174186694192924,-0.008049404676352085,-0.002126334084808862,4.891920202254596e-16,0.00921651053879741,0.02,13.78916209808279,3.042534781643842,3403.362770256385,12.93692800059566,0.014295893457700621,10.0,10.0,15.0,15.0,10.0,15.0,0.0
/home/simon/davide_fr3_ws/src/cbf_safety_filter/config/generated_scenarios/scenario_0202.yaml,scenario_0202,davide_online,SUCCESS,True,442,8.84,8.84,14.295871019363403,43,0.09728506787330317,0,0.0,-1.9840326018573384e-05,-0.004281480115182135,-6.833676285031287e-05,4.440892098500626e-16,0.00928583891098039,0.02,14.327329216525984,7.139641115101912,10992.918176501553,2.8428044660940524,0.017104252431187694,13.165900788450825,200.0,17.126696832579185,250.0,10.0,15.0,0.0
/home/simon/davide_fr3_ws/src/cbf_safety_filter/config/generated_scenarios/scenario_0202.yaml,scenario_0202,fixed,SUCCESS,True,470,9.4,9.4,17.050189971923828,0,0.0,0,0.0,-0.0013309365566658501,-0.017133490730260742,-0.003295173689363745,2.220446049250313e-16,0.007128980272554381,0.02,13.9315457174313,5.435229850406261,8602.662471635522,3.092583481737454,0.019870275639473124,10.0,10.0,15.0,15.0,10.0,15.0,0.0
/home/simon/davide_fr3_ws/src/cbf_safety_filter/config/generated_scenarios/scenario_0204.yaml,scenario_0204,davide_online,SUCCESS,True,379,7.58,7.58,9.663813352584839,0,0.0,0,0.0,3.756086976261508e-05,5.993237259934109e-05,9.663286631950152e-05,6.938893903907228e-18,0.009417567675528284,0.02,1.4187109049594924,1.1371308702225793,3.649010933373132,0.024334734637432,0.014431776031655184,10.0,10.0,15.0,15.0,10.0,15.0,0.0
/home/simon/davide_fr3_ws/src/cbf_safety_filter/config/generated_scenarios/scenario_0204.yaml,scenario_0204,fixed,SUCCESS,True,379,7.58,7.58,12.387587070465088,0,0.0,0,0.0,3.756086976261508e-05,5.993237259934109e-05,9.663286631950152e-05,6.938893903907228e-18,0.009417567675528284,0.02,1.4187109049594924,1.1371308702225793,3.649010933373132,0.024334734637432,0.019146114037345143,10.0,10.0,15.0,15.0,10.0,15.0,0.0
/home/simon/davide_fr3_ws/src/cbf_safety_filter/config/generated_scenarios/scenario_0211.yaml,scenario_0211,davide_online,SUCCESS,True,468,9.36,9.36,13.803297758102417,62,0.13247863247863248,0,0.0,-1.6488600523452412e-06,-0.0019012995783519622,-7.897138013093774e-06,4.145989107584569e-16,0.0054460881871557145,0.02,12.548879815435178,5.096997722656269,7628.628940282037,1.5753643824485974,0.016688841530400463,12.037556132583648,200.0,17.00854700854701,250.0,10.0,15.0,0.0
/home/simon/davide_fr3_ws/src/cbf_safety_filter/config/generated_scenarios/scenario_0211.yaml,scenario_0211,fixed,SUCCESS,True,413,8.26,8.26,11.253384828567505,0,0.0,0,0.0,-9.002733003984735e-05,-0.0011036478201860147,-0.00043205941272014825,3.3306690738754696e-16,0.013570410152995736,0.02,10.803268419654769,5.992099174437995,8543.036459861647,1.350055356986831,0.01605313511218055,10.0,10.0,15.0,15.0,10.0,15.0,0.0
/home/simon/davide_fr3_ws/src/cbf_safety_filter/config/generated_scenarios/scenario_0214.yaml,scenario_0214,davide_online,SUCCESS,True,443,8.86,8.86,14.615798234939575,0,0.0,0,0.0,0.0001411953246660616,0.0006715774376656984,0.0003739540906790295,1.1102230246251565e-16,0.009854954533728583,0.02,12.363059877195399,4.766204578182248,7681.631668135054,0.2477878824036602,0.018530578699391797,10.0,10.0,15.0,15.0,10.0,15.0,0.0
/home/simon/davide_fr3_ws/src/cbf_safety_filter/config/generated_scenarios/scenario_0214.yaml,scenario_0214,fixed,SUCCESS,True,443,8.86,8.86,12.024917602539062,0,0.0,0,0.0,0.0001411953246660616,0.0006715774376656984,0.0003739540906790295,1.1102230246251565e-16,0.009854954533728583,0.02,12.363059877195399,4.766204578182248,7681.631668135054,0.2477878824036602,0.01582831346154482,10.0,10.0,15.0,15.0,10.0,15.0,0.0
/home/simon/davide_fr3_ws/src/cbf_safety_filter/config/generated_scenarios/scenario_0220.yaml,scenario_0220,davide_online,SUCCESS,True,431,8.620000000000001,8.620000000000001,13.635432481765747,240,0.5568445475638051,0,0.0,5.6862753740914707e-05,7.594770793615253e-05,0.00017284938209252698,4.718447854656915e-16,0.008547853301190258,0.02,5.625802425178397,2.3948049913032117,2787.985814891154,15.131757763820556,0.015732605883250934,2.256364842007179,3.184665110104395,3.0,3.0,2.0,3.0,0.0
/home/simon/davide_fr3_ws/src/cbf_safety_filter/config/generated_scenarios/scenario_0220.yaml,scenario_0220,fixed,SUCCESS,True,420,8.4,8.4,13.767235517501831,0,0.0,0,0.0,-0.0001923768204122149,-0.0030361072234978406,-0.0007454890818523185,6.106226635438361e-16,0.009509800184779805,0.02,10.499703175108449,3.941371803580757,9447.028190461759,10.193382511232734,0.016833506879352388,10.0,10.0,15.0,15.0,2.0,3.0,0.0
/home/simon/davide_fr3_ws/src/cbf_safety_filter/config/generated_scenarios/scenario_0226.yaml,scenario_0226,davide_online,SUCCESS,True,440,8.8,8.8,13.395214557647705,100,0.22727272727272727,0,0.0,-8.372552136502731e-06,-0.0034038888955427414,-2.3310399530157566e-05,4.440892098500626e-16,0.01000700014860341,0.02,12.308394348787369,4.759814230202609,19437.806884164416,13.95799843404157,0.014958570220253684,15.607992139060745,200.0,18.204545454545453,250.0,10.0,15.0,0.0
/home/simon/davide_fr3_ws/src/cbf_safety_filter/config/generated_scenarios/scenario_0226.yaml,scenario_0226,fixed,SUCCESS,True,442,8.84,8.84,13.379087209701538,0,0.0,0,0.0,-0.00048420424823667624,-0.0087697304283448,-0.0013531045101673467,4.440892098500626e-16,0.00996130702887371,0.02,13.705864600471287,4.709215819708876,17983.417895195318,17.638719073440313,0.015284520468560818,10.0,10.0,15.0,15.0,10.0,15.0,0.0
/home/simon/davide_fr3_ws/src/cbf_safety_filter/config/generated_scenarios/scenario_0227.yaml,scenario_0227,davide_online,SUCCESS,True,349,6.98,6.98,12.987112045288086,2,0.0057306590257879654,0,0.0,6.235045436023268e-06,2.65385612818167e-06,1.6278800095803625e-05,3.469446951953614e-18,0.009459674326267632,0.02,0.7991125937383603,1.0679037986926199,1.3082551240405833,0.008556941194142239,0.019750802086554147,10.00058563498514,10.172265790242466,15.0,15.0,10.0,15.0,0.0
/home/simon/davide_fr3_ws/src/cbf_safety_filter/config/generated_scenarios/scenario_0227.yaml,scenario_0227,fixed,SUCCESS,True,349,6.98,6.98,10.368498802185059,0,0.0,0,0.0,6.235707218513187e-06,2.451519665184576e-06,1.6280527840556447e-05,3.469446951953614e-18,0.009459674325988546,0.02,0.7991126695000094,1.067903877010411,1.3082551717045972,0.008556963891306568,0.016269288295319564,10.0,10.0,15.0,15.0,10.0,15.0,0.0
/home/simon/davide_fr3_ws/src/cbf_safety_filter/config/generated_scenarios/scenario_0228.yaml,scenario_0228,davide_online,SUCCESS,True,443,8.86,8.86,9.817285537719727,45,0.10158013544018059,0,0.0,-4.714626956892065e-07,-0.001624686781803714,-1.2252188067995995e-06,2.7842311789427754e-16,0.009562396403402548,0.02,12.513900421062898,3.738663404760059,15245.818307438969,3.291930351014218,0.011669175619465504,11.897787278273972,190.72998151645953,15.530474040632054,250.0,10.0,15.0,0.0
/home/simon/davide_fr3_ws/src/cbf_safety_filter/config/generated_scenarios/scenario_0228.yaml,scenario_0228,fixed,SUCCESS,True,442,8.84,8.84,12.140026569366455,0,0.0,0,0.0,-5.657347943110319e-05,-0.004950950491099048,-0.00014707669174729432,5.412337245047638e-16,0.009655601720586217,0.02,12.78360413436352,3.5692277107508334,15236.684364921162,3.445956341929851,0.014966083867517532,10.0,10.0,15.0,15.0,10.0,15.0,0.0
/home/simon/davide_fr3_ws/src/cbf_safety_filter/config/generated_scenarios/scenario_0229.yaml,scenario_0229,davide_online,SUCCESS,True,437,8.74,8.74,17.211342573165894,200,0.4576659038901602,0,0.0,-6.167507231728125e-05,-0.02274175689794487,-0.0001505557329087026,1.7763568394002505e-15,0.011188751158588984,0.02,6.201515812169517,2.175064535058689,37077.35325034761,33.23767486031001,0.019521075473497334,20.592776381986333,200.0,30.594965675057207,250.0,10.0,15.0,0.0
/home/simon/davide_fr3_ws/src/cbf_safety_filter/config/generated_scenarios/scenario_0229.yaml,scenario_0229,fixed,SUCCESS,True,436,8.72,8.72,14.807815074920654,0,0.0,0,0.0,-0.0007103831795847379,-0.00849499423454514,-0.0018454700427329718,1.734723475976807e-16,0.012337045197932195,0.02,5.989129764682155,2.108337855066662,83.98010116557245,31.916286575558384,0.017433114554903924,10.0,10.0,15.0,15.0,10.0,15.0,0.0
/home/simon/davide_fr3_ws/src/cbf_safety_filter/config/generated_scenarios/scenario_0231.yaml,scenario_0231,davide_online,QP_FAIL_OR_MAX_STEPS,False,3000,60.0,nan,88.43836545944214,2964,0.988,2947,0.9823333333333333,-0.0002071004775966289,-0.06844686376204931,-0.0010388204870304535,8.326672684688674e-17,0.3157413409941196,0.02,0.6852142293118577,1.192728735235339,2309.7338982310216,6.728071060001386,0.01721434783935547,196.77718755286318,200.0,246.005,250.0,10.0,15.0,0.0
/home/simon/davide_fr3_ws/src/cbf_safety_filter/config/generated_scenarios/scenario_0231.yaml,scenario_0231,fixed,SUCCESS,True,399,7.98,7.98,12.959153175354004,0,0.0,0,0.0,-0.00032207573556834734,-0.006080889448532245,-0.0012929208461774228,4.440892098500626e-16,0.00934603639476629,0.02,13.506855709312205,3.9691142494486717,11069.061551773799,4.861973440947819,0.01947052078438283,10.0,10.0,15.0,15.0,10.0,15.0,0.0
/home/simon/davide_fr3_ws/src/cbf_safety_filter/config/generated_scenarios/scenario_0232.yaml,scenario_0232,davide_online,SUCCESS,True,430,8.6,8.6,14.473214864730835,78,0.1813953488372093,0,0.0,-4.959199123358987e-06,-0.001896036330431979,-1.8715280698439196e-05,1.1102230246251565e-16,0.008966533206643118,0.02,5.0416056321147655,2.352670044407888,4154.359885175998,0.7453269815715327,0.017806329838065214,11.998762814922717,200.0,19.372093023255815,250.0,10.0,15.0,0.0
/home/simon/davide_fr3_ws/src/cbf_safety_filter/config/generated_scenarios/scenario_0232.yaml,scenario_0232,fixed,SUCCESS,True,426,8.52,8.52,11.086618185043335,0,0.0,0,0.0,-0.00047740424498763853,-0.0063159492948245705,-0.001813942002169333,2.7755575615628914e-16,0.009341957427648113,0.02,4.793326455528701,2.2807181432881745,4958.996291290341,0.8105931626065744,0.014193280202122361,10.0,10.0,15.0,15.0,10.0,15.0,0.0
/home/simon/davide_fr3_ws/src/cbf_safety_filter/config/generated_scenarios/scenario_0233.yaml,scenario_0233,davide_online,SUCCESS,True,336,6.72,6.72,9.902230262756348,0,0.0,0,0.0,2.437256709873076e-07,1.60677544308401e-06,1.152906063367487e-06,8.673617379884035e-19,0.009488666525759968,0.02,0.6989946271178865,1.0604211761768252,0.7918251949745531,0.06299904204097757,0.01664968544528598,10.0,10.0,15.0,15.0,10.0,15.0,0.0
/home/simon/davide_fr3_ws/src/cbf_safety_filter/config/generated_scenarios/scenario_0233.yaml,scenario_0233,fixed,SUCCESS,True,336,6.72,6.72,10.333293199539185,0,0.0,0,0.0,2.437256709873076e-07,1.60677544308401e-06,1.152906063367487e-06,8.673617379884035e-19,0.009488666525759968,0.02,0.6989946271178865,1.0604211761768252,0.7918251949745531,0.06299904204097757,0.01801494899250212,10.0,10.0,15.0,15.0,10.0,15.0,0.0
/home/simon/davide_fr3_ws/src/cbf_safety_filter/config/generated_scenarios/scenario_0238.yaml,scenario_0238,davide_online,SUCCESS,True,428,8.56,8.56,12.57021188735962,3,0.007009345794392523,0,0.0,9.898932311482034e-05,6.21676116867734e-05,0.00029313395258051544,3.608224830031759e-16,0.009496903779994972,0.02,17.14647082243987,4.796363019417623,10162.246410184944,13.13276893094208,0.015580624620491099,10.00043384032424,10.072321151757471,15.0,15.0,10.0,15.0,0.0
/home/simon/davide_fr3_ws/src/cbf_safety_filter/config/generated_scenarios/scenario_0238.yaml,scenario_0238,fixed,SUCCESS,True,428,8.56,8.56,11.716028928756714,0,0.0,0,0.0,9.898932311482034e-05,6.214072372731812e-05,0.00029313395258051544,9.43689570931383e-16,0.009618991858483984,0.02,17.02678993458857,4.64384709055525,10151.00873316834,13.13275499415215,0.014953408285836193,10.0,10.0,15.0,15.0,10.0,15.0,0.0
/home/simon/davide_fr3_ws/src/cbf_safety_filter/config/generated_scenarios/scenario_0239.yaml,scenario_0239,davide_online,SUCCESS,True,401,8.02,8.02,8.976183652877808,18,0.04488778054862843,0,0.0,1.7392884690374533e-06,-2.862343880760489e-05,8.652803970249368e-06,2.0816681711721685e-17,0.009449693217604485,0.02,2.181512591280403,1.2796478884583444,6.026434916242798,0.033085885056665446,0.012649490351688832,10.26641147708419,30.80472157002431,15.0,15.0,10.0,15.0,0.0
/home/simon/davide_fr3_ws/src/cbf_safety_filter/config/generated_scenarios/scenario_0239.yaml,scenario_0239,fixed,SUCCESS,True,401,8.02,8.02,9.599534273147583,0,0.0,0,0.0,1.690539346142772e-06,-0.0001447983065983194,8.410291607655052e-06,2.0816681711721685e-17,0.009449679640771655,0.02,2.178982476997269,1.2796649766148631,6.026329186792249,0.033004434154737444,0.014041077763659699,10.0,10.0,15.0,15.0,10.0,15.0,0.0
/home/simon/davide_fr3_ws/src/cbf_safety_filter/config/generated_scenarios/scenario_0242.yaml,scenario_0242,davide_online,SUCCESS,True,389,7.78,7.78,10.120858192443848,23,0.05912596401028278,0,0.0,5.614843186992763e-05,-0.0008821994015564705,0.00013389910043137832,1.6653345369377348e-16,0.009584697827692711,0.02,6.634505077966467,2.4615372043527843,3728.1049433351213,0.3690474121255982,0.015042800216870933,10.163364163915508,22.22832948956977,15.0,15.0,10.0,15.0,0.0
/home/simon/davide_fr3_ws/src/cbf_safety_filter/config/generated_scenarios/scenario_0242.yaml,scenario_0242,fixed,SUCCESS,True,388,7.76,7.76,9.820501327514648,0,0.0,0,0.0,5.692208997196829e-05,-0.003860596381849369,0.00013574347252298669,1.1102230246251565e-16,0.009777750872914947,0.02,6.61714503281422,2.499201044471696,3474.743365697782,0.3047788499698191,0.015194334934667214,10.0,10.0,15.0,15.0,10.0,15.0,0.0
/home/simon/davide_fr3_ws/src/cbf_safety_filter/config/generated_scenarios/scenario_0243.yaml,scenario_0243,davide_online,SUCCESS,True,433,8.66,8.66,13.046921968460083,1,0.0023094688221709007,0,0.0,1.2247383190611139e-05,9.447545387607573e-06,3.3960703996666064e-05,5.551115123125783e-17,0.00950719727928606,0.02,2.7850176218835165,1.8263507443952898,2042.5572604462827,0.09130502649788125,0.015794303070315038,10.00026716736055,10.11568346711837,15.0,15.0,10.0,15.0,0.0
/home/simon/davide_fr3_ws/src/cbf_safety_filter/config/generated_scenarios/scenario_0243.yaml,scenario_0243,fixed,SUCCESS,True,433,8.66,8.66,11.809078216552734,0,0.0,0,0.0,1.2247383190611139e-05,9.447545387607573e-06,3.3960703996666064e-05,5.551115123125783e-17,0.00950719727928606,0.02,2.7850176218835165,1.8263507443952898,2042.5572604462827,0.09130502649788125,0.014814842105187114,10.0,10.0,15.0,15.0,10.0,15.0,0.0
/home/simon/davide_fr3_ws/src/cbf_safety_filter/config/generated_scenarios/scenario_0245.yaml,scenario_0245,davide_online,SUCCESS,True,455,9.1,9.1,13.233015775680542,0,0.0,0,0.0,0.0005342526162485615,0.0012190389513611587,0.001825719954933691,6.661338147750939e-16,0.009511251950073305,0.02,6.461536152207042,2.8774011318508914,7449.206255112766,0.4470162890772945,0.015505999261206323,10.0,10.0,15.0,15.0,10.0,15.0,0.0
/home/simon/davide_fr3_ws/src/cbf_safety_filter/config/generated_scenarios/scenario_0245.yaml,scenario_0245,fixed,SUCCESS,True,455,9.1,9.1,12.97702407836914,0,0.0,0,0.0,0.0005342526162485615,0.0012190389513611587,0.001825719954933691,6.661338147750939e-16,0.009511251950073305,0.02,6.461536152207042,2.8774011318508914,7449.206255112766,0.4470162890772945,0.01568657487303346,10.0,10.0,15.0,15.0,10.0,15.0,0.0
/home/simon/davide_fr3_ws/src/cbf_safety_filter/config/generated_scenarios/scenario_0246.yaml,scenario_0246,davide_online,SUCCESS,True,444,8.88,8.88,16.741828680038452,0,0.0,0,0.0,0.02007473395593994,0.1944035579533059,0.07785331082805588,0.0,0.009327235379776814,0.02,14.865188091642214,4.23645884957988,22103.367433335487,1.1369039258268676,0.019727668783686182,10.0,10.0,15.0,15.0,10.0,15.0,0.0
/home/simon/davide_fr3_ws/src/cbf_safety_filter/config/generated_scenarios/scenario_0246.yaml,scenario_0246,fixed,SUCCESS,True,444,8.88,8.88,13.118565559387207,0,0.0,0,0.0,0.02007473395593994,0.1944035579533059,0.07785331082805588,0.0,0.009327235379776814,0.02,14.865188091642214,4.23645884957988,22103.367433335487,1.1369039258268676,0.015982663846230722,10.0,10.0,15.0,15.0,10.0,15.0,0.0
/home/simon/davide_fr3_ws/src/cbf_safety_filter/config/generated_scenarios/scenario_0248.yaml,scenario_0248,davide_online,SUCCESS,True,402,8.040000000000001,8.040000000000001,12.608221054077148,0,0.0,0,0.0,1.699241979616177e-05,2.1181548679069192e-05,7.457596785442888e-05,1.734723475976807e-17,0.00942630822915595,0.02,1.562254667805205,1.3052128203678544,6.053925212005241,0.03202282201019604,0.015612785495928864,10.0,10.0,15.0,15.0,10.0,15.0,0.0
/home/simon/davide_fr3_ws/src/cbf_safety_filter/config/generated_scenarios/scenario_0248.yaml,scenario_0248,fixed,SUCCESS,True,402,8.040000000000001,8.040000000000001,12.590189218521118,0,0.0,0,0.0,1.699241979616177e-05,2.1181548679069192e-05,7.457596785442888e-05,1.734723475976807e-17,0.00942630822915595,0.02,1.562254667805205,1.3052128203678544,6.053925212005241,0.03202282201019604,0.016018506899401916,10.0,10.0,15.0,15.0,10.0,15.0,0.0
/home/simon/davide_fr3_ws/src/cbf_safety_filter/config/generated_scenarios/scenario_0249.yaml,scenario_0249,davide_online,SUCCESS,True,376,7.5200000000000005,7.5200000000000005,12.489425420761108,0,0.0,0,0.0,0.0005945141197417902,0.002204550372348616,0.001820200096522201,5.551115123125783e-17,0.009314117992465485,0.02,3.4162358536849293,2.210650909356695,5271.814976763936,0.1441356828620268,0.01625745917888398,10.0,10.0,15.0,15.0,10.0,15.0,0.0
/home/simon/davide_fr3_ws/src/cbf_safety_filter/config/generated_scenarios/scenario_0249.yaml,scenario_0249,fixed,SUCCESS,True,376,7.5200000000000005,7.5200000000000005,11.438941240310669,0,0.0,0,0.0,0.0005945141197417902,0.002204550372348616,0.001820200096522201,5.551115123125783e-17,0.009314117992465485,0.02,3.4162358536849293,2.210650909356695,5271.814976763936,0.1441356828620268,0.015245988647988502,10.0,10.0,15.0,15.0,10.0,15.0,0.0
/home/simon/davide_fr3_ws/src/cbf_safety_filter/config/generated_scenarios/scenario_0250.yaml,scenario_0250,davide_online,QP_FAIL_OR_MAX_STEPS,False,3000,60.0,nan,94.06324219703674,45,0.015,2828,0.9426666666666667,-2.814357377004667e-05,-0.004943258490394687,-8.207087288111814e-05,8.881784197001252e-16,0.13351809618747398,0.02,5.6026613188862715,1.4022149102392043,24030.79267219547,16.604378967011872,0.015513883829116821,10.667141387164232,200.0,15.626666666666667,250.0,10.0,15.0,0.0
/home/simon/davide_fr3_ws/src/cbf_safety_filter/config/generated_scenarios/scenario_0250.yaml,scenario_0250,fixed,QP_FAIL_OR_MAX_STEPS,False,3000,60.0,nan,93.92127227783203,0,0.0,2828,0.9426666666666667,-0.0013448586223938595,-0.015371618159621977,-0.00396674545748793,1.1102230246251565e-16,0.13335681682553913,0.02,5.571965535998749,1.3836554114850232,7470.751518657319,15.422858463098441,0.015889699379603068,10.0,10.0,15.0,15.0,10.0,15.0,0.0
/home/simon/davide_fr3_ws/src/cbf_safety_filter/config/generated_scenarios/scenario_0251.yaml,scenario_0251,davide_online,SUCCESS,True,401,8.02,8.02,11.03892183303833,29,0.07231920199501247,0,0.0,-3.703275080316898e-06,-0.00038127396805230813,-1.67885627205544e-05,1.1102230246251565e-16,0.009503398025612482,0.02,2.1792010091969995,1.0500952825302652,35.076501686125546,1.8574174880399645,0.013683088402498393,11.957100648051744,200.0,16.758104738154614,250.0,10.0,15.0,0.0
/home/simon/davide_fr3_ws/src/cbf_safety_filter/config/generated_scenarios/scenario_0251.yaml,scenario_0251,fixed,SUCCESS,True,401,8.02,8.02,10.457613706588745,0,0.0,0,0.0,-0.00011953280837515186,-0.001268887349268515,-0.0005431906821957155,2.7755575615628914e-17,0.009503402075889327,0.02,2.179142913626046,1.0499247505326477,7.800369836412529,1.812161934618167,0.013333765348591412,10.0,10.0,15.0,15.0,10.0,15.0,0.0
/home/simon/davide_fr3_ws/src/cbf_safety_filter/config/generated_scenarios/scenario_0252.yaml,scenario_0252,davide_online,QP_FAIL_OR_MAX_STEPS,False,3000,60.0,nan,81.38219451904297,2629,0.8763333333333333,1943,0.6476666666666666,-0.00011067095920715142,-0.034656412084554764,-0.0004050989193773169,7.624109676918067e-16,0.4305478796177241,0.02,31.693643950587777,8.295295596277363,1188286.3269434473,252.11410851616702,0.014469836155573528,139.03542171789476,200.0,180.675,250.0,10.0,15.0,0.0
/home/simon/davide_fr3_ws/src/cbf_safety_filter/config/generated_scenarios/scenario_0252.yaml,scenario_0252,fixed,MAX_STEPS,False,3000,60.0,nan,89.2776563167572,0,0.0,0,0.0,-0.001298294578398567,-0.02250390117043244,-0.00517635972779118,3.229296170748075e-16,0.42881620907278073,0.02,142.27518070096338,37.19273728016498,220441.47989956377,284.5923896691279,0.016455820401509603,10.0,10.0,15.0,15.0,10.0,15.0,0.0
/home/simon/davide_fr3_ws/src/cbf_safety_filter/config/generated_scenarios/scenario_0254.yaml,scenario_0254,davide_online,SUCCESS,True,415,8.3,8.3,11.133580684661865,0,0.0,0,0.0,0.0007522296360874467,0.0031893381816042263,0.0020133904600187214,5.551115123125783e-17,0.009676011011486175,0.02,11.104047371549756,5.865413438073453,19901.870660859182,0.9068851226180882,0.013265576994562723,10.0,10.0,15.0,15.0,10.0,15.0,0.0
/home/simon/davide_fr3_ws/src/cbf_safety_filter/config/generated_scenarios/scenario_0254.yaml,scenario_0254,fixed,SUCCESS,True,415,8.3,8.3,14.373205423355103,0,0.0,0,0.0,0.0007522296360874467,0.0031893381816042263,0.0020133904600187214,5.551115123125783e-17,0.009676011011486175,0.02,11.104047371549756,5.865413438073453,19901.870660859182,0.9068851226180882,0.01763956575508577,10.0,10.0,15.0,15.0,10.0,15.0,0.0
/home/simon/davide_fr3_ws/src/cbf_safety_filter/config/generated_scenarios/scenario_0255.yaml,scenario_0255,davide_online,SUCCESS,True,435,8.700000000000001,8.700000000000001,12.899633169174194,36,0.08275862068965517,0,0.0,6.865371541334153e-07,-0.006865429532470189,1.7319226906509222e-06,8.881784197001252e-16,0.009500036600789482,0.02,13.167768178412615,4.363478143666393,21240.49393751468,2.4058522869082193,0.017029517272423054,10.532727183267372,102.77790919867661,15.0,15.0,10.0,15.0,0.0
/home/simon/davide_fr3_ws/src/cbf_safety_filter/config/generated_scenarios/scenario_0255.yaml,scenario_0255,fixed,SUCCESS,True,434,8.68,8.68,14.112200736999512,0,0.0,0,0.0,-0.0003227063010013409,-0.009937577415223525,-0.0008157714025797402,1.5543122344752192e-15,0.009362474881936611,0.02,12.60967125054499,6.058944689472799,19439.6164392947,2.8081345391632873,0.019278319749964,10.0,10.0,15.0,15.0,10.0,15.0,0.0
/home/simon/davide_fr3_ws/src/cbf_safety_filter/config/generated_scenarios/scenario_0256.yaml,scenario_0256,davide_online,QP_FAIL_OR_MAX_STEPS,False,3000,60.0,nan,86.50285935401917,2973,0.991,2957,0.9856666666666667,-0.00075431611697864,-0.2358780860419706,-0.0026717700783516207,4.440892098500626e-16,0.5293660650351538,0.02,1.209004194002691,1.0920415397229786,17752.670517749964,51.5541130864344,0.01640009307861328,197.4564157076762,200.0,246.78833333333333,250.0,10.0,15.0,0.0
/home/simon/davide_fr3_ws/src/cbf_safety_filter/config/generated_scenarios/scenario_0256.yaml,scenario_0256,fixed,MAX_STEPS,False,3000,60.0,nan,83.36719870567322,0,0.0,0,0.0,-0.0009276372500467145,-0.018545443971907518,-0.002879785898047077,2.220446049250313e-14,0.09703850255295755,0.02,191.58311323680192,49.27023593907291,76394.83138144984,55.56188621067669,0.016445530335108437,10.0,10.0,15.0,15.0,10.0,15.0,0.0
/home/simon/davide_fr3_ws/src/cbf_safety_filter/config/generated_scenarios/scenario_0263.yaml,scenario_0263,davide_online,SUCCESS,True,420,8.4,8.4,11.121674299240112,0,0.0,0,0.0,2.3972550829740036e-05,5.89458369553269e-05,8.162768307592994e-05,1.734723475976807e-17,0.009541435449339828,0.02,4.306300781808044,2.387224561133277,1381.5763820103066,0.2573278558963695,0.015235963321867444,10.0,10.0,15.0,15.0,10.0,15.0,0.0
/home/simon/davide_fr3_ws/src/cbf_safety_filter/config/generated_scenarios/scenario_0263.yaml,scenario_0263,fixed,SUCCESS,True,420,8.4,8.4,8.582539558410645,0,0.0,0,0.0,2.3972550829740036e-05,5.89458369553269e-05,8.162768307592994e-05,1.734723475976807e-17,0.009541435449339828,0.02,4.306300781808044,2.387224561133277,1381.5763820103066,0.2573278558963695,0.01221074830918085,10.0,10.0,15.0,15.0,10.0,15.0,0.0
/home/simon/davide_fr3_ws/src/cbf_safety_filter/config/generated_scenarios/scenario_0265.yaml,scenario_0265,davide_online,QP_FAIL_OR_MAX_STEPS,False,1500,30.0,nan,41.55161166191101,0,0.0,1438,0.9586666666666667,0.0011062177464616855,-0.06613863835227524,0.005949037235720531,1.1102230246251565e-16,0.4879771347441725,0.02,1.4223012226084808,1.1156982892417575,2055.37949308246,11.999851587487349,0.01720229498545329,2.0,2.0,3.0,3.0,2.0,3.0,0.0
/home/simon/davide_fr3_ws/src/cbf_safety_filter/config/generated_scenarios/scenario_0265.yaml,scenario_0265,fixed,SUCCESS,True,455,9.1,9.1,13.155885934829712,0,0.0,0,0.0,-2.3717627268726033e-05,-0.00023924744931688377,-9.378032418155824e-05,1.1102230246251565e-16,0.009199718675328573,0.02,11.295040627258032,4.798960774762886,4978.433642845039,0.43801379498507886,0.01719713473058009,10.0,10.0,15.0,15.0,2.0,3.0,0.0
/home/simon/davide_fr3_ws/src/cbf_safety_filter/config/generated_scenarios/scenario_0267.yaml,scenario_0267,davide_online,SUCCESS,True,375,7.5,7.5,9.329011917114258,0,0.0,0,0.0,2.694752348563617e-05,8.422236160566767e-05,7.50888660753235e-05,6.938893903907228e-18,0.009507817433975973,0.02,1.8966651894239104,1.0691513619701543,3.3050303611993423,0.06314370279424583,0.015174584706624349,10.0,10.0,15.0,15.0,10.0,15.0,0.0
/home/simon/davide_fr3_ws/src/cbf_safety_filter/config/generated_scenarios/scenario_0267.yaml,scenario_0267,fixed,SUCCESS,True,375,7.5,7.5,9.127549648284912,0,0.0,0,0.0,2.694752348563617e-05,8.422236160566767e-05,7.50888660753235e-05,6.938893903907228e-18,0.009507817433975973,0.02,1.8966651894239104,1.0691513619701543,3.3050303611993423,0.06314370279424583,0.01540304438273112,10.0,10.0,15.0,15.0,10.0,15.0,0.0
/home/simon/davide_fr3_ws/src/cbf_safety_filter/config/generated_scenarios/scenario_0269.yaml,scenario_0269,davide_online,SUCCESS,True,405,8.1,8.1,10.37655520439148,59,0.145679012345679,0,0.0,-3.6904549548398904e-05,-0.011532171879641794,-0.0001480612336700743,8.881784197001252e-16,0.008002829940605753,0.02,11.466365665400655,2.3798212644470653,7229.767075876163,6.600527612300695,0.012712412704656154,14.158801785877715,200.0,20.80246913580247,250.0,10.0,15.0,0.0
/home/simon/davide_fr3_ws/src/cbf_safety_filter/config/generated_scenarios/scenario_0269.yaml,scenario_0269,fixed,SUCCESS,True,388,7.76,7.76,10.840088367462158,0,0.0,0,0.0,-0.0003684877166317477,-0.006116426022717237,-0.001486355125058278,1.942890293094024e-16,0.009484725044671169,0.02,10.81294814563801,2.211373327892871,1708.1142622781376,6.643753655253032,0.014161243266666058,10.0,10.0,15.0,15.0,10.0,15.0,0.0
/home/simon/davide_fr3_ws/src/cbf_safety_filter/config/generated_scenarios/scenario_0273.yaml,scenario_0273,davide_online,SUCCESS,True,464,9.28,9.28,12.836154699325562,40,0.08620689655172414,0,0.0,1.469656041331105e-06,-0.0002930692695448413,5.954702523694455e-06,4.440892098500626e-16,0.018460366528792307,0.02,11.344050653827349,3.194422076902792,5213.394617511526,11.019262191551563,0.013631276015577645,11.005668548297427,169.0756207427504,15.0,15.0,10.0,15.0,0.0
/home/simon/davide_fr3_ws/src/cbf_safety_filter/config/generated_scenarios/scenario_0273.yaml,scenario_0273,fixed,SUCCESS,True,464,9.28,9.28,13.633237838745117,0,0.0,0,0.0,-6.413369714958379e-05,-0.001964835294316583,-0.00026013520045420346,4.440892098500626e-16,0.00955608372144374,0.02,11.679053280634593,3.371204976821073,5205.297503194561,11.47658338346855,0.014941604486827192,10.0,10.0,15.0,15.0,10.0,15.0,0.0
/home/simon/davide_fr3_ws/src/cbf_safety_filter/config/generated_scenarios/scenario_0274.yaml,scenario_0274,davide_online,QP_FAIL_OR_MAX_STEPS,False,3000,60.0,nan,81.21782898902893,0,0.0,2934,0.978,-0.000620707851763937,-0.008073607673865479,-0.0035170990990932155,5.551115123125783e-17,0.4646321718891691,0.02,1.4504417487846943,1.0333820102543794,5695.770427545372,32.64255246522776,0.014592344681421916,10.0,10.0,15.0,15.0,10.0,15.0,0.0
/home/simon/davide_fr3_ws/src/cbf_safety_filter/config/generated_scenarios/scenario_0274.yaml,scenario_0274,fixed,QP_FAIL_OR_MAX_STEPS,False,3000,60.0,nan,81.7172372341156,0,0.0,2934,0.978,-0.000620707851763937,-0.008073607673865479,-0.0035170990990932155,5.551115123125783e-17,0.4646321718891691,0.02,1.4504417487846943,1.0333820102543794,5695.770427545372,32.64255246522776,0.015189913193384806,10.0,10.0,15.0,15.0,10.0,15.0,0.0
/home/simon/davide_fr3_ws/src/cbf_safety_filter/config/generated_scenarios/scenario_0275.yaml,scenario_0275,davide_online,SUCCESS,True,433,8.66,8.66,11.796498537063599,18,0.04157043879907621,0,0.0,2.809980780338339e-06,-3.206875119351655e-05,8.715585666563275e-06,5.551115123125783e-17,0.00860392831617044,0.02,8.153141125329238,3.147921735017053,1722.7400353565467,1.4737957025647335,0.01540011291415807,10.260639838212931,41.88702941873887,15.0,15.0,10.0,15.0,0.0
/home/simon/davide_fr3_ws/src/cbf_safety_filter/config/generated_scenarios/scenario_0275.yaml,scenario_0275,fixed,SUCCESS,True,433,8.66,8.66,9.63379454612732,0,0.0,0,0.0,2.665239018199983e-06,-0.00015790087233304856,8.266658438449426e-06,5.551115123125783e-17,0.008604890354261494,0.02,8.153167873690759,3.1478736920518635,1722.729066491054,1.4737235941894944,0.013038025717261757,10.0,10.0,15.0,15.0,10.0,15.0,0.0
/home/simon/davide_fr3_ws/src/cbf_safety_filter/config/generated_scenarios/scenario_0277.yaml,scenario_0277,davide_online,SUCCESS,True,424,8.48,8.48,12.184925556182861,33,0.07783018867924528,0,0.0,-0.0011452366001447611,-0.09572793986584682,-0.006604775916991268,4.440892098500626e-16,0.008398260197019386,0.02,22.182800605182706,5.820733141082274,16083.444713440951,6.162193833911162,0.014196648350301778,11.24051650147178,200.0,15.554245283018869,250.0,10.0,15.0,0.0
/home/simon/davide_fr3_ws/src/cbf_safety_filter/config/generated_scenarios/scenario_0277.yaml,scenario_0277,fixed,SUCCESS,True,426,8.52,8.52,11.29105544090271,0,0.0,0,0.0,-0.00018035871390370203,-0.019214060668460112,-0.0006484187978519074,7.771561172376096e-16,0.008579855584539796,0.02,22.627610324462545,5.449970767966841,17283.40862495838,6.329261586784342,0.013410705915639098,10.0,10.0,15.0,15.0,10.0,15.0,0.0
/home/simon/davide_fr3_ws/src/cbf_safety_filter/config/generated_scenarios/scenario_0278.yaml,scenario_0278,davide_online,SUCCESS,True,411,8.22,8.22,11.499902963638306,63,0.15328467153284672,0,0.0,0.018661953677109884,-0.009909008394065826,0.06198711671063811,1.6653345369377348e-15,0.013662117426786583,0.02,12.34642659943952,5.5645165808517865,47148.25383287779,3.6656187342571025,0.01747767826646494,2.0905086979837613,3.3089806756491282,3.0,3.0,2.0,3.0,0.0
/home/simon/davide_fr3_ws/src/cbf_safety_filter/config/generated_scenarios/scenario_0278.yaml,scenario_0278,fixed,SUCCESS,True,399,7.98,7.98,10.600979566574097,0,0.0,0,0.0,-0.001664170323067711,-0.033079337102989714,-0.004793020945604298,6.661338147750939e-16,0.00941731247845049,0.02,10.640838221390485,3.9854659581097556,40992.77793294078,3.476952253583595,0.017239718210129512,10.0,10.0,15.0,15.0,2.0,3.0,0.0
/home/simon/davide_fr3_ws/src/cbf_safety_filter/config/generated_scenarios/scenario_0279.yaml,scenario_0279,davide_online,QP_FAIL_OR_MAX_STEPS,False,3000,60.0,nan,67.37410378456116,2936,0.9786666666666667,2916,0.972,-3.001863171911423e-06,-0.02654478461812443,-1.020383171343453e-05,3.885780586188048e-16,0.4396028261884989,0.02,2.13163216152122,1.300900544422073,16529.37403172496,4.472497099765684,0.014136292457580567,10.126522826691,200.0,243.57666666666665,250.0,10.0,15.0,0.0
/home/simon/davide_fr3_ws/src/cbf_safety_filter/config/generated_scenarios/scenario_0279.yaml,scenario_0279,fixed,QP_FAIL_OR_MAX_STEPS,False,3000,60.0,nan,71.4240152835846,0,0.0,2857,0.9523333333333334,-0.0016829453889334878,-0.019019848907555426,-0.005276964029303027,2.9630422295674744e-16,0.2989845040869441,0.02,5.208048275629285,1.4858740570230191,23867.57886640518,27.97968067938929,0.015653133312861126,10.0,10.0,15.0,15.0,10.0,15.0,0.0
/home/simon/davide_fr3_ws/src/cbf_safety_filter/config/generated_scenarios/scenario_0284.yaml,scenario_0284,davide_online,SUCCESS,True,429,8.58,8.58,8.97459101676941,42,0.0979020979020979,0,0.0,-1.3963173829747988e-06,-0.0008483757283888967,-5.625902633990543e-06,1.1102230246251565e-16,0.009929747693175874,0.02,11.73824436202052,4.9445865448753334,16211.908457564981,1.0244280335541889,0.012893123782320179,11.570420936016282,200.0,16.643356643356643,250.0,10.0,15.0,0.0
/home/simon/davide_fr3_ws/src/cbf_safety_filter/config/generated_scenarios/scenario_0284.yaml,scenario_0284,fixed,SUCCESS,True,429,8.58,8.58,9.100092649459839,0,0.0,0,0.0,-0.0002887997872154241,-0.003328634947315525,-0.0011690835762436236,1.1102230246251565e-16,0.009828963658740296,0.02,11.717317829437672,4.863711783181825,16168.311883029972,1.006172863249073,0.01352735610552879,10.0,10.0,15.0,15.0,10.0,15.0,0.0
/home/simon/davide_fr3_ws/src/cbf_safety_filter/config/generated_scenarios/scenario_0285.yaml,scenario_0285,davide_online,SUCCESS,True,407,8.14,8.14,10.993416786193848,26,0.06388206388206388,0,0.0,4.4525180813159704e-08,-8.931388251989062e-05,1.8866586956600706e-07,2.0816681711721685e-17,0.00949594370342218,0.02,1.6301656588976108,1.113615198453707,3.9435870218372515,0.5812055297685752,0.014183397667999642,10.680300256191599,68.13746711933503,17.88697788697789,250.0,10.0,15.0,0.0
/home/simon/davide_fr3_ws/src/cbf_safety_filter/config/generated_scenarios/scenario_0285.yaml,scenario_0285,fixed,SUCCESS,True,407,8.14,8.14,12.147649765014648,0,0.0,0,0.0,-2.445692895166468e-05,-0.00026181209632759666,-0.00010367660080176644,2.0816681711721685e-17,0.009495943862255116,0.02,1.6301692461596529,1.1136102640044374,3.755420957122986,0.5770376157278414,0.016341160204838185,10.0,10.0,15.0,15.0,10.0,15.0,0.0
/home/simon/davide_fr3_ws/src/cbf_safety_filter/config/generated_scenarios/scenario_0286.yaml,scenario_0286,davide_online,SUCCESS,True,385,7.7,7.7,8.500792980194092,74,0.19220779220779222,0,0.0,-8.792059001064972e-06,-0.008065200893625543,-2.917355705872593e-05,6.661338147750939e-16,0.010133086200284403,0.02,7.938300676230734,4.022064943777971,23670.600953605157,3.1606043449685957,0.012738978398310674,14.78165608038324,200.0,18.051948051948052,250.0,10.0,15.0,0.0
/home/simon/davide_fr3_ws/src/cbf_safety_filter/config/generated_scenarios/scenario_0286.yaml,scenario_0286,fixed,SUCCESS,True,397,7.94,7.94,11.053971529006958,0,0.0,0,0.0,-0.00022859166181867646,-0.006106841764783953,-0.0009125874209208462,1.1102230246251565e-15,0.009422433750431104,0.02,6.0617086688060136,2.4040401409943675,14588.773905571325,2.013677478163137,0.01660506551151612,10.0,10.0,15.0,15.0,10.0,15.0,0.0
/home/simon/davide_fr3_ws/src/cbf_safety_filter/config/generated_scenarios/scenario_0287.yaml,scenario_0287,davide_online,SUCCESS,True,410,8.2,8.2,12.378021240234375,0,0.0,0,0.0,0.002567992514721052,0.02294018796760302,0.011936569063544691,0.0,0.009324233637732663,0.02,12.55982155075164,5.826024123912473,35508.022937860194,1.610668999326918,0.016099839675717237,10.0,10.0,15.0,15.0,10.0,15.0,0.0
/home/simon/davide_fr3_ws/src/cbf_safety_filter/config/generated_scenarios/scenario_0287.yaml,scenario_0287,fixed,SUCCESS,True,410,8.2,8.2,8.931408166885376,0,0.0,0,0.0,0.002567992514721052,0.02294018796760302,0.011936569063544691,0.0,0.009324233637732663,0.02,12.55982155075164,5.826024123912473,35508.022937860194,1.610668999326918,0.01207703090295559,10.0,10.0,15.0,15.0,10.0,15.0,0.0
/home/simon/davide_fr3_ws/src/cbf_safety_filter/config/generated_scenarios/scenario_0288.yaml,scenario_0288,davide_online,SUCCESS,True,418,8.36,8.36,12.062750339508057,43,0.10287081339712918,0,0.0,-3.556273777233568e-06,-0.0028714952077848327,-1.5409494063006735e-05,4.440892098500626e-16,0.009808110712700732,0.02,17.017339843395792,4.675589825770711,19764.031102119458,3.4276309544465207,0.01634706834856973,12.829541030652054,200.0,16.6866028708134,250.0,10.0,15.0,0.0
/home/simon/davide_fr3_ws/src/cbf_safety_filter/config/generated_scenarios/scenario_0288.yaml,scenario_0288,fixed,SUCCESS,True,421,8.42,8.42,11.764426946640015,0,0.0,0,0.0,-0.0009419969547787618,-0.012683825775569695,-0.004156289862207327,1.6653345369377348e-16,0.010325862327054737,0.02,17.356466844850566,4.633364961504993,20308.98971121443,3.28575327519297,0.01650604499490697,10.0,10.0,15.0,15.0,10.0,15.0,0.0
/home/simon/davide_fr3_ws/src/cbf_safety_filter/config/generated_scenarios/scenario_0289.yaml,scenario_0289,davide_online,SUCCESS,True,391,7.82,7.82,9.440768003463745,8,0.020460358056265986,0,0.0,0.00016080197336152888,-6.46653310319204e-05,0.0004919117530292894,2.7755575615628914e-17,0.009554355874940409,0.02,4.539953391682993,1.7506622555969715,1680.5614306599464,0.14792284253202873,0.012871822127905648,10.026313611903785,13.201513378639689,15.0,15.0,10.0,15.0,0.0
/home/simon/davide_fr3_ws/src/cbf_safety_filter/config/generated_scenarios/scenario_0289.yaml,scenario_0289,fixed,SUCCESS,True,391,7.82,7.82,10.282543182373047,0,0.0,0,0.0,0.00016730039549165895,-0.00040817443593845707,0.0005117601013795714,2.7755575615628914e-17,0.009551757733314282,0.02,4.546052581903312,1.7554749891259531,1672.7878704330344,0.14811848773667866,0.014553882886686593,10.0,10.0,15.0,15.0,10.0,15.0,0.0
/home/simon/davide_fr3_ws/src/cbf_safety_filter/config/generated_scenarios/scenario_0293.yaml,scenario_0293,davide_online,QP_FAIL_OR_MAX_STEPS,False,3000,60.0,nan,78.99670338630676,2917,0.9723333333333334,2904,0.968,-3.6184507170130414e-05,-0.04462008870831249,-0.00010863237744165866,1.6653345369377348e-16,0.26568043072103664,0.02,2.095862518173,1.2827846466536166,12714.921362066205,46.719126229605244,0.015008496443430582,194.20246142604188,200.0,242.715,250.0,10.0,15.0,0.0
/home/simon/davide_fr3_ws/src/cbf_safety_filter/config/generated_scenarios/scenario_0293.yaml,scenario_0293,fixed,SUCCESS,True,432,8.64,8.64,11.460805416107178,0,0.0,0,0.0,-0.0008586349876406711,-0.010500713510101796,-0.0025971798646153565,4.3021142204224816e-16,0.009233297684119218,0.02,11.140615121640057,2.358194935185589,5874.31280113368,13.586135955462778,0.015560252247033295,10.0,10.0,15.0,15.0,10.0,15.0,0.0
/home/simon/davide_fr3_ws/src/cbf_safety_filter/config/generated_scenarios/scenario_0295.yaml,scenario_0295,davide_online,SUCCESS,True,436,8.72,8.72,11.049469947814941,0,0.0,0,0.0,0.00023708327143603242,0.00038869656710202507,0.0007861212923859495,2.7755575615628914e-17,0.009558801207716898,0.02,5.844051816547372,2.0018244490045327,1675.246288065008,0.1405383767733088,0.01446228836654523,10.0,10.0,15.0,15.0,10.0,15.0,0.0
/home/simon/davide_fr3_ws/src/cbf_safety_filter/config/generated_scenarios/scenario_0295.yaml,scenario_0295,fixed,SUCCESS,True,436,8.72,8.72,12.413105726242065,0,0.0,0,0.0,0.00023708327143603242,0.00038869656710202507,0.0007861212923859495,2.7755575615628914e-17,0.009558801207716898,0.02,5.844051816547372,2.0018244490045327,1675.246288065008,0.1405383767733088,0.01672702426210456,10.0,10.0,15.0,15.0,10.0,15.0,0.0
/home/simon/davide_fr3_ws/src/cbf_safety_filter/config/generated_scenarios/scenario_0303.yaml,scenario_0303,davide_online,SUCCESS,True,440,8.8,8.8,9.708211660385132,66,0.15,0,0.0,6.167180044494569e-07,-0.005656840971981197,2.2892084780012922e-06,5.967448757360216e-16,0.010313253032757791,0.02,14.027865647550993,4.094608523267761,17265.398171475044,9.210214453563912,0.013711874051527543,10.736478070445616,150.46016857645924,15.534090909090908,250.0,10.0,15.0,0.0
/home/simon/davide_fr3_ws/src/cbf_safety_filter/config/generated_scenarios/scenario_0303.yaml,scenario_0303,fixed,SUCCESS,True,448,8.96,8.96,11.445928573608398,0,0.0,0,0.0,-0.00017414375776970276,-0.011137349313422522,-0.0006479718831889636,7.494005416219807e-16,0.009718025747340953,0.02,15.483546585507028,3.9625201622473614,13313.476060217867,8.203109942728037,0.016434396484068463,10.0,10.0,15.0,15.0,10.0,15.0,0.0
/home/simon/davide_fr3_ws/src/cbf_safety_filter/config/generated_scenarios/scenario_0305.yaml,scenario_0305,davide_online,QP_FAIL_OR_MAX_STEPS,False,3000,60.0,nan,88.71315312385559,2856,0.952,2793,0.931,-0.0008301171781140738,-0.25768284124310725,-0.004022320535179674,4.440892098500626e-16,0.0687846844872922,0.02,6.798778055314144,1.9213627275362453,68735.76957874691,28.350205005853503,0.015583149353663126,187.67969396205413,200.0,234.88166666666666,250.0,10.0,15.0,0.0
/home/simon/davide_fr3_ws/src/cbf_safety_filter/config/generated_scenarios/scenario_0305.yaml,scenario_0305,fixed,MAX_STEPS,False,3000,60.0,nan,81.48654413223267,0,0.0,0,0.0,-0.0011290380810571373,-0.013628409030060677,-0.0055104723707506825,3.946405815427558e-15,0.03651239454847435,0.02,156.63491051307537,47.35002617798545,4727.596294008974,18.35787586451195,0.01495388968785604,10.0,10.0,15.0,15.0,10.0,15.0,0.0
/home/simon/davide_fr3_ws/src/cbf_safety_filter/config/generated_scenarios/scenario_0310.yaml,scenario_0310,davide_online,SUCCESS,True,418,8.36,8.36,10.32305645942688,0,0.0,0,0.0,0.01700486984434045,0.14947091449125371,0.05454701702277451,0.0,0.008310918137807438,0.02,13.395572771960966,5.331864521305986,24700.49316367426,0.957026228622142,0.014175448691445675,10.0,10.0,15.0,15.0,10.0,15.0,0.0
/home/simon/davide_fr3_ws/src/cbf_safety_filter/config/generated_scenarios/scenario_0310.yaml,scenario_0310,fixed,SUCCESS,True,418,8.36,8.36,10.861156225204468,0,0.0,0,0.0,0.01700486984434045,0.14947091449125371,0.05454701702277451,0.0,0.008310918137807438,0.02,13.395572771960966,5.331864521305986,24700.49316367426,0.957026228622142,0.015437100492596056,10.0,10.0,15.0,15.0,10.0,15.0,0.0
/home/simon/davide_fr3_ws/src/cbf_safety_filter/config/generated_scenarios/scenario_0312.yaml,scenario_0312,davide_online,SUCCESS,True,389,7.78,7.78,10.58896541595459,9,0.02313624678663239,0,0.0,0.0295070398455929,0.04116866257560887,0.07041928784955406,1.1102230246251565e-16,0.009399254730707008,0.02,9.471480424068059,4.457398440985425,10671.182855355604,0.7026080413893415,0.015555481677803098,2.0059231604411294,2.5549785091228414,3.0,3.0,2.0,3.0,0.0
/home/simon/davide_fr3_ws/src/cbf_safety_filter/config/generated_scenarios/scenario_0312.yaml,scenario_0312,fixed,SUCCESS,True,389,7.78,7.78,8.581769227981567,0,0.0,0,0.0,0.00036741744546184285,0.0010363635708390048,0.0010508125029987936,1.3877787807814457e-17,0.00945279294095284,0.02,3.3929337484795603,1.7875366232783914,2116.463088231376,0.05345786420038001,0.013141772434460167,10.0,10.0,15.0,15.0,2.0,3.0,0.0
/home/simon/davide_fr3_ws/src/cbf_safety_filter/config/generated_scenarios/scenario_0314.yaml,scenario_0314,davide_online,QP_FAIL_OR_MAX_STEPS,False,3000,60.0,nan,74.43184351921082,2900,0.9666666666666667,2888,0.9626666666666667,-0.00012767183739471367,-0.03948253641259373,-0.000576074252652034,8.500145032286355e-17,0.3550163040001202,0.02,2.0207496933118483,1.281216927341069,706.423081682441,19.515119095479232,0.015453406095504761,193.02769288249593,200.0,241.38333333333333,250.0,10.0,15.0,0.0
/home/simon/davide_fr3_ws/src/cbf_safety_filter/config/generated_scenarios/scenario_0314.yaml,scenario_0314,fixed,SUCCESS,True,457,9.14,9.14,10.604558229446411,0,0.0,0,0.0,-0.0003813991389061827,-0.010742552261879371,-0.0014084603210215985,2.220446049250313e-16,0.009663731977974262,0.02,16.40819560319125,3.9992349735969803,16215.442789280485,14.381958109603662,0.014884971163726739,10.0,10.0,15.0,15.0,10.0,15.0,0.0
/home/simon/davide_fr3_ws/src/cbf_safety_filter/config/generated_scenarios/scenario_0315.yaml,scenario_0315,davide_online,SUCCESS,True,353,7.0600000000000005,7.0600000000000005,7.96122670173645,0,0.0,0,0.0,3.187936520560736e-05,0.00010027552041483897,0.00011988334533152845,1.0408340855860843e-17,0.009424772406224751,0.02,0.9792460311869813,1.102408371918293,2.3671562038144427,0.01195838860841666,0.01295112820590184,10.0,10.0,15.0,15.0,10.0,15.0,0.0
/home/simon/davide_fr3_ws/src/cbf_safety_filter/config/generated_scenarios/scenario_0315.yaml,scenario_0315,fixed,SUCCESS,True,353,7.0600000000000005,7.0600000000000005,9.67762303352356,0,0.0,0,0.0,3.187936520560736e-05,0.00010027552041483897,0.00011988334533152845,1.0408340855860843e-17,0.009424772406224751,0.02,0.9792460311869813,1.102408371918293,2.3671562038144427,0.01195838860841666,0.01634886852404889,10.0,10.0,15.0,15.0,10.0,15.0,0.0
/home/simon/davide_fr3_ws/src/cbf_safety_filter/config/generated_scenarios/scenario_0316.yaml,scenario_0316,davide_online,SUCCESS,True,396,7.92,7.92,10.659940958023071,0,0.0,0,0.0,4.274921372890428e-05,8.279098215663587e-05,0.00019592123210877832,1.3877787807814457e-17,0.009500356883702201,0.02,1.5591669708488218,1.3400280338198336,6.158904189089628,0.02824642728405387,0.016841251440722533,10.0,10.0,15.0,15.0,10.0,15.0,0.0
/home/simon/davide_fr3_ws/src/cbf_safety_filter/config/generated_scenarios/scenario_0316.yaml,scenario_0316,fixed,SUCCESS,True,396,7.92,7.92,10.864601612091064,0,0.0,0,0.0,4.274921372890428e-05,8.279098215663587e-05,0.00019592123210877832,1.3877787807814457e-17,0.009500356883702201,0.02,1.5591669708488218,1.3400280338198336,6.158904189089628,0.02824642728405387,0.017776895051050668,10.0,10.0,15.0,15.0,10.0,15.0,0.0
/home/simon/davide_fr3_ws/src/cbf_safety_filter/config/generated_scenarios/scenario_0317.yaml,scenario_0317,davide_online,SUCCESS,True,442,8.84,8.84,13.67892599105835,164,0.37104072398190047,0,0.0,0.007809856439164851,-0.014666468028497776,0.02573008971377272,6.661338147750939e-16,0.009844360278932268,0.02,16.185416377779447,4.476581131047616,15072.937156309621,9.773235349510419,0.01530762441557457,2.2453268957109156,4.108985791354112,3.0,3.0,2.0,3.0,0.0
/home/simon/davide_fr3_ws/src/cbf_safety_filter/config/generated_scenarios/scenario_0317.yaml,scenario_0317,fixed,SUCCESS,True,445,8.9,8.9,12.360691547393799,0,0.0,0,0.0,-1.8539575707965383e-07,-1.979513208139657e-06,-4.715055427206849e-07,1.1102230246251565e-16,0.009371219038121228,0.02,8.596362308068757,2.6598379662456244,19686.12256822042,2.3325349578858274,0.01442812265974752,10.0,10.0,15.0,15.0,2.0,3.0,0.0
/home/simon/davide_fr3_ws/src/cbf_safety_filter/config/generated_scenarios/scenario_0318.yaml,scenario_0318,davide_online,SUCCESS,True,396,7.92,7.92,11.222960948944092,41,0.10353535353535354,0,0.0,-6.847345438848462e-07,-0.00011607125931315933,-2.2993278401550743e-06,2.7755575615628914e-17,0.009453561777903057,0.02,2.029313256606538,1.173980718445933,5.4775350378618555,0.9677598037041245,0.014158010482788086,11.216221101180992,96.84207749585316,18.560606060606062,250.0,10.0,15.0,0.0
/home/simon/davide_fr3_ws/src/cbf_safety_filter/config/generated_scenarios/scenario_0318.yaml,scenario_0318,fixed,SUCCESS,True,396,7.92,7.92,14.47323751449585,0,0.0,0,0.0,-3.439936526752549e-05,-0.0003491302476452177,-0.00011555647604660768,2.7755575615628914e-17,0.009453561757497867,0.02,2.029331692786244,1.1739923685718472,5.324934730879603,0.9623042765631057,0.018988209541397866,10.0,10.0,15.0,15.0,10.0,15.0,0.0
/home/simon/davide_fr3_ws/src/cbf_safety_filter/config/generated_scenarios/scenario_0319.yaml,scenario_0319,davide_online,SUCCESS,True,410,8.2,8.2,9.803197622299194,55,0.13414634146341464,0,0.0,-5.808264866395685e-07,-0.0037014812653393785,-1.7327848722548111e-06,7.771561172376096e-16,0.00912986788104762,0.02,7.15227024807869,3.8006348037155773,15566.410491996789,3.8461433080105736,0.01370230884086795,12.203392571717725,200.0,17.29268292682927,250.0,10.0,15.0,0.0
/home/simon/davide_fr3_ws/src/cbf_safety_filter/config/generated_scenarios/scenario_0319.yaml,scenario_0319,fixed,SUCCESS,True,410,8.2,8.2,9.320727586746216,0,0.0,0,0.0,-8.580496983657399e-05,-0.005196170621091064,-0.00025617719747339507,2.7755575615628914e-16,0.009485570721535943,0.02,5.182389689886026,2.7266105814559793,11319.297475951596,2.15724396170822,0.013607237978679378,10.0,10.0,15.0,15.0,10.0,15.0,0.0
/home/simon/davide_fr3_ws/src/cbf_safety_filter/config/generated_scenarios/scenario_0320.yaml,scenario_0320,davide_online,QP_FAIL_OR_MAX_STEPS,False,3000,60.0,nan,75.36058187484741,2913,0.971,2891,0.9636666666666667,-5.7047659363908265e-05,-0.019366559913249023,-0.00016122500809928608,2.220446049250313e-16,0.32703898331636183,0.02,2.4129287304620095,1.239570596799778,7898.679815442062,4.816087724163015,0.01441154400507609,193.20607309309537,200.0,241.54,250.0,10.0,15.0,0.0
/home/simon/davide_fr3_ws/src/cbf_safety_filter/config/generated_scenarios/scenario_0320.yaml,scenario_0320,fixed,SUCCESS,True,452,9.040000000000001,9.040000000000001,13.824057579040527,0,0.0,0,0.0,-0.0003147663603625256,-0.004683679928191905,-0.0014090380272453185,2.498001805406602e-16,0.009617742637062113,0.02,10.853199841078299,3.677713416662823,13830.155872013194,20.46150817677407,0.017973989512013122,10.0,10.0,15.0,15.0,10.0,15.0,0.0
/home/simon/davide_fr3_ws/src/cbf_safety_filter/config/generated_scenarios/scenario_0322.yaml,scenario_0322,davide_online,SUCCESS,True,368,7.36,7.36,10.058540344238281,27,0.07336956521739131,0,0.0,4.2282396660146826e-07,-2.725608896375597e-05,1.7706064972949909e-06,1.3747683547116196e-16,0.009233264419515524,0.02,2.2645140541657343,1.7186749855387682,846.4029644135933,0.3693415112098982,0.014925924332245537,10.560531397038156,40.4920303639968,17.554347826086957,250.0,10.0,15.0,0.0
/home/simon/davide_fr3_ws/src/cbf_safety_filter/config/generated_scenarios/scenario_0322.yaml,scenario_0322,fixed,SUCCESS,True,368,7.36,7.36,10.059531211853027,0,0.0,0,0.0,-7.457983627164738e-06,-0.00010081060890556812,-3.123517279390864e-05,1.3487475025719675e-16,0.009233199802450047,0.02,2.263431142966099,1.7164037195610635,846.2877843223688,0.36812806641084495,0.015294921786888786,10.0,10.0,15.0,15.0,10.0,15.0,0.0
/home/simon/davide_fr3_ws/src/cbf_safety_filter/config/generated_scenarios/scenario_0323.yaml,scenario_0323,davide_online,SUCCESS,True,404,8.08,8.08,12.518138408660889,13,0.03217821782178218,0,0.0,3.5403795897205603e-07,-1.8254603380300454e-05,1.800786958994216e-06,2.7755575615628914e-17,0.00858359843710577,0.02,3.430557772118474,1.2090901117448103,7.9128583369462175,0.45220783619331156,0.015567722887095839,10.245842357258542,46.31586374889449,15.581683168316832,250.0,10.0,15.0,0.0
/home/simon/davide_fr3_ws/src/cbf_safety_filter/config/generated_scenarios/scenario_0323.yaml,scenario_0323,fixed,SUCCESS,True,404,8.08,8.08,10.901774883270264,0,0.0,0,0.0,-1.933433969059442e-06,-7.838328700055463e-05,-9.83484584562988e-06,2.7755575615628914e-17,0.008583531341986654,0.02,3.4304395184133307,1.208822784289869,7.885040895837776,0.4518574361062204,0.014101980936409223,10.0,10.0,15.0,15.0,10.0,15.0,0.0
/home/simon/davide_fr3_ws/src/cbf_safety_filter/config/generated_scenarios/scenario_0324.yaml,scenario_0324,davide_online,SUCCESS,True,420,8.4,8.4,12.82085633277893,156,0.37142857142857144,0,0.0,-4.409053535041341e-06,-0.0010975216017720902,-1.2007619057619046e-05,1.1102230246251565e-16,0.009489547792338205,0.02,7.972286754454625,2.652158139343986,1975.7928462108293,9.159721623919872,0.01643049716949463,14.757999590550593,200.0,27.86904761904762,250.0,10.0,15.0,0.0
/home/simon/davide_fr3_ws/src/cbf_safety_filter/config/generated_scenarios/scenario_0324.yaml,scenario_0324,fixed,SUCCESS,True,420,8.4,8.4,11.379542350769043,0,0.0,0,0.0,-3.270687594665936e-05,-0.002019007233720114,-0.00010314475027164982,1.1102230246251565e-16,0.014523400468137796,0.02,8.980767937739525,2.824882569202335,1563.131467166896,9.068327859355481,0.01498077256338937,10.0,10.0,15.0,15.0,10.0,15.0,0.0
/home/simon/davide_fr3_ws/src/cbf_safety_filter/config/generated_scenarios/scenario_0327.yaml,scenario_0327,davide_online,SUCCESS,True,442,8.84,8.84,12.726654291152954,41,0.09276018099547512,0,0.0,-6.747172436699991e-05,-0.0020339447002641477,-0.0003756267769029209,2.220446049250313e-16,0.009509538622464961,0.02,11.60025167254353,3.130268486879421,6358.679513668569,4.316504685130529,0.01638965962699096,12.002325400113387,200.0,16.063348416289593,250.0,10.0,15.0,0.0
/home/simon/davide_fr3_ws/src/cbf_safety_filter/config/generated_scenarios/scenario_0327.yaml,scenario_0327,fixed,SUCCESS,True,442,8.84,8.84,10.484995365142822,0,0.0,0,0.0,-0.00021614614539473484,-0.003623536382522677,-0.0007275874037097896,1.6653345369377348e-16,0.009513048916379824,0.02,13.057478257198483,3.6290415750960747,6627.078938322232,4.6406120987610855,0.014012929001544935,10.0,10.0,15.0,15.0,10.0,15.0,0.0
/home/simon/davide_fr3_ws/src/cbf_safety_filter/config/generated_scenarios/scenario_0329.yaml,scenario_0329,davide_online,SUCCESS,True,473,9.46,9.46,15.736784934997559,0,0.0,0,0.0,1.7592378931310243e-05,0.00011174095768833351,6.461500305909862e-05,5.551115123125783e-17,0.010397010494614166,0.02,14.477591806610327,5.051706408519573,12279.867310752466,0.43822060084663755,0.016686533772668172,10.0,10.0,15.0,15.0,10.0,15.0,0.0
/home/simon/davide_fr3_ws/src/cbf_safety_filter/config/generated_scenarios/scenario_0329.yaml,scenario_0329,fixed,SUCCESS,True,473,9.46,9.46,14.780606269836426,0,0.0,0,0.0,1.7592378931310243e-05,0.00011174095768833351,6.461500305909862e-05,5.551115123125783e-17,0.010397010494614166,0.02,14.477591806610327,5.051706408519573,12279.867310752466,0.43822060084663755,0.016115874619110945,10.0,10.0,15.0,15.0,10.0,15.0,0.0
/home/simon/davide_fr3_ws/src/cbf_safety_filter/config/generated_scenarios/scenario_0332.yaml,scenario_0332,davide_online,SUCCESS,True,394,7.88,7.88,10.390266418457031,1,0.0025380710659898475,0,0.0,0.00012982818367765492,5.9625130854799435e-05,0.00036949190714588576,5.551115123125783e-17,0.010518119839690799,0.02,4.034276969106922,1.2412611338114188,1873.5985543094907,0.15021514882507683,0.015066000410748012,10.00028813616787,10.113525650140215,15.0,15.0,10.0,15.0,0.0
/home/simon/davide_fr3_ws/src/cbf_safety_filter/config/generated_scenarios/scenario_0332.yaml,scenario_0332,fixed,SUCCESS,True,394,7.88,7.88,9.378466844558716,0,0.0,0,0.0,0.00012982818367765492,5.9625130854799435e-05,0.00036949190714588576,5.551115123125783e-17,0.010518119839690799,0.02,4.034276969106922,1.2412611338114188,1873.5985543094907,0.15021514882507683,0.014062184972811472,10.0,10.0,15.0,15.0,10.0,15.0,0.0
/home/simon/davide_fr3_ws/src/cbf_safety_filter/config/generated_scenarios/scenario_0337.yaml,scenario_0337,davide_online,SUCCESS,True,430,8.6,8.6,9.75529956817627,28,0.06511627906976744,0,0.0,-7.783653596633681e-05,-0.003161572708052324,-0.0004334690633065602,4.0592529337857286e-16,0.00935929566729774,0.02,6.257412989450913,2.116528612091736,503.3433423641178,0.8442875379997643,0.012875792037609012,11.450886927421925,200.0,18.27906976744186,250.0,10.0,15.0,0.0
/home/simon/davide_fr3_ws/src/cbf_safety_filter/config/generated_scenarios/scenario_0337.yaml,scenario_0337,fixed,SUCCESS,True,429,8.58,8.58,11.568436622619629,0,0.0,0,0.0,-7.783653596633681e-05,-0.003161572708052324,-0.0004334690633065602,3.469446951953614e-16,0.009460750274064263,0.02,6.294482934048727,2.115759855490129,483.24659214980267,0.738018409844521,0.01593933627877758,10.0,10.0,15.0,15.0,10.0,15.0,0.0
/home/simon/davide_fr3_ws/src/cbf_safety_filter/config/generated_scenarios/scenario_0338.yaml,scenario_0338,davide_online,SUCCESS,True,461,9.22,9.22,14.676441669464111,13,0.028199566160520606,0,0.0,7.801526040937534e-05,-0.0068148284440559745,0.00022930200294360437,1.6653345369377348e-16,0.017194724569264765,0.02,14.701001255281613,3.0416666691123866,8800.417675984525,3.9899574326686986,0.015752918549576965,10.059374254493928,13.980258665480394,15.0,15.0,10.0,15.0,0.0
/home/simon/davide_fr3_ws/src/cbf_safety_filter/config/generated_scenarios/scenario_0338.yaml,scenario_0338,fixed,SUCCESS,True,476,9.52,9.52,13.592341423034668,0,0.0,0,0.0,3.518793812120821e-05,-0.007187159237645138,0.00010346245188899705,1.1102230246251565e-16,0.007342480465879613,0.02,13.45906497607369,2.903794422952547,8896.838009787461,3.4546319922263353,0.014647514379325034,10.0,10.0,15.0,15.0,10.0,15.0,0.0
/home/simon/davide_fr3_ws/src/cbf_safety_filter/config/generated_scenarios/scenario_0340.yaml,scenario_0340,davide_online,QP_FAIL_OR_MAX_STEPS,False,3000,60.0,nan,77.75277614593506,2907,0.969,2885,0.9616666666666667,-1.5408363239620415e-05,-0.0023986967893123443,-4.087542185604587e-05,3.3306690738754696e-16,0.18881033249882082,0.02,1.8335897648468065,1.2934137568535224,21203.10448486227,7.924514005130562,0.014841236591339112,21.195354335395894,200.0,15.156666666666666,250.0,10.0,15.0,0.0
/home/simon/davide_fr3_ws/src/cbf_safety_filter/config/generated_scenarios/scenario_0340.yaml,scenario_0340,fixed,QP_FAIL_OR_MAX_STEPS,False,3000,60.0,nan,71.4369101524353,0,0.0,2886,0.962,-0.0004144503463464483,-0.006043366488310175,-0.001102562307662397,3.3306690738754696e-16,0.19013408176970867,0.02,1.7985740489544977,1.2820099994175667,15465.440283774851,7.667168753272121,0.014152563095092774,10.0,10.0,15.0,15.0,10.0,15.0,0.0
/home/simon/davide_fr3_ws/src/cbf_safety_filter/config/generated_scenarios/scenario_0341.yaml,scenario_0341,davide_online,SUCCESS,True,462,9.24,9.24,13.540753841400146,0,0.0,0,0.0,0.0007360626766424114,0.003436064565248177,0.0020099472506643623,1.6653345369377348e-16,0.009713691546053296,0.02,12.511647124261588,4.111913830158782,2751.1308399543254,0.12759774933849544,0.015739472913535644,10.0,10.0,15.0,15.0,10.0,15.0,0.0
/home/simon/davide_fr3_ws/src/cbf_safety_filter/config/generated_scenarios/scenario_0341.yaml,scenario_0341,fixed,SUCCESS,True,462,9.24,9.24,12.49463415145874,0,0.0,0,0.0,0.0007360626766424114,0.003436064565248177,0.0020099472506643623,1.6653345369377348e-16,0.009713691546053296,0.02,12.511647124261588,4.111913830158782,2751.1308399543254,0.12759774933849544,0.01507868395223246,10.0,10.0,15.0,15.0,10.0,15.0,0.0
/home/simon/davide_fr3_ws/src/cbf_safety_filter/config/generated_scenarios/scenario_0342.yaml,scenario_0342,davide_online,SUCCESS,True,409,8.18,8.18,11.044548749923706,145,0.3545232273838631,0,0.0,-9.523200188502057e-07,-0.009160328748778927,-2.2870443069644697e-06,1.3322676295501878e-15,0.009482014769639238,0.02,7.682481965994831,2.7249341935892866,31091.304030800256,10.825012073129306,0.01345213701206198,13.350800813605904,200.0,17.29828850855746,250.0,10.0,15.0,0.0
/home/simon/davide_fr3_ws/src/cbf_safety_filter/config/generated_scenarios/scenario_0342.yaml,scenario_0342,fixed,SUCCESS,True,410,8.2,8.2,11.349898099899292,0,0.0,0,0.0,-0.0010063518230372659,-0.02097513205381959,-0.004777999548382594,5.273559366969494e-16,0.009415787889735803,0.02,7.3431872270164575,2.5839047855371198,17618.43724494419,10.914606909322218,0.014317456105860268,10.0,10.0,15.0,15.0,10.0,15.0,0.0
/home/simon/davide_fr3_ws/src/cbf_safety_filter/config/generated_scenarios/scenario_0343.yaml,scenario_0343,davide_online,QP_FAIL_OR_MAX_STEPS,False,3000,60.0,nan,74.32007503509521,0,0.0,2909,0.9696666666666667,-0.0006768095971127633,-0.008136962741028535,-0.003842061289239071,5.551115123125783e-17,0.3677321506095629,0.02,1.4500293179284462,1.0660333325084008,2378.904367651348,66.55931596495013,0.015475075085957845,10.0,10.0,15.0,15.0,10.0,15.0,0.0
/home/simon/davide_fr3_ws/src/cbf_safety_filter/config/generated_scenarios/scenario_0343.yaml,scenario_0343,fixed,QP_FAIL_OR_MAX_STEPS,False,3000,60.0,nan,69.97567534446716,0,0.0,2909,0.9696666666666667,-0.0006768095971127633,-0.008136962741028535,-0.003842061289239071,5.551115123125783e-17,0.3677321506095629,0.02,1.4500293179284462,1.0660333325084008,2378.904367651348,66.55931596495013,0.01516210389137268,10.0,10.0,15.0,15.0,10.0,15.0,0.0
/home/simon/davide_fr3_ws/src/cbf_safety_filter/config/generated_scenarios/scenario_0344.yaml,scenario_0344,davide_online,SUCCESS,True,404,8.08,8.08,10.250665426254272,35,0.08663366336633663,0,0.0,-2.931718491798463e-06,-0.00037413535730189493,-7.238940479159517e-06,2.220446049250313e-16,0.009530785886314853,0.02,6.719604249705642,2.3443897951330634,5744.467597834128,1.1532277637698425,0.014602792145002007,12.041811603406352,200.0,16.745049504950494,250.0,10.0,15.0,0.0
/home/simon/davide_fr3_ws/src/cbf_safety_filter/config/generated_scenarios/scenario_0344.yaml,scenario_0344,fixed,SUCCESS,True,404,8.08,8.08,12.717119455337524,0,0.0,0,0.0,-0.00010411522709000837,-0.0012337239120697764,-0.0002572380209615588,2.220446049250313e-16,0.009461943899284293,0.02,6.769162004337993,2.331508581302371,5348.635391953966,1.1568095997703383,0.018812151238469795,10.0,10.0,15.0,15.0,10.0,15.0,0.0
/home/simon/davide_fr3_ws/src/cbf_safety_filter/config/generated_scenarios/scenario_0347.yaml,scenario_0347,davide_online,SUCCESS,True,417,8.34,8.34,10.302470207214355,0,0.0,0,0.0,7.780908943405898e-05,0.0002510578405052694,0.0002446483216889672,1.1102230246251565e-16,0.009431453292461119,0.02,13.147495050943347,4.976008678512172,3102.399816790414,1.1843238218406096,0.015515561869962039,10.0,10.0,15.0,15.0,10.0,15.0,0.0
/home/simon/davide_fr3_ws/src/cbf_safety_filter/config/generated_scenarios/scenario_0347.yaml,scenario_0347,fixed,SUCCESS,True,417,8.34,8.34,9.414967060089111,0,0.0,0,0.0,7.780908943405898e-05,0.0002510578405052694,0.0002446483216889672,1.1102230246251565e-16,0.009431453292461119,0.02,13.147495050943347,4.976008678512172,3102.399816790414,1.1843238218406096,0.014631259355613654,10.0,10.0,15.0,15.0,10.0,15.0,0.0
/home/simon/davide_fr3_ws/src/cbf_safety_filter/config/generated_scenarios/scenario_0352.yaml,scenario_0352,davide_online,QP_FAIL_OR_MAX_STEPS,False,3000,60.0,nan,97.2161853313446,0,0.0,2904,0.968,0.017309218502148567,0.1773243851948512,0.04776676213114761,0.0,0.25629328973694987,0.02,1.7141448889049122,1.3042274012755821,25153.26283035635,1.4033256504958453,0.016117867628733316,10.0,10.0,15.0,15.0,10.0,15.0,0.0
/home/simon/davide_fr3_ws/src/cbf_safety_filter/config/generated_scenarios/scenario_0352.yaml,scenario_0352,fixed,QP_FAIL_OR_MAX_STEPS,False,3000,60.0,nan,85.95973896980286,0,0.0,2904,0.968,0.017309218502148567,0.1773243851948512,0.04776676213114761,0.0,0.25629328973694987,0.02,1.7141448889049122,1.3042274012755821,25153.26283035635,1.4033256504958453,0.014670120557149252,10.0,10.0,15.0,15.0,10.0,15.0,0.0
/home/simon/davide_fr3_ws/src/cbf_safety_filter/config/generated_scenarios/scenario_0355.yaml,scenario_0355,davide_online,SUCCESS,True,418,8.36,8.36,10.415085315704346,0,0.0,0,0.0,-0.0004721631302254791,-0.005582484394609403,-0.0026625116586553033,4.440892098500626e-16,0.009726264660683713,0.02,10.19788264988652,4.0638575647169,9127.9979276721,3.415446618577745,0.013062586054277191,10.0,10.0,15.0,15.0,10.0,15.0,0.0
/home/simon/davide_fr3_ws/src/cbf_safety_filter/config/generated_scenarios/scenario_0355.yaml,scenario_0355,fixed,SUCCESS,True,418,8.36,8.36,12.615894794464111,0,0.0,0,0.0,-0.0004721631302254791,-0.005582484394609403,-0.0026625116586553033,4.440892098500626e-16,0.009726264660683713,0.02,10.19788264988652,4.0638575647169,9127.9979276721,3.415446618577745,0.016503807460292105,10.0,10.0,15.0,15.0,10.0,15.0,0.0
/home/simon/davide_fr3_ws/src/cbf_safety_filter/config/generated_scenarios/scenario_0357.yaml,scenario_0357,davide_online,SUCCESS,True,471,9.42,9.42,12.490605592727661,0,0.0,0,0.0,7.2912339875511045e-06,2.1923486090716913e-05,2.7001869950249446e-05,1.3877787807814457e-17,0.010040315020280596,0.02,13.375176054200534,4.821755184907325,10070.830248786026,0.46058113220300057,0.014171989100753882,10.0,10.0,15.0,15.0,10.0,15.0,0.0
/home/simon/davide_fr3_ws/src/cbf_safety_filter/config/generated_scenarios/scenario_0357.yaml,scenario_0357,fixed,SUCCESS,True,471,9.42,9.42,13.200510501861572,0,0.0,0,0.0,7.2912339875511045e-06,2.1923486090716913e-05,2.7001869950249446e-05,1.3877787807814457e-17,0.010040315020280596,0.02,13.375176054200534,4.821755184907325,10070.830248786026,0.46058113220300057,0.015475992943830551,10.0,10.0,15.0,15.0,10.0,15.0,0.0
/home/simon/davide_fr3_ws/src/cbf_safety_filter/config/generated_scenarios/scenario_0360.yaml,scenario_0360,davide_online,SUCCESS,True,362,7.24,7.24,9.828171730041504,0,0.0,0,0.0,0.00034735803334701165,0.0011525593206734713,0.000945589231311772,2.7755575615628914e-17,0.009584218491557727,0.02,4.9313815903125455,5.092502492653253,3905.3107067027368,0.0818802272821788,0.014521056117273825,10.0,10.0,15.0,15.0,10.0,15.0,0.0
/home/simon/davide_fr3_ws/src/cbf_safety_filter/config/generated_scenarios/scenario_0360.yaml,scenario_0360,fixed,SUCCESS,True,362,7.24,7.24,10.289617538452148,0,0.0,0,0.0,0.00034735803334701165,0.0011525593206734713,0.000945589231311772,2.7755575615628914e-17,0.009584218491557727,0.02,4.9313815903125455,5.092502492653253,3905.3107067027368,0.0818802272821788,0.01581104157379319,10.0,10.0,15.0,15.0,10.0,15.0,0.0
/home/simon/davide_fr3_ws/src/cbf_safety_filter/config/generated_scenarios/scenario_0361.yaml,scenario_0361,davide_online,SUCCESS,True,378,7.5600000000000005,7.5600000000000005,11.447452306747437,78,0.20634920634920634,9,0.023809523809523808,-0.00020257573048675787,-0.08091946433349256,-0.0005841016269353683,1.3183898417423734e-16,0.01016071520746259,0.02,8.209112401388833,4.600789655384608,9094.883335778442,1.2053113757008231,0.018980460192160632,19.06335440572691,200.0,25.56878306878307,250.0,10.0,15.0,0.0
/home/simon/davide_fr3_ws/src/cbf_safety_filter/config/generated_scenarios/scenario_0361.yaml,scenario_0361,fixed,SUCCESS,True,378,7.5600000000000005,7.5600000000000005,10.824100494384766,0,0.0,0,0.0,-0.0006172937420445349,-0.006739258797158823,-0.0019569100152881935,2.220446049250313e-16,0.009496597944152602,0.02,8.488283701397318,5.065927721251304,7444.3692376130375,1.119074855091606,0.01853414250429345,10.0,10.0,15.0,15.0,10.0,15.0,0.0
/home/simon/davide_fr3_ws/src/cbf_safety_filter/config/generated_scenarios/scenario_0363.yaml,scenario_0363,davide_online,SUCCESS,True,468,9.36,9.36,12.273847103118896,67,0.14316239316239315,0,0.0,-1.8229068605733756e-05,-0.0038738764447260113,-6.168089695121615e-05,6.661338147750939e-16,0.008541086595043233,0.02,11.983270291414819,2.820939481552232,3155.61303484324,15.094023854217754,0.013436664882888142,13.47892563170386,200.0,19.017094017094017,250.0,10.0,15.0,0.0
/home/simon/davide_fr3_ws/src/cbf_safety_filter/config/generated_scenarios/scenario_0363.yaml,scenario_0363,fixed,SUCCESS,True,376,7.5200000000000005,7.5200000000000005,9.541570663452148,0,0.0,0,0.0,-9.073587087570639e-05,-0.0013326694116521747,-0.00030727431793697857,1.1102230246251565e-16,0.019005176157150097,0.02,7.317672984290666,2.1325376013695827,1745.5066415706547,15.774268759685706,0.0134176567513892,10.0,10.0,15.0,15.0,10.0,15.0,0.0
/home/simon/davide_fr3_ws/src/cbf_safety_filter/config/generated_scenarios/scenario_0368.yaml,scenario_0368,davide_online,SUCCESS,True,394,7.88,7.88,12.338056802749634,65,0.1649746192893401,0,0.0,-1.5405234717671967e-05,-0.00416429703618882,-5.226582915390798e-05,4.440892098500626e-16,0.010653328078209578,0.02,9.115442901218293,7.027723920492293,28820.38360279938,2.0345541820109085,0.015274590042036802,13.650164213964393,200.0,16.789340101522843,250.0,10.0,15.0,0.0
/home/simon/davide_fr3_ws/src/cbf_safety_filter/config/generated_scenarios/scenario_0368.yaml,scenario_0368,fixed,SUCCESS,True,463,9.26,9.26,14.843234300613403,0,0.0,0,0.0,-0.0010823655493484713,-0.015893350768745748,-0.0037184268924803088,4.440892098500626e-16,0.00341087636685732,0.02,11.88928564069322,6.0872582254332634,26830.720964932665,2.7316506708020247,0.01622540801441695,10.0,10.0,15.0,15.0,10.0,15.0,0.0
/home/simon/davide_fr3_ws/src/cbf_safety_filter/config/generated_scenarios/scenario_0371.yaml,scenario_0371,davide_online,SUCCESS,True,436,8.72,8.72,12.011669158935547,24,0.05504587155963303,0,0.0,9.26704199316862e-05,3.756762406834785e-05,0.00040858549507319375,1.1102230246251565e-16,0.009462123247218013,0.02,5.64096369805387,2.1890915962558273,3217.3328286498195,0.9715343222289462,0.01364339929108226,10.06718248480377,12.445745957156648,15.0,15.0,10.0,15.0,0.0
/home/simon/davide_fr3_ws/src/cbf_safety_filter/config/generated_scenarios/scenario_0371.yaml,scenario_0371,fixed,SUCCESS,True,436,8.72,8.72,11.140242338180542,0,0.0,0,0.0,9.115156874644169e-05,-0.0010657602130746836,0.000368484969932692,1.1102230246251565e-16,0.009462795482438027,0.02,5.679641995299566,2.206997611768929,3186.223211978887,0.9702940957998865,0.01320267270464416,10.0,10.0,15.0,15.0,10.0,15.0,0.0
/home/simon/davide_fr3_ws/src/cbf_safety_filter/config/generated_scenarios/scenario_0374.yaml,scenario_0374,davide_online,SUCCESS,True,422,8.44,8.44,10.24394679069519,64,0.15165876777251186,0,0.0,-3.344591996943397e-06,-0.000530296500653055,-1.017243149423197e-05,1.1102230246251565e-16,0.00940226962120922,0.02,3.7797796117196842,1.725600808850999,25.727105367840913,3.2191188651717138,0.015127727205719428,13.713031121113033,200.0,19.454976303317537,250.0,10.0,15.0,0.0
/home/simon/davide_fr3_ws/src/cbf_safety_filter/config/generated_scenarios/scenario_0374.yaml,scenario_0374,fixed,SUCCESS,True,422,8.44,8.44,9.57262372970581,0,0.0,0,0.0,-0.00015225959375770107,-0.0015386335937698642,-0.0004637306565679622,1.1102230246251565e-16,0.009401863340903132,0.02,3.7570416769019404,1.710185576476483,10.779230063402519,3.171725156459909,0.014748215110381067,10.0,10.0,15.0,15.0,10.0,15.0,0.0
/home/simon/davide_fr3_ws/src/cbf_safety_filter/config/generated_scenarios/scenario_0375.yaml,scenario_0375,davide_online,SUCCESS,True,437,8.74,8.74,10.100979089736938,40,0.09153318077803203,0,0.0,0.016753101557940887,0.004593361959954981,0.04453958628356405,8.881784197001252e-16,0.009984785446828041,0.02,13.647582600141654,8.425818671965905,21183.370050443435,9.813673279288103,0.013315124970006179,2.0681732645488506,3.6139287165916647,3.0,3.0,2.0,3.0,0.0
/home/simon/davide_fr3_ws/src/cbf_safety_filter/config/generated_scenarios/scenario_0375.yaml,scenario_0375,fixed,SUCCESS,True,436,8.72,8.72,9.921545028686523,0,0.0,0,0.0,-0.0006035948577177361,-0.0072058155671191094,-0.0018303529848213984,8.881784197001252e-16,0.009735966249029017,0.02,9.268445955059128,3.47207398542972,10408.370834211042,1.4177578925570968,0.013441424304192219,10.0,10.0,15.0,15.0,2.0,3.0,0.0
/home/simon/davide_fr3_ws/src/cbf_safety_filter/config/generated_scenarios/scenario_0377.yaml,scenario_0377,davide_online,SUCCESS,True,435,8.700000000000001,8.700000000000001,9.953266859054565,10,0.022988505747126436,0,0.0,0.00017044317653799358,-0.0009220505172604435,0.0009707945842677562,6.938893903907228e-18,0.009479392915314425,0.02,3.0779320469003792,1.37975566306865,16.36981277972413,0.06456145991460441,0.013285440138016623,10.098404856040633,19.426968983247647,15.0,15.0,10.0,15.0,0.0
/home/simon/davide_fr3_ws/src/cbf_safety_filter/config/generated_scenarios/scenario_0377.yaml,scenario_0377,fixed,SUCCESS,True,435,8.700000000000001,8.700000000000001,9.929868936538696,0,0.0,0,0.0,0.00019679320997050085,-0.003132437067602408,0.001119925412604264,0.0,0.009479092690498486,0.02,3.095638059631188,1.3845304844840827,17.73225176863097,0.06665322590426744,0.013673229875235723,10.0,10.0,15.0,15.0,10.0,15.0,0.0
/home/simon/davide_fr3_ws/src/cbf_safety_filter/config/generated_scenarios/scenario_0378.yaml,scenario_0378,davide_online,SUCCESS,True,410,8.2,8.2,10.74233889579773,54,0.13170731707317074,0,0.0,-3.047625932756093e-06,-0.0007226402755523339,-7.920188830945474e-06,4.891920202254596e-16,0.009584636203167636,0.02,13.329170625849613,5.799779933296349,5310.42025599096,17.795384554887452,0.015072829548905535,15.630946676228712,200.0,22.451219512195124,250.0,10.0,15.0,0.0
/home/simon/davide_fr3_ws/src/cbf_safety_filter/config/generated_scenarios/scenario_0378.yaml,scenario_0378,fixed,SUCCESS,True,418,8.36,8.36,9.54866647720337,0,0.0,0,0.0,-0.00021170088201124398,-0.0022044761972340576,-0.0005509470495390911,6.800116025829084e-16,0.00925110078265702,0.02,13.593154756444637,5.8760489119261985,5206.423440411992,17.45868705422891,0.013563098519612727,10.0,10.0,15.0,15.0,10.0,15.0,0.0
/home/simon/davide_fr3_ws/src/cbf_safety_filter/config/generated_scenarios/scenario_0379.yaml,scenario_0379,davide_online,QP_FAIL_OR_MAX_STEPS,False,3000,60.0,nan,90.85661673545837,2886,0.962,2820,0.94,-0.00015112023238634913,-0.049828069634300545,-0.0007524124847897579,3.885780586188048e-16,0.1777799730583639,0.02,6.703685534243992,1.852454723169487,13725.093019225676,8.785904002104653,0.015038381894429525,189.01755692550842,200.0,236.21333333333334,250.0,10.0,15.0,0.0
/home/simon/davide_fr3_ws/src/cbf_safety_filter/config/generated_scenarios/scenario_0379.yaml,scenario_0379,fixed,MAX_STEPS,False,3000,60.0,nan,99.10194826126099,0,0.0,0,0.0,-0.0009264846691028287,-0.013040489931622004,-0.0047054875089260345,1.051292873071948e-13,0.20625416904776742,0.02,174.00965440347542,48.19391941616865,47740.244916765114,112.25922910588977,0.01699241002400716,10.0,10.0,15.0,15.0,10.0,15.0,0.0
/home/simon/davide_fr3_ws/src/cbf_safety_filter/config/generated_scenarios/scenario_0380.yaml,scenario_0380,davide_online,SUCCESS,True,407,8.14,8.14,12.099279403686523,22,0.05405405405405406,0,0.0,9.761104356933309e-07,-0.00014703521044165824,4.697249141205617e-06,2.7755575615628914e-17,0.010426673160713995,0.02,3.969023853710333,2.400216479464243,1011.221754219848,0.2852261181004778,0.018237734895373444,10.329072819888351,50.41759862887757,15.577395577395578,250.0,10.0,15.0,0.0
/home/simon/davide_fr3_ws/src/cbf_safety_filter/config/generated_scenarios/scenario_0380.yaml,scenario_0380,fixed,SUCCESS,True,407,8.14,8.14,8.699813842773438,0,0.0,0,0.0,-1.1011393219116997e-05,-0.00032065023815532436,-5.300386250509104e-05,9.71445146547012e-17,0.009469075427943853,0.02,3.8929386937704344,2.2984785045291103,987.3197768443354,0.24666963687146828,0.013562933525816522,10.0,10.0,15.0,15.0,10.0,15.0,0.0
/home/simon/davide_fr3_ws/src/cbf_safety_filter/config/generated_scenarios/scenario_0383.yaml,scenario_0383,davide_online,SUCCESS,True,444,8.88,8.88,12.02376675605774,0,0.0,0,0.0,1.0183208608892727e-05,3.8614985082166574e-05,4.176154463610138e-05,2.7755575615628914e-17,0.009414058716372553,0.02,5.928153182250377,1.7421994285214877,2762.3315670619336,0.22344224559896592,0.014479196286416269,10.0,10.0,15.0,15.0,10.0,15.0,0.0
/home/simon/davide_fr3_ws/src/cbf_safety_filter/config/generated_scenarios/scenario_0383.yaml,scenario_0383,fixed,SUCCESS,True,444,8.88,8.88,11.418261289596558,0,0.0,0,0.0,1.0183208608892727e-05,3.8614985082166574e-05,4.176154463610138e-05,2.7755575615628914e-17,0.009414058716372553,0.02,5.928153182250377,1.7421994285214877,2762.3315670619336,0.22344224559896592,0.014170210640709679,10.0,10.0,15.0,15.0,10.0,15.0,0.0
/home/simon/davide_fr3_ws/src/cbf_safety_filter/config/generated_scenarios/scenario_0386.yaml,scenario_0386,davide_online,QP_FAIL_OR_MAX_STEPS,False,3000,60.0,nan,83.35943555831909,2903,0.9676666666666667,2875,0.9583333333333334,-0.0005549542420140215,-0.1747314526414877,-0.002267596089222168,8.881784197001252e-16,0.2542992914545995,0.02,2.6290752977687544,1.2935133886003765,8198.842353991135,32.84579000972282,0.014961267789204915,192.31294693765815,200.0,240.365,250.0,10.0,15.0,0.0
/home/simon/davide_fr3_ws/src/cbf_safety_filter/config/generated_scenarios/scenario_0386.yaml,scenario_0386,fixed,SUCCESS,True,441,8.82,8.82,12.42594289779663,0,0.0,0,0.0,-0.0003744536546322133,-0.005647994758068747,-0.0011856766045514056,1.491862189340054e-16,0.007822593480017964,0.02,11.442996819160937,3.4618612745818256,4902.4448982390595,16.74381097711596,0.01583121206755,10.0,10.0,15.0,15.0,10.0,15.0,0.0
/home/simon/davide_fr3_ws/src/cbf_safety_filter/config/generated_scenarios/scenario_0391.yaml,scenario_0391,davide_online,SUCCESS,True,448,8.96,8.96,13.757297039031982,28,0.0625,0,0.0,5.753789265364531e-05,-0.0012235821418898722,0.0001747943452599099,8.881784197001252e-16,0.00781520247312355,0.02,11.892289663217904,5.915112807568904,19487.928276378312,2.379951744001589,0.015237676778009959,10.164666421781467,26.833688954046607,15.0,15.0,10.0,15.0,0.0
/home/simon/davide_fr3_ws/src/cbf_safety_filter/config/generated_scenarios/scenario_0391.yaml,scenario_0391,fixed,SUCCESS,True,448,8.96,8.96,14.214729070663452,0,0.0,0,0.0,5.7563688524480544e-05,-0.0026206905645957766,0.0001748726689183855,1.7763568394002505e-15,0.007803124873859645,0.02,11.890378704844876,5.910913806424492,19482.060616352384,2.3818128748281455,0.016208607171263014,10.0,10.0,15.0,15.0,10.0,15.0,0.0
/home/simon/davide_fr3_ws/src/cbf_safety_filter/config/generated_scenarios/scenario_0392.yaml,scenario_0392,davide_online,SUCCESS,True,373,7.46,7.46,8.070662260055542,1,0.002680965147453083,0,0.0,5.3157501428646725e-05,3.946902068975675e-05,0.000183312277562242,1.3877787807814457e-17,0.009491071270573206,0.02,1.5373847339906235,1.285775294971723,3.1324218507819186,0.039495720003491046,0.013504066671826565,10.000155815125723,10.058119041894406,15.0,15.0,10.0,15.0,0.0
/home/simon/davide_fr3_ws/src/cbf_safety_filter/config/generated_scenarios/scenario_0392.yaml,scenario_0392,fixed,SUCCESS,True,373,7.46,7.46,8.31554102897644,0,0.0,0,0.0,5.3157501428646725e-05,3.946902068975675e-05,0.000183312277562242,1.3877787807814457e-17,0.009491071270573206,0.02,1.5373847339906235,1.285775294971723,3.1324218507819186,0.039495720003491046,0.014527600188677176,10.0,10.0,15.0,15.0,10.0,15.0,0.0
/home/simon/davide_fr3_ws/src/cbf_safety_filter/config/generated_scenarios/scenario_0393.yaml,scenario_0393,davide_online,SUCCESS,True,410,8.2,8.2,13.097112655639648,0,0.0,0,0.0,2.0244608924944313e-05,2.6068702250251082e-05,7.391944791879101e-05,2.7755575615628914e-17,0.009428344815014965,0.02,2.9778908305721354,1.2988159182893473,7.78058708014621,0.3087181007849526,0.016743043573891243,10.0,10.0,15.0,15.0,10.0,15.0,0.0
/home/simon/davide_fr3_ws/src/cbf_safety_filter/config/generated_scenarios/scenario_0393.yaml,scenario_0393,fixed,SUCCESS,True,410,8.2,8.2,12.888330936431885,0,0.0,0,0.0,2.0244608924944313e-05,2.6068702250251082e-05,7.391944791879101e-05,2.7755575615628914e-17,0.009428344815014965,0.02,2.9778908305721354,1.2988159182893473,7.78058708014621,0.3087181007849526,0.0171310041008926,10.0,10.0,15.0,15.0,10.0,15.0,0.0
/home/simon/davide_fr3_ws/src/cbf_safety_filter/config/generated_scenarios/scenario_0394.yaml,scenario_0394,davide_online,SUCCESS,True,413,8.26,8.26,9.119433164596558,67,0.162227602905569,0,0.0,5.1000049554883464e-06,-0.0043463157017798945,1.6720411092935317e-05,4.440892098500626e-16,0.009283161851115435,0.02,9.058955228797082,3.6892772293230798,24109.40272840754,1.8483818517311665,0.012646159017345808,11.297742840123481,194.26281727907127,15.0,15.0,10.0,15.0,0.0
/home/simon/davide_fr3_ws/src/cbf_safety_filter/config/generated_scenarios/scenario_0394.yaml,scenario_0394,fixed,SUCCESS,True,413,8.26,8.26,11.487812280654907,0,0.0,0,0.0,-0.0013125486801981272,-0.014250352212135456,-0.004365934640941316,4.440892098500626e-16,0.009338652850206214,0.02,9.601014961263717,4.259564630199297,25953.349670381533,2.277438022969715,0.016540201177897233,10.0,10.0,15.0,15.0,10.0,15.0,0.0
/home/simon/davide_fr3_ws/src/cbf_safety_filter/config/generated_scenarios/scenario_0395.yaml,scenario_0395,davide_online,SUCCESS,True,434,8.68,8.68,11.407950162887573,4,0.009216589861751152,0,0.0,4.4596648220499024e-06,5.114415489751503e-06,1.7007534575952388e-05,1.1102230246251565e-16,0.009425643881375146,0.02,9.16030926699203,3.2848351059101617,3415.595593751509,3.122647065073372,0.012953599477143881,10.001497222078536,10.378301178924112,15.0,15.0,10.0,15.0,0.0
/home/simon/davide_fr3_ws/src/cbf_safety_filter/config/generated_scenarios/scenario_0395.yaml,scenario_0395,fixed,SUCCESS,True,434,8.68,8.68,13.947720289230347,0,0.0,0,0.0,4.4596648220499024e-06,5.114415489751503e-06,1.7007534575952388e-05,1.1102230246251565e-16,0.009425607540169342,0.02,9.160487025534142,3.2846659858927763,3415.227663788281,3.1226576289488803,0.016285377164040844,10.0,10.0,15.0,15.0,10.0,15.0,0.0
/home/simon/davide_fr3_ws/src/cbf_safety_filter/config/generated_scenarios/scenario_0396.yaml,scenario_0396,davide_online,SUCCESS,True,360,7.2,7.2,11.411144733428955,0,0.0,0,0.0,3.811416792939837e-07,3.73915019035039e-06,1.0142114174327421e-06,3.469446951953614e-18,0.009472070657912123,0.02,1.1079691264155378,1.1053917411542646,2.8613294192892575,0.007726967276893611,0.01606928441259596,10.0,10.0,15.0,15.0,10.0,15.0,0.0
/home/simon/davide_fr3_ws/src/cbf_safety_filter/config/generated_scenarios/scenario_0396.yaml,scenario_0396,fixed,SUCCESS,True,360,7.2,7.2,10.905189037322998,0,0.0,0,0.0,3.811416792939837e-07,3.73915019035039e-06,1.0142114174327421e-06,3.469446951953614e-18,0.009472070657912123,0.02,1.1079691264155378,1.1053917411542646,2.8613294192892575,0.007726967276893611,0.01584531135029263,10.0,10.0,15.0,15.0,10.0,15.0,0.0
/home/simon/davide_fr3_ws/src/cbf_safety_filter/config/generated_scenarios/scenario_0398.yaml,scenario_0398,davide_online,QP_FAIL_OR_MAX_STEPS,False,3000,60.0,nan,87.84760975837708,2931,0.977,2925,0.975,8.20872806074277e-06,-0.002971298221047986,4.559249658332709e-05,1.734723475976807e-16,0.46497253177900105,0.02,1.6607343947648654,1.3532526562438218,1890.830695569353,20.690919710720706,0.01607705577214559,13.037402233763515,13.114217780889428,15.0,15.0,10.0,15.0,0.0
/home/simon/davide_fr3_ws/src/cbf_safety_filter/config/generated_scenarios/scenario_0398.yaml,scenario_0398,fixed,QP_FAIL_OR_MAX_STEPS,False,3000,60.0,nan,78.97341465950012,0,0.0,2925,0.975,6.670694878890826e-06,-0.002970764983983902,3.705178913229745e-05,1.1102230246251565e-16,0.46498599445260425,0.02,1.6604864758636897,1.353161978958549,1890.5170430112535,20.6961663767366,0.014824265400568644,10.0,10.0,15.0,15.0,10.0,15.0,0.0
/home/simon/davide_fr3_ws/src/cbf_safety_filter/config/generated_scenarios/scenario_0400.yaml,scenario_0400,davide_online,QP_FAIL_OR_MAX_STEPS,False,3000,60.0,nan,88.52868103981018,2885,0.9616666666666667,2852,0.9506666666666667,-0.0006156397756483644,-0.046439411781803004,-0.003487803031297171,2.220446049250313e-16,0.157658462496474,0.02,2.6120344737272627,1.5009733700851948,1561.4761943523658,24.44114066384606,0.014642262935638427,190.8540182445001,200.0,238.79833333333335,250.0,10.0,15.0,0.0
/home/simon/davide_fr3_ws/src/cbf_safety_filter/config/generated_scenarios/scenario_0400.yaml,scenario_0400,fixed,QP_FAIL_OR_MAX_STEPS,False,3000,60.0,nan,236.618061542511,0,0.0,2538,0.846,-0.0006156397756483644,-0.007220965533454271,-0.003487803031297171,0.000657823516901958,0.05233072847821236,0.02,4.520995524137418,1.5537944530842631,541.0000159755134,51.127167009104575,0.06534653385480245,10.0,10.0,15.0,15.0,10.0,15.0,0.0
/home/simon/davide_fr3_ws/src/cbf_safety_filter/config/generated_scenarios/scenario_0401.yaml,scenario_0401,davide_online,QP_FAIL_OR_MAX_STEPS,False,3000,60.0,nan,78.73075461387634,2926,0.9753333333333334,2873,0.9576666666666667,-0.00016663089295343436,-0.05716939843926259,-0.0004611485653752967,2.220446049250313e-16,0.27874481081273833,0.02,2.7927616830531443,1.1159569793084483,1246.900510747972,16.437031517460102,0.014935598691304525,192.3610318517615,200.0,240.6,250.0,10.0,15.0,0.0
/home/simon/davide_fr3_ws/src/cbf_safety_filter/config/generated_scenarios/scenario_0401.yaml,scenario_0401,fixed,MAX_STEPS,False,3000,60.0,nan,69.03178524971008,0,0.0,0,0.0,-0.00023754722015655733,-0.002691623187293166,-0.0005639289616651555,8.881784197001252e-16,0.410547694688527,0.02,111.43515392697942,35.70713043781768,8418.224322079435,252.95784453773135,0.013597001314163209,10.0,10.0,15.0,15.0,10.0,15.0,0.0
/home/simon/davide_fr3_ws/src/cbf_safety_filter/config/generated_scenarios/scenario_0403.yaml,scenario_0403,davide_online,SUCCESS,True,383,7.66,7.66,9.651972532272339,0,0.0,0,0.0,0.00022942424726407964,0.0005805223478067903,0.0006758191139001335,5.551115123125783e-17,0.009583755421538982,0.02,2.9325749196845594,1.932200216972684,1705.2417053691452,0.07117635956839415,0.013704421314807225,10.0,10.0,15.0,15.0,10.0,15.0,0.0
/home/simon/davide_fr3_ws/src/cbf_safety_filter/config/generated_scenarios/scenario_0403.yaml,scenario_0403,fixed,SUCCESS,True,383,7.66,7.66,12.041187047958374,0,0.0,0,0.0,0.00022942424726407964,0.0005805223478067903,0.0006758191139001335,5.551115123125783e-17,0.009583755421538982,0.02,2.9325749196845594,1.932200216972684,1705.2417053691452,0.07117635956839415,0.01769351896978234,10.0,10.0,15.0,15.0,10.0,15.0,0.0
/home/simon/davide_fr3_ws/src/cbf_safety_filter/config/generated_scenarios/scenario_0405.yaml,scenario_0405,davide_online,SUCCESS,True,406,8.120000000000001,8.120000000000001,11.326305389404297,19,0.046798029556650245,0,0.0,0.00026501157191513233,-0.004112676509558058,0.0008558262092444868,2.220446049250313e-16,0.014708556339369542,0.02,12.47478080319016,8.76520037388397,12957.585192260349,0.8496368729971199,0.013664496356043321,10.139615306665489,15.970443957492368,15.0,15.0,10.0,15.0,0.0
/home/simon/davide_fr3_ws/src/cbf_safety_filter/config/generated_scenarios/scenario_0405.yaml,scenario_0405,fixed,SUCCESS,True,406,8.120000000000001,8.120000000000001,10.695583820343018,0,0.0,0,0.0,0.0002729694471022663,-0.013805693751969286,0.0008814523602296287,2.220446049250313e-16,0.014576867019399295,0.02,12.478332279396133,8.766941398557774,12964.766593127657,0.8487505551030505,0.013455601161336664,10.0,10.0,15.0,15.0,10.0,15.0,0.0
/home/simon/davide_fr3_ws/src/cbf_safety_filter/config/generated_scenarios/scenario_0407.yaml,scenario_0407,davide_online,SUCCESS,True,445,8.9,8.9,12.476138353347778,44,0.09887640449438202,0,0.0,-5.599171131409619e-06,-0.0009624285617564534,-2.5546641251317226e-05,2.220446049250313e-16,0.009431518357755273,0.02,5.542026429203546,1.9969936303151603,2427.7908060420223,0.9810719395705254,0.014778289366304204,12.340153638882244,200.0,16.584269662921347,250.0,10.0,15.0,0.0
/home/simon/davide_fr3_ws/src/cbf_safety_filter/config/generated_scenarios/scenario_0407.yaml,scenario_0407,fixed,SUCCESS,True,445,8.9,8.9,11.288719415664673,0,0.0,0,0.0,-5.8086134398557115e-05,-0.0026497502008761466,-0.0002653126148821766,3.0531133177191805e-16,0.009411023479859818,0.02,5.6211431583815195,2.0467126731061276,1480.0708003273844,0.75470273356297,0.013789042462123913,10.0,10.0,15.0,15.0,10.0,15.0,0.0
/home/simon/davide_fr3_ws/src/cbf_safety_filter/config/generated_scenarios/scenario_0409.yaml,scenario_0409,davide_online,SUCCESS,True,389,7.78,7.78,10.781648874282837,24,0.061696658097686374,0,0.0,-1.8299113594959227e-05,-0.008178808104741152,-5.89645309628517e-05,4.440892098500626e-16,0.008809130397844579,0.02,11.173721208132537,4.082917120452348,4982.8210119097785,2.0912190533344917,0.013627088468301572,11.985733997943537,200.0,16.812339331619537,250.0,10.0,15.0,0.0
/home/simon/davide_fr3_ws/src/cbf_safety_filter/config/generated_scenarios/scenario_0409.yaml,scenario_0409,fixed,SUCCESS,True,390,7.8,7.8,13.15155577659607,0,0.0,0,0.0,-0.0004167701402709306,-0.009017720173927449,-0.0016104597576884205,2.671474153004283e-16,0.008370474322412724,0.02,11.110635230979168,4.1309512576010805,3593.902716253723,1.9533722396833084,0.017186980369763495,10.0,10.0,15.0,15.0,10.0,15.0,0.0
/home/simon/davide_fr3_ws/src/cbf_safety_filter/config/generated_scenarios/scenario_0410.yaml,scenario_0410,davide_online,SUCCESS,True,374,7.48,7.48,9.342644453048706,14,0.0374331550802139,0,0.0,7.655567680765751e-06,-2.2227099118177305e-05,2.6727839746332194e-05,2.0816681711721685e-17,0.009448376628918035,0.02,1.5420685813084445,1.0546391874188157,3.8074147832827654,0.23441923540097515,0.013452909846994328,10.10980191852518,21.046140632047027,15.0,15.0,10.0,15.0,0.0
/home/simon/davide_fr3_ws/src/cbf_safety_filter/config/generated_scenarios/scenario_0410.yaml,scenario_0410,fixed,SUCCESS,True,374,7.48,7.48,10.26915979385376,0,0.0,0,0.0,8.584074407288339e-06,-9.389905149419231e-05,2.9969190834117088e-05,2.0816681711721685e-17,0.009448373903292319,0.02,1.5420409761276948,1.054657941559898,3.8076357149062257,0.23448735395608117,0.015248382792753331,10.0,10.0,15.0,15.0,10.0,15.0,0.0
/home/simon/davide_fr3_ws/src/cbf_safety_filter/config/generated_scenarios/scenario_0411.yaml,scenario_0411,davide_online,SUCCESS,True,403,8.06,8.06,11.983144998550415,0,0.0,0,0.0,7.45732365956403e-05,0.00014339885891319348,0.0002397546791809979,2.7755575615628914e-17,0.00947903205171093,0.02,2.999850940963052,2.2741094252448604,1752.502048966717,0.0486713199089429,0.014587491676765992,10.0,10.0,15.0,15.0,10.0,15.0,0.0
/home/simon/davide_fr3_ws/src/cbf_safety_filter/config/generated_scenarios/scenario_0411.yaml,scenario_0411,fixed,SUCCESS,True,403,8.06,8.06,10.882941007614136,0,0.0,0,0.0,7.45732365956403e-05,0.00014339885891319348,0.0002397546791809979,2.7755575615628914e-17,0.00947903205171093,0.02,2.999850940963052,2.2741094252448604,1752.502048966717,0.0486713199089429,0.01371550441675683,10.0,10.0,15.0,15.0,10.0,15.0,0.0
/home/simon/davide_fr3_ws/src/cbf_safety_filter/config/generated_scenarios/scenario_0412.yaml,scenario_0412,davide_online,SUCCESS,True,429,8.58,8.58,11.730940818786621,0,0.0,0,0.0,0.00021631709918795705,0.0006457958537282233,0.0005774962493847735,5.551115123125783e-17,0.009770833612386393,0.02,7.916021283242606,2.818470244503622,4341.7716709100705,0.5297777825359918,0.013733581507400477,10.0,10.0,15.0,15.0,10.0,15.0,0.0
/home/simon/davide_fr3_ws/src/cbf_safety_filter/config/generated_scenarios/scenario_0412.yaml,scenario_0412,fixed,SUCCESS,True,429,8.58,8.58,11.70729660987854,0,0.0,0,0.0,0.00021631709918795705,0.0006457958537282233,0.0005774962493847735,5.551115123125783e-17,0.009770833612386393,0.02,7.916021283242606,2.818470244503622,4341.7716709100705,0.5297777825359918,0.014205829246894463,10.0,10.0,15.0,15.0,10.0,15.0,0.0
/home/simon/davide_fr3_ws/src/cbf_safety_filter/config/generated_scenarios/scenario_0413.yaml,scenario_0413,davide_online,SUCCESS,True,422,8.44,8.44,14.10193681716919,20,0.04739336492890995,0,0.0,2.5647106302421896e-07,-3.4854145648684264e-05,1.0366612302331601e-06,5.551115123125783e-17,0.00945113967495914,0.02,5.453314779058974,1.8868931081114355,721.75001195561,0.43556367567856524,0.017472697660256335,10.384922465394629,54.02920093435726,16.113744075829384,250.0,10.0,15.0,0.0
/home/simon/davide_fr3_ws/src/cbf_safety_filter/config/generated_scenarios/scenario_0413.yaml,scenario_0413,fixed,SUCCESS,True,422,8.44,8.44,13.137314319610596,0,0.0,0,0.0,-6.235612125407922e-06,-0.0002044438191773168,-2.5207144403946447e-05,5.551115123125783e-17,0.009451154989720413,0.02,5.4527786963724525,1.8869177340128573,721.7437010968962,0.4352677611693799,0.01697608588431119,10.0,10.0,15.0,15.0,10.0,15.0,0.0
/home/simon/davide_fr3_ws/src/cbf_safety_filter/config/generated_scenarios/scenario_0414.yaml,scenario_0414,davide_online,SUCCESS,True,392,7.84,7.84,7.758599281311035,0,0.0,0,0.0,0.0001139090963382175,0.00037622814844987017,0.00029305667899359733,1.3877787807814457e-17,0.009356036358820652,0.02,4.42575635284903,2.2297341694481987,6278.560173314916,0.14530059414998978,0.012381546959585073,10.0,10.0,15.0,15.0,10.0,15.0,0.0
/home/simon/davide_fr3_ws/src/cbf_safety_filter/config/generated_scenarios/scenario_0414.yaml,scenario_0414,fixed,SUCCESS,True,392,7.84,7.84,9.44220519065857,0,0.0,0,0.0,0.0001139090963382175,0.00037622814844987017,0.00029305667899359733,1.3877787807814457e-17,0.009356036358820652,0.02,4.42575635284903,2.2297341694481987,6278.560173314916,0.14530059414998978,0.015688500234058926,10.0,10.0,15.0,15.0,10.0,15.0,0.0
/home/simon/davide_fr3_ws/src/cbf_safety_filter/config/generated_scenarios/scenario_0415.yaml,scenario_0415,davide_online,SUCCESS,True,467,9.34,9.34,11.115370750427246,1,0.0021413276231263384,0,0.0,0.0005062204881010127,0.0011089669733166455,0.0017176456704835474,4.440892098500626e-16,0.008031438624140018,0.02,16.990520258505224,4.624268919473736,15101.308765719832,2.8051036017024082,0.014659672273558263,10.00001848511801,10.0086325501104,15.0,15.0,10.0,15.0,0.0
/home/simon/davide_fr3_ws/src/cbf_safety_filter/config/generated_scenarios/scenario_0415.yaml,scenario_0415,fixed,SUCCESS,True,467,9.34,9.34,12.337339401245117,0,0.0,0,0.0,0.0005062290034148938,0.0010933240911875815,0.0017176743961896668,1.1102230246251565e-16,0.0080313796140219,0.02,16.99056309309201,4.624308911851988,15100.261505337872,2.8049852044622696,0.016964454467087282,10.0,10.0,15.0,15.0,10.0,15.0,0.0
/home/simon/davide_fr3_ws/src/cbf_safety_filter/config/generated_scenarios/scenario_0418.yaml,scenario_0418,davide_online,SUCCESS,True,406,8.120000000000001,8.120000000000001,13.5952730178833,43,0.10591133004926108,0,0.0,1.7688614668033564e-06,-0.003962555016013405,5.105543506134236e-06,1.1102230246251565e-16,0.009452115196531304,0.02,6.463297815116184,3.659169717626688,5035.506889011823,0.9239738006298932,0.01692835392035874,11.18363008197851,184.99081813670762,15.0,15.0,10.0,15.0,0.0
/home/simon/davide_fr3_ws/src/cbf_safety_filter/config/generated_scenarios/scenario_0418.yaml,scenario_0418,fixed,SUCCESS,True,406,8.120000000000001,8.120000000000001,10.292214632034302,0,0.0,0,0.0,-0.00010579977288906542,-0.007180662743056024,-0.00033495245425577136,1.1102230246251565e-16,0.009453051871671515,0.02,6.52035824588289,3.676776854156715,5059.1609454711315,0.938922739284549,0.013181587745403421,10.0,10.0,15.0,15.0,10.0,15.0,0.0
/home/simon/davide_fr3_ws/src/cbf_safety_filter/config/generated_scenarios/scenario_0420.yaml,scenario_0420,davide_online,SUCCESS,True,399,7.98,7.98,10.98497724533081,191,0.47869674185463656,0,0.0,0.000466117429339415,0.00025744263966961164,0.00187740575075665,5.551115123125783e-16,0.009560402699742456,0.02,11.520731414698608,2.8973829210125577,4032.2106331695068,7.033058819063292,0.013929522425907297,2.1928689212657955,3.4810699465417154,3.0,3.0,2.0,3.0,0.0
/home/simon/davide_fr3_ws/src/cbf_safety_filter/config/generated_scenarios/scenario_0420.yaml,scenario_0420,fixed,SUCCESS,True,400,8.0,8.0,13.68839430809021,0,0.0,0,0.0,3.4417325137467425e-05,-0.0015774786198405211,0.0001307993029650567,1.1102230246251565e-16,0.009775061361659733,0.02,12.567409603657698,3.1493436965082973,7654.383559040028,5.887070072057635,0.017930226922035216,10.0,10.0,15.0,15.0,2.0,3.0,0.0
/home/simon/davide_fr3_ws/src/cbf_safety_filter/config/generated_scenarios/scenario_0421.yaml,scenario_0421,davide_online,SUCCESS,True,398,7.96,7.96,11.316509485244751,106,0.2663316582914573,0,0.0,0.0002268342812468578,0.00010894017834779549,0.000892022796281644,1.1102230246251565e-16,0.010584350092646076,0.02,4.445806839593391,1.5747292264697366,1770.7976607126457,1.0219345599291363,0.014975897031812811,2.167616431276849,3.1686102816132737,3.0,3.0,2.0,3.0,0.0
/home/simon/davide_fr3_ws/src/cbf_safety_filter/config/generated_scenarios/scenario_0421.yaml,scenario_0421,fixed,SUCCESS,True,397,7.94,7.94,10.762585163116455,0,0.0,0,0.0,0.00014736585411578157,0.0002204599971809204,0.0003819925682241876,5.551115123125783e-17,0.009459040745671768,0.02,3.1509443652424145,1.4920587782481274,1085.0207836494876,0.25236390714268475,0.014801839136656947,10.0,10.0,15.0,15.0,2.0,3.0,0.0
/home/simon/davide_fr3_ws/src/cbf_safety_filter/config/generated_scenarios/scenario_0422.yaml,scenario_0422,davide_online,SUCCESS,True,327,6.54,6.54,9.82635235786438,0,0.0,0,0.0,5.520877018354298e-05,0.00011300409725421021,0.00013742501132921192,2.7755575615628914e-17,0.009498920878432135,0.02,0.7635930615386114,1.2350619645132679,1.1094569894562134,0.024882240671384077,0.015156756118167795,10.0,10.0,15.0,15.0,10.0,15.0,0.0
/home/simon/davide_fr3_ws/src/cbf_safety_filter/config/generated_scenarios/scenario_0422.yaml,scenario_0422,fixed,SUCCESS,True,327,6.54,6.54,7.925994873046875,0,0.0,0,0.0,5.520877018354298e-05,0.00011300409725421021,0.00013742501132921192,2.7755575615628914e-17,0.009498920878432135,0.02,0.7635930615386114,1.2350619645132679,1.1094569894562134,0.024882240671384077,0.01248370762629611,10.0,10.0,15.0,15.0,10.0,15.0,0.0
/home/simon/davide_fr3_ws/src/cbf_safety_filter/config/generated_scenarios/scenario_0423.yaml,scenario_0423,davide_online,SUCCESS,True,415,8.3,8.3,11.394605159759521,31,0.0746987951807229,0,0.0,-2.901131816467062e-06,-0.0006387466030989131,-6.943944554416159e-06,8.881784197001252e-16,0.009767345967193414,0.02,6.99362711272726,2.488717481470906,10752.767894345696,0.3549487607951125,0.0169226979634848,13.027809844273444,200.0,17.265060240963855,250.0,10.0,15.0,0.0
/home/simon/davide_fr3_ws/src/cbf_safety_filter/config/generated_scenarios/scenario_0423.yaml,scenario_0423,fixed,SUCCESS,True,415,8.3,8.3,11.320046663284302,0,0.0,0,0.0,-0.00019116521912370538,-0.0021695229734603983,-0.00045805417124822334,1.1102230246251565e-16,0.009825959072614378,0.02,6.9649263709003515,2.486270464168497,9470.5464303963,0.3461740520374526,0.017462963081267942,10.0,10.0,15.0,15.0,10.0,15.0,0.0
/home/simon/davide_fr3_ws/src/cbf_safety_filter/config/generated_scenarios/scenario_0425.yaml,scenario_0425,davide_online,QP_FAIL_OR_MAX_STEPS,False,3000,60.0,nan,69.8205337524414,2945,0.9816666666666667,2927,0.9756666666666667,1.2379383792469889e-05,-0.0022886957037416946,4.224436589084224e-05,8.881784197001252e-16,0.4859531095218469,0.02,2.0931038895843592,1.5169894122379501,17712.863437848337,44.251634210560134,0.014478310108184815,12.151169554212082,172.9900704115213,15.0,15.0,10.0,15.0,0.0
/home/simon/davide_fr3_ws/src/cbf_safety_filter/config/generated_scenarios/scenario_0425.yaml,scenario_0425,fixed,QP_FAIL_OR_MAX_STEPS,False,3000,60.0,nan,67.85900974273682,0,0.0,2926,0.9753333333333334,-0.0002261820832114847,-0.006937691648262079,-0.0007739971151733138,8.881784197001252e-16,0.4837196454038813,0.02,2.1375447056728367,1.5125198830164754,15634.800785640797,46.4527886466998,0.014669032335281372,10.0,10.0,15.0,15.0,10.0,15.0,0.0
/home/simon/davide_fr3_ws/src/cbf_safety_filter/config/generated_scenarios/scenario_0426.yaml,scenario_0426,davide_online,SUCCESS,True,404,8.08,8.08,10.772181272506714,0,0.0,0,0.0,0.00042470684988713675,0.0007398144476266624,0.0010696030284059743,2.220446049250313e-16,0.00872734335337943,0.02,12.010914999811497,5.353094554799075,26399.793622034933,1.4317705390002098,0.014917177729087301,10.0,10.0,15.0,15.0,10.0,15.0,0.0
/home/simon/davide_fr3_ws/src/cbf_safety_filter/config/generated_scenarios/scenario_0426.yaml,scenario_0426,fixed,SUCCESS,True,404,8.08,8.08,12.278209209442139,0,0.0,0,0.0,0.00042470684988713675,0.0007398144476266624,0.0010696030284059743,2.220446049250313e-16,0.00872734335337943,0.02,12.010914999811497,5.353094554799075,26399.793622034933,1.4317705390002098,0.017764290960708466,10.0,10.0,15.0,15.0,10.0,15.0,0.0
/home/simon/davide_fr3_ws/src/cbf_safety_filter/config/generated_scenarios/scenario_0429.yaml,scenario_0429,davide_online,MAX_STEPS,False,3000,60.0,nan,75.38569355010986,5,0.0016666666666666668,0,0.0,3.469446951953614e-18,-3.173116501616811e-17,0.0,4.163336342344337e-17,0.03993872251301687,0.02,65.98609762094242,23.760564889627343,8063.919116867763,48.58548665271325,0.015362260103225708,10.000928380238031,11.114447652823781,15.0,15.0,10.0,15.0,0.0
/home/simon/davide_fr3_ws/src/cbf_safety_filter/config/generated_scenarios/scenario_0429.yaml,scenario_0429,fixed,MAX_STEPS,False,3000,60.0,nan,72.89640474319458,0,0.0,0,0.0,3.469446951953614e-18,-0.00027925063041881436,0.0,2.7755575615628914e-17,0.03993892616143,0.02,67.93802456279633,33.01846171421496,8548.888236910476,48.585767720535735,0.015454195181528727,10.0,10.0,15.0,15.0,10.0,15.0,0.0
/home/simon/davide_fr3_ws/src/cbf_safety_filter/config/generated_scenarios/scenario_0433.yaml,scenario_0433,davide_online,SUCCESS,True,447,8.94,8.94,13.619242191314697,11,0.024608501118568233,0,0.0,1.6666503071072897e-05,-6.057088912900005e-05,6.194299678893844e-05,1.1102230246251565e-16,0.00956732624106981,0.02,11.509308349746465,3.307316760283944,14598.328286997015,2.0281887843760096,0.016189552260191916,10.046835536334795,12.915738405713677,15.0,15.0,10.0,15.0,0.0
/home/simon/davide_fr3_ws/src/cbf_safety_filter/config/generated_scenarios/scenario_0433.yaml,scenario_0433,fixed,SUCCESS,True,447,8.94,8.94,11.644810199737549,0,0.0,0,0.0,1.890044576636704e-05,-0.00014450971380986118,7.024353759030322e-05,1.1102230246251565e-16,0.009567905912639531,0.02,11.509580832333047,3.307891051544962,14598.421026091823,2.0284085953438598,0.014265225771022856,10.0,10.0,15.0,15.0,10.0,15.0,0.0
/home/simon/davide_fr3_ws/src/cbf_safety_filter/config/generated_scenarios/scenario_0435.yaml,scenario_0435,davide_online,SUCCESS,True,399,7.98,7.98,12.40059494972229,0,0.0,0,0.0,4.31232711773713e-05,8.306625862785591e-05,0.00015007224755531068,8.326672684688674e-17,0.009447339696750687,0.02,4.430760991776796,2.2833699523121056,3937.7332374968523,0.5982001360042217,0.016635091083689144,10.0,10.0,15.0,15.0,10.0,15.0,0.0
/home/simon/davide_fr3_ws/src/cbf_safety_filter/config/generated_scenarios/scenario_0435.yaml,scenario_0435,fixed,SUCCESS,True,399,7.98,7.98,10.687941789627075,0,0.0,0,0.0,4.31232711773713e-05,8.306625862785591e-05,0.00015007224755531068,8.326672684688674e-17,0.009447339696750687,0.02,4.430760991776796,2.2833699523121056,3937.7332374968523,0.5982001360042217,0.014823470796857561,10.0,10.0,15.0,15.0,10.0,15.0,0.0
/home/simon/davide_fr3_ws/src/cbf_safety_filter/config/generated_scenarios/scenario_0436.yaml,scenario_0436,davide_online,SUCCESS,True,386,7.72,7.72,12.512611865997314,24,0.06217616580310881,0,0.0,-2.9978853443198006e-06,-0.010370333847463956,-9.35113159072909e-06,2.220446049250313e-16,0.009411325545262809,0.02,13.805767106685193,3.494194479972876,6247.280953118647,7.419872735304068,0.017206652794477237,11.987351621156035,200.0,17.435233160621763,250.0,10.0,15.0,0.0
/home/simon/davide_fr3_ws/src/cbf_safety_filter/config/generated_scenarios/scenario_0436.yaml,scenario_0436,fixed,SUCCESS,True,387,7.74,7.74,10.360587120056152,0,0.0,0,0.0,-0.00010410997383066695,-0.0012374051027979859,-0.0003250643814183829,1.97758476261356e-16,0.009461892281418366,0.02,13.524153466436923,3.6654654656663834,4157.716719010368,9.359571607654425,0.014601288531793797,10.0,10.0,15.0,15.0,10.0,15.0,0.0
/home/simon/davide_fr3_ws/src/cbf_safety_filter/config/generated_scenarios/scenario_0438.yaml,scenario_0438,davide_online,SUCCESS,True,368,7.36,7.36,10.309304475784302,3,0.008152173913043478,0,0.0,0.00011395613396521925,5.98368198767242e-05,0.0002990197509290249,2.7755575615628914e-17,0.009505667580880936,0.02,1.390401472237809,1.1744292000087988,1.7655266413967872,0.032773813888332254,0.01467264605605084,10.0011251927972,10.267165432199452,15.0,15.0,10.0,15.0,0.0
/home/simon/davide_fr3_ws/src/cbf_safety_filter/config/generated_scenarios/scenario_0438.yaml,scenario_0438,fixed,SUCCESS,True,368,7.36,7.36,10.270574808120728,0,0.0,0,0.0,0.00011406861298066118,4.215962346722484e-05,0.0002993146631121435,2.7755575615628914e-17,0.009505668370409382,0.02,1.3904518972777533,1.1744281687587474,1.7653532794961344,0.03277623114675686,0.0151062134815299,10.0,10.0,15.0,15.0,10.0,15.0,0.0
/home/simon/davide_fr3_ws/src/cbf_safety_filter/config/generated_scenarios/scenario_0439.yaml,scenario_0439,davide_online,SUCCESS,True,425,8.5,8.5,10.61667275428772,0,0.0,0,0.0,0.027229986986555543,0.2942611957473917,0.059264602416281065,0.0,0.007865542697015213,0.02,13.523656213361656,5.21560133480531,23424.437969090995,1.140464624021015,0.015426502227783204,10.0,10.0,15.0,15.0,10.0,15.0,0.0
/home/simon/davide_fr3_ws/src/cbf_safety_filter/config/generated_scenarios/scenario_0439.yaml,scenario_0439,fixed,SUCCESS,True,425,8.5,8.5,10.02126145362854,0,0.0,0,0.0,0.027229986986555543,0.2942611957473917,0.059264602416281065,0.0,0.007865542697015213,0.02,13.523656213361656,5.21560133480531,23424.437969090995,1.140464624021015,0.015137186611399931,10.0,10.0,15.0,15.0,10.0,15.0,0.0
/home/simon/davide_fr3_ws/src/cbf_safety_filter/config/generated_scenarios/scenario_0440.yaml,scenario_0440,davide_online,SUCCESS,True,378,7.5600000000000005,7.5600000000000005,8.983522415161133,0,0.0,0,0.0,8.555558684825854e-05,0.00013006929899109926,0.0003125745574042438,4.440892098500626e-16,0.009459168678656345,0.02,5.217701199599132,4.074738846821437,15345.178658064573,2.7045144773463075,0.012600549314387892,10.0,10.0,15.0,15.0,10.0,15.0,0.0
/home/simon/davide_fr3_ws/src/cbf_safety_filter/config/generated_scenarios/scenario_0440.yaml,scenario_0440,fixed,SUCCESS,True,378,7.5600000000000005,7.5600000000000005,9.324168920516968,0,0.0,0,0.0,8.555558684825854e-05,0.00013006929899109926,0.0003125745574042438,4.440892098500626e-16,0.009459168678656345,0.02,5.217701199599132,4.074738846821437,15345.178658064573,2.7045144773463075,0.01341064834090137,10.0,10.0,15.0,15.0,10.0,15.0,0.0
/home/simon/davide_fr3_ws/src/cbf_safety_filter/config/generated_scenarios/scenario_0444.yaml,scenario_0444,davide_online,SUCCESS,True,427,8.540000000000001,8.540000000000001,10.782137155532837,0,0.0,0,0.0,0.028162209987936945,0.29786325069029784,0.08845962413138306,0.0,0.009102213478024201,0.02,13.516563079219024,6.984323049993977,19256.627548152443,0.7352831395278525,0.01436385226193859,10.0,10.0,15.0,15.0,10.0,15.0,0.0
/home/simon/davide_fr3_ws/src/cbf_safety_filter/config/generated_scenarios/scenario_0444.yaml,scenario_0444,fixed,SUCCESS,True,427,8.540000000000001,8.540000000000001,9.802232503890991,0,0.0,0,0.0,0.028162209987936945,0.29786325069029784,0.08845962413138306,0.0,0.009102213478024201,0.02,13.516563079219024,6.984323049993977,19256.627548152443,0.7352831395278525,0.013560429669096543,10.0,10.0,15.0,15.0,10.0,15.0,0.0
/home/simon/davide_fr3_ws/src/cbf_safety_filter/config/generated_scenarios/scenario_0445.yaml,scenario_0445,davide_online,SUCCESS,True,427,8.540000000000001,8.540000000000001,13.683226823806763,18,0.04215456674473068,0,0.0,-2.1775953688726868e-05,-0.006594114422395221,-6.497665768129268e-05,4.440892098500626e-16,0.009847968775568042,0.02,12.511012122277904,4.132726220481824,10135.521724757058,3.695188599506403,0.017072359906984996,11.501331313506336,200.0,16.10070257611241,250.0,10.0,15.0,0.0
/home/simon/davide_fr3_ws/src/cbf_safety_filter/config/generated_scenarios/scenario_0445.yaml,scenario_0445,fixed,SUCCESS,True,432,8.64,8.64,11.575026750564575,0,0.0,0,0.0,-0.00037105443026858725,-0.006957466243212071,-0.0011106442749825307,5.516420653606247e-16,0.009951012448572463,0.02,13.42513244110885,3.8990556264112395,10380.618439191576,3.7521599788687117,0.014876020727334198,10.0,10.0,15.0,15.0,10.0,15.0,0.0
/home/simon/davide_fr3_ws/src/cbf_safety_filter/config/generated_scenarios/scenario_0447.yaml,scenario_0447,davide_online,SUCCESS,True,414,8.28,8.28,10.881215333938599,16,0.03864734299516908,0,0.0,6.773241138791075e-07,-1.686654178859089e-05,2.420722851947943e-06,6.938893903907228e-18,0.009494788713319649,0.02,2.218265313223575,1.246547830073899,5.813751236258983,0.01668580607633375,0.012809677976341064,10.245999821709086,35.70168314512585,15.567632850241546,250.0,10.0,15.0,0.0
/home/simon/davide_fr3_ws/src/cbf_safety_filter/config/generated_scenarios/scenario_0447.yaml,scenario_0447,fixed,SUCCESS,True,414,8.28,8.28,13.50035810470581,0,0.0,0,0.0,1.1056944622597764e-06,-6.880152459598412e-05,3.951675648733444e-06,6.938893903907228e-18,0.009494789805035575,0.02,2.21811512808659,1.2465078481977245,5.8137427957488566,0.016675606967943818,0.01637163024017776,10.0,10.0,15.0,15.0,10.0,15.0,0.0
/home/simon/davide_fr3_ws/src/cbf_safety_filter/config/generated_scenarios/scenario_0448.yaml,scenario_0448,davide_online,QP_FAIL_OR_MAX_STEPS,False,3000,60.0,nan,86.48493218421936,2942,0.9806666666666667,2924,0.9746666666666667,-0.0002698505514617082,-0.11960462867336544,-0.0008402377357586976,3.3306690738754696e-16,0.42773083410755364,0.02,3.280559322300105,1.1507283473840697,14544.11559640094,54.14414473202737,0.014922968784968058,195.40459241595434,200.0,244.125,250.0,10.0,15.0,0.0
/home/simon/davide_fr3_ws/src/cbf_safety_filter/config/generated_scenarios/scenario_0448.yaml,scenario_0448,fixed,MAX_STEPS,False,3000,60.0,nan,92.83401775360107,0,0.0,0,0.0,-0.0017164161722217491,-0.030531115533234114,-0.006463967067930287,0.00011659887872832438,0.1412086016264219,0.02,160.80436885511145,47.71664480114662,5303.269502665373,70.65646544773594,0.016469703118006388,10.0,10.0,15.0,15.0,10.0,15.0,0.0
/home/simon/davide_fr3_ws/src/cbf_safety_filter/config/generated_scenarios/scenario_0454.yaml,scenario_0454,davide_online,QP_FAIL_OR_MAX_STEPS,False,3000,60.0,nan,86.82242202758789,2885,0.9616666666666667,2843,0.9476666666666667,-6.123058593344305e-05,-0.04423683869126402,-0.00020561363389223763,3.681414595248649e-15,0.13642923145953195,0.02,10.392640193705773,2.5386185256224323,10303.322881180397,18.86841692858011,0.015649258216222126,190.243667565671,200.0,237.85833333333332,250.0,10.0,15.0,0.0
/home/simon/davide_fr3_ws/src/cbf_safety_filter/config/generated_scenarios/scenario_0454.yaml,scenario_0454,fixed,MAX_STEPS,False,3000,60.0,nan,79.18854761123657,0,0.0,0,0.0,-0.0009629584110065047,-0.04933736461652709,-0.003922801866438813,7.271097697485242e-15,0.03042482229182289,0.02,241.5890121572293,63.486795227518094,94298.32553113576,21.39837586754281,0.014682375351587932,10.0,10.0,15.0,15.0,10.0,15.0,0.0
/home/simon/davide_fr3_ws/src/cbf_safety_filter/config/generated_scenarios/scenario_0455.yaml,scenario_0455,davide_online,SUCCESS,True,480,9.6,9.6,11.748292922973633,66,0.1375,0,0.0,-1.0640464728414734e-06,-0.0002307001667769853,-3.5233737980255864e-06,1.1102230246251565e-16,0.007054711084397518,0.02,8.300901843080545,2.2364448255978715,2838.342285490858,3.6062638413512267,0.014005341629187266,12.448341144654112,200.0,22.34375,250.0,10.0,15.0,0.0
/home/simon/davide_fr3_ws/src/cbf_safety_filter/config/generated_scenarios/scenario_0455.yaml,scenario_0455,fixed,SUCCESS,True,476,9.52,9.52,12.197275638580322,0,0.0,0,0.0,-5.9404820276057896e-05,-0.0007107059276927888,-0.00019683299173076096,1.1102230246251565e-16,0.00731651434333432,0.02,8.118020232904206,2.068131517391971,2829.872128248182,3.335963471103161,0.015269123205617696,10.0,10.0,15.0,15.0,10.0,15.0,0.0
/home/simon/davide_fr3_ws/src/cbf_safety_filter/config/generated_scenarios/scenario_0456.yaml,scenario_0456,davide_online,SUCCESS,True,421,8.42,8.42,10.923453569412231,0,0.0,0,0.0,0.00026741481919555915,0.001251009360527468,0.000901293069635517,1.1102230246251565e-16,0.009057752136352246,0.02,11.938907020969195,2.2968966147266316,9458.130959593325,0.6906480725208184,0.016008549801244304,10.0,10.0,15.0,15.0,10.0,15.0,0.0
/home/simon/davide_fr3_ws/src/cbf_safety_filter/config/generated_scenarios/scenario_0456.yaml,scenario_0456,fixed,SUCCESS,True,421,8.42,8.42,11.099228858947754,0,0.0,0,0.0,0.00026741481919555915,0.001251009360527468,0.000901293069635517,1.1102230246251565e-16,0.009057752136352246,0.02,11.938907020969195,2.2968966147266316,9458.130959593325,0.6906480725208184,0.016911081350331068,10.0,10.0,15.0,15.0,10.0,15.0,0.0
/home/simon/davide_fr3_ws/src/cbf_safety_filter/config/generated_scenarios/scenario_0461.yaml,scenario_0461,davide_online,SUCCESS,True,418,8.36,8.36,16.24455165863037,0,0.0,0,0.0,0.0005398465544531675,0.001778904152636599,0.0013551889605400436,1.3877787807814457e-17,0.009477461154446679,0.02,3.891085375895436,3.3047711032472833,949.1495657492535,0.06229042446476936,0.019182113939495177,10.0,10.0,15.0,15.0,10.0,15.0,0.0
/home/simon/davide_fr3_ws/src/cbf_safety_filter/config/generated_scenarios/scenario_0461.yaml,scenario_0461,fixed,SUCCESS,True,418,8.36,8.36,11.391674995422363,0,0.0,0,0.0,0.0005398465544531675,0.001778904152636599,0.0013551889605400436,1.3877787807814457e-17,0.009477461154446679,0.02,3.891085375895436,3.3047711032472833,949.1495657492535,0.06229042446476936,0.013904612600518186,10.0,10.0,15.0,15.0,10.0,15.0,0.0
/home/simon/davide_fr3_ws/src/cbf_safety_filter/config/generated_scenarios/scenario_0463.yaml,scenario_0463,davide_online,SUCCESS,True,452,9.040000000000001,9.040000000000001,14.952360153198242,0,0.0,0,0.0,1.0932564604788225e-05,7.362241748737905e-05,3.239927353843042e-05,5.551115123125783e-17,0.009983944224216758,0.02,8.170445318289202,3.0798423441747635,2303.4643206041515,0.1517997669994741,0.016268791350643193,10.0,10.0,15.0,15.0,10.0,15.0,0.0
/home/simon/davide_fr3_ws/src/cbf_safety_filter/config/generated_scenarios/scenario_0463.yaml,scenario_0463,fixed,SUCCESS,True,452,9.040000000000001,9.040000000000001,12.380399942398071,0,0.0,0,0.0,1.0932564604788225e-05,7.362241748737905e-05,3.239927353843042e-05,5.551115123125783e-17,0.009983944224216758,0.02,8.170445318289202,3.0798423441747635,2303.4643206041515,0.1517997669994741,0.01404385018137704,10.0,10.0,15.0,15.0,10.0,15.0,0.0
/home/simon/davide_fr3_ws/src/cbf_safety_filter/config/generated_scenarios/scenario_0465.yaml,scenario_0465,davide_online,SUCCESS,True,445,8.9,8.9,12.763300657272339,79,0.17752808988764046,0,0.0,0.0021083499301641773,-0.036200850216367764,0.00803977922937485,3.3306690738754696e-16,0.010043627376859788,0.02,11.365333275529556,3.5299126815189514,12083.123605182724,0.4580022713498393,0.016303481412737558,2.178859358632765,3.7558702088173073,3.0,3.0,2.0,3.0,0.0
/home/simon/davide_fr3_ws/src/cbf_safety_filter/config/generated_scenarios/scenario_0465.yaml,scenario_0465,fixed,SUCCESS,True,447,8.94,8.94,11.128419160842896,0,0.0,0,0.0,-4.243352218779445e-05,-0.000512726459738707,-0.0001670394349355675,5.551115123125783e-17,0.009279762374463383,0.02,7.8923539500505955,2.8769738623703702,8799.59456735117,0.48238274827039307,0.014704668548549849,10.0,10.0,15.0,15.0,2.0,3.0,0.0
/home/simon/davide_fr3_ws/src/cbf_safety_filter/config/generated_scenarios/scenario_0466.yaml,scenario_0466,davide_online,SUCCESS,True,429,8.58,8.58,8.674513816833496,5,0.011655011655011656,0,0.0,1.807987342756362e-05,5.42254525009051e-05,4.555896625038636e-05,1.3877787807814457e-17,0.009451149357486371,0.02,3.846594470430849,1.3929862190273297,7.149975665376266,0.25885391413855824,0.012511322826216548,10.000518203948435,10.070395309105763,15.0,15.0,10.0,15.0,0.0
/home/simon/davide_fr3_ws/src/cbf_safety_filter/config/generated_scenarios/scenario_0466.yaml,scenario_0466,fixed,SUCCESS,True,429,8.58,8.58,7.60048246383667,0,0.0,0,0.0,1.812072931420966e-05,5.582097997947153e-05,4.566190600943654e-05,1.3877787807814457e-17,0.00945114959334771,0.02,3.846597729321405,1.39298845358926,7.1500644986511,0.25885422752616705,0.011376427048014039,10.0,10.0,15.0,15.0,10.0,15.0,0.0
/home/simon/davide_fr3_ws/src/cbf_safety_filter/config/generated_scenarios/scenario_0471.yaml,scenario_0471,davide_online,SUCCESS,True,461,9.22,9.22,8.706363677978516,0,0.0,0,0.0,0.00012651138430208597,0.0002839344387495493,0.0005242382002139667,2.7755575615628914e-17,0.009419468075490475,0.02,4.166221792152016,1.2406933786571006,21.822600535667533,0.04997872812231101,0.011538821032145536,10.0,10.0,15.0,15.0,10.0,15.0,0.0
/home/simon/davide_fr3_ws/src/cbf_safety_filter/config/generated_scenarios/scenario_0471.yaml,scenario_0471,fixed,SUCCESS,True,461,9.22,9.22,7.594752550125122,0,0.0,0,0.0,0.00012651138430208597,0.0002839344387495493,0.0005242382002139667,2.7755575615628914e-17,0.009419468075490475,0.02,4.166221792152016,1.2406933786571006,21.822600535667533,0.04997872812231101,0.010466078615498906,10.0,10.0,15.0,15.0,10.0,15.0,0.0
/home/simon/davide_fr3_ws/src/cbf_safety_filter/config/generated_scenarios/scenario_0472.yaml,scenario_0472,davide_online,SUCCESS,True,394,7.88,7.88,7.714001417160034,0,0.0,0,0.0,0.0003121767529056553,0.0006760304871985603,0.001025462032058222,2.7755575615628914e-17,0.009189534329019469,0.02,8.449325096236679,5.584788893001448,12989.38127736331,0.15966067345210166,0.012171314452505353,10.0,10.0,15.0,15.0,10.0,15.0,0.0
/home/simon/davide_fr3_ws/src/cbf_safety_filter/config/generated_scenarios/scenario_0472.yaml,scenario_0472,fixed,SUCCESS,True,394,7.88,7.88,8.479548692703247,0,0.0,0,0.0,0.0003121767529056553,0.0006760304871985603,0.001025462032058222,2.7755575615628914e-17,0.009189534329019469,0.02,8.449325096236679,5.584788893001448,12989.38127736331,0.15966067345210166,0.013853472501493347,10.0,10.0,15.0,15.0,10.0,15.0,0.0
/home/simon/davide_fr3_ws/src/cbf_safety_filter/config/generated_scenarios/scenario_0473.yaml,scenario_0473,davide_online,SUCCESS,True,386,7.72,7.72,7.341341018676758,21,0.054404145077720206,0,0.0,1.4634872514546204e-07,-0.002083435451467018,5.485323248122231e-07,5.551115123125783e-16,0.00945881873808212,0.02,13.961183623725812,6.028515865460885,24089.038867806103,1.5915010824615106,0.01093974385236829,10.640550315875426,130.86579237513178,15.0,15.0,10.0,15.0,0.0
/home/simon/davide_fr3_ws/src/cbf_safety_filter/config/generated_scenarios/scenario_0473.yaml,scenario_0473,fixed,SUCCESS,True,406,8.120000000000001,8.120000000000001,7.4106996059417725,0,0.0,0,0.0,-0.00022728735874420064,-0.007733015736800648,-0.00085463930693086,7.771561172376096e-16,0.007894117082584315,0.02,14.545229815381227,6.726832968196351,22687.88393571377,1.9789034946905575,0.010894319694030461,10.0,10.0,15.0,15.0,10.0,15.0,0.0
/home/simon/davide_fr3_ws/src/cbf_safety_filter/config/generated_scenarios/scenario_0482.yaml,scenario_0482,davide_online,QP_FAIL_OR_MAX_STEPS,False,3000,60.0,nan,67.31425762176514,7,0.0023333333333333335,2936,0.9786666666666667,0.0001682539649859368,-0.0009993795414871918,0.0007229795926489146,5.551115123125783e-17,0.43892362943839547,0.02,1.469762000804025,1.081967678515402,15778.983549765098,1.7642185881427217,0.011988107919692993,10.013159317208022,22.02502165581478,15.0,15.0,10.0,15.0,0.0
/home/simon/davide_fr3_ws/src/cbf_safety_filter/config/generated_scenarios/scenario_0482.yaml,scenario_0482,fixed,QP_FAIL_OR_MAX_STEPS,False,3000,60.0,nan,64.30216002464294,0,0.0,2936,0.9786666666666667,0.0001685272026483841,-0.0035913152722411787,0.0007241500403767503,5.551115123125783e-17,0.43892643435986733,0.02,1.46950110181965,1.0818134416460392,15756.214655703947,1.7621994754188293,0.011868141253789266,10.0,10.0,15.0,15.0,10.0,15.0,0.0
/home/simon/davide_fr3_ws/src/cbf_safety_filter/config/generated_scenarios/scenario_0483.yaml,scenario_0483,davide_online,SUCCESS,True,441,8.82,8.82,10.112277030944824,20,0.045351473922902494,0,0.0,-0.00022133746175071432,-0.0028095837476308757,-0.0012381695870951198,2.220446049250313e-16,0.008241905734170815,0.02,16.808103936499723,6.812277806089493,20076.14480076577,4.453758975514371,0.01161867528815929,10.130240017050522,18.586753458111186,15.0,15.0,10.0,15.0,0.0
/home/simon/davide_fr3_ws/src/cbf_safety_filter/config/generated_scenarios/scenario_0483.yaml,scenario_0483,fixed,SUCCESS,True,441,8.82,8.82,9.239337921142578,0,0.0,0,0.0,-0.00022133746175071432,-0.004532961217143243,-0.0012381695870951198,1.6653345369377348e-16,0.008239241525583038,0.02,16.80593453182462,6.81687245822506,20076.355365811298,4.452220218190829,0.011031764434849054,10.0,10.0,15.0,15.0,10.0,15.0,0.0
/home/simon/davide_fr3_ws/src/cbf_safety_filter/config/generated_scenarios/scenario_0484.yaml,scenario_0484,davide_online,SUCCESS,True,440,8.8,8.8,8.736551523208618,0,0.0,0,0.0,8.126934017271825e-05,0.00015086506338177989,0.00022023004040677696,2.7755575615628914e-17,0.009434344798091418,0.02,2.2038287245604984,1.46559079310825,14.840308215536739,0.019079600426784093,0.012321082570336081,10.0,10.0,15.0,15.0,10.0,15.0,0.0
/home/simon/davide_fr3_ws/src/cbf_safety_filter/config/generated_scenarios/scenario_0484.yaml,scenario_0484,fixed,SUCCESS,True,440,8.8,8.8,7.399321556091309,0,0.0,0,0.0,8.126934017271825e-05,0.00015086506338177989,0.00022023004040677696,2.7755575615628914e-17,0.009434344798091418,0.02,2.2038287245604984,1.46559079310825,14.840308215536739,0.019079600426784093,0.010825450312007557,10.0,10.0,15.0,15.0,10.0,15.0,0.0
/home/simon/davide_fr3_ws/src/cbf_safety_filter/config/generated_scenarios/scenario_0487.yaml,scenario_0487,davide_online,SUCCESS,True,395,7.9,7.9,8.151253938674927,20,0.05063291139240506,0,0.0,2.919780879885592e-07,-5.454576663166858e-06,8.815740061007826e-07,2.7755575615628914e-17,0.009471134739134168,0.02,3.851967386399334,2.0735578827971537,4.981294326644367,1.6219019808768789,0.010961603816551499,10.157788656717214,24.137587741373398,18.569620253164558,250.0,10.0,15.0,0.0
/home/simon/davide_fr3_ws/src/cbf_safety_filter/config/generated_scenarios/scenario_0487.yaml,scenario_0487,fixed,SUCCESS,True,395,7.9,7.9,8.246793270111084,0,0.0,0,0.0,-1.5669103164001053e-06,-1.999257955071247e-05,-4.7310769911990125e-06,2.7755575615628914e-17,0.009471134496288017,0.02,3.851772623313721,2.0734245835424283,4.9821711479008775,1.6218373264305235,0.011392647103418278,10.0,10.0,15.0,15.0,10.0,15.0,0.0
/home/simon/davide_fr3_ws/src/cbf_safety_filter/config/generated_scenarios/scenario_0488.yaml,scenario_0488,davide_online,SUCCESS,True,420,8.4,8.4,8.137661457061768,101,0.24047619047619048,0,0.0,-0.00034806750716940595,-0.007963803233109952,-0.0019549405541083448,5.551115123125783e-16,0.009610954234761675,0.02,9.718197252006055,3.8798551966974504,54859.56619727272,26.704005485720515,0.011219190415881928,14.91049444597944,200.0,17.797619047619047,250.0,10.0,15.0,0.0
/home/simon/davide_fr3_ws/src/cbf_safety_filter/config/generated_scenarios/scenario_0488.yaml,scenario_0488,fixed,SUCCESS,True,421,8.42,8.42,8.784168481826782,0,0.0,0,0.0,-0.0006331269068183838,-0.009561108557617808,-0.002685996149897868,4.440892098500626e-16,0.009445678982782648,0.02,9.400689752279776,3.6012853190244916,36531.53485499926,26.326402514253108,0.012509650119409991,10.0,10.0,15.0,15.0,10.0,15.0,0.0
/home/simon/davide_fr3_ws/src/cbf_safety_filter/config/generated_scenarios/scenario_0490.yaml,scenario_0490,davide_online,SUCCESS,True,398,7.96,7.96,6.827291488647461,0,0.0,0,0.0,-0.0003500608311446255,-0.006056356830035537,-0.0019662611900677363,4.163336342344337e-17,0.008704957915985358,0.02,14.874792784250221,5.362518638934633,15778.867626498617,19.863163037121613,0.010766983631268219,10.0,10.0,15.0,15.0,10.0,15.0,0.0
/home/simon/davide_fr3_ws/src/cbf_safety_filter/config/generated_scenarios/scenario_0490.yaml,scenario_0490,fixed,SUCCESS,True,398,7.96,7.96,8.057575702667236,0,0.0,0,0.0,-0.0003500608311446255,-0.006056356830035537,-0.0019662611900677363,4.163336342344337e-17,0.008704957915985358,0.02,14.874792784250221,5.362518638934633,15778.867626498617,19.863163037121613,0.013184523462650165,10.0,10.0,15.0,15.0,10.0,15.0,0.0
/home/simon/davide_fr3_ws/src/cbf_safety_filter/config/generated_scenarios/scenario_0491.yaml,scenario_0491,davide_online,SUCCESS,True,415,8.3,8.3,10.352945804595947,0,0.0,0,0.0,0.0001936884828266025,0.00047897461496238707,0.00047533792796275454,5.551115123125783e-17,0.009414468606650872,0.02,2.365939228158703,1.206627983344164,6.780380921346365,0.037051884332954,0.013575108080025178,10.0,10.0,15.0,15.0,10.0,15.0,0.0
/home/simon/davide_fr3_ws/src/cbf_safety_filter/config/generated_scenarios/scenario_0491.yaml,scenario_0491,fixed,SUCCESS,True,415,8.3,8.3,8.642130851745605,0,0.0,0,0.0,0.0001936884828266025,0.00047897461496238707,0.00047533792796275454,5.551115123125783e-17,0.009414468606650872,0.02,2.365939228158703,1.206627983344164,6.780380921346365,0.037051884332954,0.011745462647403579,10.0,10.0,15.0,15.0,10.0,15.0,0.0
/home/simon/davide_fr3_ws/src/cbf_safety_filter/config/generated_scenarios/scenario_0492.yaml,scenario_0492,davide_online,SUCCESS,True,438,8.76,8.76,8.36264157295227,10,0.0228310502283105,0,0.0,7.895529714162242e-07,-6.379089470136331e-06,2.5049070331850665e-06,8.326672684688674e-17,0.009447370313943314,0.02,5.084348114129752,2.2789104177359554,4385.040959988397,0.28505679518364996,0.010959130443938791,10.115653900145235,26.452326573079162,15.536529680365296,250.0,10.0,15.0,0.0
/home/simon/davide_fr3_ws/src/cbf_safety_filter/config/generated_scenarios/scenario_0492.yaml,scenario_0492,fixed,SUCCESS,True,438,8.76,8.76,8.1944739818573,0,0.0,0,0.0,-1.468814365652299e-06,-2.7492841364712764e-05,-4.660012948520809e-06,8.326672684688674e-17,0.00944770956343301,0.02,5.087022051879082,2.277920451659117,4385.014453252915,0.2847784776225895,0.01118025659970497,10.0,10.0,15.0,15.0,10.0,15.0,0.0
/home/simon/davide_fr3_ws/src/cbf_safety_filter/config/generated_scenarios/scenario_0493.yaml,scenario_0493,davide_online,QP_FAIL_OR_MAX_STEPS,False,3000,60.0,nan,73.75389885902405,2887,0.9623333333333334,2864,0.9546666666666667,-0.0007528180569576458,-0.23283715858166412,-0.002362616870512396,8.881784197001252e-16,0.16571180641151248,0.02,2.92665569823099,1.4171061872089596,14993.122846267108,27.578042594599648,0.013058078289031983,191.50373828424404,200.0,239.425,250.0,10.0,15.0,0.0
/home/simon/davide_fr3_ws/src/cbf_safety_filter/config/generated_scenarios/scenario_0493.yaml,scenario_0493,fixed,MAX_STEPS,False,3000,60.0,nan,66.1256639957428,0,0.0,0,0.0,-0.0009865905496463673,-0.013689249946281483,-0.005372790628486335,4.440892098500626e-16,0.05365557418806568,0.02,88.2300858778156,25.91555518933623,11650.875811367841,34.81863073286752,0.012112969319025675,10.0,10.0,15.0,15.0,10.0,15.0,0.0
/home/simon/davide_fr3_ws/src/cbf_safety_filter/config/generated_scenarios/scenario_0497.yaml,scenario_0497,davide_online,SUCCESS,True,374,7.48,7.48,7.363527536392212,15,0.040106951871657755,0,0.0,7.087624671747728e-07,-5.935721839219064e-06,1.7604554594374822e-06,4.163336342344337e-17,0.009442786444941833,0.02,2.981541106851986,1.1405530018050876,4.266004843238431,0.3903598453927065,0.011174288025514328,10.146728636360352,23.922861564835173,16.25668449197861,250.0,10.0,15.0,0.0
/home/simon/davide_fr3_ws/src/cbf_safety_filter/config/generated_scenarios/scenario_0497.yaml,scenario_0497,fixed,SUCCESS,True,374,7.48,7.48,9.482898712158203,0,0.0,0,0.0,-1.5172009671382547e-06,-2.0108178850667462e-05,-3.7685423970312826e-06,4.163336342344337e-17,0.009442615836076149,0.02,2.9815433693314866,1.1405441544704964,4.262154883753931,0.3903154192873172,0.01487338351693383,10.0,10.0,15.0,15.0,10.0,15.0,0.0
/home/simon/davide_fr3_ws/src/cbf_safety_filter/config/generated_scenarios/scenario_0498.yaml,scenario_0498,davide_online,SUCCESS,True,348,6.96,6.96,9.691633462905884,0,0.0,0,0.0,7.547346429609934e-05,0.0004170777814890528,0.00030469129954761864,1.3877787807814457e-17,0.009326877220688982,0.02,4.2783771982205305,1.1473979464832726,2193.859200734802,0.21530945331536927,0.0140440183124323,10.0,10.0,15.0,15.0,10.0,15.0,0.0
/home/simon/davide_fr3_ws/src/cbf_safety_filter/config/generated_scenarios/scenario_0498.yaml,scenario_0498,fixed,SUCCESS,True,348,6.96,6.96,11.272937536239624,0,0.0,0,0.0,7.547346429609934e-05,0.0004170777814890528,0.00030469129954761864,1.3877787807814457e-17,0.009326877220688982,0.02,4.2783771982205305,1.1473979464832726,2193.859200734802,0.21530945331536927,0.016850002880754143,10.0,10.0,15.0,15.0,10.0,15.0,0.0
/home/simon/davide_fr3_ws/src/cbf_safety_filter/config/generated_scenarios/scenario_0500.yaml,scenario_0500,davide_online,SUCCESS,True,495,9.9,9.9,12.546844482421875,6,0.012121212121212121,0,0.0,1.5756088009091784e-06,-8.567201977872918e-07,6.272171420296235e-06,6.661338147750939e-16,0.008770748830533623,0.02,11.401256170769255,3.8933148192812883,9135.143668781908,6.993806122383485,0.014494558295818291,10.00752722430643,11.54324913400587,15.0,15.0,10.0,15.0,0.0
/home/simon/davide_fr3_ws/src/cbf_safety_filter/config/generated_scenarios/scenario_0500.yaml,scenario_0500,fixed,SUCCESS,True,495,9.9,9.9,9.847238063812256,0,0.0,0,0.0,1.5756088009091784e-06,-4.872828937775055e-05,6.272171420296235e-06,5.551115123125783e-17,0.008770601399229654,0.02,11.401287466817513,3.8933285363471217,9135.252569801698,6.993777210723097,0.011775624631631254,10.0,10.0,15.0,15.0,10.0,15.0,0.0
/home/simon/davide_fr3_ws/src/cbf_safety_filter/config/generated_scenarios/scenario_0502.yaml,scenario_0502,davide_online,QP_FAIL_OR_MAX_STEPS,False,3000,60.0,nan,74.63736200332642,2949,0.983,2911,0.9703333333333334,-0.0005859977442826021,-0.18606406938951567,-0.0019782400332384598,3.3306690738754696e-16,0.3784558106701298,0.02,2.1041337274060083,1.3457987262226638,40768.44325567539,16.244104998862582,0.013353913625081381,194.50889731515088,200.0,243.185,250.0,10.0,15.0,0.0
/home/simon/davide_fr3_ws/src/cbf_safety_filter/config/generated_scenarios/scenario_0502.yaml,scenario_0502,fixed,QP_FAIL_OR_MAX_STEPS,False,3000,60.0,nan,71.25391411781311,0,0.0,2906,0.9686666666666667,-0.00019665781508166127,-0.005201139185278579,-0.0009041912864660301,4.440892098500626e-16,0.3610101022244411,0.02,2.386512095920921,1.3874472941855338,30073.50368977234,18.821719706881677,0.013225700616836547,10.0,10.0,15.0,15.0,10.0,15.0,0.0
/home/simon/davide_fr3_ws/src/cbf_safety_filter/config/generated_scenarios/scenario_0503.yaml,scenario_0503,davide_online,SUCCESS,True,461,9.22,9.22,14.742768287658691,113,0.24511930585683298,0,0.0,1.8043095859725244e-06,-0.0012158384279340225,5.673828281899107e-06,4.440892098500626e-16,0.013959209829928673,0.02,9.272774580266361,4.961876678036339,71891.7280492141,25.70011950244065,0.01612991366107138,15.403696648285512,86.66032478776974,15.0,15.0,10.0,15.0,0.0
/home/simon/davide_fr3_ws/src/cbf_safety_filter/config/generated_scenarios/scenario_0503.yaml,scenario_0503,fixed,SUCCESS,True,448,8.96,8.96,13.61691403388977,0,0.0,0,0.0,-2.290174400852371e-05,-0.003333017711889437,-7.203438037886589e-05,4.440892098500626e-16,0.01433449931870688,0.02,8.76534520384258,4.6408622830184525,76653.98699532589,25.30677452449302,0.015762181686503545,10.0,10.0,15.0,15.0,10.0,15.0,0.0
/home/simon/davide_fr3_ws/src/cbf_safety_filter/config/generated_scenarios/scenario_0505.yaml,scenario_0505,davide_online,QP_FAIL_OR_MAX_STEPS,False,3000,60.0,nan,77.05881357192993,2927,0.9756666666666667,2923,0.9743333333333334,-0.0006391100767574372,-0.2100696371383763,-0.0026726769175476756,2.220446049250313e-16,0.46634598638587116,0.02,1.8778774283802218,1.1333656666931333,56416.56157484668,16.277885680948764,0.012699679454167685,195.2204020993902,200.0,244.04666666666665,250.0,10.0,15.0,0.0
/home/simon/davide_fr3_ws/src/cbf_safety_filter/config/generated_scenarios/scenario_0505.yaml,scenario_0505,fixed,MAX_STEPS,False,3000,60.0,nan,80.79878878593445,0,0.0,0,0.0,-0.0006879927273805431,-0.010514130273917151,-0.002226706129719397,5.329070518200751e-15,0.45565752966469264,0.02,41.84366049867597,19.22878913724258,3380374.1410904326,1283.2280832142162,0.014252900918324788,10.0,10.0,15.0,15.0,10.0,15.0,0.0
/home/simon/davide_fr3_ws/src/cbf_safety_filter/config/generated_scenarios/scenario_0508.yaml,scenario_0508,davide_online,QP_FAIL_OR_MAX_STEPS,False,3000,60.0,nan,72.71550488471985,2896,0.9653333333333334,2868,0.956,-2.8507095107516145e-05,-0.03300042855506544,-9.349454536894397e-05,2.7755575615628914e-16,0.12050671893455328,0.02,1.1281038571747941,1.2718575509138392,8227.52407567533,7.8881854203943895,0.012401475826899211,191.91492098140662,200.0,240.13,250.0,10.0,15.0,0.0
/home/simon/davide_fr3_ws/src/cbf_safety_filter/config/generated_scenarios/scenario_0508.yaml,scenario_0508,fixed,SUCCESS,True,370,7.4,7.4,9.1337411403656,0,0.0,0,0.0,-6.40070399419504e-05,-0.0009343361547350473,-0.00016736814437454117,5.551115123125783e-17,0.009644869112707538,0.02,4.882195006185619,1.7022782650508639,1499.1003610762925,5.238653276102623,0.01282446577742293,10.0,10.0,15.0,15.0,10.0,15.0,0.0
/home/simon/davide_fr3_ws/src/cbf_safety_filter/config/generated_scenarios/scenario_0514.yaml,scenario_0514,davide_online,QP_FAIL_OR_MAX_STEPS,False,3000,60.0,nan,69.55342364311218,5,0.0016666666666666668,2911,0.9703333333333334,-0.0010113465162449676,-0.012278393746631915,-0.005805858376279935,4.440892098500626e-16,0.41756700964802296,0.02,2.912047833313632,1.3854117044494128,35102.469203508364,79.66688654206062,0.014574920256932576,10.001021225662575,11.041417787054332,15.0,15.0,10.0,15.0,0.0
/home/simon/davide_fr3_ws/src/cbf_safety_filter/config/generated_scenarios/scenario_0514.yaml,scenario_0514,fixed,QP_FAIL_OR_MAX_STEPS,False,3000,60.0,nan,65.23304557800293,0,0.0,2911,0.9703333333333334,-0.0010113465162449676,-0.012278393746631915,-0.005805858376279935,2.220446049250313e-16,0.4176204909947207,0.02,2.9119898526256667,1.385608166831964,32123.141441035503,79.68978540530746,0.01417580548922221,10.0,10.0,15.0,15.0,10.0,15.0,0.0
/home/simon/davide_fr3_ws/src/cbf_safety_filter/config/generated_scenarios/scenario_0515.yaml,scenario_0515,davide_online,SUCCESS,True,425,8.5,8.5,8.966602802276611,0,0.0,0,0.0,-0.0009574962900968506,-0.01570121730262016,-0.0054866654905680046,1.1102230246251565e-16,0.0097334149408442,0.02,22.837560544086415,5.298183734942012,19130.57573637806,27.837083268635034,0.012062069387996898,10.0,10.0,15.0,15.0,10.0,15.0,0.0
/home/simon/davide_fr3_ws/src/cbf_safety_filter/config/generated_scenarios/scenario_0515.yaml,scenario_0515,fixed,SUCCESS,True,425,8.5,8.5,9.991576671600342,0,0.0,0,0.0,-0.0009574962900968506,-0.01570121730262016,-0.0054866654905680046,1.1102230246251565e-16,0.0097334149408442,0.02,22.837560544086415,5.298183734942012,19130.57573637806,27.837083268635034,0.013920072106754078,10.0,10.0,15.0,15.0,10.0,15.0,0.0
/home/simon/davide_fr3_ws/src/cbf_safety_filter/config/generated_scenarios/scenario_0521.yaml,scenario_0521,davide_online,SUCCESS,True,379,7.58,7.58,8.289027452468872,19,0.05013192612137203,0,0.0,1.5896629025066028e-05,-0.0010485647522750774,4.9981543617488855e-05,5.551115123125783e-17,0.009518023467598146,0.02,8.028094808633048,2.253292290143342,2332.840352528986,1.1219125600712312,0.013431657272781734,10.262753838572294,19.203505192206052,15.0,15.0,10.0,15.0,0.0
/home/simon/davide_fr3_ws/src/cbf_safety_filter/config/generated_scenarios/scenario_0521.yaml,scenario_0521,fixed,SUCCESS,True,379,7.58,7.58,9.001419067382812,0,0.0,0,0.0,1.7727267199410535e-05,-0.004355523521689747,5.5736354271140875e-05,8.326672684688674e-17,0.009513944262077459,0.02,8.01842540536771,2.275080341406311,2333.006710497913,1.1181497247352248,0.015107744287375095,10.0,10.0,15.0,15.0,10.0,15.0,0.0
/home/simon/davide_fr3_ws/src/cbf_safety_filter/config/generated_scenarios/scenario_0522.yaml,scenario_0522,davide_online,SUCCESS,True,405,8.1,8.1,8.811872959136963,81,0.2,0,0.0,2.9961004240214306e-06,-0.0011380234308875784,7.208971257832708e-06,1.1102230246251565e-16,0.011041213425067463,0.02,6.070264953388458,4.323210341063265,55464.21809952106,6.988010504496912,0.011510602338814442,14.173002835167177,73.47262129882705,15.0,15.0,10.0,15.0,0.0
/home/simon/davide_fr3_ws/src/cbf_safety_filter/config/generated_scenarios/scenario_0522.yaml,scenario_0522,fixed,SUCCESS,True,405,8.1,8.1,11.301066875457764,0,0.0,0,0.0,-5.0380356163316764e-05,-0.00160806275767605,-0.00012125856545480707,9.020562075079397e-17,0.010416518380604535,0.02,6.099524643239492,4.340527874739152,56820.94070244575,7.145036774186487,0.015275394769362462,10.0,10.0,15.0,15.0,10.0,15.0,0.0
/home/simon/davide_fr3_ws/src/cbf_safety_filter/config/generated_scenarios/scenario_0523.yaml,scenario_0523,davide_online,SUCCESS,True,690,13.8,13.8,17.862584829330444,68,0.09855072463768116,0,0.0,0.0012677460636406207,-0.00225358111074215,0.00324856051224523,3.885780586188048e-16,0.012014437626809225,0.02,18.23908998834375,9.824414762573118,75314.64694772252,17.1391244045501,0.015900229371112327,2.0722103792414246,5.282944314489987,3.0,3.0,2.0,3.0,0.0
/home/simon/davide_fr3_ws/src/cbf_safety_filter/config/generated_scenarios/scenario_0523.yaml,scenario_0523,fixed,SUCCESS,True,439,8.78,8.78,10.615512371063232,0,0.0,0,0.0,0.0003364605758306993,-0.0005500863053508609,0.0008674627498921061,4.440892098500626e-16,0.008356985482918583,0.02,8.61051895247411,5.225416427264752,48589.07642774665,7.2346120614583755,0.015389339255852145,10.0,10.0,15.0,15.0,2.0,3.0,0.0
/home/simon/davide_fr3_ws/src/cbf_safety_filter/config/generated_scenarios/scenario_0524.yaml,scenario_0524,davide_online,SUCCESS,True,442,8.84,8.84,9.930559158325195,0,0.0,0,0.0,0.010446569026227169,0.09896818101901307,0.04618578863533143,0.0,0.00924395068990521,0.02,14.20484063906369,4.7752106861176316,15712.836584046414,1.1661915986268971,0.012000307238479545,10.0,10.0,15.0,15.0,10.0,15.0,0.0
/home/simon/davide_fr3_ws/src/cbf_safety_filter/config/generated_scenarios/scenario_0524.yaml,scenario_0524,fixed,SUCCESS,True,442,8.84,8.84,12.695970296859741,0,0.0,0,0.0,0.010446569026227169,0.09896818101901307,0.04618578863533143,0.0,0.00924395068990521,0.02,14.20484063906369,4.7752106861176316,15712.836584046414,1.1661915986268971,0.0158383231357212,10.0,10.0,15.0,15.0,10.0,15.0,0.0
/home/simon/davide_fr3_ws/src/cbf_safety_filter/config/generated_scenarios/scenario_0526.yaml,scenario_0526,davide_online,SUCCESS,True,456,9.120000000000001,9.120000000000001,11.021999835968018,24,0.05263157894736842,0,0.0,-1.7859509526124695e-06,-0.0025038283527925066,-4.727298305889915e-06,3.3306690738754696e-16,0.009459700226216484,0.02,7.864985231796147,2.8191019674101323,9446.104133168217,1.4136938338527407,0.012874273354547066,11.146264726386478,200.0,16.030701754385966,250.0,10.0,15.0,0.0
/home/simon/davide_fr3_ws/src/cbf_safety_filter/config/generated_scenarios/scenario_0526.yaml,scenario_0526,fixed,SUCCESS,True,456,9.120000000000001,9.120000000000001,13.256298065185547,0,0.0,0,0.0,-0.0002305727456403811,-0.005828295029886667,-0.0006112928124482053,3.3306690738754696e-16,0.00946289168124785,0.02,7.885427932510394,2.7170151398686566,9396.265015999363,1.4051450942014585,0.016066282987594604,10.0,10.0,15.0,15.0,10.0,15.0,0.0
/home/simon/davide_fr3_ws/src/cbf_safety_filter/config/generated_scenarios/scenario_0528.yaml,scenario_0528,davide_online,SUCCESS,True,402,8.040000000000001,8.040000000000001,8.369123697280884,0,0.0,0,0.0,1.660748336593937e-05,0.00012430574089377158,4.68018403429471e-05,4.163336342344337e-17,0.009471287023853761,0.02,3.30782250234087,1.316999358677742,5.293179974729127,9.392737357884643,0.013054984719005984,10.0,10.0,15.0,15.0,10.0,15.0,0.0
/home/simon/davide_fr3_ws/src/cbf_safety_filter/config/generated_scenarios/scenario_0528.yaml,scenario_0528,fixed,SUCCESS,True,402,8.040000000000001,8.040000000000001,8.328555583953857,0,0.0,0,0.0,1.660748336593937e-05,0.00012430574089377158,4.68018403429471e-05,4.163336342344337e-17,0.009471287023853761,0.02,3.30782250234087,1.316999358677742,5.293179974729127,9.392737357884643,0.013510116890295227,10.0,10.0,15.0,15.0,10.0,15.0,0.0
/home/simon/davide_fr3_ws/src/cbf_safety_filter/config/generated_scenarios/scenario_0538.yaml,scenario_0538,davide_online,SUCCESS,True,388,7.76,7.76,8.104530572891235,0,0.0,0,0.0,0.00016361557173318053,0.0004621070122413091,0.00043349510272969183,9.71445146547012e-17,0.009379859252839982,0.02,4.759757698195651,1.575854718832619,1910.128502878379,0.2543528931027085,0.011099444836685337,10.0,10.0,15.0,15.0,10.0,15.0,0.0
/home/simon/davide_fr3_ws/src/cbf_safety_filter/config/generated_scenarios/scenario_0538.yaml,scenario_0538,fixed,SUCCESS,True,388,7.76,7.76,8.838171243667603,0,0.0,0,0.0,0.00016361557173318053,0.0004621070122413091,0.00043349510272969183,9.71445146547012e-17,0.009379859252839982,0.02,4.759757698195651,1.575854718832619,1910.128502878379,0.2543528931027085,0.012486783499570237,10.0,10.0,15.0,15.0,10.0,15.0,0.0
/home/simon/davide_fr3_ws/src/cbf_safety_filter/config/generated_scenarios/scenario_0539.yaml,scenario_0539,davide_online,SUCCESS,True,462,9.24,9.24,14.501155138015747,86,0.18614718614718614,0,0.0,-6.936580365560219e-06,-0.03393620120600576,-1.8943034418655857e-05,6.661338147750939e-16,0.019129599455315196,0.02,15.732371059027654,5.18475355054053,18001.772413003742,12.156462003117026,0.015585656805987998,16.33683724571498,200.0,21.103896103896105,250.0,10.0,15.0,0.0
/home/simon/davide_fr3_ws/src/cbf_safety_filter/config/generated_scenarios/scenario_0539.yaml,scenario_0539,fixed,SUCCESS,True,457,9.14,9.14,12.112048387527466,0,0.0,0,0.0,-0.0011800144401194756,-0.0377320451186288,-0.003442711444864466,4.440892098500626e-16,0.009485879322701568,0.02,10.88585399348248,3.9978915707510234,12695.816767207689,11.598831261946879,0.013543839527689394,10.0,10.0,15.0,15.0,10.0,15.0,0.0
/home/simon/davide_fr3_ws/src/cbf_safety_filter/config/generated_scenarios/scenario_0542.yaml,scenario_0542,davide_online,SUCCESS,True,399,7.98,7.98,10.020828008651733,7,0.017543859649122806,0,0.0,1.0620639765354656e-05,1.5729555648795338e-08,4.669507183650834e-05,3.469446951953614e-18,0.00943421266767373,0.02,1.3430353292600017,1.1899318826344798,4.1913314983878704,0.012524869729436077,0.014480431277052801,10.015347183509732,11.966353179775206,15.0,15.0,10.0,15.0,0.0
/home/simon/davide_fr3_ws/src/cbf_safety_filter/config/generated_scenarios/scenario_0542.yaml,scenario_0542,fixed,SUCCESS,True,399,7.98,7.98,10.63869333267212,0,0.0,0,0.0,1.0944224502205599e-05,-1.55196631931925e-05,4.811745476145102e-05,3.469446951953614e-18,0.009434211972353546,0.02,1.3430046486652187,1.189957912895481,4.191268570956082,0.012539486275297692,0.015889406204223633,10.0,10.0,15.0,15.0,10.0,15.0,0.0
/home/simon/davide_fr3_ws/src/cbf_safety_filter/config/generated_scenarios/scenario_0545.yaml,scenario_0545,davide_online,SUCCESS,True,443,8.86,8.86,12.724748611450195,0,0.0,0,0.0,3.8843900731361236e-08,5.650318784105038e-08,1.58288001941842e-07,2.220446049250313e-16,0.009438383107419677,0.02,5.297874735627034,1.6787279276355775,1419.8680820029676,8.476595186917482,0.014218937462662467,10.0,10.0,15.0,15.0,10.0,15.0,0.0
/home/simon/davide_fr3_ws/src/cbf_safety_filter/config/generated_scenarios/scenario_0545.yaml,scenario_0545,fixed,SUCCESS,True,443,8.86,8.86,10.888130903244019,0,0.0,0,0.0,3.8843900731361236e-08,5.650318784105038e-08,1.58288001941842e-07,2.220446049250313e-16,0.009438383107419677,0.02,5.297874735627034,1.6787279276355775,1419.8680820029676,8.476595186917482,0.012591545522616626,10.0,10.0,15.0,15.0,10.0,15.0,0.0
/home/simon/davide_fr3_ws/src/cbf_safety_filter/config/generated_scenarios/scenario_0547.yaml,scenario_0547,davide_online,SUCCESS,True,381,7.62,7.62,6.874572992324829,0,0.0,0,0.0,9.636792663771099e-05,0.00034167520461358015,0.0002982619777890938,1.3877787807814457e-17,0.00949710432752626,0.02,1.841396943312991,1.1705262416635114,3.142051909465572,0.04751646771806625,0.011308088703105457,10.0,10.0,15.0,15.0,10.0,15.0,0.0
/home/simon/davide_fr3_ws/src/cbf_safety_filter/config/generated_scenarios/scenario_0547.yaml,scenario_0547,fixed,SUCCESS,True,381,7.62,7.62,8.103302478790283,0,0.0,0,0.0,9.636792663771099e-05,0.00034167520461358015,0.0002982619777890938,1.3877787807814457e-17,0.00949710432752626,0.02,1.841396943312991,1.1705262416635114,3.142051909465572,0.04751646771806625,0.013879464993013797,10.0,10.0,15.0,15.0,10.0,15.0,0.0
/home/simon/davide_fr3_ws/src/cbf_safety_filter/config/generated_scenarios/scenario_0549.yaml,scenario_0549,davide_online,SUCCESS,True,417,8.34,8.34,8.352886199951172,4,0.009592326139088728,0,0.0,3.865363266622457e-05,2.8108456386846496e-05,0.0001662048563337154,2.7755575615628914e-17,0.009510503844504825,0.02,2.5568011569113573,1.243183545276722,7.93199062615429,0.045112188988455044,0.011566793318275067,10.00208235435703,10.377019912569876,15.0,15.0,10.0,15.0,0.0
/home/simon/davide_fr3_ws/src/cbf_safety_filter/config/generated_scenarios/scenario_0549.yaml,scenario_0549,fixed,SUCCESS,True,417,8.34,8.34,9.505845546722412,0,0.0,0,0.0,3.887944044285614e-05,1.3763917507149436e-05,0.00016717509866283342,2.7755575615628914e-17,0.009510505294935743,0.02,2.55688904722815,1.2431957911318947,7.931945910968413,0.0451165564251271,0.013658634478525578,10.0,10.0,15.0,15.0,10.0,15.0,0.0
/home/simon/davide_fr3_ws/src/cbf_safety_filter/config/generated_scenarios/scenario_0551.yaml,scenario_0551,davide_online,SUCCESS,True,401,8.02,8.02,11.023241758346558,2,0.004987531172069825,0,0.0,0.0001356367828663635,0.00022673452230837637,0.000315789980323139,1.1102230246251565e-16,0.009542313343878873,0.02,3.9552083476546467,1.7259199590910328,3479.4732817154418,0.38925765249570105,0.01571718653538578,10.000326643442323,10.120937576990176,15.0,15.0,10.0,15.0,0.0
/home/simon/davide_fr3_ws/src/cbf_safety_filter/config/generated_scenarios/scenario_0551.yaml,scenario_0551,fixed,SUCCESS,True,401,8.02,8.02,8.887900829315186,0,0.0,0,0.0,0.00013564210361135393,0.0002217364525181481,0.0003158023589967529,1.1102230246251565e-16,0.009542306649902963,0.02,3.9552417352119096,1.7259318993475492,3479.54904621426,0.38925268415360575,0.01309306663170717,10.0,10.0,15.0,15.0,10.0,15.0,0.0
/home/simon/davide_fr3_ws/src/cbf_safety_filter/config/generated_scenarios/scenario_0552.yaml,scenario_0552,davide_online,SUCCESS,True,416,8.32,8.32,11.082391262054443,238,0.5721153846153846,0,0.0,-4.8146266518681036e-06,-0.0011619100775255992,-1.2805294221873709e-05,2.220446049250313e-16,0.009389514204954978,0.02,9.711367380196169,2.6113188589776555,1875.7204913779078,4.19658404201129,0.01341557101561473,6.376056132840377,200.0,4.78125,250.0,2.0,3.0,0.0
/home/simon/davide_fr3_ws/src/cbf_safety_filter/config/generated_scenarios/scenario_0552.yaml,scenario_0552,fixed,SUCCESS,True,419,8.38,8.38,9.937553644180298,0,0.0,0,0.0,-0.0006568071085816182,-0.0075438363866079505,-0.0017550191510697921,2.220446049250313e-16,0.00963855147224472,0.02,11.262375491411614,3.260303912583686,534.2379322824709,1.987937500371342,0.01232045703969878,10.0,10.0,15.0,15.0,2.0,3.0,0.0
/home/simon/davide_fr3_ws/src/cbf_safety_filter/config/generated_scenarios/scenario_0553.yaml,scenario_0553,davide_online,SUCCESS,True,434,8.68,8.68,8.374902963638306,0,0.0,0,0.0,0.004649692277853043,0.028310833644565,0.014807579745743593,0.0,0.010288250244703307,0.02,10.758631511926446,4.54065765137462,8253.213254503537,0.23391499236949004,0.0109951567539971,10.0,10.0,15.0,15.0,10.0,15.0,0.0
/home/simon/davide_fr3_ws/src/cbf_safety_filter/config/generated_scenarios/scenario_0553.yaml,scenario_0553,fixed,SUCCESS,True,434,8.68,8.68,8.637869119644165,0,0.0,0,0.0,0.004649692277853043,0.028310833644565,0.014807579745743593,0.0,0.010288250244703307,0.02,10.758631511926446,4.54065765137462,8253.213254503537,0.23391499236949004,0.011766447998960997,10.0,10.0,15.0,15.0,10.0,15.0,0.0
/home/simon/davide_fr3_ws/src/cbf_safety_filter/config/generated_scenarios/scenario_0556.yaml,scenario_0556,davide_online,SUCCESS,True,380,7.6000000000000005,7.6000000000000005,7.949900150299072,0,0.0,0,0.0,-4.665667693569582e-05,-0.0007438200877806682,-0.0002595780984716717,5.551115123125783e-17,0.009270784313411154,0.02,7.3547837214991745,3.7310959592942066,13771.23536378123,1.2535570675634533,0.01295505071941175,10.0,10.0,15.0,15.0,10.0,15.0,0.0
/home/simon/davide_fr3_ws/src/cbf_safety_filter/config/generated_scenarios/scenario_0556.yaml,scenario_0556,fixed,SUCCESS,True,380,7.6000000000000005,7.6000000000000005,8.06605839729309,0,0.0,0,0.0,-4.665667693569582e-05,-0.0007438200877806682,-0.0002595780984716717,5.551115123125783e-17,0.009270784313411154,0.02,7.3547837214991745,3.7310959592942066,13771.23536378123,1.2535570675634533,0.013670416254746286,10.0,10.0,15.0,15.0,10.0,15.0,0.0
/home/simon/davide_fr3_ws/src/cbf_safety_filter/config/generated_scenarios/scenario_0561.yaml,scenario_0561,davide_online,SUCCESS,True,406,8.120000000000001,8.120000000000001,8.61083197593689,10,0.024630541871921183,0,0.0,8.528135684035543e-05,-8.096936702624031e-05,0.00023210099664408568,2.0816681711721685e-17,0.009502551066067693,0.02,2.7684993375777505,1.1347568938440842,4.437598595817606,0.05578680931936417,0.01310878316757127,10.038561193965597,13.551464702959837,15.0,15.0,10.0,15.0,0.0
/home/simon/davide_fr3_ws/src/cbf_safety_filter/config/generated_scenarios/scenario_0561.yaml,scenario_0561,fixed,SUCCESS,True,406,8.120000000000001,8.120000000000001,7.537188768386841,0,0.0,0,0.0,9.58328466548683e-05,-0.00046043252370369346,0.00026079747095320016,6.938893903907228e-18,0.009502638250743826,0.02,2.77276223329597,1.1346033773694724,4.436306083294347,0.055930060540217874,0.011932673712669335,10.0,10.0,15.0,15.0,10.0,15.0,0.0
/home/simon/davide_fr3_ws/src/cbf_safety_filter/config/generated_scenarios/scenario_0563.yaml,scenario_0563,davide_online,SUCCESS,True,410,8.2,8.2,8.220444679260254,189,0.4609756097560976,0,0.0,4.1361700384157096e-07,3.604831758179897e-07,1.4441861667935374e-06,1.734723475976807e-18,0.009463427124542881,0.02,1.592749736819454,1.242281253926222,8.014929508494763,0.013347046456961647,0.01223835305469792,2.3044661923487184,2.912912125972605,3.0,3.0,2.0,3.0,0.0
/home/simon/davide_fr3_ws/src/cbf_safety_filter/config/generated_scenarios/scenario_0563.yaml,scenario_0563,fixed,SUCCESS,True,410,8.2,8.2,10.886085510253906,0,0.0,0,0.0,3.1429364133229998e-06,7.154651120146806e-06,1.0973519536272569e-05,1.0408340855860843e-17,0.0094633856336159,0.02,1.600490070794224,1.2537966905602438,8.116800702216102,0.013865622004724014,0.016842033804916754,10.0,10.0,15.0,15.0,2.0,3.0,0.0
/home/simon/davide_fr3_ws/src/cbf_safety_filter/config/generated_scenarios/scenario_0568.yaml,scenario_0568,davide_online,SUCCESS,True,455,9.1,9.1,10.019170999526978,15,0.03296703296703297,0,0.0,-1.969772219351934e-06,-0.0006616136710263423,-7.220763778542638e-06,1.1102230246251565e-16,0.009452301529607915,0.02,18.094168111170763,4.779373194139169,3403.0799831578215,0.6630100591721262,0.012539696431421972,10.839019506900742,200.0,16.032967032967033,250.0,10.0,15.0,0.0
/home/simon/davide_fr3_ws/src/cbf_safety_filter/config/generated_scenarios/scenario_0568.yaml,scenario_0568,fixed,SUCCESS,True,454,9.08,9.08,9.937044620513916,0,0.0,0,0.0,-0.00017605970792995695,-0.003287495472076807,-0.0006469142447581844,1.1102230246251565e-16,0.008831176298636507,0.02,18.514639855978835,7.462236288843242,8468.100448271784,0.5976992813453468,0.012890649261978755,10.0,10.0,15.0,15.0,10.0,15.0,0.0
/home/simon/davide_fr3_ws/src/cbf_safety_filter/config/generated_scenarios/scenario_0569.yaml,scenario_0569,davide_online,SUCCESS,True,472,9.44,9.44,7.821049451828003,0,0.0,0,0.0,0.025679291150105817,0.255898938961723,0.0912908777962727,0.0,0.008732083133973376,0.02,13.277157956395591,4.490531862310675,13152.232193878175,0.43813285509096006,0.01016439573239472,10.0,10.0,15.0,15.0,10.0,15.0,0.0
/home/simon/davide_fr3_ws/src/cbf_safety_filter/config/generated_scenarios/scenario_0569.yaml,scenario_0569,fixed,SUCCESS,True,472,9.44,9.44,8.511947870254517,0,0.0,0,0.0,0.025679291150105817,0.255898938961723,0.0912908777962727,0.0,0.008732083133973376,0.02,13.277157956395591,4.490531862310675,13152.232193878175,0.43813285509096006,0.011462094420093601,10.0,10.0,15.0,15.0,10.0,15.0,0.0
/home/simon/davide_fr3_ws/src/cbf_safety_filter/config/generated_scenarios/scenario_0571.yaml,scenario_0571,davide_online,SUCCESS,True,414,8.28,8.28,10.826192378997803,32,0.07729468599033816,0,0.0,-0.0002550772691880254,-0.02228944434267558,-0.0014284315888446336,3.7470027081099033e-16,0.01562919503779501,0.02,3.97016102552014,1.8417232146980569,9731.554618329796,44.498718769250885,0.013053138474911307,13.58280971496413,200.0,16.702898550724637,250.0,10.0,15.0,0.0
/home/simon/davide_fr3_ws/src/cbf_safety_filter/config/generated_scenarios/scenario_0571.yaml,scenario_0571,fixed,SUCCESS,True,414,8.28,8.28,10.34150242805481,0,0.0,0,0.0,-0.0005617838846704963,-0.011578572879123415,-0.0019273986027414647,4.996003610813204e-16,0.016260832419889217,0.02,3.916895386265246,1.7802762319428411,7206.36400206069,44.575414837791186,0.012797298638716988,10.0,10.0,15.0,15.0,10.0,15.0,0.0
/home/simon/davide_fr3_ws/src/cbf_safety_filter/config/generated_scenarios/scenario_0576.yaml,scenario_0576,davide_online,QP_FAIL_OR_MAX_STEPS,False,3000,60.0,nan,69.35423159599304,2918,0.9726666666666667,2911,0.9703333333333334,-0.00020101199664012293,-0.0674583180202512,-0.0011549422849410212,1.6653345369377348e-16,0.2787560477911908,0.02,1.1085311125301214,1.1750706329995313,2012.7131649025798,14.31841790051301,0.012395002921422323,194.49744713013732,200.0,243.10666666666665,250.0,10.0,15.0,0.0
/home/simon/davide_fr3_ws/src/cbf_safety_filter/config/generated_scenarios/scenario_0576.yaml,scenario_0576,fixed,SUCCESS,True,426,8.52,8.52,12.376525163650513,0,0.0,0,0.0,-0.00028673108700903293,-0.0084085054860385,-0.0016521733085066992,7.077671781985373e-16,0.0096992560178245,0.02,20.30142315447906,5.4917280916663005,4726.767578520285,6.100068322244153,0.0160625417467574,10.0,10.0,15.0,15.0,10.0,15.0,0.0
/home/simon/davide_fr3_ws/src/cbf_safety_filter/config/generated_scenarios/scenario_0577.yaml,scenario_0577,davide_online,SUCCESS,True,388,7.76,7.76,10.976289987564087,18,0.04639175257731959,0,0.0,4.365858090315047e-06,-0.00025340604362412197,2.2831259539238258e-05,1.1102230246251565e-16,0.010092851613384,0.02,4.95412161552356,1.6110658585025635,15.393387962172806,1.063025630437857,0.014103445195660149,10.074718433645,14.955905143253643,15.0,15.0,10.0,15.0,0.0
/home/simon/davide_fr3_ws/src/cbf_safety_filter/config/generated_scenarios/scenario_0577.yaml,scenario_0577,fixed,SUCCESS,True,388,7.76,7.76,10.440435409545898,0,0.0,0,0.0,3.718781048300465e-06,-0.0004448794641717297,1.9447713570805436e-05,1.1102230246251565e-16,0.009761146848095295,0.02,4.938253519686711,1.5970088961990134,14.880611549444312,1.0494800175174723,0.013837442570125934,10.0,10.0,15.0,15.0,10.0,15.0,0.0
/home/simon/davide_fr3_ws/src/cbf_safety_filter/config/generated_scenarios/scenario_0579.yaml,scenario_0579,davide_online,SUCCESS,True,431,8.620000000000001,8.620000000000001,11.683294296264648,40,0.09280742459396751,0,0.0,-2.548081583369881e-05,-0.004457696328906391,-0.00014167159263253626,8.881784197001252e-16,0.009211255453618247,0.02,9.832728702380852,4.748780628702474,10915.058648591626,1.494958479055215,0.014167324296283057,11.602878769647356,200.0,16.09048723897912,250.0,10.0,15.0,0.0
/home/simon/davide_fr3_ws/src/cbf_safety_filter/config/generated_scenarios/scenario_0579.yaml,scenario_0579,fixed,SUCCESS,True,431,8.620000000000001,8.620000000000001,9.066199779510498,0,0.0,0,0.0,-0.0007770373442885156,-0.013128188091276177,-0.003567126167028062,3.3306690738754696e-16,0.00926765285342472,0.02,10.29862621258347,4.542453778291093,10365.075739880389,1.4775885651459342,0.01141551143885212,10.0,10.0,15.0,15.0,10.0,15.0,0.0
/home/simon/davide_fr3_ws/src/cbf_safety_filter/config/generated_scenarios/scenario_0581.yaml,scenario_0581,davide_online,SUCCESS,True,350,7.0,7.0,9.0329909324646,26,0.07428571428571429,0,0.0,-3.632312919374381e-06,-0.002137144094290229,-1.0810802954869247e-05,2.6020852139652106e-16,0.017338335403226934,0.02,6.350624999699699,1.8522962322878107,5079.438799213394,3.841507633292169,0.013666441781180245,12.252013468768466,200.0,17.014285714285716,250.0,10.0,15.0,0.0
/home/simon/davide_fr3_ws/src/cbf_safety_filter/config/generated_scenarios/scenario_0581.yaml,scenario_0581,fixed,SUCCESS,True,431,8.620000000000001,8.620000000000001,10.162487506866455,0,0.0,0,0.0,-9.423347881749866e-05,-0.001137001189982664,-0.0002806912690655472,1.1900203045200897e-15,0.004413429198889758,0.02,9.23603088069786,2.899567281821338,4254.508938481266,3.3328139980851423,0.012927409391115547,10.0,10.0,15.0,15.0,10.0,15.0,0.0
/home/simon/davide_fr3_ws/src/cbf_safety_filter/config/generated_scenarios/scenario_0582.yaml,scenario_0582,davide_online,SUCCESS,True,436,8.72,8.72,7.891530990600586,36,0.08256880733944955,0,0.0,-1.9685001090598286e-06,-0.003273578494155962,-6.001666191926547e-06,2.220446049250313e-16,0.009417001397571897,0.02,8.939655888525161,3.079355784724482,15958.056414364257,1.851567221289293,0.01115524987561987,12.55043409741151,200.0,16.61697247706422,250.0,10.0,15.0,0.0
/home/simon/davide_fr3_ws/src/cbf_safety_filter/config/generated_scenarios/scenario_0582.yaml,scenario_0582,fixed,SUCCESS,True,436,8.72,8.72,7.946436166763306,0,0.0,0,0.0,-0.00014002124408552322,-0.009352496375295526,-0.0006371470072338986,2.220446049250313e-16,0.00942796673754168,0.02,8.97483988066362,3.0571393849321016,15922.322092680002,1.6566969164673675,0.011714384096478103,10.0,10.0,15.0,15.0,10.0,15.0,0.0
/home/simon/davide_fr3_ws/src/cbf_safety_filter/config/generated_scenarios/scenario_0583.yaml,scenario_0583,davide_online,SUCCESS,True,397,7.94,7.94,8.655297040939331,28,0.07052896725440806,0,0.0,3.300172222962805e-07,-0.00016603757657158893,9.61585948866528e-07,2.7755575615628914e-17,0.009452539555256257,0.02,2.320728510932707,1.4120058487847182,7.291839734864117,0.11369816935979687,0.010852459395862647,10.290634262490606,36.81998708283446,17.95969773299748,250.0,10.0,15.0,0.0
/home/simon/davide_fr3_ws/src/cbf_safety_filter/config/generated_scenarios/scenario_0583.yaml,scenario_0583,fixed,SUCCESS,True,397,7.94,7.94,9.462535381317139,0,0.0,0,0.0,-9.441880242481993e-07,-0.0007257873039978953,-2.7511526605183967e-06,4.163336342344337e-17,0.009452550072703467,0.02,2.319154413410451,1.411660398732969,7.293605173932159,0.11327269443766959,0.012252190851744837,10.0,10.0,15.0,15.0,10.0,15.0,0.0
/home/simon/davide_fr3_ws/src/cbf_safety_filter/config/generated_scenarios/scenario_0586.yaml,scenario_0586,davide_online,QP_FAIL_OR_MAX_STEPS,False,3000,60.0,nan,71.39652824401855,2984,0.9946666666666667,2903,0.9676666666666667,0.002482396908019855,0.002250437811023123,0.009007016369607906,2.220446049250313e-16,0.4147139055785267,0.02,1.6714194878208162,1.2035524947555571,1380.2092931714753,91.27264748614263,0.013726215283075969,2.3073113648551664,3.409530090155894,9.19555865277908,9.402575252613588,2.0,3.0,0.0
/home/simon/davide_fr3_ws/src/cbf_safety_filter/config/generated_scenarios/scenario_0586.yaml,scenario_0586,fixed,QP_FAIL_OR_MAX_STEPS,False,3000,60.0,nan,58.954848527908325,0,0.0,2912,0.9706666666666667,3.8399848908791945e-05,-5.823004591880548e-05,0.00014395770850320067,1.3877787807814457e-16,0.4183832607002241,0.02,1.8000241105639159,1.2885566637493138,2999.2746602304805,56.16648338360778,0.011662942250569661,10.0,10.0,15.0,15.0,2.0,3.0,0.0
/home/simon/davide_fr3_ws/src/cbf_safety_filter/config/generated_scenarios/scenario_0587.yaml,scenario_0587,davide_online,SUCCESS,True,357,7.140000000000001,7.140000000000001,6.858004570007324,0,0.0,0,0.0,7.914454612165112e-06,9.985794763590666e-06,4.0745594277608044e-05,8.673617379884035e-19,0.009459352504066761,0.02,0.77384640926693,1.1631719279293489,1.6789891415033171,0.00797650125308448,0.011806274996418245,10.0,10.0,15.0,15.0,10.0,15.0,0.0
/home/simon/davide_fr3_ws/src/cbf_safety_filter/config/generated_scenarios/scenario_0587.yaml,scenario_0587,fixed,SUCCESS,True,357,7.140000000000001,7.140000000000001,6.374501943588257,0,0.0,0,0.0,7.914454612165112e-06,9.985794763590666e-06,4.0745594277608044e-05,8.673617379884035e-19,0.009459352504066761,0.02,0.77384640926693,1.1631719279293489,1.6789891415033171,0.00797650125308448,0.011331050001940474,10.0,10.0,15.0,15.0,10.0,15.0,0.0
/home/simon/davide_fr3_ws/src/cbf_safety_filter/config/generated_scenarios/scenario_0591.yaml,scenario_0591,davide_online,SUCCESS,True,442,8.84,8.84,12.32326626777649,14,0.03167420814479638,0,0.0,-0.0006246344294585145,-0.009815482766587258,-0.0035398035478666906,3.3306690738754696e-16,0.009376701624892642,0.02,8.614876144867873,2.2137834658115607,6313.321060615937,4.22141876719622,0.014743808707500475,10.89370827395206,200.0,15.531674208144796,250.0,10.0,15.0,0.0
/home/simon/davide_fr3_ws/src/cbf_safety_filter/config/generated_scenarios/scenario_0591.yaml,scenario_0591,fixed,SUCCESS,True,442,8.84,8.84,10.203917264938354,0,0.0,0,0.0,-0.0006246344294585145,-0.009815482766587258,-0.0035398035478666906,3.3306690738754696e-16,0.009427981733721438,0.02,8.6136586755406,2.2142817762234777,6029.412293742993,4.187171560072847,0.01263737516705267,10.0,10.0,15.0,15.0,10.0,15.0,0.0
/home/simon/davide_fr3_ws/src/cbf_safety_filter/config/generated_scenarios/scenario_0592.yaml,scenario_0592,davide_online,QP_FAIL_OR_MAX_STEPS,False,3000,60.0,nan,64.93582105636597,2931,0.977,2928,0.976,3.8234989105316586e-05,1.5964298837384022e-05,0.00011047047797344,2.7755575615628914e-17,0.41047404801202436,0.02,1.466766990379499,1.0533179245752362,1692.0821493975625,6.2242507678924985,0.011439410527547201,10.383054164496777,10.392340240905042,15.0,15.0,10.0,15.0,0.0
/home/simon/davide_fr3_ws/src/cbf_safety_filter/config/generated_scenarios/scenario_0592.yaml,scenario_0592,fixed,QP_FAIL_OR_MAX_STEPS,False,3000,60.0,nan,67.69545459747314,0,0.0,2928,0.976,3.8274794019414055e-05,7.292542344906395e-06,0.00011058544762482247,2.7755575615628914e-17,0.41047418919745327,0.02,1.4667669634108191,1.0533181305492216,1692.1705887488529,6.224303324260648,0.012361955006917318,10.0,10.0,15.0,15.0,10.0,15.0,0.0
/home/simon/davide_fr3_ws/src/cbf_safety_filter/config/generated_scenarios/scenario_0593.yaml,scenario_0593,davide_online,SUCCESS,True,438,8.76,8.76,11.809295177459717,73,0.16666666666666666,0,0.0,-2.1383658154773555e-07,-0.0003280073637922143,-8.664397579682959e-07,6.938893903907228e-18,0.009504182220730566,0.02,3.194192006083787,1.2921227355389926,13.038904464796845,0.02799219418392598,0.013365056961094407,11.817280111855716,170.65572410593884,24.121004566210047,250.0,10.0,15.0,0.0
/home/simon/davide_fr3_ws/src/cbf_safety_filter/config/generated_scenarios/scenario_0593.yaml,scenario_0593,fixed,SUCCESS,True,438,8.76,8.76,14.848459959030151,0,0.0,0,0.0,-5.554139932834393e-05,-0.0010107983281738534,-0.00021646517328499648,6.938893903907228e-18,0.009504196458559525,0.02,3.1946702214371063,1.2917943630065594,12.373547626605383,0.02793940675534341,0.01735678709805284,10.0,10.0,15.0,15.0,10.0,15.0,0.0
/home/simon/davide_fr3_ws/src/cbf_safety_filter/config/generated_scenarios/scenario_0594.yaml,scenario_0594,davide_online,SUCCESS,True,399,7.98,7.98,10.236162900924683,19,0.047619047619047616,0,0.0,5.888245755286681e-07,-4.554318912315263e-06,1.7756978963334724e-06,6.938893903907228e-18,0.009311258476980038,0.02,2.4057000904831765,1.0461031289140084,5.24091381607845,0.06779720817358882,0.014500084377470471,10.18439753620071,25.915452563972753,16.17794486215539,250.0,10.0,15.0,0.0
/home/simon/davide_fr3_ws/src/cbf_safety_filter/config/generated_scenarios/scenario_0594.yaml,scenario_0594,fixed,SUCCESS,True,399,7.98,7.98,7.544294357299805,0,0.0,0,0.0,-1.1889127951997258e-06,-2.195684612689235e-05,-3.585421141261147e-06,6.938893903907228e-18,0.009311269998975457,0.02,2.4057015025489137,1.0460225121305575,5.237868902649265,0.06760005039237701,0.011066947664533342,10.0,10.0,15.0,15.0,10.0,15.0,0.0
/home/simon/davide_fr3_ws/src/cbf_safety_filter/config/generated_scenarios/scenario_0601.yaml,scenario_0601,davide_online,SUCCESS,True,433,8.66,8.66,8.263217449188232,42,0.09699769053117784,0,0.0,-2.8163442944151296e-06,-0.0005465794684640995,-1.3476200489928591e-05,1.1102230246251565e-16,0.009338335796715353,0.02,8.059498342957824,3.596518765191796,5355.425894426669,0.1685463411891444,0.011801955881625345,14.144552360341944,200.0,19.884526558891455,250.0,10.0,15.0,0.0
/home/simon/davide_fr3_ws/src/cbf_safety_filter/config/generated_scenarios/scenario_0601.yaml,scenario_0601,fixed,SUCCESS,True,433,8.66,8.66,8.471803903579712,0,0.0,0,0.0,-0.00015082044881026442,-0.0015263700986191825,-0.0007241379164223266,2.7755575615628914e-17,0.009330157255373445,0.02,8.089893186277045,3.611558885173593,5293.890640465908,0.17191943306770865,0.01261745644496715,10.0,10.0,15.0,15.0,10.0,15.0,0.0
/home/simon/davide_fr3_ws/src/cbf_safety_filter/config/generated_scenarios/scenario_0604.yaml,scenario_0604,davide_online,SUCCESS,True,444,8.88,8.88,9.206631898880005,0,0.0,0,0.0,7.758504671173672e-05,0.00010006592083018954,0.0002521842869133706,1.0408340855860843e-17,0.0084920590255915,0.02,4.44839945837522,1.142456183838367,8.14614743321074,0.14811020747123768,0.010952688552237846,10.0,10.0,15.0,15.0,10.0,15.0,0.0
/home/simon/davide_fr3_ws/src/cbf_safety_filter/config/generated_scenarios/scenario_0604.yaml,scenario_0604,fixed,SUCCESS,True,444,8.88,8.88,9.664588212966919,0,0.0,0,0.0,7.758504671173672e-05,0.00010006592083018954,0.0002521842869133706,1.0408340855860843e-17,0.0084920590255915,0.02,4.44839945837522,1.142456183838367,8.14614743321074,0.14811020747123768,0.011893705204800443,10.0,10.0,15.0,15.0,10.0,15.0,0.0
/home/simon/davide_fr3_ws/src/cbf_safety_filter/config/generated_scenarios/scenario_0605.yaml,scenario_0605,davide_online,SUCCESS,True,386,7.72,7.72,7.9866783618927,31,0.08031088082901554,0,0.0,-7.631916887483603e-06,-0.002286882218970083,-2.6085431774541812e-05,1.1102230246251565e-16,0.009408284177489441,0.02,4.710702003315226,2.9352357158896054,7767.433452956652,0.2525880034324864,0.011759827174053291,11.897986354294487,200.0,16.826424870466322,250.0,10.0,15.0,0.0
/home/simon/davide_fr3_ws/src/cbf_safety_filter/config/generated_scenarios/scenario_0605.yaml,scenario_0605,fixed,SUCCESS,True,386,7.72,7.72,7.1803507804870605,0,0.0,0,0.0,-0.0006358253693482356,-0.007836863478995464,-0.0021894013937497903,6.678685382510707e-17,0.00942009696776116,0.02,4.5951791390514645,2.8849198597995285,7659.192823841324,0.26124158119561447,0.010992174939170403,10.0,10.0,15.0,15.0,10.0,15.0,0.0
/home/simon/davide_fr3_ws/src/cbf_safety_filter/config/generated_scenarios/scenario_0606.yaml,scenario_0606,davide_online,SUCCESS,True,404,8.08,8.08,8.662073850631714,24,0.0594059405940594,0,0.0,4.6900799583610153e-07,-1.2112791993196355e-05,1.1678451991570249e-06,1.1102230246251565e-16,0.009483899636337903,0.02,3.6380758026701483,2.1035560990534132,6977.123502183139,0.4365421766077793,0.013432525172091947,10.251021952203413,38.64092977036662,15.581683168316832,250.0,10.0,15.0,0.0
/home/simon/davide_fr3_ws/src/cbf_safety_filter/config/generated_scenarios/scenario_0606.yaml,scenario_0606,fixed,SUCCESS,True,404,8.08,8.08,8.352997779846191,0,0.0,0,0.0,-5.58500284798813e-06,-5.779318240577234e-05,-1.3907361211845659e-05,1.1102230246251565e-16,0.009484166635013691,0.02,3.64103015932935,2.105477247668198,6982.509826407717,0.4367363280210978,0.01347665503473565,10.0,10.0,15.0,15.0,10.0,15.0,0.0
/home/simon/davide_fr3_ws/src/cbf_safety_filter/config/generated_scenarios/scenario_0608.yaml,scenario_0608,davide_online,SUCCESS,True,419,8.38,8.38,10.219967603683472,0,0.0,0,0.0,0.00015065913486253524,0.0005314976133475712,0.0004491266272692862,2.7755575615628914e-17,0.009492657524573542,0.02,3.871145200577742,1.1803071516634156,7.9126040878912,0.1597109078598625,0.012968210730177121,10.0,10.0,15.0,15.0,10.0,15.0,0.0
/home/simon/davide_fr3_ws/src/cbf_safety_filter/config/generated_scenarios/scenario_0608.yaml,scenario_0608,fixed,SUCCESS,True,419,8.38,8.38,9.401655435562134,0,0.0,0,0.0,0.00015065913486253524,0.0005314976133475712,0.0004491266272692862,2.7755575615628914e-17,0.009492657524573542,0.02,3.871145200577742,1.1803071516634156,7.9126040878912,0.1597109078598625,0.012326800453349912,10.0,10.0,15.0,15.0,10.0,15.0,0.0
/home/simon/davide_fr3_ws/src/cbf_safety_filter/config/generated_scenarios/scenario_0609.yaml,scenario_0609,davide_online,SUCCESS,True,427,8.540000000000001,8.540000000000001,9.657489776611328,0,0.0,0,0.0,6.852932923510913e-05,0.00017378555958557805,0.0001747418227818487,2.7755575615628914e-17,0.009438262040720914,0.02,1.9031976794070111,1.1848571146902764,6.467930946121188,0.014494678480087725,0.012021767171819539,10.0,10.0,15.0,15.0,10.0,15.0,0.0
/home/simon/davide_fr3_ws/src/cbf_safety_filter/config/generated_scenarios/scenario_0609.yaml,scenario_0609,fixed,SUCCESS,True,427,8.540000000000001,8.540000000000001,8.439094305038452,0,0.0,0,0.0,6.852932923510913e-05,0.00017378555958557805,0.0001747418227818487,2.7755575615628914e-17,0.009438262040720914,0.02,1.9031976794070111,1.1848571146902764,6.467930946121188,0.014494678480087725,0.01089606407933827,10.0,10.0,15.0,15.0,10.0,15.0,0.0
/home/simon/davide_fr3_ws/src/cbf_safety_filter/config/generated_scenarios/scenario_0610.yaml,scenario_0610,davide_online,SUCCESS,True,451,9.02,9.02,14.62744927406311,15,0.03325942350332594,0,0.0,2.56066222871984e-05,-1.1202513553297685e-05,8.23146192625579e-05,1.1102230246251565e-16,0.00963096936295288,0.02,8.061854634189114,2.2541768504691193,10661.940381472663,0.6389276039402199,0.01730185443176134,10.01241293992553,11.684657292183692,15.0,15.0,10.0,15.0,0.0
/home/simon/davide_fr3_ws/src/cbf_safety_filter/config/generated_scenarios/scenario_0610.yaml,scenario_0610,fixed,SUCCESS,True,451,9.02,9.02,12.849716663360596,0,0.0,0,0.0,2.6966168485870884e-05,-4.4757630327896085e-05,8.668377623410883e-05,1.1102230246251565e-16,0.009634325779575965,0.02,8.072483880690838,2.2656248766395293,10672.043570731965,0.6373064665812231,0.0157546415561583,10.0,10.0,15.0,15.0,10.0,15.0,0.0
/home/simon/davide_fr3_ws/src/cbf_safety_filter/config/generated_scenarios/scenario_0613.yaml,scenario_0613,davide_online,QP_FAIL_OR_MAX_STEPS,False,3000,60.0,nan,61.586159229278564,2876,0.9586666666666667,2823,0.941,-3.1026417190382904e-05,-0.06733531030712658,-0.00011369723168819235,6.661338147750939e-16,0.09210068187971135,0.02,8.02902460514511,3.2546608011505014,49489.09458587551,23.145027526766196,0.012727806647618611,189.40806254786207,200.0,236.52666666666667,250.0,10.0,15.0,0.0
/home/simon/davide_fr3_ws/src/cbf_safety_filter/config/generated_scenarios/scenario_0613.yaml,scenario_0613,fixed,SUCCESS,True,410,8.2,8.2,6.736826181411743,0,0.0,0,0.0,-0.00023860385620911792,-0.012129138518752233,-0.0008456501071122946,6.661338147750939e-16,0.009475144442649333,0.02,17.36632372729169,5.15480653179871,7777.1736212506075,10.98248711659626,0.010619046048420231,10.0,10.0,15.0,15.0,10.0,15.0,0.0
/home/simon/davide_fr3_ws/src/cbf_safety_filter/config/generated_scenarios/scenario_0614.yaml,scenario_0614,davide_online,SUCCESS,True,323,6.46,6.46,8.430009603500366,0,0.0,0,0.0,3.2196194461563132e-06,7.000000293541396e-06,1.1879993770863573e-05,8.673617379884035e-19,0.009480726334851771,0.02,0.7175497474421201,1.1490466996352933,1.2911239855862997,0.010894367137652232,0.013857980999784204,10.0,10.0,15.0,15.0,10.0,15.0,0.0
/home/simon/davide_fr3_ws/src/cbf_safety_filter/config/generated_scenarios/scenario_0614.yaml,scenario_0614,fixed,SUCCESS,True,323,6.46,6.46,7.134408235549927,0,0.0,0,0.0,3.2196194461563132e-06,7.000000293541396e-06,1.1879993770863573e-05,8.673617379884035e-19,0.009480726334851771,0.02,0.7175497474421201,1.1490466996352933,1.2911239855862997,0.010894367137652232,0.012148427520374027,10.0,10.0,15.0,15.0,10.0,15.0,0.0
/home/simon/davide_fr3_ws/src/cbf_safety_filter/config/generated_scenarios/scenario_0616.yaml,scenario_0616,davide_online,SUCCESS,True,429,8.58,8.58,12.685414791107178,0,0.0,0,0.0,3.0186671561314993e-05,0.00017968465367912303,8.139171237991905e-05,2.7755575615628914e-17,0.009793539341777293,0.02,5.170159880098697,2.03564727498534,4031.595521250676,0.5444788033787997,0.015590513780678347,10.0,10.0,15.0,15.0,10.0,15.0,0.0
/home/simon/davide_fr3_ws/src/cbf_safety_filter/config/generated_scenarios/scenario_0616.yaml,scenario_0616,fixed,SUCCESS,True,429,8.58,8.58,9.42303991317749,0,0.0,0,0.0,3.0186671561314993e-05,0.00017968465367912303,8.139171237991905e-05,2.7755575615628914e-17,0.009793539341777293,0.02,5.170159880098697,2.03564727498534,4031.595521250676,0.5444788033787997,0.012035188697156928,10.0,10.0,15.0,15.0,10.0,15.0,0.0
/home/simon/davide_fr3_ws/src/cbf_safety_filter/config/generated_scenarios/scenario_0618.yaml,scenario_0618,davide_online,QP_FAIL_OR_MAX_STEPS,False,3000,60.0,nan,70.69411873817444,2843,0.9476666666666667,2796,0.932,-1.6665440386989805e-05,-0.004691044141121462,-5.654218930176147e-05,5.551115123125783e-16,0.06394016945384072,0.02,3.136162679932526,2.3319632268307253,41397.01183890579,4.451539818225157,0.012584996779759725,187.80100411499424,200.0,234.49,250.0,10.0,15.0,0.0
/home/simon/davide_fr3_ws/src/cbf_safety_filter/config/generated_scenarios/scenario_0618.yaml,scenario_0618,fixed,QP_FAIL_OR_MAX_STEPS,False,3000,60.0,nan,68.77869701385498,0,0.0,2800,0.9333333333333333,-0.0009583993146021347,-0.012311658592128728,-0.003287680313590585,5.551115123125783e-16,0.06546202326306876,0.02,3.08776182301018,2.3052953027929006,39613.87690088904,4.325172976620128,0.01264599847793579,10.0,10.0,15.0,15.0,10.0,15.0,0.0
/home/simon/davide_fr3_ws/src/cbf_safety_filter/config/generated_scenarios/scenario_0621.yaml,scenario_0621,davide_online,SUCCESS,True,415,8.3,8.3,12.533262014389038,4,0.00963855421686747,0,0.0,-6.750492582627277e-08,-1.039115668117162e-06,-3.305829339439459e-07,3.469446951953614e-18,0.009424511678627923,0.02,1.8800386377210603,1.102440197704769,3.8841309018849657,0.025008237932365982,0.01493840045239552,10.001514693957251,10.47694225262701,16.132530120481928,250.0,10.0,15.0,0.0
/home/simon/davide_fr3_ws/src/cbf_safety_filter/config/generated_scenarios/scenario_0621.yaml,scenario_0621,fixed,SUCCESS,True,415,8.3,8.3,9.601378917694092,0,0.0,0,0.0,-9.867868431406857e-08,-1.1528353089717094e-06,-4.832464144954862e-07,3.469446951953614e-18,0.009424527622388122,0.02,1.8800390506338955,1.1024403319099554,3.883869253579467,0.02501283021277757,0.011760378458413732,10.0,10.0,15.0,15.0,10.0,15.0,0.0
/home/simon/davide_fr3_ws/src/cbf_safety_filter/config/generated_scenarios/scenario_0622.yaml,scenario_0622,davide_online,SUCCESS,True,383,7.66,7.66,11.868958473205566,6,0.015665796344647518,0,0.0,8.888214964181476e-05,1.0783601251814715e-05,0.0002627606700358054,2.7755575615628914e-17,0.008216963504864375,0.02,6.035200653578214,2.2999232823301092,4360.302631325633,0.307358462936036,0.01658258674661422,10.011016847924168,11.242817092537859,15.0,15.0,10.0,15.0,0.0
/home/simon/davide_fr3_ws/src/cbf_safety_filter/config/generated_scenarios/scenario_0622.yaml,scenario_0622,fixed,SUCCESS,True,383,7.66,7.66,8.24158000946045,0,0.0,0,0.0,9.164473751706662e-05,-0.00011611339869156342,0.0002709211220789376,5.551115123125783e-17,0.008215743581901911,0.02,6.034885729421908,2.2997069539336192,4362.043637415613,0.3075917210566647,0.011846692381577454,10.0,10.0,15.0,15.0,10.0,15.0,0.0
/home/simon/davide_fr3_ws/src/cbf_safety_filter/config/generated_scenarios/scenario_0623.yaml,scenario_0623,davide_online,SUCCESS,True,412,8.24,8.24,13.326894044876099,26,0.06310679611650485,0,0.0,-1.612470648951203e-05,-0.0025992572616583293,-5.372282688753671e-05,1.1102230246251565e-16,0.007663704583640687,0.02,5.540466899755244,2.6418655911154825,6440.020918728411,0.9604783920059291,0.016371334640725144,12.858184044829398,200.0,17.851941747572816,250.0,10.0,15.0,0.0
/home/simon/davide_fr3_ws/src/cbf_safety_filter/config/generated_scenarios/scenario_0623.yaml,scenario_0623,fixed,SUCCESS,True,428,8.56,8.56,11.758894920349121,0,0.0,0,0.0,-0.0007243316366887659,-0.007728153017338793,-0.0024325412851184947,3.7470027081099033e-16,0.006553719042188269,0.02,6.1465189734887,2.4813907501043984,5573.217278163962,0.9770842188961414,0.014386738572165231,10.0,10.0,15.0,15.0,10.0,15.0,0.0
/home/simon/davide_fr3_ws/src/cbf_safety_filter/config/generated_scenarios/scenario_0624.yaml,scenario_0624,davide_online,QP_FAIL_OR_MAX_STEPS,False,3000,60.0,nan,80.38465690612793,2943,0.981,2905,0.9683333333333334,0.0063123903774024125,-0.025972297181093423,0.01867174769957941,3.885780586188048e-16,0.3934910754392499,0.02,1.7201179911513749,1.2010816870882177,147394.59330669703,44.39023750932267,0.014580636739730835,3.2274496449484578,3.8378618451938182,3.0,3.0,2.0,3.0,0.0
/home/simon/davide_fr3_ws/src/cbf_safety_filter/config/generated_scenarios/scenario_0624.yaml,scenario_0624,fixed,QP_FAIL_OR_MAX_STEPS,False,3000,60.0,nan,78.6502103805542,0,0.0,2932,0.9773333333333334,0.0005117084569569164,0.0005864698602747456,0.0012317509573538665,2.7755575615628914e-17,0.4195833122508548,0.02,1.4602745509913988,1.081760567320864,31095.67724848853,0.5552443419148009,0.01368012277285258,10.0,10.0,15.0,15.0,2.0,3.0,0.0
/home/simon/davide_fr3_ws/src/cbf_safety_filter/config/generated_scenarios/scenario_0626.yaml,scenario_0626,davide_online,SUCCESS,True,413,8.26,8.26,8.406083822250366,44,0.10653753026634383,0,0.0,-1.290290265187899e-06,-0.00018063189303259714,-3.936259180353785e-06,2.7755575615628914e-17,0.009473019097998137,0.02,2.7683583072773112,1.501256676113005,25.48570427039564,0.19159901593204404,0.011652800996424788,11.984238476133148,200.0,16.707021791767556,250.0,10.0,15.0,0.0
/home/simon/davide_fr3_ws/src/cbf_safety_filter/config/generated_scenarios/scenario_0626.yaml,scenario_0626,fixed,SUCCESS,True,413,8.26,8.26,8.26478910446167,0,0.0,0,0.0,-5.243473925286429e-05,-0.000578474772500291,-0.0001600376794133329,2.0816681711721685e-17,0.009472951226305048,0.02,2.690511369908848,1.4980088107453728,5.766360936517423,0.17841291905396012,0.01186548249196198,10.0,10.0,15.0,15.0,10.0,15.0,0.0
/home/simon/davide_fr3_ws/src/cbf_safety_filter/config/generated_scenarios/scenario_0628.yaml,scenario_0628,davide_online,SUCCESS,True,460,9.200000000000001,9.200000000000001,15.429336071014404,12,0.02608695652173913,0,0.0,1.680076954846399e-05,-0.00016322570472220368,4.113388235107984e-05,2.220446049250313e-16,0.009718202371545968,0.02,9.444098713301747,2.893744688636527,14870.213593127644,1.8755120965641092,0.016675968792127526,10.055446436211449,16.229638974483343,15.0,15.0,10.0,15.0,0.0
/home/simon/davide_fr3_ws/src/cbf_safety_filter/config/generated_scenarios/scenario_0628.yaml,scenario_0628,fixed,SUCCESS,True,462,9.24,9.24,12.660948753356934,0,0.0,0,0.0,1.758388754963952e-05,-0.00027705941962608265,4.305101410337353e-05,2.220446049250313e-16,0.00918798044372718,0.02,10.076828739738787,2.7391422158953227,14575.652516379065,2.009159830745322,0.014105015502863633,10.0,10.0,15.0,15.0,10.0,15.0,0.0
/home/simon/davide_fr3_ws/src/cbf_safety_filter/config/generated_scenarios/scenario_0631.yaml,scenario_0631,davide_online,SUCCESS,True,368,7.36,7.36,8.785134315490723,53,0.14402173913043478,0,0.0,-3.3896737778489616e-06,-0.0003550941095266818,-1.2517837792158648e-05,5.551115123125783e-17,0.009512257135873824,0.02,3.4905842926801722,1.6956922736234181,45.665302715057216,1.183444110155399,0.014774982048117596,12.728425023015086,200.0,17.554347826086957,250.0,10.0,15.0,0.0
/home/simon/davide_fr3_ws/src/cbf_safety_filter/config/generated_scenarios/scenario_0631.yaml,scenario_0631,fixed,SUCCESS,True,368,7.36,7.36,9.04676866531372,0,0.0,0,0.0,-0.00010862931993442168,-0.001242001506602283,-0.00040173823316991264,5.551115123125783e-17,0.009513666663216094,0.02,3.4751920643893723,1.7044230622471421,5.819315737926777,1.1397442090166492,0.01577999410421952,10.0,10.0,15.0,15.0,10.0,15.0,0.0
/home/simon/davide_fr3_ws/src/cbf_safety_filter/config/generated_scenarios/scenario_0634.yaml,scenario_0634,davide_online,SUCCESS,True,417,8.34,8.34,8.018479585647583,0,0.0,0,0.0,-0.0006251687028606383,-0.008031757749944576,-0.0035428933103856253,5.551115123125783e-17,0.009684102530051855,0.02,23.37058889020019,7.382594042610886,23077.01734711614,20.900644115961907,0.010962279294606306,10.0,10.0,15.0,15.0,10.0,15.0,0.0
/home/simon/davide_fr3_ws/src/cbf_safety_filter/config/generated_scenarios/scenario_0634.yaml,scenario_0634,fixed,SUCCESS,True,417,8.34,8.34,12.643800497055054,0,0.0,0,0.0,-0.0006251687028606383,-0.008031757749944576,-0.0035428933103856253,5.551115123125783e-17,0.009684102530051855,0.02,23.37058889020019,7.382594042610886,23077.01734711614,20.900644115961907,0.017842348816869358,10.0,10.0,15.0,15.0,10.0,15.0,0.0
/home/simon/davide_fr3_ws/src/cbf_safety_filter/config/generated_scenarios/scenario_0635.yaml,scenario_0635,davide_online,SUCCESS,True,379,7.58,7.58,7.964043140411377,7,0.018469656992084433,0,0.0,1.8729717954624886e-05,1.0159583578517198e-05,5.491701488594125e-05,1.1102230246251565e-16,0.008900919682183053,0.02,3.305716444928338,1.9108722702341623,5532.996633091963,0.6832127524076087,0.011997187043242845,10.004126594293316,10.362142985722986,15.0,15.0,10.0,15.0,0.0
/home/simon/davide_fr3_ws/src/cbf_safety_filter/config/generated_scenarios/scenario_0635.yaml,scenario_0635,fixed,SUCCESS,True,379,7.58,7.58,9.01819396018982,0,0.0,0,0.0,1.8883560018164575e-05,5.994704804565673e-06,5.5368018770263205e-05,1.1102230246251565e-16,0.00890089207459337,0.02,3.3057165074999992,1.910872047114646,5532.996611142429,0.6832252126253254,0.014055326934854714,10.0,10.0,15.0,15.0,10.0,15.0,0.0
/home/simon/davide_fr3_ws/src/cbf_safety_filter/config/generated_scenarios/scenario_0637.yaml,scenario_0637,davide_online,SUCCESS,True,400,8.0,8.0,6.476088523864746,0,0.0,0,0.0,-0.0001700949822855645,-0.0017702009242984446,-0.0009499858634798714,1.5612511283791264e-17,0.008733673714196871,0.02,10.890175530448063,4.339050239049049,11402.450816979033,2.6574868937483997,0.010146652460098266,10.0,10.0,15.0,15.0,10.0,15.0,0.0
/home/simon/davide_fr3_ws/src/cbf_safety_filter/config/generated_scenarios/scenario_0637.yaml,scenario_0637,fixed,SUCCESS,True,400,8.0,8.0,7.768713474273682,0,0.0,0,0.0,-0.0001700949822855645,-0.0017702009242984446,-0.0009499858634798714,1.5612511283791264e-17,0.008733673714196871,0.02,10.890175530448063,4.339050239049049,11402.450816979033,2.6574868937483997,0.012634443044662476,10.0,10.0,15.0,15.0,10.0,15.0,0.0
/home/simon/davide_fr3_ws/src/cbf_safety_filter/config/generated_scenarios/scenario_0642.yaml,scenario_0642,davide_online,QP_FAIL_OR_MAX_STEPS,False,3000,60.0,nan,66.96107292175293,2855,0.9516666666666667,2820,0.94,-8.734930876995103e-05,-0.05051249392452677,-0.0002497476647600194,8.881784197001252e-16,0.09332042201080214,0.02,2.9764307409718658,2.1948453582669787,68909.88508472836,8.1799436549209,0.011520116726557414,189.0616838726789,200.0,236.21333333333334,250.0,10.0,15.0,0.0
/home/simon/davide_fr3_ws/src/cbf_safety_filter/config/generated_scenarios/scenario_0642.yaml,scenario_0642,fixed,QP_FAIL_OR_MAX_STEPS,False,3000,60.0,nan,65.11934089660645,0,0.0,2747,0.9156666666666666,-0.0013598842199122364,-0.017308049364978626,-0.003929500555800797,8.881784197001252e-16,0.05224994831970489,0.02,4.2901524192925695,2.8773774785973485,40028.3358513578,16.23153828154079,0.011536720196406046,10.0,10.0,15.0,15.0,10.0,15.0,0.0
/home/simon/davide_fr3_ws/src/cbf_safety_filter/config/generated_scenarios/scenario_0643.yaml,scenario_0643,davide_online,SUCCESS,True,350,7.0,7.0,6.686801195144653,0,0.0,0,0.0,9.12470419391076e-06,2.2956780320431292e-05,2.3017594309449052e-05,8.673617379884035e-19,0.009505518373800988,0.02,0.991469197651321,1.09331069138476,2.5055172506345116,0.0005473620134980493,0.011061622074672154,10.0,10.0,15.0,15.0,10.0,15.0,0.0
/home/simon/davide_fr3_ws/src/cbf_safety_filter/config/generated_scenarios/scenario_0643.yaml,scenario_0643,fixed,SUCCESS,True,350,7.0,7.0,9.184444189071655,0,0.0,0,0.0,9.12470419391076e-06,2.2956780320431292e-05,2.3017594309449052e-05,8.673617379884035e-19,0.009505518373800988,0.02,0.991469197651321,1.09331069138476,2.5055172506345116,0.0005473620134980493,0.015878116743905202,10.0,10.0,15.0,15.0,10.0,15.0,0.0
/home/simon/davide_fr3_ws/src/cbf_safety_filter/config/generated_scenarios/scenario_0650.yaml,scenario_0650,davide_online,SUCCESS,True,407,8.14,8.14,9.830258846282959,50,0.12285012285012285,0,0.0,-1.1837331553519667e-05,-0.0016382873445085992,-4.864296504342169e-05,2.220446049250313e-16,0.009458510728359114,0.02,10.14402640509364,2.5496802881620635,7924.442665362949,11.111160087022878,0.011872491321048222,15.17600429067745,200.0,20.196560196560196,250.0,10.0,15.0,0.0
/home/simon/davide_fr3_ws/src/cbf_safety_filter/config/generated_scenarios/scenario_0650.yaml,scenario_0650,fixed,SUCCESS,True,407,8.14,8.14,8.928403377532959,0,0.0,0,0.0,-0.00027907932379067635,-0.003450665048853317,-0.0011061678416916798,1.1102230246251565e-16,0.009929307190003797,0.02,10.284394006820166,2.461899355532288,5708.674327095811,10.762728315962269,0.011143378602198946,10.0,10.0,15.0,15.0,10.0,15.0,0.0
/home/simon/davide_fr3_ws/src/cbf_safety_filter/config/generated_scenarios/scenario_0652.yaml,scenario_0652,davide_online,QP_FAIL_OR_MAX_STEPS,False,3000,60.0,nan,68.422354221344,2906,0.9686666666666667,2898,0.966,-0.00042122339217606775,-0.14772551838938397,-0.0011785060476307008,2.7755575615628914e-16,0.3358879121447889,0.02,2.864068313338402,1.4479002931132772,41149.057387206914,12.275442707448533,0.011610419829686483,193.55645674590193,200.0,242.01,250.0,10.0,15.0,0.0
/home/simon/davide_fr3_ws/src/cbf_safety_filter/config/generated_scenarios/scenario_0652.yaml,scenario_0652,fixed,SUCCESS,True,456,9.120000000000001,9.120000000000001,10.041053295135498,0,0.0,0,0.0,-0.0013594949454965796,-0.05652260849118314,-0.0038320683016311863,4.440892098500626e-16,0.009460695126360165,0.02,19.51063559100204,5.033954041513243,14670.652292302324,4.205789689992154,0.011533750776658979,10.0,10.0,15.0,15.0,10.0,15.0,0.0
/home/simon/davide_fr3_ws/src/cbf_safety_filter/config/generated_scenarios/scenario_0654.yaml,scenario_0654,davide_online,SUCCESS,True,414,8.28,8.28,7.295782089233398,48,0.11594202898550725,0,0.0,-7.093429660459671e-07,-0.0002751830955662925,-1.7394457864639001e-06,2.7755575615628914e-17,0.011793350661594282,0.02,4.578154216952413,1.632335138420342,3196.728083467903,0.5854699887943327,0.010906081844643119,12.41059222503977,200.0,17.83816425120773,250.0,10.0,15.0,0.0
/home/simon/davide_fr3_ws/src/cbf_safety_filter/config/generated_scenarios/scenario_0654.yaml,scenario_0654,fixed,SUCCESS,True,414,8.28,8.28,8.025911331176758,0,0.0,0,0.0,-7.867222035483346e-05,-0.0010809232386144122,-0.00019300998825502735,5.551115123125783e-17,0.010904624982520565,0.02,4.558759667366242,1.6245385893296191,3158.0699088922283,0.6044103075613158,0.012487399405327396,10.0,10.0,15.0,15.0,10.0,15.0,0.0
/home/simon/davide_fr3_ws/src/cbf_safety_filter/config/generated_scenarios/scenario_0658.yaml,scenario_0658,davide_online,QP_FAIL_OR_MAX_STEPS,False,3000,60.0,nan,70.44995474815369,2856,0.952,2810,0.9366666666666666,-3.146476047246466e-05,-0.014574246829054189,-7.612616271193695e-05,3.7470027081099033e-16,0.12685392514000296,0.02,5.480855391314513,1.7173343854045817,47437.61299455927,7.61505688036383,0.011869488795598349,188.34145935797284,200.0,235.35166666666666,250.0,10.0,15.0,0.0
/home/simon/davide_fr3_ws/src/cbf_safety_filter/config/generated_scenarios/scenario_0658.yaml,scenario_0658,fixed,QP_FAIL_OR_MAX_STEPS,False,3000,60.0,nan,69.24424719810486,0,0.0,2679,0.893,-0.0009715690762715015,-0.015381486896756572,-0.0023637062983462576,4.440892098500626e-16,0.10936769174555006,0.02,10.020594480257417,2.537117790939861,22115.016490819504,51.21354161893091,0.011952446063359578,10.0,10.0,15.0,15.0,10.0,15.0,0.0
/home/simon/davide_fr3_ws/src/cbf_safety_filter/config/generated_scenarios/scenario_0659.yaml,scenario_0659,davide_online,SUCCESS,True,366,7.32,7.32,7.159114837646484,0,0.0,0,0.0,0.00012759247666482496,0.000323800875149751,0.000491323602555549,2.0816681711721685e-17,0.009518930284944575,0.02,2.910915185195073,1.0562707520213817,3.8002316463893058,0.08959109290302289,0.01054060003145145,10.0,10.0,15.0,15.0,10.0,15.0,0.0
/home/simon/davide_fr3_ws/src/cbf_safety_filter/config/generated_scenarios/scenario_0659.yaml,scenario_0659,fixed,SUCCESS,True,366,7.32,7.32,7.173483610153198,0,0.0,0,0.0,0.00012759247666482496,0.000323800875149751,0.000491323602555549,2.0816681711721685e-17,0.009518930284944575,0.02,2.910915185195073,1.0562707520213817,3.8002316463893058,0.08959109290302289,0.010965268468596245,10.0,10.0,15.0,15.0,10.0,15.0,0.0
/home/simon/davide_fr3_ws/src/cbf_safety_filter/config/generated_scenarios/scenario_0661.yaml,scenario_0661,davide_online,SUCCESS,True,423,8.46,8.46,9.438925504684448,29,0.06855791962174941,0,0.0,-1.139949192171738e-06,-0.00016232709863482804,-5.407867349149775e-06,2.7755575615628914e-17,0.009437734652345708,0.02,4.033269709588787,1.5125767203248195,47.440817712970244,2.575497490732441,0.013725554125810628,11.296701572776033,200.0,17.77777777777778,250.0,10.0,15.0,0.0
/home/simon/davide_fr3_ws/src/cbf_safety_filter/config/generated_scenarios/scenario_0661.yaml,scenario_0661,fixed,SUCCESS,True,423,8.46,8.46,8.262031555175781,0,0.0,0,0.0,-3.246917967364947e-05,-0.0003427560718717998,-0.0001541410775400126,1.5612511283791264e-17,0.009438329193408083,0.02,4.0327659849402036,1.5186960407112136,8.421453397058773,2.532218915003407,0.012475063332992807,10.0,10.0,15.0,15.0,10.0,15.0,0.0
/home/simon/davide_fr3_ws/src/cbf_safety_filter/config/generated_scenarios/scenario_0662.yaml,scenario_0662,davide_online,SUCCESS,True,362,7.24,7.24,8.340774059295654,44,0.12154696132596685,0,0.0,1.5125518096122809e-06,-0.0006312167158858887,6.813087348886415e-06,8.326672684688674e-17,0.010288480639182815,0.02,8.686709821871993,2.448873329790388,8002.032833847085,5.118700260958049,0.011532917207117238,11.086339391888872,200.0,15.649171270718233,250.0,10.0,15.0,0.0
/home/simon/davide_fr3_ws/src/cbf_safety_filter/config/generated_scenarios/scenario_0662.yaml,scenario_0662,fixed,SUCCESS,True,362,7.24,7.24,8.030864477157593,0,0.0,0,0.0,-6.964869095632369e-05,-0.0027617880326680977,-0.0003141774704471245,4.440892098500626e-16,0.010238679843241711,0.02,7.966656886806489,2.2545253086146038,7997.7065924197495,5.181355158489897,0.011373614079385832,10.0,10.0,15.0,15.0,10.0,15.0,0.0
/home/simon/davide_fr3_ws/src/cbf_safety_filter/config/generated_scenarios/scenario_0664.yaml,scenario_0664,davide_online,SUCCESS,True,362,7.24,7.24,8.183395385742188,0,0.0,0,0.0,4.951391583919024e-05,0.00011186364735648073,0.00013657633207700415,6.938893903907228e-18,0.009451491152758769,0.02,1.2588292547186157,1.2042541188920055,3.976500489265075,0.0201779378721689,0.0130530319161178,10.0,10.0,15.0,15.0,10.0,15.0,0.0
/home/simon/davide_fr3_ws/src/cbf_safety_filter/config/generated_scenarios/scenario_0664.yaml,scenario_0664,fixed,SUCCESS,True,362,7.24,7.24,7.471620321273804,0,0.0,0,0.0,4.951391583919024e-05,0.00011186364735648073,0.00013657633207700415,6.938893903907228e-18,0.009451491152758769,0.02,1.2588292547186157,1.2042541188920055,3.976500489265075,0.0201779378721689,0.012304012288046147,10.0,10.0,15.0,15.0,10.0,15.0,0.0
/home/simon/davide_fr3_ws/src/cbf_safety_filter/config/generated_scenarios/scenario_0668.yaml,scenario_0668,davide_online,SUCCESS,True,417,8.34,8.34,9.579415798187256,27,0.06474820143884892,0,0.0,-3.691457238771262e-06,-0.0012181762751408813,-1.887430203501017e-05,2.7755575615628914e-17,0.009173621718967923,0.02,5.225075833347868,2.1987669510090058,4240.717543560005,0.7141286946882636,0.011466124074922191,12.66497428428576,200.0,16.690647482014388,250.0,10.0,15.0,0.0
/home/simon/davide_fr3_ws/src/cbf_safety_filter/config/generated_scenarios/scenario_0668.yaml,scenario_0668,fixed,SUCCESS,True,417,8.34,8.34,10.279114484786987,0,0.0,0,0.0,-0.00020044879597382048,-0.0025722848700146404,-0.0010302154387735601,1.3877787807814457e-17,0.00932533765406457,0.02,5.116546794264198,2.119708042251828,3882.9199617197064,0.681847614105077,0.012653299372830837,10.0,10.0,15.0,15.0,10.0,15.0,0.0
/home/simon/davide_fr3_ws/src/cbf_safety_filter/config/generated_scenarios/scenario_0669.yaml,scenario_0669,davide_online,SUCCESS,True,467,9.34,9.34,10.30580759048462,140,0.29978586723768735,0,0.0,0.0005792817954399683,-0.0005445756841488125,0.0019745468773815777,0.0004099423826286752,0.006167612894639406,0.02,14.033690235097948,3.450204900342331,6890.604664598601,36.97305175118625,0.012046644468123703,2.480570198445775,9.53485555959329,3.0,3.0,2.0,3.0,0.0
/home/simon/davide_fr3_ws/src/cbf_safety_filter/config/generated_scenarios/scenario_0669.yaml,scenario_0669,fixed,SUCCESS,True,1520,30.400000000000002,30.400000000000002,33.30862283706665,0,0.0,0,0.0,-0.0011017436388122727,-0.013769838153205111,-0.0033585500828955672,8.602074764800398e-15,0.0030698936149370555,0.02,72.09700517659007,18.941109658157153,14828.815212895945,15.833824673615254,0.012260716212423224,10.0,10.0,15.0,15.0,2.0,3.0,0.0
/home/simon/davide_fr3_ws/src/cbf_safety_filter/config/generated_scenarios/scenario_0670.yaml,scenario_0670,davide_online,QP_FAIL_OR_MAX_STEPS,False,3000,60.0,nan,70.77923679351807,1,0.0003333333333333333,2923,0.9743333333333334,-0.0003798690782534234,-0.004379265272500033,-0.002135724428260516,5.551115123125783e-17,0.3635925898820149,0.02,1.4888538763242838,1.052020674956161,6161.0264310971625,23.230887040076155,0.011997846047083536,10.00021034647597,10.631039427915498,15.0,15.0,10.0,15.0,0.0
/home/simon/davide_fr3_ws/src/cbf_safety_filter/config/generated_scenarios/scenario_0670.yaml,scenario_0670,fixed,QP_FAIL_OR_MAX_STEPS,False,3000,60.0,nan,72.55556631088257,0,0.0,2923,0.9743333333333334,-0.0003820477578398325,-0.004379265272500033,-0.0021481232860665195,5.551115123125783e-17,0.3636206668298289,0.02,1.488665393113042,1.0519648391050849,6162.709019278159,23.229988623839436,0.012671159505844116,10.0,10.0,15.0,15.0,10.0,15.0,0.0
/home/simon/davide_fr3_ws/src/cbf_safety_filter/config/generated_scenarios/scenario_0671.yaml,scenario_0671,davide_online,SUCCESS,True,383,7.66,7.66,6.9743897914886475,21,0.05483028720626632,0,0.0,-3.891159065655403e-06,-0.0007632996667959364,-1.2345531338192606e-05,2.220446049250313e-16,0.009985886419885003,0.02,10.62890987670003,3.780889788020592,6288.686454566869,2.309392792376133,0.011437411719140434,11.21777944371928,200.0,15.613577023498694,250.0,10.0,15.0,0.0
/home/simon/davide_fr3_ws/src/cbf_safety_filter/config/generated_scenarios/scenario_0671.yaml,scenario_0671,fixed,SUCCESS,True,383,7.66,7.66,6.658825874328613,0,0.0,0,0.0,-0.00012023028957943577,-0.0022659861559960505,-0.00038190399823381793,2.220446049250313e-16,0.009977074778744804,0.02,10.605650447907552,3.7594178762850063,6259.915101221687,2.2826204514140933,0.01136283276909014,10.0,10.0,15.0,15.0,10.0,15.0,0.0
/home/simon/davide_fr3_ws/src/cbf_safety_filter/config/generated_scenarios/scenario_0672.yaml,scenario_0672,davide_online,SUCCESS,True,426,8.52,8.52,10.860868692398071,0,0.0,0,0.0,3.2099396899951116e-05,0.00025978522805621823,7.820000404318295e-05,1.1102230246251565e-16,0.009562854633484379,0.02,6.932368378746763,3.2642633686962697,1538.1006449083543,1.2106725136025507,0.013507434459919102,10.0,10.0,15.0,15.0,10.0,15.0,0.0
/home/simon/davide_fr3_ws/src/cbf_safety_filter/config/generated_scenarios/scenario_0672.yaml,scenario_0672,fixed,SUCCESS,True,426,8.52,8.52,8.93702220916748,0,0.0,0,0.0,3.2099396899951116e-05,0.00025978522805621823,7.820000404318295e-05,1.1102230246251565e-16,0.009562854633484379,0.02,6.932368378746763,3.2642633686962697,1538.1006449083543,1.2106725136025507,0.01147346149587855,10.0,10.0,15.0,15.0,10.0,15.0,0.0
/home/simon/davide_fr3_ws/src/cbf_safety_filter/config/generated_scenarios/scenario_0673.yaml,scenario_0673,davide_online,SUCCESS,True,415,8.3,8.3,9.741846561431885,0,0.0,0,0.0,0.000667519709039964,0.0012501582527491874,0.0020299843107045856,1.1102230246251565e-16,0.00960648561431983,0.02,7.903412797015554,3.768824531610033,9380.098431665438,0.2467960337532674,0.011719254413283016,10.0,10.0,15.0,15.0,10.0,15.0,0.0
/home/simon/davide_fr3_ws/src/cbf_safety_filter/config/generated_scenarios/scenario_0673.yaml,scenario_0673,fixed,SUCCESS,True,415,8.3,8.3,9.488925218582153,0,0.0,0,0.0,0.000667519709039964,0.0012501582527491874,0.0020299843107045856,1.1102230246251565e-16,0.00960648561431983,0.02,7.903412797015554,3.768824531610033,9380.098431665438,0.2467960337532674,0.01165252708526979,10.0,10.0,15.0,15.0,10.0,15.0,0.0
/home/simon/davide_fr3_ws/src/cbf_safety_filter/config/generated_scenarios/scenario_0674.yaml,scenario_0674,davide_online,SUCCESS,True,405,8.1,8.1,8.909599781036377,0,0.0,0,0.0,0.0012536504740705383,0.005530129068016535,0.0035203005060066572,2.220446049250313e-16,0.008807613353243534,0.02,9.139759805215391,5.007156010142394,19719.51951635013,0.936460030805762,0.01106883802531678,10.0,10.0,15.0,15.0,10.0,15.0,0.0
/home/simon/davide_fr3_ws/src/cbf_safety_filter/config/generated_scenarios/scenario_0674.yaml,scenario_0674,fixed,SUCCESS,True,405,8.1,8.1,9.038761377334595,0,0.0,0,0.0,0.0012536504740705383,0.005530129068016535,0.0035203005060066572,2.220446049250313e-16,0.008807613353243534,0.02,9.139759805215391,5.007156010142394,19719.51951635013,0.936460030805762,0.011582771937052408,10.0,10.0,15.0,15.0,10.0,15.0,0.0
/home/simon/davide_fr3_ws/src/cbf_safety_filter/config/generated_scenarios/scenario_0675.yaml,scenario_0675,davide_online,QP_FAIL_OR_MAX_STEPS,False,3000,60.0,nan,81.25613069534302,2841,0.947,2809,0.9363333333333334,-0.00023409092889862398,-0.07295388504873894,-0.000592023790573798,5.551115123125783e-17,0.07935906491018102,0.02,1.8535816445912814,1.4461672993006784,8390.148978086741,0.8670080411328517,0.013632444302241007,188.22284685380987,200.0,235.43,250.0,10.0,15.0,0.0
/home/simon/davide_fr3_ws/src/cbf_safety_filter/config/generated_scenarios/scenario_0675.yaml,scenario_0675,fixed,SUCCESS,True,402,8.040000000000001,8.040000000000001,8.565253019332886,0,0.0,0,0.0,-3.5124867542937754e-05,-0.0011994567321816675,-8.871903689505745e-05,2.7755575615628914e-16,0.009475398956600278,0.02,3.4859130406618513,1.7338884114864894,5070.130959621537,0.9427176392739862,0.01099437979323354,10.0,10.0,15.0,15.0,10.0,15.0,0.0
/home/simon/davide_fr3_ws/src/cbf_safety_filter/config/generated_scenarios/scenario_0677.yaml,scenario_0677,davide_online,SUCCESS,True,455,9.1,9.1,10.922086477279663,16,0.035164835164835165,0,0.0,6.955975513912166e-06,-0.00479133556482513,3.382700023329965e-05,4.440892098500626e-16,0.009316750520323994,0.02,11.252147667819163,4.946211408004743,7321.067014469509,1.8873270770399804,0.011984192146049752,10.90874728176749,200.0,15.516483516483516,250.0,10.0,15.0,0.0
/home/simon/davide_fr3_ws/src/cbf_safety_filter/config/generated_scenarios/scenario_0677.yaml,scenario_0677,fixed,SUCCESS,True,455,9.1,9.1,10.36270809173584,0,0.0,0,0.0,-0.0006178016540690015,-0.011202724691648876,-0.003050121073101056,2.220446049250313e-16,0.009557800771564325,0.02,13.237857502086639,5.2902032123867135,8723.283387311787,2.057105650771313,0.011642488542493883,10.0,10.0,15.0,15.0,10.0,15.0,0.0
/home/simon/davide_fr3_ws/src/cbf_safety_filter/config/generated_scenarios/scenario_0678.yaml,scenario_0678,davide_online,SUCCESS,True,415,8.3,8.3,9.67721676826477,72,0.17349397590361446,0,0.0,2.0930158447368674e-07,-8.299093547128639e-05,6.010948396251159e-07,5.551115123125783e-17,0.010712183882074127,0.02,4.406779091205772,1.4945492659318982,833.9807857397875,0.870532331394186,0.011619050244250929,11.5689206771903,63.472518835026435,23.49397590361446,250.0,10.0,15.0,0.0
/home/simon/davide_fr3_ws/src/cbf_safety_filter/config/generated_scenarios/scenario_0678.yaml,scenario_0678,fixed,SUCCESS,True,415,8.3,8.3,9.734670400619507,0,0.0,0,0.0,-2.892039087930287e-05,-0.00034865100005050144,-8.307665884707549e-05,2.7755575615628914e-17,0.01315230871419018,0.02,4.408875572819976,1.4968357152175378,859.0697005050035,0.94103048907153,0.012075225990938854,10.0,10.0,15.0,15.0,10.0,15.0,0.0
/home/simon/davide_fr3_ws/src/cbf_safety_filter/config/generated_scenarios/scenario_0681.yaml,scenario_0681,davide_online,QP_FAIL_OR_MAX_STEPS,False,3000,60.0,nan,60.105149269104004,2948,0.9826666666666667,2935,0.9783333333333334,-9.747232730472448e-05,-0.03349315479562211,-0.0004724153946315812,2.220446049250313e-16,0.2899854490144756,0.02,0.6596040173693949,1.1718224074324033,319.62074431184993,1.749922204707254,0.01148633321126302,196.01241626320947,200.0,244.98666666666668,250.0,10.0,15.0,0.0
/home/simon/davide_fr3_ws/src/cbf_safety_filter/config/generated_scenarios/scenario_0681.yaml,scenario_0681,fixed,SUCCESS,True,406,8.120000000000001,8.120000000000001,10.906913995742798,0,0.0,0,0.0,-0.00012961550071474703,-0.0021652498248955643,-0.000526306723997047,5.551115123125783e-17,0.009459601386888013,0.02,5.779513262939785,2.6260478607384794,1671.0189236630765,1.2943049411762346,0.015774778544609184,10.0,10.0,15.0,15.0,10.0,15.0,0.0
/home/simon/davide_fr3_ws/src/cbf_safety_filter/config/generated_scenarios/scenario_0688.yaml,scenario_0688,davide_online,SUCCESS,True,439,8.78,8.78,10.12735915184021,0,0.0,0,0.0,0.00015179568957682243,0.00045216012753850586,0.000404783342292131,6.938893903907228e-18,0.009464823066270929,0.02,2.9898066039312816,1.2314793233373016,10.9517832497817,0.00606947847406277,0.012373986168168401,10.0,10.0,15.0,15.0,10.0,15.0,0.0
/home/simon/davide_fr3_ws/src/cbf_safety_filter/config/generated_scenarios/scenario_0688.yaml,scenario_0688,fixed,SUCCESS,True,439,8.78,8.78,9.645249605178833,0,0.0,0,0.0,0.00015179568957682243,0.00045216012753850586,0.000404783342292131,6.938893903907228e-18,0.009464823066270929,0.02,2.9898066039312816,1.2314793233373016,10.9517832497817,0.00606947847406277,0.01223558934239972,10.0,10.0,15.0,15.0,10.0,15.0,0.0
/home/simon/davide_fr3_ws/src/cbf_safety_filter/config/generated_scenarios/scenario_0690.yaml,scenario_0690,davide_online,SUCCESS,True,388,7.76,7.76,8.456514120101929,12,0.030927835051546393,0,0.0,2.5887637989212287e-06,-2.0312850281144367e-05,9.070362745056126e-06,6.938893903907228e-18,0.00942900056347393,0.02,1.8380205729488253,1.1836424286324299,3.6967614606166337,0.07754312338096457,0.010939424799889633,10.190149261398798,33.91605096949123,15.0,15.0,10.0,15.0,0.0
/home/simon/davide_fr3_ws/src/cbf_safety_filter/config/generated_scenarios/scenario_0690.yaml,scenario_0690,fixed,SUCCESS,True,388,7.76,7.76,9.336848974227905,0,0.0,0,0.0,2.824339848619961e-06,-7.89294619270263e-05,9.895732036108162e-06,6.938893903907228e-18,0.00942900031759742,0.02,1.8380869960998198,1.1836964253736952,3.6962313057318674,0.0775557443515198,0.01244890751297941,10.0,10.0,15.0,15.0,10.0,15.0,0.0
/home/simon/davide_fr3_ws/src/cbf_safety_filter/config/generated_scenarios/scenario_0692.yaml,scenario_0692,davide_online,SUCCESS,True,353,7.0600000000000005,7.0600000000000005,9.742798566818237,0,0.0,0,0.0,0.00010717471374848894,0.0003557892889442917,0.0003464552831239087,1.3877787807814457e-17,0.009505755676453367,0.02,1.552485697146066,1.0970384991626807,1.7480624707073338,0.04313585070853129,0.013986282240567733,10.0,10.0,15.0,15.0,10.0,15.0,0.0
/home/simon/davide_fr3_ws/src/cbf_safety_filter/config/generated_scenarios/scenario_0692.yaml,scenario_0692,fixed,SUCCESS,True,353,7.0600000000000005,7.0600000000000005,7.262198209762573,0,0.0,0,0.0,0.00010717471374848894,0.0003557892889442917,0.0003464552831239087,1.3877787807814457e-17,0.009505755676453367,0.02,1.552485697146066,1.0970384991626807,1.7480624707073338,0.04313585070853129,0.01064546114999917,10.0,10.0,15.0,15.0,10.0,15.0,0.0
/home/simon/davide_fr3_ws/src/cbf_safety_filter/config/generated_scenarios/scenario_0693.yaml,scenario_0693,davide_online,SUCCESS,True,434,8.68,8.68,10.596521377563477,25,0.0576036866359447,0,0.0,1.0390522270295466e-06,-2.5877776884398985e-05,3.1505224415973032e-06,8.326672684688674e-17,0.009469158018699055,0.02,3.5982941863248525,1.4215491657334087,2450.281450056349,0.2916705506332262,0.013009361407723845,10.183206599570775,21.755760092666417,15.0,15.0,10.0,15.0,0.0
/home/simon/davide_fr3_ws/src/cbf_safety_filter/config/generated_scenarios/scenario_0693.yaml,scenario_0693,fixed,SUCCESS,True,434,8.68,8.68,13.967176675796509,0,0.0,0,0.0,9.204663394754564e-07,-0.0002475157176510378,2.7909598241948608e-06,8.326672684688674e-17,0.009468968519874029,0.02,3.5868668710289424,1.4238642524763838,2450.3555529801197,0.2915245062913816,0.017772110376489878,10.0,10.0,15.0,15.0,10.0,15.0,0.0
/home/simon/davide_fr3_ws/src/cbf_safety_filter/config/generated_scenarios/scenario_0694.yaml,scenario_0694,davide_online,SUCCESS,True,409,8.18,8.18,9.625428915023804,0,0.0,0,0.0,5.910659940181612e-05,8.106054622290565e-05,0.00016383737303662937,5.551115123125783e-17,0.009466238703608089,0.02,2.395380285099711,1.4035136377578936,7.8931635205699955,0.1734773637580223,0.013422853497829297,10.0,10.0,15.0,15.0,10.0,15.0,0.0
/home/simon/davide_fr3_ws/src/cbf_safety_filter/config/generated_scenarios/scenario_0694.yaml,scenario_0694,fixed,SUCCESS,True,409,8.18,8.18,7.506908416748047,0,0.0,0,0.0,5.910659940181612e-05,8.106054622290565e-05,0.00016383737303662937,5.551115123125783e-17,0.009466238703608089,0.02,2.395380285099711,1.4035136377578936,7.8931635205699955,0.1734773637580223,0.010846927871331026,10.0,10.0,15.0,15.0,10.0,15.0,0.0
/home/simon/davide_fr3_ws/src/cbf_safety_filter/config/generated_scenarios/scenario_0696.yaml,scenario_0696,davide_online,SUCCESS,True,449,8.98,8.98,10.378381490707397,35,0.0779510022271715,0,0.0,9.598528329310407e-07,-0.0002743100614573,2.6398401104799074e-06,1.1102230246251565e-16,0.004181354501800139,0.02,8.47802376949392,2.67324438392173,4382.892838572693,3.051048389394512,0.011532422959937285,10.441230591891728,38.855598570186665,15.523385300668151,250.0,10.0,15.0,0.0
/home/simon/davide_fr3_ws/src/cbf_safety_filter/config/generated_scenarios/scenario_0696.yaml,scenario_0696,fixed,SUCCESS,True,450,9.0,9.0,9.918807744979858,0,0.0,0,0.0,-9.846057043613743e-06,-0.001720548529599632,-2.708138186155451e-05,1.1102230246251565e-16,0.00414035450627642,0.02,8.447538899264263,2.676709666821054,4370.549162091715,3.0365396290727564,0.011380674574110242,10.0,10.0,15.0,15.0,10.0,15.0,0.0
/home/simon/davide_fr3_ws/src/cbf_safety_filter/config/generated_scenarios/scenario_0699.yaml,scenario_0699,davide_online,SUCCESS,True,395,7.9,7.9,9.06781530380249,7,0.017721518987341773,0,0.0,4.9142575505669445e-05,-5.1495320687673825e-06,0.0001612494226177763,1.3877787807814457e-17,0.009441653023187365,0.02,1.6356157434071399,1.1352063595577693,2.8089048584477805,0.021437937422225106,0.011410660079762906,10.016160580389462,11.96928853212639,15.0,15.0,10.0,15.0,0.0
/home/simon/davide_fr3_ws/src/cbf_safety_filter/config/generated_scenarios/scenario_0699.yaml,scenario_0699,fixed,SUCCESS,True,395,7.9,7.9,8.562731742858887,0,0.0,0,0.0,5.112374803610889e-05,-9.576991432927711e-05,0.00016774658279733456,1.3877787807814457e-17,0.009441648911976984,0.02,1.636581428607851,1.1353412414577753,2.808280430129452,0.02149165540208318,0.011147181595428081,10.0,10.0,15.0,15.0,10.0,15.0,0.0
/home/simon/davide_fr3_ws/src/cbf_safety_filter/config/generated_scenarios/scenario_0700.yaml,scenario_0700,davide_online,SUCCESS,True,408,8.16,8.16,9.766411542892456,21,0.051470588235294115,0,0.0,-0.00011017237173399988,-0.0014559253007664784,-0.0006141642749478982,2.220446049250313e-16,0.009453714436817875,0.02,7.441044771679627,2.6938002965400183,1934.7854098058194,2.085005384140023,0.01366982331462935,10.363204481178718,65.53695139909281,15.575980392156863,250.0,10.0,15.0,0.0
/home/simon/davide_fr3_ws/src/cbf_safety_filter/config/generated_scenarios/scenario_0700.yaml,scenario_0700,fixed,SUCCESS,True,408,8.16,8.16,10.373733282089233,0,0.0,0,0.0,-0.00011017237173399988,-0.0016105223935590773,-0.0006141642749478982,4.440892098500626e-16,0.00945488267586719,0.02,7.531313555234779,2.6287090776239563,1913.8304218046435,2.089945557077694,0.015005286417755425,10.0,10.0,15.0,15.0,10.0,15.0,0.0
/home/simon/davide_fr3_ws/src/cbf_safety_filter/config/generated_scenarios/scenario_0702.yaml,scenario_0702,davide_online,SUCCESS,True,420,8.4,8.4,12.70825719833374,1,0.002380952380952381,0,0.0,4.4003339221616866e-05,-0.010269310195980645,0.00011461751445285273,1.1102230246251565e-16,0.009486525141840682,0.02,3.916064906563239,1.7474841990449126,45.107764296134604,0.7483729189145945,0.017282665911174958,10.118745253979263,59.87300667129024,15.0,15.0,10.0,15.0,0.0
/home/simon/davide_fr3_ws/src/cbf_safety_filter/config/generated_scenarios/scenario_0702.yaml,scenario_0702,fixed,SUCCESS,True,420,8.4,8.4,11.152090072631836,0,0.0,0,0.0,-0.00015925033932216726,-0.010269310195980645,-0.00041538009365391093,5.551115123125783e-17,0.009487112956297056,0.02,3.9232470103689128,1.7540742178995499,9.104019648616935,0.7502492101456558,0.01568657841001238,10.0,10.0,15.0,15.0,10.0,15.0,0.0
/home/simon/davide_fr3_ws/src/cbf_safety_filter/config/generated_scenarios/scenario_0703.yaml,scenario_0703,davide_online,SUCCESS,True,375,7.5,7.5,9.814549207687378,9,0.024,0,0.0,3.521500334557892e-05,-1.4763754808901682e-05,9.752214065833487e-05,2.7755575615628914e-17,0.009491509391592847,0.02,2.2861718854176045,1.1513184318925367,3.20143538963557,0.09436238344477654,0.01604270871480306,10.029731304810085,13.385310823223254,15.0,15.0,10.0,15.0,0.0
/home/simon/davide_fr3_ws/src/cbf_safety_filter/config/generated_scenarios/scenario_0703.yaml,scenario_0703,fixed,SUCCESS,True,375,7.5,7.5,8.536569595336914,0,0.0,0,0.0,3.665224523321381e-05,-8.978341667189617e-05,0.00010150122641067183,2.7755575615628914e-17,0.009491512793516791,0.02,2.2867475841178018,1.1513438467126806,3.20126862023347,0.09441028927722098,0.014540791829427083,10.0,10.0,15.0,15.0,10.0,15.0,0.0
/home/simon/davide_fr3_ws/src/cbf_safety_filter/config/generated_scenarios/scenario_0705.yaml,scenario_0705,davide_online,SUCCESS,True,453,9.06,9.06,9.519325494766235,11,0.024282560706401765,0,0.0,-2.915970894683262e-06,-0.0017317136025233899,-8.042017564074966e-06,2.7755575615628914e-17,0.009488678531173429,0.02,4.219863976910844,1.4418597816257748,60.386571428638405,0.05011778198720654,0.012125023153444,11.441022088283141,200.0,16.037527593818986,250.0,10.0,15.0,0.0
/home/simon/davide_fr3_ws/src/cbf_safety_filter/config/generated_scenarios/scenario_0705.yaml,scenario_0705,fixed,SUCCESS,True,453,9.06,9.06,8.452095985412598,0,0.0,0,0.0,-0.0002606819712310318,-0.003931677713140038,-0.0007203554417913594,1.3877787807814457e-17,0.009493634402528605,0.02,4.039109074467695,1.434273330232334,19.913106973158474,0.043651803936752,0.011174640908146537,10.0,10.0,15.0,15.0,10.0,15.0,0.0
/home/simon/davide_fr3_ws/src/cbf_safety_filter/config/generated_scenarios/scenario_0709.yaml,scenario_0709,davide_online,QP_FAIL_OR_MAX_STEPS,False,3000,60.0,nan,67.16126775741577,2855,0.9516666666666667,2830,0.9433333333333334,-8.326145847090127e-05,-0.03260695733638323,-0.00029682893835308866,1.8908485888147197e-16,0.17731737245019974,0.02,3.696201502396944,1.3974042588757776,5959.2988795678675,12.063579972176681,0.012117854674657185,189.63391448225786,200.0,237.075,250.0,10.0,15.0,0.0
/home/simon/davide_fr3_ws/src/cbf_safety_filter/config/generated_scenarios/scenario_0709.yaml,scenario_0709,fixed,SUCCESS,True,467,9.34,9.34,13.249220848083496,0,0.0,0,0.0,-0.0002479257223922046,-0.002859973183852577,-0.0008857201659708269,4.354155924701786e-16,0.008186113179745203,0.02,12.023718615661748,4.103147022894319,4286.507552377329,6.57888753368248,0.015674243391964115,10.0,10.0,15.0,15.0,10.0,15.0,0.0
/home/simon/davide_fr3_ws/src/cbf_safety_filter/config/generated_scenarios/scenario_0712.yaml,scenario_0712,davide_online,SUCCESS,True,371,7.42,7.42,7.207814455032349,266,0.7169811320754716,0,0.0,-1.5245252137797288e-05,-0.0031758602584773922,-4.651438598504698e-05,8.93707582927672e-05,0.009454388018668268,0.02,6.144210324913385,1.6387306980853187,475.48386189940004,4.432176895771961,0.0111554581521335,6.0862945300633795,200.0,8.991913746630727,250.0,2.0,3.0,0.0
/home/simon/davide_fr3_ws/src/cbf_safety_filter/config/generated_scenarios/scenario_0712.yaml,scenario_0712,fixed,SUCCESS,True,371,7.42,7.42,7.579686880111694,0,0.0,0,0.0,2.6476664244864945e-06,-0.00015662945321996257,7.428763293931828e-06,2.0816681711721685e-17,0.00950168489356592,0.02,1.4034741193242852,1.0788464705347616,3.980261400602357,0.18170194208904564,0.012089867476183128,10.0,10.0,15.0,15.0,2.0,3.0,0.0
/home/simon/davide_fr3_ws/src/cbf_safety_filter/config/generated_scenarios/scenario_0713.yaml,scenario_0713,davide_online,SUCCESS,True,400,8.0,8.0,9.640333414077759,0,0.0,0,0.0,0.00014407252479800223,0.000620087962209406,0.00044875590435528023,1.3877787807814457e-17,0.009459789947655043,0.02,4.709661733159777,1.4281106742938097,1602.8306149455088,0.170701063715408,0.012253286242485046,10.0,10.0,15.0,15.0,10.0,15.0,0.0
/home/simon/davide_fr3_ws/src/cbf_safety_filter/config/generated_scenarios/scenario_0713.yaml,scenario_0713,fixed,SUCCESS,True,400,8.0,8.0,9.969423532485962,0,0.0,0,0.0,0.00014407252479800223,0.000620087962209406,0.00044875590435528023,1.3877787807814457e-17,0.009459789947655043,0.02,4.709661733159777,1.4281106742938097,1602.8306149455088,0.170701063715408,0.013019486665725707,10.0,10.0,15.0,15.0,10.0,15.0,0.0
/home/simon/davide_fr3_ws/src/cbf_safety_filter/config/generated_scenarios/scenario_0714.yaml,scenario_0714,davide_online,QP_FAIL_OR_MAX_STEPS,False,3000,60.0,nan,71.55341267585754,2884,0.9613333333333334,2855,0.9516666666666667,-0.0002962878508743737,-0.10247463940564613,-0.0008525104043164144,2.220446049250313e-16,0.22050743366114467,0.02,2.6797602135269045,1.2949131155148441,5236.484592503292,1.8554124012525146,0.012019368966420491,191.10240358262132,200.0,238.79833333333335,250.0,10.0,15.0,0.0
/home/simon/davide_fr3_ws/src/cbf_safety_filter/config/generated_scenarios/scenario_0714.yaml,scenario_0714,fixed,SUCCESS,True,456,9.120000000000001,9.120000000000001,10.493149280548096,0,0.0,0,0.0,-0.00026005512428856764,-0.002691135078240066,-0.0007894559813295676,5.551115123125783e-17,0.00949197099136513,0.02,8.81221657269213,3.1977657290680224,2941.8425030394305,1.5802506784193917,0.011888895641293442,10.0,10.0,15.0,15.0,10.0,15.0,0.0
/home/simon/davide_fr3_ws/src/cbf_safety_filter/config/generated_scenarios/scenario_0715.yaml,scenario_0715,davide_online,SUCCESS,True,434,8.68,8.68,8.93921947479248,0,0.0,0,0.0,0.00012086626180716348,0.0004388457514064735,0.00029089990138375654,1.3877787807814457e-17,0.009421368887188515,0.02,5.566654956063999,2.3103355311147227,3408.85509323364,0.13998728072978875,0.011622983189771802,10.0,10.0,15.0,15.0,10.0,15.0,0.0
/home/simon/davide_fr3_ws/src/cbf_safety_filter/config/generated_scenarios/scenario_0715.yaml,scenario_0715,fixed,SUCCESS,True,434,8.68,8.68,8.372746229171753,0,0.0,0,0.0,0.00012086626180716348,0.0004388457514064735,0.00029089990138375654,1.3877787807814457e-17,0.009421368887188515,0.02,5.566654956063999,2.3103355311147227,3408.85509323364,0.13998728072978875,0.011323284992973925,10.0,10.0,15.0,15.0,10.0,15.0,0.0
/home/simon/davide_fr3_ws/src/cbf_safety_filter/config/generated_scenarios/scenario_0717.yaml,scenario_0717,davide_online,SUCCESS,True,319,6.38,6.38,7.567096948623657,0,0.0,0,0.0,2.2666539079563286e-05,6.061528717281805e-05,6.030575384677328e-05,2.0816681711721685e-17,0.009417494980595494,0.02,1.1030165178686384,1.2232657334604131,0.8701678462979653,0.10097841475783641,0.012962838325380905,10.0,10.0,15.0,15.0,10.0,15.0,0.0
/home/simon/davide_fr3_ws/src/cbf_safety_filter/config/generated_scenarios/scenario_0717.yaml,scenario_0717,fixed,SUCCESS,True,319,6.38,6.38,5.816751718521118,0,0.0,0,0.0,2.2666539079563286e-05,6.061528717281805e-05,6.030575384677328e-05,2.0816681711721685e-17,0.009417494980595494,0.02,1.1030165178686384,1.2232657334604131,0.8701678462979653,0.10097841475783641,0.01028299780101238,10.0,10.0,15.0,15.0,10.0,15.0,0.0
/home/simon/davide_fr3_ws/src/cbf_safety_filter/config/generated_scenarios/scenario_0718.yaml,scenario_0718,davide_online,SUCCESS,True,447,8.94,8.94,9.346821069717407,0,0.0,0,0.0,5.107611194876682e-05,0.00010547131464609596,0.0001307194684314894,5.551115123125783e-17,0.009278890357175577,0.02,5.651593896943941,2.26922688634166,3506.8753844534745,0.044394787684845324,0.012821262048128201,10.0,10.0,15.0,15.0,10.0,15.0,0.0
/home/simon/davide_fr3_ws/src/cbf_safety_filter/config/generated_scenarios/scenario_0718.yaml,scenario_0718,fixed,SUCCESS,True,447,8.94,8.94,8.044560670852661,0,0.0,0,0.0,5.107611194876682e-05,0.00010547131464609596,0.0001307194684314894,5.551115123125783e-17,0.009278890357175577,0.02,5.651593896943941,2.26922688634166,3506.8753844534745,0.044394787684845324,0.011474351754924596,10.0,10.0,15.0,15.0,10.0,15.0,0.0
/home/simon/davide_fr3_ws/src/cbf_safety_filter/config/generated_scenarios/scenario_0719.yaml,scenario_0719,davide_online,QP_FAIL_OR_MAX_STEPS,False,3000,60.0,nan,65.16536331176758,2908,0.9693333333333334,2895,0.965,-0.00016579982548698552,-0.09265790284242542,-0.0004980440111699014,4.440892098500626e-16,0.27221849028398404,0.02,2.15588528410899,1.4116355864381323,37352.26782306691,11.415998049226378,0.011665160417556763,193.44120245101996,200.0,241.85333333333332,250.0,10.0,15.0,0.0
/home/simon/davide_fr3_ws/src/cbf_safety_filter/config/generated_scenarios/scenario_0719.yaml,scenario_0719,fixed,QP_FAIL_OR_MAX_STEPS,False,3000,60.0,nan,73.07782578468323,0,0.0,2882,0.9606666666666667,-0.0001036805173155117,-0.002778637588623588,-0.00033032983805672544,4.440892098500626e-16,0.23769763798771032,0.02,2.413255922595827,1.46170357594188,35364.92606929906,15.229834556753955,0.014040105183919271,10.0,10.0,15.0,15.0,10.0,15.0,0.0
/home/simon/davide_fr3_ws/src/cbf_safety_filter/config/generated_scenarios/scenario_0720.yaml,scenario_0720,davide_online,SUCCESS,True,435,8.700000000000001,8.700000000000001,9.11466932296753,0,0.0,0,0.0,0.00043249945051225015,0.0017627867346632327,0.0019365369252457576,2.7755575615628914e-17,0.00953034500671068,0.02,11.267702933398807,3.8921308526057867,8312.53217581106,0.46006775079979095,0.012984923110611137,10.0,10.0,15.0,15.0,10.0,15.0,0.0
/home/simon/davide_fr3_ws/src/cbf_safety_filter/config/generated_scenarios/scenario_0720.yaml,scenario_0720,fixed,SUCCESS,True,435,8.700000000000001,8.700000000000001,7.8602423667907715,0,0.0,0,0.0,0.00043249945051225015,0.0017627867346632327,0.0019365369252457576,2.7755575615628914e-17,0.00953034500671068,0.02,11.267702933398807,3.8921308526057867,8312.53217581106,0.46006775079979095,0.011630432633147843,10.0,10.0,15.0,15.0,10.0,15.0,0.0
/home/simon/davide_fr3_ws/src/cbf_safety_filter/config/generated_scenarios/scenario_0722.yaml,scenario_0722,davide_online,SUCCESS,True,442,8.84,8.84,7.5631492137908936,37,0.083710407239819,0,0.0,7.234311059228782e-08,-6.145109542647832e-05,2.2383372674794622e-07,2.220446049250313e-16,0.009416001987858382,0.02,5.312874111509982,2.62777651827265,1992.0412666104571,0.9734790255153605,0.010738018411317022,10.380478058358705,62.55813597475569,16.59502262443439,250.0,10.0,15.0,0.0
/home/simon/davide_fr3_ws/src/cbf_safety_filter/config/generated_scenarios/scenario_0722.yaml,scenario_0722,fixed,SUCCESS,True,442,8.84,8.84,8.56288766860962,0,0.0,0,0.0,-1.1949766530496009e-05,-0.00016773952544313928,-3.470084401588358e-05,1.1102230246251565e-16,0.009416058313547769,0.02,5.304972418204208,2.623947932505278,1992.2462559081762,0.9714131284576587,0.012633837186373197,10.0,10.0,15.0,15.0,10.0,15.0,0.0
/home/simon/davide_fr3_ws/src/cbf_safety_filter/config/generated_scenarios/scenario_0724.yaml,scenario_0724,davide_online,SUCCESS,True,365,7.3,7.3,7.814073801040649,0,0.0,0,0.0,4.2654711187029015e-05,6.36179463471954e-05,0.00020990468576316534,6.938893903907228e-18,0.009420849366244145,0.02,1.3543223375258662,1.339374372142117,3.115159639190313,0.05169008622525318,0.012280490300426744,10.0,10.0,15.0,15.0,10.0,15.0,0.0
/home/simon/davide_fr3_ws/src/cbf_safety_filter/config/generated_scenarios/scenario_0724.yaml,scenario_0724,fixed,SUCCESS,True,365,7.3,7.3,7.638516426086426,0,0.0,0,0.0,4.2654711187029015e-05,6.36179463471954e-05,0.00020990468576316534,6.938893903907228e-18,0.009420849366244145,0.02,1.3543223375258662,1.339374372142117,3.115159639190313,0.05169008622525318,0.012389507032420538,10.0,10.0,15.0,15.0,10.0,15.0,0.0
/home/simon/davide_fr3_ws/src/cbf_safety_filter/config/generated_scenarios/scenario_0725.yaml,scenario_0725,davide_online,QP_FAIL_OR_MAX_STEPS,False,3000,60.0,nan,79.33713841438293,2890,0.9633333333333334,2880,0.96,-8.620284455539834e-06,-0.012097125687047162,-3.1789435928381016e-05,2.7755575615628914e-16,0.3020172907743864,0.02,3.144559071117713,1.3913713182835845,21748.727651780882,52.19406279780112,0.013128880580266317,192.6200739266034,200.0,240.75666666666666,250.0,10.0,15.0,0.0
/home/simon/davide_fr3_ws/src/cbf_safety_filter/config/generated_scenarios/scenario_0725.yaml,scenario_0725,fixed,SUCCESS,True,450,9.0,9.0,13.485286712646484,0,0.0,0,0.0,-0.0015777965988842055,-0.0226454775323151,-0.0059482996597584326,4.440892098500626e-16,0.009390614446200625,0.02,22.15706723150184,10.574619879278632,12640.795067173285,17.314101523520087,0.01530018064710829,10.0,10.0,15.0,15.0,10.0,15.0,0.0
/home/simon/davide_fr3_ws/src/cbf_safety_filter/config/generated_scenarios/scenario_0727.yaml,scenario_0727,davide_online,SUCCESS,True,401,8.02,8.02,7.256387710571289,36,0.08977556109725686,0,0.0,3.2491875258389147e-07,-0.0215380739374402,1.2233330423105926e-06,4.85722573273506e-16,0.009916343137559784,0.02,14.534768624274667,3.895906879353651,7733.723865613237,9.260969990943504,0.011203805110103769,11.70294049128523,200.0,16.17206982543641,250.0,10.0,15.0,0.0
/home/simon/davide_fr3_ws/src/cbf_safety_filter/config/generated_scenarios/scenario_0727.yaml,scenario_0727,fixed,SUCCESS,True,409,8.18,8.18,7.829617500305176,0,0.0,0,0.0,-0.001270336964400506,-0.05304952645487282,-0.006062577998066546,3.3306690738754696e-16,0.009514852716897188,0.02,14.095188779144014,2.532858175005805,19593.822265983115,8.36619826054531,0.012334862664742692,10.0,10.0,15.0,15.0,10.0,15.0,0.0
/home/simon/davide_fr3_ws/src/cbf_safety_filter/config/generated_scenarios/scenario_0728.yaml,scenario_0728,davide_online,SUCCESS,True,389,7.78,7.78,7.740035772323608,0,0.0,0,0.0,0.0002276788466581553,0.0009243041388272387,0.0005720975115637017,2.7755575615628914e-17,0.0094473998223114,0.02,4.311191811910148,1.2782164135233367,2207.5280874062955,0.08883490213128052,0.012293384130325906,10.0,10.0,15.0,15.0,10.0,15.0,0.0
/home/simon/davide_fr3_ws/src/cbf_safety_filter/config/generated_scenarios/scenario_0728.yaml,scenario_0728,fixed,SUCCESS,True,389,7.78,7.78,6.566646337509155,0,0.0,0,0.0,0.0002276788466581553,0.0009243041388272387,0.0005720975115637017,2.7755575615628914e-17,0.0094473998223114,0.02,4.311191811910148,1.2782164135233367,2207.5280874062955,0.08883490213128052,0.010834192555483938,10.0,10.0,15.0,15.0,10.0,15.0,0.0
/home/simon/davide_fr3_ws/src/cbf_safety_filter/config/generated_scenarios/scenario_0731.yaml,scenario_0731,davide_online,SUCCESS,True,427,8.540000000000001,8.540000000000001,13.42675518989563,5,0.0117096018735363,0,0.0,4.9178260625108716e-05,1.4187176373331879e-05,0.00019106436638027802,2.0816681711721685e-17,0.009413636550597888,0.02,2.3390042355896816,1.2858405755189317,8.401851522147464,0.036072985376809176,0.015693262533505014,10.00518046316961,10.91117343071673,15.0,15.0,10.0,15.0,0.0
/home/simon/davide_fr3_ws/src/cbf_safety_filter/config/generated_scenarios/scenario_0731.yaml,scenario_0731,fixed,SUCCESS,True,427,8.540000000000001,8.540000000000001,11.159409761428833,0,0.0,0,0.0,4.961603430303149e-05,-1.747211502771146e-05,0.00019276390505418295,2.0816681711721685e-17,0.009413633697156146,0.02,2.3390963834246308,1.2858902540448673,8.401695886552389,0.03608710124856321,0.013391689059326743,10.0,10.0,15.0,15.0,10.0,15.0,0.0
/home/simon/davide_fr3_ws/src/cbf_safety_filter/config/generated_scenarios/scenario_0734.yaml,scenario_0734,davide_online,SUCCESS,True,360,7.2,7.2,6.362368106842041,0,0.0,0,0.0,0.00010188662363458736,0.000506962958147178,0.0003983084339312659,4.163336342344337e-17,0.010319092577427278,0.02,6.36269052105986,2.91345398038753,2930.4150266142315,0.21165461424887513,0.010954293939802382,10.0,10.0,15.0,15.0,10.0,15.0,0.0
/home/simon/davide_fr3_ws/src/cbf_safety_filter/config/generated_scenarios/scenario_0734.yaml,scenario_0734,fixed,SUCCESS,True,360,7.2,7.2,6.778229475021362,0,0.0,0,0.0,0.00010188662363458736,0.000506962958147178,0.0003983084339312659,4.163336342344337e-17,0.010319092577427278,0.02,6.36269052105986,2.91345398038753,2930.4150266142315,0.21165461424887513,0.012113385730319552,10.0,10.0,15.0,15.0,10.0,15.0,0.0
/home/simon/davide_fr3_ws/src/cbf_safety_filter/config/generated_scenarios/scenario_0735.yaml,scenario_0735,davide_online,SUCCESS,True,385,7.7,7.7,8.083787441253662,30,0.07792207792207792,0,0.0,-4.846492155249904e-06,-0.0011526896444192674,-1.6794089385624433e-05,6.245004513516506e-17,0.009056387565528321,0.02,13.20106837949497,3.9876230779174096,5294.232752780631,3.715854582755182,0.011215719000085608,13.05092488111769,200.0,16.83116883116883,250.0,10.0,15.0,0.0
/home/simon/davide_fr3_ws/src/cbf_safety_filter/config/generated_scenarios/scenario_0735.yaml,scenario_0735,fixed,SUCCESS,True,385,7.7,7.7,8.353277444839478,0,0.0,0,0.0,-0.0003220868888461244,-0.0037232773398720677,-0.0011203816489446239,1.1102230246251565e-16,0.009037277996049517,0.02,13.187868762007378,3.9962968509836125,5270.002012983035,3.698517823158413,0.011981600600403625,10.0,10.0,15.0,15.0,10.0,15.0,0.0
/home/simon/davide_fr3_ws/src/cbf_safety_filter/config/generated_scenarios/scenario_0739.yaml,scenario_0739,davide_online,SUCCESS,True,398,7.96,7.96,11.83939504623413,14,0.035175879396984924,0,0.0,3.3710984275320266e-06,-3.144165434023976e-05,1.0123110961435255e-05,1.6653345369377348e-16,0.009338402590393174,0.02,7.903522638875957,2.330304533784145,2992.6687587523434,2.380392197765712,0.014743856449223044,10.157971125634566,19.324820109010513,15.0,15.0,10.0,15.0,0.0
/home/simon/davide_fr3_ws/src/cbf_safety_filter/config/generated_scenarios/scenario_0739.yaml,scenario_0739,fixed,SUCCESS,True,398,7.96,7.96,9.167864561080933,0,0.0,0,0.0,3.1454404768281596e-06,-0.00014916030500475563,9.44549927739402e-06,1.6653345369377348e-16,0.009338380762760567,0.02,7.903975270624428,2.330677945216786,2992.6559064903504,2.3803735165700814,0.01185338760740194,10.0,10.0,15.0,15.0,10.0,15.0,0.0
/home/simon/davide_fr3_ws/src/cbf_safety_filter/config/generated_scenarios/scenario_0742.yaml,scenario_0742,davide_online,SUCCESS,True,482,9.64,9.64,8.963785886764526,110,0.22821576763485477,0,0.0,0.02124131003267641,-0.054299470754522516,0.045282658887951494,8.881784197001252e-16,0.01377476580523677,0.02,14.107470267316362,5.52351041872204,62634.751642141484,22.34879385385208,0.011541192956979838,2.2264492468508292,5.346893167446462,3.0,3.0,2.0,3.0,0.0
/home/simon/davide_fr3_ws/src/cbf_safety_filter/config/generated_scenarios/scenario_0742.yaml,scenario_0742,fixed,SUCCESS,True,540,10.8,10.8,9.805210590362549,0,0.0,0,0.0,-0.0017904418696202337,-0.022907657410880022,-0.004989943388229723,8.881784197001252e-16,0.011934358506541592,0.02,14.68230659294568,5.596918937774981,41552.93860060353,6.064510306615638,0.011701063315073649,10.0,10.0,15.0,15.0,2.0,3.0,0.0
/home/simon/davide_fr3_ws/src/cbf_safety_filter/config/generated_scenarios/scenario_0747.yaml,scenario_0747,davide_online,QP_FAIL_OR_MAX_STEPS,False,3000,60.0,nan,68.12963843345642,2953,0.9843333333333333,2900,0.9666666666666667,-0.00010622295406787288,-0.0331356927220242,-0.00047521779473350123,1.1546319456101628e-14,0.4409577467050361,0.02,4.138416236607382,1.4240163303322455,26925.072485436365,77.14628062172646,0.012337391455968221,194.0577388102127,200.0,242.32333333333332,250.0,10.0,15.0,0.0
/home/simon/davide_fr3_ws/src/cbf_safety_filter/config/generated_scenarios/scenario_0747.yaml,scenario_0747,fixed,QP_FAIL_OR_MAX_STEPS,False,3000,60.0,nan,67.45964431762695,0,0.0,2938,0.9793333333333333,-8.094084328560784e-05,-0.004735753890339325,-0.00037889910193952825,2.220446049250313e-16,0.5701675292564647,0.02,2.2315177839675258,1.316229202908403,21007.64072927381,54.06167696966723,0.012900609731674194,10.0,10.0,15.0,15.0,10.0,15.0,0.0
/home/simon/davide_fr3_ws/src/cbf_safety_filter/config/generated_scenarios/scenario_0748.yaml,scenario_0748,davide_online,SUCCESS,True,451,9.02,9.02,10.638593196868896,0,0.0,0,0.0,0.0007404903161686918,0.0012040160011451868,0.0020714669133249652,1.1102230246251565e-16,0.009542237182032802,0.02,14.353064089662476,5.08297811639838,6870.213534045208,0.3063521298853136,0.012580892727803232,10.0,10.0,15.0,15.0,10.0,15.0,0.0
/home/simon/davide_fr3_ws/src/cbf_safety_filter/config/generated_scenarios/scenario_0748.yaml,scenario_0748,fixed,SUCCESS,True,451,9.02,9.02,11.978325366973877,0,0.0,0,0.0,0.0007404903161686918,0.0012040160011451868,0.0020714669133249652,1.1102230246251565e-16,0.009542237182032802,0.02,14.353064089662476,5.08297811639838,6870.213534045208,0.3063521298853136,0.014627168025251503,10.0,10.0,15.0,15.0,10.0,15.0,0.0
/home/simon/davide_fr3_ws/src/cbf_safety_filter/config/generated_scenarios/scenario_0751.yaml,scenario_0751,davide_online,SUCCESS,True,399,7.98,7.98,11.301499366760254,54,0.13533834586466165,0,0.0,-1.6458271809450392e-06,-0.00027226294124297083,-9.133799152225008e-06,5.551115123125783e-17,0.009491094395042974,0.02,2.445922911724235,1.316683586804377,29.757213618526308,5.990958598471813,0.015073059794299286,12.934796248784737,200.0,19.12280701754386,250.0,10.0,15.0,0.0
/home/simon/davide_fr3_ws/src/cbf_safety_filter/config/generated_scenarios/scenario_0751.yaml,scenario_0751,fixed,SUCCESS,True,399,7.98,7.98,8.829493761062622,0,0.0,0,0.0,-7.800984968921003e-05,-0.00110623556289906,-0.000433952075990382,5.551115123125783e-17,0.009491677520972314,0.02,2.500375450758478,1.319575146579512,17.785225669893325,5.967078965858355,0.012205567873808974,10.0,10.0,15.0,15.0,10.0,15.0,0.0
/home/simon/davide_fr3_ws/src/cbf_safety_filter/config/generated_scenarios/scenario_0756.yaml,scenario_0756,davide_online,SUCCESS,True,414,8.28,8.28,9.535998821258545,163,0.39371980676328505,0,0.0,2.4347030272431347e-07,-0.012232966738274904,8.477353205804672e-07,5.551115123125783e-16,0.009378853062070815,0.02,11.328836528493536,5.362480885232737,8565.78739107541,7.402979621022297,0.01313645425050155,3.334992583132067,74.95928390501649,3.0,3.0,2.0,3.0,0.0
/home/simon/davide_fr3_ws/src/cbf_safety_filter/config/generated_scenarios/scenario_0756.yaml,scenario_0756,fixed,SUCCESS,True,414,8.28,8.28,8.778570175170898,0,0.0,0,0.0,6.770581246925977e-05,0.00032030305416903273,0.00024403412631476828,1.6653345369377348e-16,0.00929852203677708,0.02,8.677104162926735,3.728114371097296,6908.132888402973,1.0314058063685778,0.012555258285596175,10.0,10.0,15.0,15.0,2.0,3.0,0.0
/home/simon/davide_fr3_ws/src/cbf_safety_filter/config/generated_scenarios/scenario_0759.yaml,scenario_0759,davide_online,SUCCESS,True,450,9.0,9.0,11.730186223983765,0,0.0,0,0.0,5.0612302133448694e-05,0.00015724154935544288,0.00020896131117306704,4.440892098500626e-16,0.009439255595380374,0.02,4.116697553504846,1.3994177635464946,2375.63688148119,0.06564285273978542,0.013855981296963162,10.0,10.0,15.0,15.0,10.0,15.0,0.0
/home/simon/davide_fr3_ws/src/cbf_safety_filter/config/generated_scenarios/scenario_0759.yaml,scenario_0759,fixed,SUCCESS,True,450,9.0,9.0,9.605939388275146,0,0.0,0,0.0,5.0612302133448694e-05,0.00015724154935544288,0.00020896131117306704,4.440892098500626e-16,0.009439255595380374,0.02,4.116697553504846,1.3994177635464946,2375.63688148119,0.06564285273978542,0.011701216697692871,10.0,10.0,15.0,15.0,10.0,15.0,0.0
/home/simon/davide_fr3_ws/src/cbf_safety_filter/config/generated_scenarios/scenario_0760.yaml,scenario_0760,davide_online,SUCCESS,True,433,8.66,8.66,10.675975799560547,0,0.0,0,0.0,-0.0006542731196318759,-0.009257721578991731,-0.0037113745597478903,8.326672684688674e-17,0.0082749241526004,0.02,16.250567158121886,4.598831485975133,14207.26086545114,6.265953855451024,0.014064702921596466,10.0,10.0,15.0,15.0,10.0,15.0,0.0
/home/simon/davide_fr3_ws/src/cbf_safety_filter/config/generated_scenarios/scenario_0760.yaml,scenario_0760,fixed,SUCCESS,True,433,8.66,8.66,10.639371633529663,0,0.0,0,0.0,-0.0006542731196318759,-0.009257721578991731,-0.0037113745597478903,8.326672684688674e-17,0.0082749241526004,0.02,16.250567158121886,4.598831485975133,14207.26086545114,6.265953855451024,0.014405656356459127,10.0,10.0,15.0,15.0,10.0,15.0,0.0
/home/simon/davide_fr3_ws/src/cbf_safety_filter/config/generated_scenarios/scenario_0762.yaml,scenario_0762,davide_online,SUCCESS,True,437,8.74,8.74,9.984928846359253,49,0.11212814645308924,0,0.0,-0.0009382741034515826,-0.0480313328562656,-0.00537301909823075,1.1102230246251565e-16,0.008592834090798486,0.02,13.108378432835401,3.5464586044977695,8977.347851039365,2.480158228068747,0.011371458149610995,13.566253247487381,200.0,18.76430205949657,250.0,10.0,15.0,0.0
/home/simon/davide_fr3_ws/src/cbf_safety_filter/config/generated_scenarios/scenario_0762.yaml,scenario_0762,fixed,SUCCESS,True,436,8.72,8.72,10.266370296478271,0,0.0,0,0.0,-0.000569557697908063,-0.00929131823115282,-0.0017746462887693881,5.551115123125783e-17,0.009088889454228902,0.02,13.076756136860851,3.6104095107681613,6481.662359635412,2.538632804264739,0.012095532286057779,10.0,10.0,15.0,15.0,10.0,15.0,0.0
/home/simon/davide_fr3_ws/src/cbf_safety_filter/config/generated_scenarios/scenario_0763.yaml,scenario_0763,davide_online,SUCCESS,True,426,8.52,8.52,9.621121883392334,0,0.0,0,0.0,0.00011587283290545591,0.0001410239248551379,0.00034573864305900703,2.7755575615628914e-17,0.009068744059605565,0.02,3.5988609522171684,1.6485990871162426,1040.072689182552,0.03964056529536645,0.01383272303102162,10.0,10.0,15.0,15.0,10.0,15.0,0.0
/home/simon/davide_fr3_ws/src/cbf_safety_filter/config/generated_scenarios/scenario_0763.yaml,scenario_0763,fixed,SUCCESS,True,426,8.52,8.52,7.993022441864014,0,0.0,0,0.0,0.00011587283290545591,0.0001410239248551379,0.00034573864305900703,2.7755575615628914e-17,0.009068744059605565,0.02,3.5988609522171684,1.6485990871162426,1040.072689182552,0.03964056529536645,0.011962474231988611,10.0,10.0,15.0,15.0,10.0,15.0,0.0
/home/simon/davide_fr3_ws/src/cbf_safety_filter/config/generated_scenarios/scenario_0765.yaml,scenario_0765,davide_online,SUCCESS,True,427,8.540000000000001,8.540000000000001,8.526580333709717,11,0.02576112412177986,0,0.0,0.00037532081385393753,-0.0010982519364147094,0.0015998340974869296,6.661338147750939e-16,0.009526757737856082,0.02,10.761987289425885,4.603118302346105,11876.34503514131,0.864083084611661,0.011309149114532829,10.059626243589937,17.356269121556714,15.0,15.0,10.0,15.0,0.0
/home/simon/davide_fr3_ws/src/cbf_safety_filter/config/generated_scenarios/scenario_0765.yaml,scenario_0765,fixed,SUCCESS,True,427,8.540000000000001,8.540000000000001,9.072491884231567,0,0.0,0,0.0,0.00040486591694696185,-0.0038223155965750183,0.0017248532117801474,2.220446049250313e-16,0.009529180082241705,0.02,10.758891584780233,4.600794590426103,11871.962542197389,0.8647942624614845,0.012466019154711684,10.0,10.0,15.0,15.0,10.0,15.0,0.0
/home/simon/davide_fr3_ws/src/cbf_safety_filter/config/generated_scenarios/scenario_0766.yaml,scenario_0766,davide_online,SUCCESS,True,393,7.86,7.86,7.3754332065582275,0,0.0,0,0.0,0.0007567396062641875,0.0017121574282069505,0.004110252397197339,1.3877787807814457e-17,0.009474784360353235,0.02,9.796228671279815,4.393720403868385,8357.317205807634,0.45359154157147535,0.011622188048811663,10.0,10.0,15.0,15.0,10.0,15.0,0.0
/home/simon/davide_fr3_ws/src/cbf_safety_filter/config/generated_scenarios/scenario_0766.yaml,scenario_0766,fixed,SUCCESS,True,393,7.86,7.86,7.424923658370972,0,0.0,0,0.0,0.0007567396062641875,0.0017121574282069505,0.004110252397197339,1.3877787807814457e-17,0.009474784360353235,0.02,9.796228671279815,4.393720403868385,8357.317205807634,0.45359154157147535,0.01216189915897282,10.0,10.0,15.0,15.0,10.0,15.0,0.0
/home/simon/davide_fr3_ws/src/cbf_safety_filter/config/generated_scenarios/scenario_0767.yaml,scenario_0767,davide_online,SUCCESS,True,449,8.98,8.98,10.307959794998169,4,0.008908685968819599,0,0.0,0.00022121565842029428,-0.0003345567244853187,0.0005152755353148297,5.551115123125783e-16,0.009061518960253305,0.02,12.453899509296008,5.982489641115025,14106.184962018538,2.6223797588549114,0.011540113950359795,10.00528630929507,11.05497295632242,15.0,15.0,10.0,15.0,0.0
/home/simon/davide_fr3_ws/src/cbf_safety_filter/config/generated_scenarios/scenario_0767.yaml,scenario_0767,fixed,SUCCESS,True,449,8.98,8.98,11.605004787445068,0,0.0,0,0.0,0.00022065804360860142,-0.0008606680753986962,0.0005139782415480854,8.881784197001252e-16,0.009031252520181058,0.02,12.454854724533353,5.986432536592182,14113.984971223295,2.6248997730388695,0.013370013714898668,10.0,10.0,15.0,15.0,10.0,15.0,0.0
/home/simon/davide_fr3_ws/src/cbf_safety_filter/config/generated_scenarios/scenario_0769.yaml,scenario_0769,davide_online,SUCCESS,True,389,7.78,7.78,8.131915807723999,60,0.15424164524421594,0,0.0,-3.5706130002352565e-07,-0.0007765547578137098,-1.0607915190141703e-06,1.3877787807814457e-17,0.009416556949185329,0.02,2.455474907332768,1.2200752239700516,5.841600164755974,1.2955948192307147,0.011226068732058175,11.46820073304095,70.64137151556086,21.645244215938302,250.0,10.0,15.0,0.0
/home/simon/davide_fr3_ws/src/cbf_safety_filter/config/generated_scenarios/scenario_0769.yaml,scenario_0769,fixed,SUCCESS,True,389,7.78,7.78,7.694270849227905,0,0.0,0,0.0,-1.7612258940275655e-05,-0.00018273049965934415,-5.233213782807056e-05,2.7755575615628914e-17,0.009416611407507923,0.02,2.4419439748614575,1.215895880868177,4.436139075876582,1.2729832697095311,0.01102604228610551,10.0,10.0,15.0,15.0,10.0,15.0,0.0
/home/simon/davide_fr3_ws/src/cbf_safety_filter/config/generated_scenarios/scenario_0771.yaml,scenario_0771,davide_online,SUCCESS,True,388,7.76,7.76,8.655194282531738,0,0.0,0,0.0,1.515898313819708e-07,1.504216126732333e-06,5.548664842869311e-07,3.469446951953614e-18,0.009481606049166324,0.02,1.2607005156778945,1.173121954024318,4.847052657532102,0.008684044012114063,0.012673390280340136,10.0,10.0,15.0,15.0,10.0,15.0,0.0
/home/simon/davide_fr3_ws/src/cbf_safety_filter/config/generated_scenarios/scenario_0771.yaml,scenario_0771,fixed,SUCCESS,True,388,7.76,7.76,7.884369373321533,0,0.0,0,0.0,1.515898313819708e-07,1.504216126732333e-06,5.548664842869311e-07,3.469446951953614e-18,0.009481606049166324,0.02,1.2607005156778945,1.173121954024318,4.847052657532102,0.008684044012114063,0.012012422699289224,10.0,10.0,15.0,15.0,10.0,15.0,0.0
/home/simon/davide_fr3_ws/src/cbf_safety_filter/config/generated_scenarios/scenario_0772.yaml,scenario_0772,davide_online,SUCCESS,True,420,8.4,8.4,9.921847105026245,0,0.0,0,0.0,3.5347038738683945e-07,2.561062336804099e-06,1.099779644908594e-06,6.938893903907228e-18,0.009478249117002555,0.02,2.2336113263762902,1.244377674951709,7.800512188206501,0.012318030476065686,0.014481752827053978,10.0,10.0,15.0,15.0,10.0,15.0,0.0
/home/simon/davide_fr3_ws/src/cbf_safety_filter/config/generated_scenarios/scenario_0772.yaml,scenario_0772,fixed,SUCCESS,True,420,8.4,8.4,8.897162199020386,0,0.0,0,0.0,3.5347038738683945e-07,2.561062336804099e-06,1.099779644908594e-06,6.938893903907228e-18,0.009478249117002555,0.02,2.2336113263762902,1.244377674951709,7.800512188206501,0.012318030476065686,0.013508208592732747,10.0,10.0,15.0,15.0,10.0,15.0,0.0
/home/simon/davide_fr3_ws/src/cbf_safety_filter/config/generated_scenarios/scenario_0773.yaml,scenario_0773,davide_online,SUCCESS,True,417,8.34,8.34,10.9565749168396,37,0.08872901678657075,0,0.0,-1.442092147405094e-06,-0.0004083936472292143,-5.103036760045754e-06,1.1102230246251565e-16,0.008919328115219585,0.02,5.960151180238612,3.0967753862941887,6607.571535859315,0.48196363937691367,0.014993939182455306,11.924733467504845,200.0,16.127098321342924,250.0,10.0,15.0,0.0
/home/simon/davide_fr3_ws/src/cbf_safety_filter/config/generated_scenarios/scenario_0773.yaml,scenario_0773,fixed,SUCCESS,True,411,8.22,8.22,7.465143442153931,0,0.0,0,0.0,-0.0002061221048912966,-0.003916677397921915,-0.000731269853111699,5.551115123125783e-17,0.009700123628493674,0.02,7.42990711321637,2.8937728362758723,8823.30351722704,0.781337096268023,0.010757890060870317,10.0,10.0,15.0,15.0,10.0,15.0,0.0
/home/simon/davide_fr3_ws/src/cbf_safety_filter/config/generated_scenarios/scenario_0775.yaml,scenario_0775,davide_online,SUCCESS,True,454,9.08,9.08,12.711351871490479,0,0.0,0,0.0,0.00026045415117607537,0.0007160392886282705,0.0007712656088055547,5.551115123125783e-17,0.009535115516553038,0.02,6.651693837213849,1.8374167978544327,2096.7965687511587,0.1549628901704513,0.014152027961966225,10.0,10.0,15.0,15.0,10.0,15.0,0.0
/home/simon/davide_fr3_ws/src/cbf_safety_filter/config/generated_scenarios/scenario_0775.yaml,scenario_0775,fixed,SUCCESS,True,454,9.08,9.08,13.057854652404785,0,0.0,0,0.0,0.00026045415117607537,0.0007160392886282705,0.0007712656088055547,5.551115123125783e-17,0.009535115516553038,0.02,6.651693837213849,1.8374167978544327,2096.7965687511587,0.1549628901704513,0.015001982319197466,10.0,10.0,15.0,15.0,10.0,15.0,0.0
/home/simon/davide_fr3_ws/src/cbf_safety_filter/config/generated_scenarios/scenario_0776.yaml,scenario_0776,davide_online,SUCCESS,True,445,8.9,8.9,10.83457326889038,28,0.06292134831460675,0,0.0,-1.1858354930803505e-05,-0.0020975651860908953,-3.624593122963926e-05,3.3306690738754696e-16,0.008514279377870103,0.02,18.28732062384992,6.013997160059817,15128.769294867045,13.888603115043514,0.015070491426446465,12.539750692272392,200.0,16.584269662921347,250.0,10.0,15.0,0.0
/home/simon/davide_fr3_ws/src/cbf_safety_filter/config/generated_scenarios/scenario_0776.yaml,scenario_0776,fixed,SUCCESS,True,446,8.92,8.92,10.670073747634888,0,0.0,0,0.0,-0.0005773061256631878,-0.0067186889393766255,-0.0017740012410341621,5.273559366969494e-16,0.01016838403079691,0.02,17.390440148511164,5.510385156923665,9848.509344188189,13.388611216246813,0.015384000513051123,10.0,10.0,15.0,15.0,10.0,15.0,0.0
/home/simon/davide_fr3_ws/src/cbf_safety_filter/config/generated_scenarios/scenario_0778.yaml,scenario_0778,davide_online,SUCCESS,True,461,9.22,9.22,12.446145057678223,24,0.052060737527114966,0,0.0,3.368254925077696e-07,-1.997374250835426e-05,1.278754203859478e-06,1.1102230246251565e-16,0.009399945325070722,0.02,7.899574312965923,3.08286600582928,2925.024398284694,1.374234576730927,0.014227154973789307,10.374860618209924,43.09579422528441,16.019522776572668,250.0,10.0,15.0,0.0
/home/simon/davide_fr3_ws/src/cbf_safety_filter/config/generated_scenarios/scenario_0778.yaml,scenario_0778,fixed,SUCCESS,True,461,9.22,9.22,12.356553554534912,0,0.0,0,0.0,-7.275436859612017e-06,-9.295315263099248e-05,-2.762414560755766e-05,1.1102230246251565e-16,0.009398797741450715,0.02,7.899288875499954,3.0745306146006612,2924.1261576170664,1.374273389425801,0.014688590084911685,10.0,10.0,15.0,15.0,10.0,15.0,0.0
/home/simon/davide_fr3_ws/src/cbf_safety_filter/config/generated_scenarios/scenario_0779.yaml,scenario_0779,davide_online,SUCCESS,True,406,8.120000000000001,8.120000000000001,8.894712209701538,0,0.0,0,0.0,-0.0006570429659571737,-0.008394989921378384,-0.003727425945189128,1.8303742282646194e-15,0.009404249994059602,0.02,18.88085486826001,6.137565232618066,13113.844950744193,36.423131345839664,0.013397077621497545,10.0,10.0,15.0,15.0,10.0,15.0,0.0
/home/simon/davide_fr3_ws/src/cbf_safety_filter/config/generated_scenarios/scenario_0779.yaml,scenario_0779,fixed,SUCCESS,True,406,8.120000000000001,8.120000000000001,7.915241003036499,0,0.0,0,0.0,-0.0006570429659571737,-0.008394989921378384,-0.003727425945189128,1.8303742282646194e-15,0.009404249994059602,0.02,18.88085486826001,6.137565232618066,13113.844950744193,36.423131345839664,0.012440393123720667,10.0,10.0,15.0,15.0,10.0,15.0,0.0
/home/simon/davide_fr3_ws/src/cbf_safety_filter/config/generated_scenarios/scenario_0780.yaml,scenario_0780,davide_online,SUCCESS,True,353,7.0600000000000005,7.0600000000000005,7.892711162567139,0,0.0,0,0.0,3.977454842600883e-05,0.0002438599556023142,0.00013208339668546731,2.0816681711721685e-17,0.009434840051547353,0.02,2.44977346861363,1.3490037002496824,910.6966334923563,0.2298160932158014,0.011917799120246519,10.0,10.0,15.0,15.0,10.0,15.0,0.0
/home/simon/davide_fr3_ws/src/cbf_safety_filter/config/generated_scenarios/scenario_0780.yaml,scenario_0780,fixed,SUCCESS,True,353,7.0600000000000005,7.0600000000000005,7.112222671508789,0,0.0,0,0.0,3.977454842600883e-05,0.0002438599556023142,0.00013208339668546731,2.0816681711721685e-17,0.009434840051547353,0.02,2.44977346861363,1.3490037002496824,910.6966334923563,0.2298160932158014,0.011148140720875338,10.0,10.0,15.0,15.0,10.0,15.0,0.0
/home/simon/davide_fr3_ws/src/cbf_safety_filter/config/generated_scenarios/scenario_0782.yaml,scenario_0782,davide_online,SUCCESS,True,418,8.36,8.36,9.742409706115723,24,0.05741626794258373,0,0.0,1.832020850363325e-06,-0.0011939341287027427,8.334628682118983e-06,4.440892098500626e-16,0.009402486123285423,0.02,9.882245332690694,3.5362987721415204,21311.65242934927,2.1711024196363926,0.012321767624485436,11.191107363354314,200.0,15.562200956937799,250.0,10.0,15.0,0.0
/home/simon/davide_fr3_ws/src/cbf_safety_filter/config/generated_scenarios/scenario_0782.yaml,scenario_0782,fixed,SUCCESS,True,419,8.38,8.38,9.218439102172852,0,0.0,0,0.0,-0.0003678107932441957,-0.005632568280974651,-0.001686326156276327,4.440892098500626e-16,0.009197437835453563,0.02,10.507451156202604,4.439168416192121,19011.72538926751,2.008326432970612,0.012022236366545102,10.0,10.0,15.0,15.0,10.0,15.0,0.0
/home/simon/davide_fr3_ws/src/cbf_safety_filter/config/generated_scenarios/scenario_0784.yaml,scenario_0784,davide_online,SUCCESS,True,457,9.14,9.14,9.112680435180664,0,0.0,0,0.0,2.3809094400324e-05,9.39736307666568e-05,7.778772375932608e-05,1.3877787807814457e-17,0.009599875489159988,0.02,5.490571627632144,1.756252580085407,2708.369172475955,0.11328510670335913,0.010525566743813145,10.0,10.0,15.0,15.0,10.0,15.0,0.0
/home/simon/davide_fr3_ws/src/cbf_safety_filter/config/generated_scenarios/scenario_0784.yaml,scenario_0784,fixed,SUCCESS,True,457,9.14,9.14,11.829262256622314,0,0.0,0,0.0,2.3809094400324e-05,9.39736307666568e-05,7.778772375932608e-05,1.3877787807814457e-17,0.009599875489159988,0.02,5.490571627632144,1.756252580085407,2708.369172475955,0.11328510670335913,0.0140631131061579,10.0,10.0,15.0,15.0,10.0,15.0,0.0
/home/simon/davide_fr3_ws/src/cbf_safety_filter/config/generated_scenarios/scenario_0787.yaml,scenario_0787,davide_online,SUCCESS,True,494,9.88,9.88,9.587676763534546,22,0.044534412955465584,0,0.0,7.686060598394162e-08,-0.002227033480058923,2.3840120702556256e-07,5.551115123125783e-17,0.007046842207679164,0.02,17.247536447494927,4.518519177104744,7848.756898528514,2.962689055649234,0.011053423167240282,10.577428651621142,116.1443842334241,15.0,15.0,10.0,15.0,0.0
/home/simon/davide_fr3_ws/src/cbf_safety_filter/config/generated_scenarios/scenario_0787.yaml,scenario_0787,fixed,SUCCESS,True,460,9.200000000000001,9.200000000000001,9.578184843063354,0,0.0,0,0.0,-0.00016324179162955504,-0.010276742935695178,-0.0004638392123850754,1.1102230246251565e-16,0.011059852736990219,0.02,18.04056106002861,7.240654562079568,8313.246553284742,1.307754257766088,0.012289166968801748,10.0,10.0,15.0,15.0,10.0,15.0,0.0
/home/simon/davide_fr3_ws/src/cbf_safety_filter/config/generated_scenarios/scenario_0790.yaml,scenario_0790,davide_online,SUCCESS,True,449,8.98,8.98,11.010337591171265,4,0.008908685968819599,0,0.0,0.0004989694404341528,0.00048495527463956935,0.0016591008206712221,4.440892098500626e-16,0.009504790708722606,0.02,6.463567427727395,1.9696278835552468,7108.387422766521,0.6588692265827341,0.013847667549660051,10.000996986479798,10.168829469332088,15.0,15.0,10.0,15.0,0.0
/home/simon/davide_fr3_ws/src/cbf_safety_filter/config/generated_scenarios/scenario_0790.yaml,scenario_0790,fixed,SUCCESS,True,449,8.98,8.98,8.53852391242981,0,0.0,0,0.0,0.0005010894167283009,0.0004331451019371456,0.0016591008206712221,4.440892098500626e-16,0.009504915879552654,0.02,6.465602685679776,1.9690719932759406,7107.788063885708,0.659021163262711,0.011140377325045239,10.0,10.0,15.0,15.0,10.0,15.0,0.0
/home/simon/davide_fr3_ws/src/cbf_safety_filter/config/generated_scenarios/scenario_0794.yaml,scenario_0794,davide_online,SUCCESS,True,376,7.5200000000000005,7.5200000000000005,7.224043369293213,6,0.015957446808510637,0,0.0,0.00010399636127352008,0.0001658538545968747,0.0002546093467762356,4.440892098500626e-16,0.009615307161728403,0.02,7.649809664183444,4.8033037156043354,19480.883932147546,1.5623432410804912,0.010956397081943268,10.008272739295881,10.704296158679199,15.0,15.0,10.0,15.0,0.0
/home/simon/davide_fr3_ws/src/cbf_safety_filter/config/generated_scenarios/scenario_0794.yaml,scenario_0794,fixed,SUCCESS,True,376,7.5200000000000005,7.5200000000000005,7.607320547103882,0,0.0,0,0.0,0.00010702927362977316,-2.5911104300314902e-05,0.0002620299214846078,4.440892098500626e-16,0.0096153961141733,0.02,7.650176239245303,4.802335504750641,19479.946118393582,1.562143302536962,0.011957464065957577,10.0,10.0,15.0,15.0,10.0,15.0,0.0
/home/simon/davide_fr3_ws/src/cbf_safety_filter/config/generated_scenarios/scenario_0795.yaml,scenario_0795,davide_online,SUCCESS,True,423,8.46,8.46,8.779686212539673,11,0.026004728132387706,0,0.0,0.00010155799596507642,-5.878782594953124e-05,0.00038675977437832576,2.7755575615628914e-17,0.009453063329770835,0.02,4.800037353587046,1.5562454379279276,934.7352831215671,0.10301495775659951,0.011940781951796079,10.046272307090872,14.59200821593568,15.0,15.0,10.0,15.0,0.0
/home/simon/davide_fr3_ws/src/cbf_safety_filter/config/generated_scenarios/scenario_0795.yaml,scenario_0795,fixed,SUCCESS,True,423,8.46,8.46,9.625990867614746,0,0.0,0,0.0,0.00011492209681005297,-0.0004825509967216887,0.0004375691458909925,2.7755575615628914e-17,0.009454739046635883,0.02,4.817726903006248,1.5670802963109514,934.8645439472876,0.10329227348176787,0.013567724971906513,10.0,10.0,15.0,15.0,10.0,15.0,0.0
/home/simon/davide_fr3_ws/src/cbf_safety_filter/config/generated_scenarios/scenario_0797.yaml,scenario_0797,davide_online,SUCCESS,True,363,7.26,7.26,7.7950990200042725,43,0.1184573002754821,0,0.0,-1.2660039616016472e-06,-0.0001837792941272419,-3.2362332177959807e-06,1.1102230246251565e-16,0.009574801984035998,0.02,5.007980711108843,3.023233338993989,3974.154354152358,0.5927325120819986,0.011442649462991509,11.445110500118885,200.0,17.58953168044077,250.0,10.0,15.0,0.0
/home/simon/davide_fr3_ws/src/cbf_safety_filter/config/generated_scenarios/scenario_0797.yaml,scenario_0797,fixed,SUCCESS,True,363,7.26,7.26,11.310439586639404,0,0.0,0,0.0,-4.761217111971111e-05,-0.0023312003522242414,-0.00012174589259220103,2.220446049250313e-16,0.009566774225925148,0.02,5.008472649163918,3.0208479562013477,3977.0725768957795,0.5911500394613222,0.017180718009465325,10.0,10.0,15.0,15.0,10.0,15.0,0.0
/home/simon/davide_fr3_ws/src/cbf_safety_filter/config/generated_scenarios/scenario_0803.yaml,scenario_0803,davide_online,QP_FAIL_OR_MAX_STEPS,False,3000,60.0,nan,61.271599769592285,0,0.0,2937,0.979,0.005783031607802101,0.05238702042705354,0.027826277238153035,0.0,0.45028689640328934,0.02,1.4778734948678087,1.0967509390556454,14423.494061009118,1.2160439322792351,0.012732614437739055,10.0,10.0,15.0,15.0,10.0,15.0,0.0
/home/simon/davide_fr3_ws/src/cbf_safety_filter/config/generated_scenarios/scenario_0803.yaml,scenario_0803,fixed,QP_FAIL_OR_MAX_STEPS,False,3000,60.0,nan,59.365609645843506,0,0.0,2937,0.979,0.005783031607802101,0.05238702042705354,0.027826277238153035,0.0,0.45028689640328934,0.02,1.4778734948678087,1.0967509390556454,14423.494061009118,1.2160439322792351,0.012850947459538778,10.0,10.0,15.0,15.0,10.0,15.0,0.0
/home/simon/davide_fr3_ws/src/cbf_safety_filter/config/generated_scenarios/scenario_0805.yaml,scenario_0805,davide_online,SUCCESS,True,433,8.66,8.66,8.899800777435303,0,0.0,0,0.0,0.0002820023203470093,0.0008131347814265728,0.0007899447155904626,1.3877787807814457e-17,0.009680806146435794,0.02,7.913654158218384,2.612307405873417,4614.741154618603,0.19979759217308055,0.011072089435321905,10.0,10.0,15.0,15.0,10.0,15.0,0.0
/home/simon/davide_fr3_ws/src/cbf_safety_filter/config/generated_scenarios/scenario_0805.yaml,scenario_0805,fixed,SUCCESS,True,433,8.66,8.66,9.208510398864746,0,0.0,0,0.0,0.0002820023203470093,0.0008131347814265728,0.0007899447155904626,1.3877787807814457e-17,0.009680806146435794,0.02,7.913654158218384,2.612307405873417,4614.741154618603,0.19979759217308055,0.01183314852020757,10.0,10.0,15.0,15.0,10.0,15.0,0.0
/home/simon/davide_fr3_ws/src/cbf_safety_filter/config/generated_scenarios/scenario_0806.yaml,scenario_0806,davide_online,SUCCESS,True,400,8.0,8.0,7.124237537384033,73,0.1825,0,0.0,-1.041303622988099e-06,-0.00015350113452972818,-3.3569145450051963e-06,5.551115123125783e-17,0.009494836405362427,0.02,2.9564635776898394,1.6212018314294592,7.801264112947375,5.437960595101916,0.011026803851127625,13.073384036488505,200.0,26.1625,250.0,10.0,15.0,0.0
/home/simon/davide_fr3_ws/src/cbf_safety_filter/config/generated_scenarios/scenario_0806.yaml,scenario_0806,fixed,SUCCESS,True,400,8.0,8.0,8.01481556892395,0,0.0,0,0.0,-4.6160864328737006e-05,-0.0004643209548130245,-0.0001488814636329827,5.551115123125783e-17,0.009494784291119282,0.02,2.954739148235295,1.6211736576717757,6.6093151063910645,5.414868750449769,0.012871994376182557,10.0,10.0,15.0,15.0,10.0,15.0,0.0
/home/simon/davide_fr3_ws/src/cbf_safety_filter/config/generated_scenarios/scenario_0807.yaml,scenario_0807,davide_online,SUCCESS,True,422,8.44,8.44,9.716960906982422,0,0.0,0,0.0,0.00012749786019149167,0.0002136842346960044,0.0003226791751302638,3.469446951953614e-17,0.009541483972361634,0.02,4.435232036833361,1.6270383575654699,2971.4385924241656,0.06196091391840995,0.01141307421770141,10.0,10.0,15.0,15.0,10.0,15.0,0.0
/home/simon/davide_fr3_ws/src/cbf_safety_filter/config/generated_scenarios/scenario_0807.yaml,scenario_0807,fixed,SUCCESS,True,422,8.44,8.44,9.795255422592163,0,0.0,0,0.0,0.00012749786019149167,0.0002136842346960044,0.0003226791751302638,3.469446951953614e-17,0.009541483972361634,0.02,4.435232036833361,1.6270383575654699,2971.4385924241656,0.06196091391840995,0.011948155000876476,10.0,10.0,15.0,15.0,10.0,15.0,0.0
/home/simon/davide_fr3_ws/src/cbf_safety_filter/config/generated_scenarios/scenario_0812.yaml,scenario_0812,davide_online,SUCCESS,True,387,7.74,7.74,8.456640720367432,0,0.0,0,0.0,2.8847227354904248e-05,7.248864497574306e-05,8.074106448882623e-05,5.551115123125783e-17,0.009470950796364983,0.02,2.5721788584346017,1.9765491560353945,5022.119643237641,0.2464732251804926,0.010908417615471577,10.0,10.0,15.0,15.0,10.0,15.0,0.0
/home/simon/davide_fr3_ws/src/cbf_safety_filter/config/generated_scenarios/scenario_0812.yaml,scenario_0812,fixed,SUCCESS,True,387,7.74,7.74,8.682126998901367,0,0.0,0,0.0,2.8847227354904248e-05,7.248864497574306e-05,8.074106448882623e-05,5.551115123125783e-17,0.009470950796364983,0.02,2.5721788584346017,1.9765491560353945,5022.119643237641,0.2464732251804926,0.011513969386886872,10.0,10.0,15.0,15.0,10.0,15.0,0.0
/home/simon/davide_fr3_ws/src/cbf_safety_filter/config/generated_scenarios/scenario_0813.yaml,scenario_0813,davide_online,SUCCESS,True,435,8.700000000000001,8.700000000000001,7.815045356750488,0,0.0,0,0.0,9.454944845110891e-07,1.1321415766572431e-06,2.4355707174128494e-06,8.326672684688674e-17,0.009480679409805737,0.02,2.723835455997934,1.6706444800601663,1573.5216501461477,0.3227969562688733,0.011256217408454281,10.0,10.0,15.0,15.0,10.0,15.0,0.0
/home/simon/davide_fr3_ws/src/cbf_safety_filter/config/generated_scenarios/scenario_0813.yaml,scenario_0813,fixed,SUCCESS,True,435,8.700000000000001,8.700000000000001,7.351892709732056,0,0.0,0,0.0,9.454944845110891e-07,1.1321415766572431e-06,2.4355707174128494e-06,8.326672684688674e-17,0.009480679409805737,0.02,2.723835455997934,1.6706444800601663,1573.5216501461477,0.3227969562688733,0.011003197746715326,10.0,10.0,15.0,15.0,10.0,15.0,0.0
/home/simon/davide_fr3_ws/src/cbf_safety_filter/config/generated_scenarios/scenario_0814.yaml,scenario_0814,davide_online,SUCCESS,True,424,8.48,8.48,11.45448112487793,0,0.0,0,0.0,0.007647548597979068,0.06836238207216039,0.03070063830440184,0.0,0.00817712577144563,0.02,14.489748577270365,4.658006051891124,12872.493301854685,0.5021859395910544,0.01569565568330153,10.0,10.0,15.0,15.0,10.0,15.0,0.0
/home/simon/davide_fr3_ws/src/cbf_safety_filter/config/generated_scenarios/scenario_0814.yaml,scenario_0814,fixed,SUCCESS,True,424,8.48,8.48,7.776818037033081,0,0.0,0,0.0,0.007647548597979068,0.06836238207216039,0.03070063830440184,0.0,0.00817712577144563,0.02,14.489748577270365,4.658006051891124,12872.493301854685,0.5021859395910544,0.011090080693082989,10.0,10.0,15.0,15.0,10.0,15.0,0.0
/home/simon/davide_fr3_ws/src/cbf_safety_filter/config/generated_scenarios/scenario_0819.yaml,scenario_0819,davide_online,QP_FAIL_OR_MAX_STEPS,False,3000,60.0,nan,64.55919694900513,2954,0.9846666666666667,2933,0.9776666666666667,1.0650986221119596e-06,-0.005321232486594979,2.8585358316790543e-06,4.440892098500626e-16,0.4265149143726949,0.02,1.5101634004290532,1.0962246032882603,15962.908389873097,5.29622110271735,0.01340137513478597,23.319640214845762,200.0,15.156666666666666,250.0,10.0,15.0,0.0
/home/simon/davide_fr3_ws/src/cbf_safety_filter/config/generated_scenarios/scenario_0819.yaml,scenario_0819,fixed,QP_FAIL_OR_MAX_STEPS,False,3000,60.0,nan,54.44014310836792,0,0.0,2933,0.9776666666666667,-0.0010947304037219746,-0.015412407393820396,-0.0029616254127957375,1.6653345369377348e-16,0.4268061856977258,0.02,1.4991486449524618,1.0926238155998218,7948.338174050524,5.249493020466354,0.01177052879333496,10.0,10.0,15.0,15.0,10.0,15.0,0.0
/home/simon/davide_fr3_ws/src/cbf_safety_filter/config/generated_scenarios/scenario_0823.yaml,scenario_0823,davide_online,MAX_STEPS,False,3000,60.0,nan,73.30963635444641,789,0.263,0,0.0,8.05814154175577e-06,-0.00262826424971848,2.2039539935542196e-05,4.163336342344337e-16,0.02008074613672094,0.02,88.32720378507884,53.37573291080156,74408.31620548519,34.5004378133577,0.012177091598510742,17.101130943091345,69.98223188110613,15.0,15.0,10.0,15.0,0.0
/home/simon/davide_fr3_ws/src/cbf_safety_filter/config/generated_scenarios/scenario_0823.yaml,scenario_0823,fixed,MAX_STEPS,False,3000,60.0,nan,79.79062581062317,0,0.0,0,0.0,-6.096788827013311e-05,-0.0026739208039235317,-0.00016683731663116874,4.718447854656915e-16,0.01902931130997275,0.02,88.50384234119772,52.62975007782799,74704.65765258807,34.3597045760871,0.01366507069269816,10.0,10.0,15.0,15.0,10.0,15.0,0.0
/home/simon/davide_fr3_ws/src/cbf_safety_filter/config/generated_scenarios/scenario_0824.yaml,scenario_0824,davide_online,SUCCESS,True,443,8.86,8.86,10.663591384887695,0,0.0,0,0.0,0.00014811993599720547,0.000306014118201458,0.00036289417316404116,5.551115123125783e-17,0.009374160233408665,0.02,6.535025127336038,2.782623133887719,1068.519004034502,0.09629741021708788,0.012662588339088733,10.0,10.0,15.0,15.0,10.0,15.0,0.0
/home/simon/davide_fr3_ws/src/cbf_safety_filter/config/generated_scenarios/scenario_0824.yaml,scenario_0824,fixed,SUCCESS,True,443,8.86,8.86,11.349321603775024,0,0.0,0,0.0,0.00014811993599720547,0.000306014118201458,0.00036289417316404116,5.551115123125783e-17,0.009374160233408665,0.02,6.535025127336038,2.782623133887719,1068.519004034502,0.09629741021708788,0.013879434787931076,10.0,10.0,15.0,15.0,10.0,15.0,0.0
/home/simon/davide_fr3_ws/src/cbf_safety_filter/config/generated_scenarios/scenario_0825.yaml,scenario_0825,davide_online,SUCCESS,True,419,8.38,8.38,10.600325584411621,0,0.0,0,0.0,-6.156467881430171e-05,-0.0012333767840333816,-0.0003426783737898037,4.440892098500626e-16,0.009574241275881093,0.02,9.297123857027186,3.384585916972206,8652.607966727868,1.23306551008104,0.015640448841104077,10.0,10.0,15.0,15.0,10.0,15.0,0.0
/home/simon/davide_fr3_ws/src/cbf_safety_filter/config/generated_scenarios/scenario_0825.yaml,scenario_0825,fixed,SUCCESS,True,419,8.38,8.38,7.806697607040405,0,0.0,0,0.0,-6.156467881430171e-05,-0.0012333767840333816,-0.0003426783737898037,4.440892098500626e-16,0.009574241275881093,0.02,9.297123857027186,3.384585916972206,8652.607966727868,1.23306551008104,0.012030356823686769,10.0,10.0,15.0,15.0,10.0,15.0,0.0
/home/simon/davide_fr3_ws/src/cbf_safety_filter/config/generated_scenarios/scenario_0829.yaml,scenario_0829,davide_online,SUCCESS,True,402,8.040000000000001,8.040000000000001,9.8029146194458,10,0.024875621890547265,0,0.0,7.520005642722843e-07,-5.6079275176162404e-05,4.150018441603787e-06,2.0816681711721685e-17,0.009504426888422188,0.02,1.2812934381354653,1.2070941439611342,5.503309333955704,0.7005306375236722,0.012062887647258701,10.293217902310573,51.431615504931806,15.58457711442786,250.0,10.0,15.0,0.0
/home/simon/davide_fr3_ws/src/cbf_safety_filter/config/generated_scenarios/scenario_0829.yaml,scenario_0829,fixed,SUCCESS,True,402,8.040000000000001,8.040000000000001,11.717193365097046,0,0.0,0,0.0,-1.2041122476090863e-05,-0.00023574475227624886,-6.647649890174911e-05,2.0816681711721685e-17,0.00950442685466879,0.02,1.2813047550352235,1.207107763667894,5.4513476051533205,0.6990650852696751,0.014801572211346222,10.0,10.0,15.0,15.0,10.0,15.0,0.0
/home/simon/davide_fr3_ws/src/cbf_safety_filter/config/generated_scenarios/scenario_0831.yaml,scenario_0831,davide_online,SUCCESS,True,481,9.620000000000001,9.620000000000001,11.796186685562134,49,0.10187110187110188,0,0.0,-1.1877803502213097e-05,-0.0019244807205824055,-4.20962990808349e-05,3.400058012914542e-16,0.006940745492632381,0.02,15.456374173305905,6.48061908424194,11091.61673047149,1.6302402802840037,0.013907557465678193,15.715799159834047,200.0,18.908523908523907,250.0,10.0,15.0,0.0
/home/simon/davide_fr3_ws/src/cbf_safety_filter/config/generated_scenarios/scenario_0831.yaml,scenario_0831,fixed,SUCCESS,True,477,9.540000000000001,9.540000000000001,10.63900089263916,0,0.0,0,0.0,-0.00026788419630130456,-0.004204554262978746,-0.001066701220440086,3.5735303605122226e-16,0.00679305026630254,0.02,14.432497219703144,7.885826391194824,10849.533122775867,1.412162403650023,0.013163711539854293,10.0,10.0,15.0,15.0,10.0,15.0,0.0
/home/simon/davide_fr3_ws/src/cbf_safety_filter/config/generated_scenarios/scenario_0833.yaml,scenario_0833,davide_online,SUCCESS,True,406,8.120000000000001,8.120000000000001,8.744478464126587,0,0.0,0,0.0,0.0024460103552396122,0.02301542108898734,0.01269376979758613,0.0,0.008714584956465645,0.02,11.052518445831472,5.156325840828788,10628.08499961573,0.9276712974617596,0.012158514243628592,10.0,10.0,15.0,15.0,10.0,15.0,0.0
/home/simon/davide_fr3_ws/src/cbf_safety_filter/config/generated_scenarios/scenario_0833.yaml,scenario_0833,fixed,SUCCESS,True,406,8.120000000000001,8.120000000000001,8.122732639312744,0,0.0,0,0.0,0.0024460103552396122,0.02301542108898734,0.01269376979758613,0.0,0.008714584956465645,0.02,11.052518445831472,5.156325840828788,10628.08499961573,0.9276712974617596,0.011711939215072858,10.0,10.0,15.0,15.0,10.0,15.0,0.0
/home/simon/davide_fr3_ws/src/cbf_safety_filter/config/generated_scenarios/scenario_0834.yaml,scenario_0834,davide_online,SUCCESS,True,421,8.42,8.42,8.828949451446533,43,0.1021377672209026,0,0.0,-2.6490211562021915e-06,-0.007325600486823014,-9.746564207935293e-06,4.440892098500626e-16,0.008108555866917904,0.02,15.177564726980847,4.6333694696624,13872.046986574072,3.3704538031160616,0.011088734284715811,11.111638675749258,200.0,16.116389548693586,250.0,10.0,15.0,0.0
/home/simon/davide_fr3_ws/src/cbf_safety_filter/config/generated_scenarios/scenario_0834.yaml,scenario_0834,fixed,SUCCESS,True,421,8.42,8.42,9.535794496536255,0,0.0,0,0.0,-0.00014779866339168987,-0.018386721842796203,-0.0005448695593391617,4.440892098500626e-16,0.007981811723102356,0.02,15.165807234713071,4.6769896085678635,13943.082529845062,3.314945281815521,0.01238143698902991,10.0,10.0,15.0,15.0,10.0,15.0,0.0
/home/simon/davide_fr3_ws/src/cbf_safety_filter/config/generated_scenarios/scenario_0836.yaml,scenario_0836,davide_online,QP_FAIL_OR_MAX_STEPS,False,3000,60.0,nan,63.04388451576233,2915,0.9716666666666667,2900,0.9666666666666667,-0.0003781177222671149,-0.1185487408283275,-0.001107249632268742,8.881784197001252e-16,0.31104207981595167,0.02,1.8394526422443995,1.4726911970972412,22455.775602946847,57.18749216010851,0.012319455544153849,193.93357232751774,200.0,242.32333333333332,250.0,10.0,15.0,0.0
/home/simon/davide_fr3_ws/src/cbf_safety_filter/config/generated_scenarios/scenario_0836.yaml,scenario_0836,fixed,SUCCESS,True,446,8.92,8.92,9.01757526397705,0,0.0,0,0.0,-0.0004613329507994618,-0.007153610857591794,-0.0013314120798122164,1.942890293094024e-16,0.009622952692373555,0.02,12.823752808385247,3.0700581738851564,5753.785192345737,16.301456311996247,0.012225641798010856,10.0,10.0,15.0,15.0,10.0,15.0,0.0
/home/simon/davide_fr3_ws/src/cbf_safety_filter/config/generated_scenarios/scenario_0839.yaml,scenario_0839,davide_online,QP_FAIL_OR_MAX_STEPS,False,3000,60.0,nan,60.28177738189697,0,0.0,2914,0.9713333333333334,0.008463440972901356,0.03637234220075369,0.025979080543711508,2.42861286636753e-16,0.2895595919105626,0.02,1.586901802026501,1.1958261595086033,26636.30855250597,0.8870587679475046,0.012713407357533773,10.0,10.0,15.0,15.0,10.0,15.0,0.0
/home/simon/davide_fr3_ws/src/cbf_safety_filter/config/generated_scenarios/scenario_0839.yaml,scenario_0839,fixed,QP_FAIL_OR_MAX_STEPS,False,3000,60.0,nan,54.99201440811157,0,0.0,2914,0.9713333333333334,0.008463440972901356,0.03637234220075369,0.025979080543711508,2.42861286636753e-16,0.2895595919105626,0.02,1.586901802026501,1.1958261595086033,26636.30855250597,0.8870587679475046,0.012052374521891276,10.0,10.0,15.0,15.0,10.0,15.0,0.0
/home/simon/davide_fr3_ws/src/cbf_safety_filter/config/generated_scenarios/scenario_0840.yaml,scenario_0840,davide_online,SUCCESS,True,391,7.82,7.82,11.462040901184082,34,0.08695652173913043,0,0.0,-1.5075418062504564e-07,-3.325410920952798e-05,-4.329533833391519e-07,1.1102230246251565e-16,0.009183624752243203,0.02,2.4977675419662906,1.6545826384910882,5197.154324115486,0.25384833786764216,0.016905460821088316,10.395054405065421,55.850315450602764,23.414322250639387,250.0,10.0,15.0,0.0
/home/simon/davide_fr3_ws/src/cbf_safety_filter/config/generated_scenarios/scenario_0840.yaml,scenario_0840,fixed,SUCCESS,True,391,7.82,7.82,8.833861112594604,0,0.0,0,0.0,-1.64293002447094e-05,-0.00016576937468801615,-4.718991135108097e-05,1.1102230246251565e-16,0.009183780203307844,0.02,2.497733584465627,1.6544899056451288,5196.964270208607,0.2540573339293193,0.013526982358654441,10.0,10.0,15.0,15.0,10.0,15.0,0.0
/home/simon/davide_fr3_ws/src/cbf_safety_filter/config/generated_scenarios/scenario_0842.yaml,scenario_0842,davide_online,SUCCESS,True,385,7.7,7.7,9.798324584960938,29,0.07532467532467532,0,0.0,5.397643602737812e-07,-5.652737138199808e-05,1.5940986979323668e-06,2.0816681711721685e-17,0.009468697293555038,0.02,3.9849663313335255,1.1767233101629815,7.808308569526878,0.5205273454096295,0.01262163868198147,10.386736529015677,55.78259631941116,15.61038961038961,250.0,10.0,15.0,0.0
/home/simon/davide_fr3_ws/src/cbf_safety_filter/config/generated_scenarios/scenario_0842.yaml,scenario_0842,fixed,SUCCESS,True,385,7.7,7.7,8.884797811508179,0,0.0,0,0.0,-7.779856945191316e-06,-0.000260323323609743,-2.297810082194096e-05,2.7755575615628914e-17,0.009469006655569264,0.02,3.981546675358883,1.174282934779814,7.738521293279567,0.5164474363403203,0.011871224564391297,10.0,10.0,15.0,15.0,10.0,15.0,0.0
/home/simon/davide_fr3_ws/src/cbf_safety_filter/config/generated_scenarios/scenario_0845.yaml,scenario_0845,davide_online,SUCCESS,True,397,7.94,7.94,8.057711124420166,0,0.0,0,0.0,0.000340026890715623,0.0017530327187631027,0.0009749178433420269,4.440892098500626e-16,0.009374607184815928,0.02,9.14673073566079,3.899900197234133,9273.996586160583,0.5260651480031111,0.011602661771798315,10.0,10.0,15.0,15.0,10.0,15.0,0.0
/home/simon/davide_fr3_ws/src/cbf_safety_filter/config/generated_scenarios/scenario_0845.yaml,scenario_0845,fixed,SUCCESS,True,397,7.94,7.94,7.902060270309448,0,0.0,0,0.0,0.000340026890715623,0.0017530327187631027,0.0009749178433420269,4.440892098500626e-16,0.009374607184815928,0.02,9.14673073566079,3.899900197234133,9273.996586160583,0.5260651480031111,0.011803180204530807,10.0,10.0,15.0,15.0,10.0,15.0,0.0
/home/simon/davide_fr3_ws/src/cbf_safety_filter/config/generated_scenarios/scenario_0848.yaml,scenario_0848,davide_online,QP_FAIL_OR_MAX_STEPS,False,3000,60.0,nan,72.24709367752075,2938,0.9793333333333333,2929,0.9763333333333334,-1.434296217404929e-05,-0.0474583099244624,-4.804176217335088e-05,4.996003610813204e-16,0.44950824933503414,0.02,1.926897827862519,1.3043006089497047,35787.74636469638,13.601615330462929,0.012125324169794718,195.63023834356042,200.0,244.51666666666668,250.0,10.0,15.0,0.0
/home/simon/davide_fr3_ws/src/cbf_safety_filter/config/generated_scenarios/scenario_0848.yaml,scenario_0848,fixed,MAX_STEPS,False,3000,60.0,nan,79.36121034622192,0,0.0,0,0.0,-0.0003446446326848887,-0.005052571222082222,-0.0011586979694213906,0.00042594898471520163,0.4508759032657475,0.02,4.335944672950075,2.9212676938026108,27282.07161847975,611.1152560221303,0.013954640626907348,10.0,10.0,15.0,15.0,10.0,15.0,0.0
/home/simon/davide_fr3_ws/src/cbf_safety_filter/config/generated_scenarios/scenario_0850.yaml,scenario_0850,davide_online,QP_FAIL_OR_MAX_STEPS,False,3000,60.0,nan,88.66724014282227,2927,0.9756666666666667,2853,0.951,-6.881947777618094e-05,-0.021374629095264056,-0.0002146682051573645,1.3322676295501878e-15,0.1811134643115001,0.02,3.68123570179688,1.5096924191400953,28509.156860187326,23.12586202034768,0.015233452002207439,191.49924160324673,200.0,239.11166666666668,250.0,10.0,15.0,0.0
/home/simon/davide_fr3_ws/src/cbf_safety_filter/config/generated_scenarios/scenario_0850.yaml,scenario_0850,fixed,SUCCESS,True,435,8.700000000000001,8.700000000000001,14.70419716835022,0,0.0,0,0.0,-0.0012494066256292426,-0.01603027773367776,-0.005148985796454106,3.3306690738754696e-16,0.009116943287917754,0.02,6.794637753449994,2.443789604503311,13668.703997461476,10.545578215350174,0.01769519893602393,10.0,10.0,15.0,15.0,10.0,15.0,0.0
/home/simon/davide_fr3_ws/src/cbf_safety_filter/config/generated_scenarios/scenario_0851.yaml,scenario_0851,davide_online,SUCCESS,True,450,9.0,9.0,8.780359268188477,0,0.0,0,0.0,0.0005940031060963011,0.0024275468811237088,0.001784945844198138,4.163336342344337e-17,0.007151136445734502,0.02,9.972290512249046,3.3772874600107916,6797.337621084937,0.28232906126053736,0.01210588773091634,10.0,10.0,15.0,15.0,10.0,15.0,0.0
/home/simon/davide_fr3_ws/src/cbf_safety_filter/config/generated_scenarios/scenario_0851.yaml,scenario_0851,fixed,SUCCESS,True,450,9.0,9.0,9.974448204040527,0,0.0,0,0.0,0.0005940031060963011,0.0024275468811237088,0.001784945844198138,4.163336342344337e-17,0.007151136445734502,0.02,9.972290512249046,3.3772874600107916,6797.337621084937,0.28232906126053736,0.01426505830552843,10.0,10.0,15.0,15.0,10.0,15.0,0.0
/home/simon/davide_fr3_ws/src/cbf_safety_filter/config/generated_scenarios/scenario_0852.yaml,scenario_0852,davide_online,SUCCESS,True,445,8.9,8.9,14.110140562057495,81,0.18202247191011237,0,0.0,-1.5668202955603644e-05,-0.0019198549015440039,-5.93176439761256e-05,4.440892098500626e-16,0.009142393362349859,0.02,5.527296461898087,1.636624976761197,664.3726176965199,0.41967509640781664,0.016766504759199163,13.758574651668862,200.0,23.44943820224719,250.0,10.0,15.0,0.0
/home/simon/davide_fr3_ws/src/cbf_safety_filter/config/generated_scenarios/scenario_0852.yaml,scenario_0852,fixed,SUCCESS,True,442,8.84,8.84,11.352299928665161,0,0.0,0,0.0,-0.00041207702841577695,-0.0063211168687944,-0.0015690344340308637,5.551115123125783e-17,0.009714983367620745,0.02,5.305486518779562,1.577706020664746,16.50500060281236,0.3770852182201748,0.014106040087220896,10.0,10.0,15.0,15.0,10.0,15.0,0.0
/home/simon/davide_fr3_ws/src/cbf_safety_filter/config/generated_scenarios/scenario_0853.yaml,scenario_0853,davide_online,SUCCESS,True,422,8.44,8.44,12.989530324935913,30,0.07109004739336493,0,0.0,1.1522994303701795e-07,-0.0003174634409883713,4.979675672645012e-07,2.220446049250313e-16,0.009273130932904836,0.02,4.982729668915237,2.2637868930230045,2461.455704393866,0.5622049964880916,0.017490732161354678,10.775231274955496,69.17387419473887,16.670616113744074,250.0,10.0,15.0,0.0
/home/simon/davide_fr3_ws/src/cbf_safety_filter/config/generated_scenarios/scenario_0853.yaml,scenario_0853,fixed,SUCCESS,True,422,8.44,8.44,13.64226746559143,0,0.0,0,0.0,-1.555392517832606e-05,-0.003055604324578645,-6.723615332168698e-05,2.220446049250313e-16,0.009460367370094324,0.02,4.873390225781247,2.2141231348487365,2437.641375758955,0.5245968443941992,0.019035150089535102,10.0,10.0,15.0,15.0,10.0,15.0,0.0
/home/simon/davide_fr3_ws/src/cbf_safety_filter/config/generated_scenarios/scenario_0856.yaml,scenario_0856,davide_online,SUCCESS,True,412,8.24,8.24,11.279505252838135,0,0.0,0,0.0,9.492174364156628e-05,0.0007943723497410857,0.0003728666957857618,6.938893903907228e-18,0.009439953679730585,0.02,4.007460706712016,2.429817275173628,3109.4594781029814,0.10361280868480031,0.014279344128173532,10.0,10.0,15.0,15.0,10.0,15.0,0.0
/home/simon/davide_fr3_ws/src/cbf_safety_filter/config/generated_scenarios/scenario_0856.yaml,scenario_0856,fixed,SUCCESS,True,412,8.24,8.24,9.62722659111023,0,0.0,0,0.0,9.492174364156628e-05,0.0007943723497410857,0.0003728666957857618,6.938893903907228e-18,0.009439953679730585,0.02,4.007460706712016,2.429817275173628,3109.4594781029814,0.10361280868480031,0.012698014963020398,10.0,10.0,15.0,15.0,10.0,15.0,0.0
/home/simon/davide_fr3_ws/src/cbf_safety_filter/config/generated_scenarios/scenario_0857.yaml,scenario_0857,davide_online,SUCCESS,True,377,7.54,7.54,9.454771280288696,0,0.0,0,0.0,0.00011503448087816365,0.00017584485724308216,0.0004585631020749825,5.551115123125783e-17,0.009463198015755927,0.02,2.345517969148578,1.9294457567029548,3194.828451231301,0.151964107309444,0.014252458390253608,10.0,10.0,15.0,15.0,10.0,15.0,0.0
/home/simon/davide_fr3_ws/src/cbf_safety_filter/config/generated_scenarios/scenario_0857.yaml,scenario_0857,fixed,SUCCESS,True,377,7.54,7.54,8.537538290023804,0,0.0,0,0.0,0.00011503448087816365,0.00017584485724308216,0.0004585631020749825,5.551115123125783e-17,0.009463198015755927,0.02,2.345517969148578,1.9294457567029548,3194.828451231301,0.151964107309444,0.013232522048747824,10.0,10.0,15.0,15.0,10.0,15.0,0.0
/home/simon/davide_fr3_ws/src/cbf_safety_filter/config/generated_scenarios/scenario_0858.yaml,scenario_0858,davide_online,SUCCESS,True,397,7.94,7.94,13.03869366645813,11,0.027707808564231738,0,0.0,2.9311190800487136e-05,-0.00013315135332089747,0.00011552777655099433,1.1102230246251565e-16,0.012529163106961165,0.02,12.016852619646649,4.085733830327587,7663.560356005878,4.2054956346742225,0.018669495954921924,10.020685037428317,12.509032818914823,15.0,15.0,10.0,15.0,0.0
/home/simon/davide_fr3_ws/src/cbf_safety_filter/config/generated_scenarios/scenario_0858.yaml,scenario_0858,fixed,SUCCESS,True,397,7.94,7.94,10.690775394439697,0,0.0,0,0.0,2.9311190800487136e-05,-0.0006985686836714043,0.00011552777655099433,1.1102230246251565e-16,0.011680804371729974,0.02,12.00394525089583,4.085112374145109,7672.512349675847,4.179205458818744,0.0157807245662891,10.0,10.0,15.0,15.0,10.0,15.0,0.0
/home/simon/davide_fr3_ws/src/cbf_safety_filter/config/generated_scenarios/scenario_0864.yaml,scenario_0864,davide_online,QP_FAIL_OR_MAX_STEPS,False,3000,60.0,nan,71.61085653305054,2957,0.9856666666666667,2921,0.9736666666666667,-0.0009955898992798917,-0.31750924119824414,-0.002757542439766364,6.661338147750939e-16,0.4984260899661302,0.02,3.7818151288353405,1.371267616497104,159642.93930782806,49.88280611301714,0.01480347728729248,195.2254905373195,200.0,243.96833333333333,250.0,10.0,15.0,0.0
/home/simon/davide_fr3_ws/src/cbf_safety_filter/config/generated_scenarios/scenario_0864.yaml,scenario_0864,fixed,QP_FAIL_OR_MAX_STEPS,False,3000,60.0,nan,66.87964725494385,0,0.0,2861,0.9536666666666667,-0.0019161195407153345,-0.023210509645703335,-0.004927370546516013,1.6653345369377348e-15,0.3939824039077697,0.02,7.569595614959697,1.4729156172206044,126231.89235327636,135.14099910546093,0.014417875210444133,10.0,10.0,15.0,15.0,10.0,15.0,0.0
/home/simon/davide_fr3_ws/src/cbf_safety_filter/config/generated_scenarios/scenario_0869.yaml,scenario_0869,davide_online,SUCCESS,True,328,6.5600000000000005,6.5600000000000005,8.217752933502197,12,0.036585365853658534,0,0.0,4.692025782140896e-08,-2.0723341929752034e-06,1.373543294935775e-07,9.75781955236954e-19,0.011795550966726878,0.02,0.6886482204488088,1.0315395290205376,1.304435965642493,0.4554314533051192,0.013495405272739689,10.000309293466927,10.101448257151718,22.88109756097561,250.0,10.0,15.0,0.0
/home/simon/davide_fr3_ws/src/cbf_safety_filter/config/generated_scenarios/scenario_0869.yaml,scenario_0869,fixed,SUCCESS,True,328,6.5600000000000005,6.5600000000000005,9.817824125289917,0,0.0,0,0.0,-4.506615113551715e-07,-4.794548509778852e-06,-1.3192718144872106e-06,1.0299920638612292e-18,0.01179424718743789,0.02,0.6886456944098954,1.0315345132431706,1.3043558748524335,0.4552943083552548,0.01654633443530013,10.0,10.0,15.0,15.0,10.0,15.0,0.0
/home/simon/davide_fr3_ws/src/cbf_safety_filter/config/generated_scenarios/scenario_0871.yaml,scenario_0871,davide_online,SUCCESS,True,364,7.28,7.28,8.561336040496826,1,0.0027472527472527475,0,0.0,4.314261242277517e-05,0.00013656187424671115,0.00020066269509112777,2.7755575615628914e-17,0.010271826387643974,0.02,1.9660231480467238,1.7704601990633324,3558.5011347403515,0.11056327806083949,0.013479732550107516,10.000021088267799,10.007676129479028,15.0,15.0,10.0,15.0,0.0
/home/simon/davide_fr3_ws/src/cbf_safety_filter/config/generated_scenarios/scenario_0871.yaml,scenario_0871,fixed,SUCCESS,True,364,7.28,7.28,11.71658730506897,0,0.0,0,0.0,4.314261242277517e-05,0.00013656187424671115,0.00020066269509112777,2.7755575615628914e-17,0.01027184530645358,0.02,1.9660231233519456,1.7704601896930245,3558.5009089616115,0.11056484896137839,0.019145541138701386,10.0,10.0,15.0,15.0,10.0,15.0,0.0
/home/simon/davide_fr3_ws/src/cbf_safety_filter/config/generated_scenarios/scenario_0876.yaml,scenario_0876,davide_online,SUCCESS,True,443,8.86,8.86,12.415990352630615,0,0.0,0,0.0,0.00010514521604081464,0.0007343355532467158,0.0003080654302975716,5.551115123125783e-17,0.009439455263699194,0.02,8.851760639129166,3.768262425943517,4997.004038136954,0.45755275735421236,0.014771444264706855,10.0,10.0,15.0,15.0,10.0,15.0,0.0
/home/simon/davide_fr3_ws/src/cbf_safety_filter/config/generated_scenarios/scenario_0876.yaml,scenario_0876,fixed,SUCCESS,True,443,8.86,8.86,11.63456916809082,0,0.0,0,0.0,0.00010514521604081464,0.0007343355532467158,0.0003080654302975716,5.551115123125783e-17,0.009439455263699194,0.02,8.851760639129166,3.768262425943517,4997.004038136954,0.45755275735421236,0.014235177911969394,10.0,10.0,15.0,15.0,10.0,15.0,0.0
/home/simon/davide_fr3_ws/src/cbf_safety_filter/config/generated_scenarios/scenario_0878.yaml,scenario_0878,davide_online,SUCCESS,True,428,8.56,8.56,9.135761737823486,58,0.13551401869158877,0,0.0,-1.1435318167322961e-05,-0.02354063954981172,-2.9750788961419028e-05,1.7763568394002505e-15,0.009546431008197024,0.02,16.495918500495307,5.621785137766541,22717.999649620586,3.191626095947673,0.013312372648827384,14.654281462848497,200.0,18.843457943925234,250.0,10.0,15.0,0.0
/home/simon/davide_fr3_ws/src/cbf_safety_filter/config/generated_scenarios/scenario_0878.yaml,scenario_0878,fixed,SUCCESS,True,426,8.52,8.52,11.917632818222046,0,0.0,0,0.0,-0.001052462183992138,-0.01253634555965669,-0.0027577190382045147,2.220446049250313e-16,0.009480291955011603,0.02,16.215464883952375,5.193126777301397,13856.796807513972,2.8568505666055493,0.01822967932257854,10.0,10.0,15.0,15.0,10.0,15.0,0.0
/home/simon/davide_fr3_ws/src/cbf_safety_filter/config/generated_scenarios/scenario_0880.yaml,scenario_0880,davide_online,SUCCESS,True,406,8.120000000000001,8.120000000000001,8.928323030471802,40,0.09852216748768473,0,0.0,-1.1301488431522677e-05,-0.002281264726415289,-3.153594572377627e-05,4.440892098500626e-16,0.009869869690617504,0.02,7.755867290635609,2.811248338420947,14680.757139526293,1.3085373085688705,0.013720868843529611,11.536295246061671,200.0,16.157635467980295,250.0,10.0,15.0,0.0
/home/simon/davide_fr3_ws/src/cbf_safety_filter/config/generated_scenarios/scenario_0880.yaml,scenario_0880,fixed,SUCCESS,True,408,8.16,8.16,7.778364181518555,0,0.0,0,0.0,-0.00029432640281397415,-0.0034775945145606845,-0.0008231136128169225,8.881784197001252e-16,0.009959328748566545,0.02,6.47343848324017,2.565981678753336,11614.88749237297,0.7282388729511027,0.012380637958938,10.0,10.0,15.0,15.0,10.0,15.0,0.0
/home/simon/davide_fr3_ws/src/cbf_safety_filter/config/generated_scenarios/scenario_0882.yaml,scenario_0882,davide_online,SUCCESS,True,407,8.14,8.14,11.542496919631958,0,0.0,0,0.0,0.010819166998508607,0.10780821396684483,0.027905623115710237,0.0,0.00971527628290825,0.02,12.253685747234133,6.716677328131298,30387.57343623502,1.3580026494934991,0.01509357670308331,10.0,10.0,15.0,15.0,10.0,15.0,0.0
/home/simon/davide_fr3_ws/src/cbf_safety_filter/config/generated_scenarios/scenario_0882.yaml,scenario_0882,fixed,SUCCESS,True,407,8.14,8.14,9.977746725082397,0,0.0,0,0.0,0.010819166998508607,0.10780821396684483,0.027905623115710237,0.0,0.00971527628290825,0.02,12.253685747234133,6.716677328131298,30387.57343623502,1.3580026494934991,0.013326312165881258,10.0,10.0,15.0,15.0,10.0,15.0,0.0
/home/simon/davide_fr3_ws/src/cbf_safety_filter/config/generated_scenarios/scenario_0884.yaml,scenario_0884,davide_online,SUCCESS,True,431,8.620000000000001,8.620000000000001,12.705922603607178,14,0.03248259860788863,0,0.0,0.00016978216580036676,-0.00909291457724963,0.0005326788781055691,2.220446049250313e-16,0.00943589459338979,0.02,7.776600419287822,4.314770342246231,12520.053834974342,0.8147661260809789,0.01445801130856826,10.095768516331184,15.728780881092675,15.0,15.0,10.0,15.0,0.0
/home/simon/davide_fr3_ws/src/cbf_safety_filter/config/generated_scenarios/scenario_0884.yaml,scenario_0884,fixed,SUCCESS,True,431,8.620000000000001,8.620000000000001,11.809784412384033,0,0.0,0,0.0,0.000204576608660835,-0.016564641498603073,0.0006416245336851312,1.6653345369377348e-16,0.00943581249700048,0.02,7.774377692388351,4.308878048862076,12521.483797073237,0.81433847300931,0.013784258105638686,10.0,10.0,15.0,15.0,10.0,15.0,0.0
/home/simon/davide_fr3_ws/src/cbf_safety_filter/config/generated_scenarios/scenario_0885.yaml,scenario_0885,davide_online,SUCCESS,True,437,8.74,8.74,12.752876043319702,31,0.07093821510297482,0,0.0,2.9177339064268004e-07,-1.9342855890915316e-05,1.030997624329455e-06,1.1102230246251565e-16,0.009542588310576361,0.02,9.62519622871396,3.37181247476751,8043.312557977012,0.441214782378964,0.01475315126728957,10.313968463878956,49.32452911009466,15.537757437070939,250.0,10.0,15.0,0.0
/home/simon/davide_fr3_ws/src/cbf_safety_filter/config/generated_scenarios/scenario_0885.yaml,scenario_0885,fixed,SUCCESS,True,437,8.74,8.74,11.412936449050903,0,0.0,0,0.0,0.00010358167927745215,-0.0003775849761012053,0.0003490547909257291,1.6653345369377348e-16,0.009534085830672868,0.02,10.372429983753943,3.5365617797099573,8055.054904094878,0.4472456394817607,0.013636149312593299,10.0,10.0,15.0,15.0,10.0,15.0,0.0
/home/simon/davide_fr3_ws/src/cbf_safety_filter/config/generated_scenarios/scenario_0887.yaml,scenario_0887,davide_online,QP_FAIL_OR_MAX_STEPS,False,3000,60.0,nan,77.09383153915405,0,0.0,2922,0.974,-0.00026699917991349596,-0.0035120200327670697,-0.0014957581802628878,2.0816681711721685e-17,0.33566117178200716,0.02,1.52198878404163,1.1124394261046329,13646.296443336374,11.213344359764998,0.014632517655690512,10.0,10.0,15.0,15.0,10.0,15.0,0.0
/home/simon/davide_fr3_ws/src/cbf_safety_filter/config/generated_scenarios/scenario_0887.yaml,scenario_0887,fixed,QP_FAIL_OR_MAX_STEPS,False,3000,60.0,nan,71.95495796203613,0,0.0,2922,0.974,-0.00026699917991349596,-0.0035120200327670697,-0.0014957581802628878,2.0816681711721685e-17,0.33566117178200716,0.02,1.52198878404163,1.1124394261046329,13646.296443336374,11.213344359764998,0.014205853939056396,10.0,10.0,15.0,15.0,10.0,15.0,0.0
/home/simon/davide_fr3_ws/src/cbf_safety_filter/config/generated_scenarios/scenario_0893.yaml,scenario_0893,davide_online,SUCCESS,True,405,8.1,8.1,10.438911199569702,0,0.0,0,0.0,0.000571180959486127,0.0024407410239980012,0.0014561428035359258,0.0,0.00938564187971863,0.02,4.332638949524476,2.6161110479902563,3880.7715291165464,0.025391844607441746,0.014737846821914485,10.0,10.0,15.0,15.0,10.0,15.0,0.0
/home/simon/davide_fr3_ws/src/cbf_safety_filter/config/generated_scenarios/scenario_0893.yaml,scenario_0893,fixed,SUCCESS,True,405,8.1,8.1,8.00173020362854,0,0.0,0,0.0,0.000571180959486127,0.0024407410239980012,0.0014561428035359258,0.0,0.00938564187971863,0.02,4.332638949524476,2.6161110479902563,3880.7715291165464,0.025391844607441746,0.011786485601354528,10.0,10.0,15.0,15.0,10.0,15.0,0.0
/home/simon/davide_fr3_ws/src/cbf_safety_filter/config/generated_scenarios/scenario_0896.yaml,scenario_0896,davide_online,SUCCESS,True,400,8.0,8.0,13.586736917495728,52,0.13,0,0.0,-2.4058950362067233e-05,-0.01640968666001605,-6.763216546337714e-05,6.661338147750939e-16,0.009217272284249813,0.02,8.990243931660705,3.9635743393139786,36769.479397721545,3.3076657392696274,0.01715505838394165,12.392347369027302,200.0,15.5875,250.0,10.0,15.0,0.0
/home/simon/davide_fr3_ws/src/cbf_safety_filter/config/generated_scenarios/scenario_0896.yaml,scenario_0896,fixed,SUCCESS,True,442,8.84,8.84,11.345204591751099,0,0.0,0,0.0,-0.0015893198254268506,-0.02045790403352782,-0.0045244245155242335,8.326672684688674e-16,0.010134491887569127,0.02,9.061809748295545,5.810263710926315,76214.27477595747,12.131096483347704,0.01334222571342779,10.0,10.0,15.0,15.0,10.0,15.0,0.0
/home/simon/davide_fr3_ws/src/cbf_safety_filter/config/generated_scenarios/scenario_0898.yaml,scenario_0898,davide_online,SUCCESS,True,428,8.56,8.56,11.278288125991821,0,0.0,0,0.0,0.007415474899434612,0.06623725195361116,0.01996799661527332,0.0,0.009262356331510438,0.02,11.517475635089951,6.4992021040103,21711.426163741537,1.059966064324754,0.01422425241113823,10.0,10.0,15.0,15.0,10.0,15.0,0.0
/home/simon/davide_fr3_ws/src/cbf_safety_filter/config/generated_scenarios/scenario_0898.yaml,scenario_0898,fixed,SUCCESS,True,428,8.56,8.56,9.88007402420044,0,0.0,0,0.0,0.007415474899434612,0.06623725195361116,0.01996799661527332,0.0,0.009262356331510438,0.02,11.517475635089951,6.4992021040103,21711.426163741537,1.059966064324754,0.012950853766681992,10.0,10.0,15.0,15.0,10.0,15.0,0.0
/home/simon/davide_fr3_ws/src/cbf_safety_filter/config/generated_scenarios/scenario_0899.yaml,scenario_0899,davide_online,SUCCESS,True,373,7.46,7.46,8.29272174835205,0,0.0,0,0.0,1.4656365281189021e-05,8.319960466684822e-05,3.6655882009767327e-05,2.0816681711721685e-17,0.009467411852547524,0.02,2.2547034669679356,1.1512817049483022,2.652015095538443,0.16433213521795662,0.01366642461065952,10.0,10.0,15.0,15.0,10.0,15.0,0.0
/home/simon/davide_fr3_ws/src/cbf_safety_filter/config/generated_scenarios/scenario_0899.yaml,scenario_0899,fixed,SUCCESS,True,373,7.46,7.46,9.016265869140625,0,0.0,0,0.0,1.4656365281189021e-05,8.319960466684822e-05,3.6655882009767327e-05,2.0816681711721685e-17,0.009467411852547524,0.02,2.2547034669679356,1.1512817049483022,2.652015095538443,0.16433213521795662,0.015441379981769634,10.0,10.0,15.0,15.0,10.0,15.0,0.0
/home/simon/davide_fr3_ws/src/cbf_safety_filter/config/generated_scenarios/scenario_0900.yaml,scenario_0900,davide_online,SUCCESS,True,419,8.38,8.38,9.705770492553711,0,0.0,0,0.0,3.074803044110508e-05,7.484379550446525e-05,9.90277833093911e-05,2.220446049250313e-16,0.00913393471986759,0.02,7.692250863525664,4.129643118935931,8340.690993938098,0.3247408962460728,0.01414793089636755,10.0,10.0,15.0,15.0,10.0,15.0,0.0
/home/simon/davide_fr3_ws/src/cbf_safety_filter/config/generated_scenarios/scenario_0900.yaml,scenario_0900,fixed,SUCCESS,True,419,8.38,8.38,10.871423721313477,0,0.0,0,0.0,3.074803044110508e-05,7.484379550446525e-05,9.90277833093911e-05,2.220446049250313e-16,0.00913393471986759,0.02,7.692250863525664,4.129643118935931,8340.690993938098,0.3247408962460728,0.016467684493144542,10.0,10.0,15.0,15.0,10.0,15.0,0.0
/home/simon/davide_fr3_ws/src/cbf_safety_filter/config/generated_scenarios/scenario_0902.yaml,scenario_0902,davide_online,SUCCESS,True,415,8.3,8.3,12.233970165252686,17,0.04096385542168675,0,0.0,9.308754288853138e-07,-2.484643071381219e-06,2.932787736747988e-06,1.3877787807814457e-17,0.009170676999007397,0.02,2.451398563376275,1.1061859457139973,5.272352220789011,0.16871553842392673,0.016748313444206513,10.10055494911671,19.308703589010907,15.566265060240964,250.0,10.0,15.0,0.0
/home/simon/davide_fr3_ws/src/cbf_safety_filter/config/generated_scenarios/scenario_0902.yaml,scenario_0902,fixed,SUCCESS,True,415,8.3,8.3,9.199358224868774,0,0.0,0,0.0,3.780418217393111e-07,-1.1907190088986401e-05,1.1910535700487834e-06,1.3877787807814457e-17,0.009170674450374183,0.02,2.451301354148032,1.106088695375767,5.2702031526049575,0.16866637348822594,0.01302309725658003,10.0,10.0,15.0,15.0,10.0,15.0,0.0
/home/simon/davide_fr3_ws/src/cbf_safety_filter/config/generated_scenarios/scenario_0905.yaml,scenario_0905,davide_online,SUCCESS,True,450,9.0,9.0,10.119346380233765,30,0.06666666666666667,0,0.0,9.942543269442217e-06,-4.0830659294788983e-05,2.3979662916562283e-05,5.551115123125783e-17,0.009438763447798983,0.02,5.271060020676236,1.442863250956648,1623.9244265803304,0.20349226638531054,0.012897469732496473,10.160772086865197,20.736109757258355,15.0,15.0,10.0,15.0,0.0
/home/simon/davide_fr3_ws/src/cbf_safety_filter/config/generated_scenarios/scenario_0905.yaml,scenario_0905,fixed,SUCCESS,True,450,9.0,9.0,11.167697429656982,0,0.0,0,0.0,1.8093460677458262e-05,-0.00018838024802129765,4.3636171157795944e-05,4.163336342344337e-17,0.009437391583312353,0.02,5.269028209723755,1.441842748429239,1624.518544613828,0.20309765490588697,0.014777715471055773,10.0,10.0,15.0,15.0,10.0,15.0,0.0
/home/simon/davide_fr3_ws/src/cbf_safety_filter/config/generated_scenarios/scenario_0907.yaml,scenario_0907,davide_online,SUCCESS,True,408,8.16,8.16,11.30382490158081,0,0.0,0,0.0,7.530931433595567e-06,8.651328753671078e-06,2.8076596339798865e-05,2.168404344971009e-19,0.009667851804947933,0.02,2.793064207289106,1.0152804138155598,6.042596592904885,0.009782393673780943,0.01692340245433882,10.0,10.0,15.0,15.0,10.0,15.0,0.0
/home/simon/davide_fr3_ws/src/cbf_safety_filter/config/generated_scenarios/scenario_0907.yaml,scenario_0907,fixed,SUCCESS,True,408,8.16,8.16,11.168478727340698,0,0.0,0,0.0,7.530931433595567e-06,8.651328753671078e-06,2.8076596339798865e-05,2.168404344971009e-19,0.009667851804947933,0.02,2.793064207289106,1.0152804138155598,6.042596592904885,0.009782393673780943,0.017381596798990286,10.0,10.0,15.0,15.0,10.0,15.0,0.0
/home/simon/davide_fr3_ws/src/cbf_safety_filter/config/generated_scenarios/scenario_0909.yaml,scenario_0909,davide_online,SUCCESS,True,340,6.8,6.8,8.054444074630737,0,0.0,0,0.0,4.611834970406903e-06,1.0783083650764262e-05,1.2136020230063549e-05,1.3877787807814457e-17,0.009437375842721163,0.02,0.8860244914119445,1.0480644260960585,2.3370398709207305,0.011216895811021322,0.012370713318095488,10.0,10.0,15.0,15.0,10.0,15.0,0.0
/home/simon/davide_fr3_ws/src/cbf_safety_filter/config/generated_scenarios/scenario_0909.yaml,scenario_0909,fixed,SUCCESS,True,340,6.8,6.8,11.761309385299683,0,0.0,0,0.0,4.611834970406903e-06,1.0783083650764262e-05,1.2136020230063549e-05,1.3877787807814457e-17,0.009437375842721163,0.02,0.8860244914119445,1.0480644260960585,2.3370398709207305,0.011216895811021322,0.01877850714851828,10.0,10.0,15.0,15.0,10.0,15.0,0.0
/home/simon/davide_fr3_ws/src/cbf_safety_filter/config/generated_scenarios/scenario_0912.yaml,scenario_0912,davide_online,SUCCESS,True,415,8.3,8.3,14.20221471786499,47,0.11325301204819277,0,0.0,-1.4230240345455836e-06,-0.0006185776120617228,-4.95835756045282e-06,1.6653345369377348e-16,0.009475398866310436,0.02,7.108297126171972,2.626606184960727,147.82274535983683,5.367370370756962,0.018306830992181618,11.855028732944342,200.0,17.265060240963855,250.0,10.0,15.0,0.0
/home/simon/davide_fr3_ws/src/cbf_safety_filter/config/generated_scenarios/scenario_0912.yaml,scenario_0912,fixed,SUCCESS,True,415,8.3,8.3,11.420085430145264,0,0.0,0,0.0,-6.379783847412432e-05,-0.0018091758294876727,-0.00019521696678362344,1.3877787807814457e-16,0.009474856749411868,0.02,7.053698037251666,2.641903072671321,133.77639771899527,5.3617001351504285,0.015090500015810311,10.0,10.0,15.0,15.0,10.0,15.0,0.0
/home/simon/davide_fr3_ws/src/cbf_safety_filter/config/generated_scenarios/scenario_0915.yaml,scenario_0915,davide_online,SUCCESS,True,457,9.14,9.14,16.198516845703125,25,0.05470459518599562,0,0.0,1.9203571248460616e-07,-0.00033311305691097805,4.531276714403454e-07,2.220446049250313e-16,0.009429137166374594,0.02,10.633168907673408,2.670471123298113,3659.5925764401877,4.617365716312425,0.017225891547338706,10.268201586073687,46.9434072646091,15.514223194748359,250.0,10.0,15.0,0.0
/home/simon/davide_fr3_ws/src/cbf_safety_filter/config/generated_scenarios/scenario_0915.yaml,scenario_0915,fixed,SUCCESS,True,457,9.14,9.14,14.476181745529175,0,0.0,0,0.0,-2.5345013380279058e-05,-0.0007538655338162718,-5.981262607485105e-05,2.220446049250313e-16,0.009424686847151593,0.02,10.656412664754367,2.6617551198252367,3661.7622817936362,4.6164294445073475,0.016026825560521766,10.0,10.0,15.0,15.0,10.0,15.0,0.0
/home/simon/davide_fr3_ws/src/cbf_safety_filter/config/generated_scenarios/scenario_0919.yaml,scenario_0919,davide_online,SUCCESS,True,443,8.86,8.86,15.676098585128784,40,0.09029345372460497,0,0.0,-2.448285081647905e-06,-0.004153851072523961,-6.6171050479013616e-06,8.881784197001252e-16,0.011895931886065728,0.02,16.560901645896077,5.791557579308095,19172.906524595186,1.3183949843629206,0.018293846272453496,11.430258350409298,200.0,16.060948081264108,250.0,10.0,15.0,0.0
/home/simon/davide_fr3_ws/src/cbf_safety_filter/config/generated_scenarios/scenario_0919.yaml,scenario_0919,fixed,SUCCESS,True,452,9.040000000000001,9.040000000000001,12.100407123565674,0,0.0,0,0.0,-0.0006547347799817776,-0.019150193033510968,-0.0017780984161057667,3.885780586188048e-16,0.010214570604462556,0.02,14.616920202694821,4.9134568219015495,17011.413674383446,1.015497436803786,0.014493258653488834,10.0,10.0,15.0,15.0,10.0,15.0,0.0
/home/simon/davide_fr3_ws/src/cbf_safety_filter/config/generated_scenarios/scenario_0921.yaml,scenario_0921,davide_online,SUCCESS,True,407,8.14,8.14,10.434085607528687,31,0.07616707616707617,0,0.0,-5.376950334423647e-07,-0.0012176326354015853,-1.8043566749892381e-06,6.938893903907228e-17,0.00946367722096496,0.02,6.438447610007657,2.5293805142436057,1595.248005411146,2.514446402581822,0.01584749667005984,10.805114418901505,85.50757253110362,16.154791154791155,250.0,10.0,15.0,0.0
/home/simon/davide_fr3_ws/src/cbf_safety_filter/config/generated_scenarios/scenario_0921.yaml,scenario_0921,fixed,SUCCESS,True,407,8.14,8.14,8.434404850006104,0,0.0,0,0.0,-2.5245768489771947e-05,-0.003455276263845057,-8.474144161643715e-05,5.551115123125783e-17,0.009473247791405275,0.02,6.351498569884662,2.3845011498179898,1595.499591597578,2.4763018565841177,0.013285516228078331,10.0,10.0,15.0,15.0,10.0,15.0,0.0
/home/simon/davide_fr3_ws/src/cbf_safety_filter/config/generated_scenarios/scenario_0923.yaml,scenario_0923,davide_online,SUCCESS,True,384,7.68,7.68,10.054348707199097,6,0.015625,0,0.0,7.390279982840212e-05,3.205381736368692e-06,0.00030804635755425636,2.7755575615628914e-17,0.009448422519925597,0.02,5.5787578009267245,2.5530292580514504,1867.649484865889,0.17891717355028025,0.015153889233867327,10.012445543251557,11.34354891603775,15.0,15.0,10.0,15.0,0.0
/home/simon/davide_fr3_ws/src/cbf_safety_filter/config/generated_scenarios/scenario_0923.yaml,scenario_0923,fixed,SUCCESS,True,384,7.68,7.68,9.808809995651245,0,0.0,0,0.0,7.64299601698059e-05,-0.00011328560182756464,0.000318566259216585,2.7755575615628914e-17,0.009448546764568412,0.02,5.57834639448182,2.55362840403674,1866.925174933847,0.17888379975525245,0.015400311599175135,10.0,10.0,15.0,15.0,10.0,15.0,0.0
/home/simon/davide_fr3_ws/src/cbf_safety_filter/config/generated_scenarios/scenario_0928.yaml,scenario_0928,davide_online,SUCCESS,True,385,7.7,7.7,10.488127946853638,0,0.0,0,0.0,0.002635139462426316,0.009242021084009441,0.013610518107122285,1.3877787807814457e-16,0.009367312634045001,0.02,11.54409828089982,5.34544279998467,22477.97761582624,0.9964566344048179,0.015682999499432453,10.0,10.0,15.0,15.0,10.0,15.0,0.0
/home/simon/davide_fr3_ws/src/cbf_safety_filter/config/generated_scenarios/scenario_0928.yaml,scenario_0928,fixed,SUCCESS,True,385,7.7,7.7,11.07181978225708,0,0.0,0,0.0,0.002635139462426316,0.009242021084009441,0.013610518107122285,1.3877787807814457e-16,0.009367312634045001,0.02,11.54409828089982,5.34544279998467,22477.97761582624,0.9964566344048179,0.017126215897597274,10.0,10.0,15.0,15.0,10.0,15.0,0.0
/home/simon/davide_fr3_ws/src/cbf_safety_filter/config/generated_scenarios/scenario_0930.yaml,scenario_0930,davide_online,SUCCESS,True,390,7.8,7.8,11.461048364639282,0,0.0,0,0.0,2.3886325019584903e-05,6.728153265166386e-05,9.148641860073914e-05,1.9081958235744878e-17,0.009546428934472946,0.02,5.176657245759931,1.5653124046251252,2417.6222804224167,0.48368674828605634,0.01694600520989834,10.0,10.0,15.0,15.0,10.0,15.0,0.0
/home/simon/davide_fr3_ws/src/cbf_safety_filter/config/generated_scenarios/scenario_0930.yaml,scenario_0930,fixed,SUCCESS,True,390,7.8,7.8,11.420670747756958,0,0.0,0,0.0,2.3886325019584903e-05,6.728153265166386e-05,9.148641860073914e-05,1.9081958235744878e-17,0.009546428934472946,0.02,5.176657245759931,1.5653124046251252,2417.6222804224167,0.48368674828605634,0.017350043394626716,10.0,10.0,15.0,15.0,10.0,15.0,0.0
/home/simon/davide_fr3_ws/src/cbf_safety_filter/config/generated_scenarios/scenario_0933.yaml,scenario_0933,davide_online,SUCCESS,True,452,9.040000000000001,9.040000000000001,10.283137559890747,0,0.0,0,0.0,0.007667109710339914,0.06922190544101317,0.035567152194910884,0.0,0.009301220574303968,0.02,16.024085536038868,4.495596566163329,6889.7709568778,0.42663772176940984,0.011985700742333336,10.0,10.0,15.0,15.0,10.0,15.0,0.0
/home/simon/davide_fr3_ws/src/cbf_safety_filter/config/generated_scenarios/scenario_0933.yaml,scenario_0933,fixed,SUCCESS,True,452,9.040000000000001,9.040000000000001,12.347507238388062,0,0.0,0,0.0,0.007667109710339914,0.06922190544101317,0.035567152194910884,0.0,0.009301220574303968,0.02,16.024085536038868,4.495596566163329,6889.7709568778,0.42663772176940984,0.014877007598370578,10.0,10.0,15.0,15.0,10.0,15.0,0.0
/home/simon/davide_fr3_ws/src/cbf_safety_filter/config/generated_scenarios/scenario_0935.yaml,scenario_0935,davide_online,SUCCESS,True,430,8.6,8.6,10.230327606201172,14,0.03255813953488372,0,0.0,8.833175593712939e-07,-9.582813862486051e-05,2.6273368723128687e-06,4.163336342344337e-17,0.009115466538220953,0.02,4.245518601232399,2.763646399029123,1104.2982173220819,0.23357966271378935,0.01368114338364712,10.28938385677598,55.80945674851006,15.546511627906977,250.0,10.0,15.0,0.0
/home/simon/davide_fr3_ws/src/cbf_safety_filter/config/generated_scenarios/scenario_0935.yaml,scenario_0935,fixed,SUCCESS,True,430,8.6,8.6,10.376517057418823,0,0.0,0,0.0,-1.5764764931324587e-05,-0.00039418235199792113,-4.6897573806520265e-05,4.163336342344337e-17,0.00911620306491621,0.02,4.245177956196288,2.762419629162801,1104.091513114927,0.23244946828445165,0.014360092961510947,10.0,10.0,15.0,15.0,10.0,15.0,0.0
/home/simon/davide_fr3_ws/src/cbf_safety_filter/config/generated_scenarios/scenario_0936.yaml,scenario_0936,davide_online,MAX_STEPS,False,3000,60.0,nan,79.48645353317261,1017,0.339,0,0.0,-1.209806766867133e-05,-0.01830198842530717,-4.084988650202015e-05,4.9879618952991536e-14,0.07423485882056044,0.02,178.90317998708016,44.89208571060651,144066.35705184363,60.24534393285494,0.01643065643310547,15.735295870873298,200.0,20.796666666666667,250.0,10.0,15.0,0.0
/home/simon/davide_fr3_ws/src/cbf_safety_filter/config/generated_scenarios/scenario_0936.yaml,scenario_0936,fixed,MAX_STEPS,False,3000,60.0,nan,67.82708644866943,0,0.0,0,0.0,-0.0006474621280349209,-0.014168615879064261,-0.0022022691335979727,9.737349695424078e-14,0.07297380120852821,0.02,176.3577056837367,43.73457544607812,39868.28823524778,58.90481749590416,0.014540951569875081,10.0,10.0,15.0,15.0,10.0,15.0,0.0
/home/simon/davide_fr3_ws/src/cbf_safety_filter/config/generated_scenarios/scenario_0937.yaml,scenario_0937,davide_online,SUCCESS,True,427,8.540000000000001,8.540000000000001,13.983772277832031,4,0.00936768149882904,0,0.0,0.0001392692281619451,0.00011268530978267906,0.0004189569374893898,2.220446049250313e-16,0.009827534513415335,0.02,9.692541258009971,3.775737551010415,11120.160851501922,0.5402989336838618,0.016099374802386174,10.001589660327657,10.275401736610467,15.0,15.0,10.0,15.0,0.0
/home/simon/davide_fr3_ws/src/cbf_safety_filter/config/generated_scenarios/scenario_0937.yaml,scenario_0937,fixed,SUCCESS,True,427,8.540000000000001,8.540000000000001,12.32773470878601,0,0.0,0,0.0,0.0001401404780895163,7.619146189730142e-05,0.0004215745571754803,2.220446049250313e-16,0.009837030245054494,0.02,9.694019904670261,3.774619150717722,11115.15015836709,0.5399486069211399,0.014614932151812301,10.0,10.0,15.0,15.0,10.0,15.0,0.0
/home/simon/davide_fr3_ws/src/cbf_safety_filter/config/generated_scenarios/scenario_0938.yaml,scenario_0938,davide_online,SUCCESS,True,406,8.120000000000001,8.120000000000001,13.205199241638184,5,0.012315270935960592,0,0.0,0.001532573814233204,0.0002950041177085076,0.005304771554947213,5.551115123125783e-17,0.008924529189750067,0.02,14.328530487908875,7.72691065041677,40904.37853000674,2.343986812746818,0.01732349630647105,10.013680287086274,11.858305062473567,15.0,15.0,10.0,15.0,0.0
/home/simon/davide_fr3_ws/src/cbf_safety_filter/config/generated_scenarios/scenario_0938.yaml,scenario_0938,fixed,SUCCESS,True,406,8.120000000000001,8.120000000000001,11.664458751678467,0,0.0,0,0.0,0.0015695010803269509,-0.002032148359390265,0.005430231543412822,1.1102230246251565e-16,0.008424142892208324,0.02,14.458244453203678,7.70028961548068,39430.551024288216,2.265653030657512,0.015741636600400427,10.0,10.0,15.0,15.0,10.0,15.0,0.0
/home/simon/davide_fr3_ws/src/cbf_safety_filter/config/generated_scenarios/scenario_0942.yaml,scenario_0942,davide_online,SUCCESS,True,438,8.76,8.76,11.883613109588623,54,0.1232876712328767,0,0.0,4.973625264068082e-07,-0.00080477823316321,1.4828870824323825e-06,4.440892098500626e-16,0.009495641481297324,0.02,6.5290511153310025,2.60014277228295,13676.646717519234,0.9688463846054352,0.013392586141960806,10.841190776897008,92.02294853369347,15.536529680365296,250.0,10.0,15.0,0.0
/home/simon/davide_fr3_ws/src/cbf_safety_filter/config/generated_scenarios/scenario_0942.yaml,scenario_0942,fixed,SUCCESS,True,438,8.76,8.76,12.634680271148682,0,0.0,0,0.0,-1.897576213524821e-05,-0.0003871700227680887,-5.658605878741674e-05,4.440892098500626e-16,0.009345517117946645,0.02,4.10406594645216,2.3287343902500166,10034.380697503759,0.6606795390382559,0.014684986850442408,10.0,10.0,15.0,15.0,10.0,15.0,0.0
/home/simon/davide_fr3_ws/src/cbf_safety_filter/config/generated_scenarios/scenario_0945.yaml,scenario_0945,davide_online,SUCCESS,True,437,8.74,8.74,13.029415130615234,19,0.043478260869565216,0,0.0,-5.735822220746117e-06,-0.0006392544987120132,-1.7174003494435652e-05,2.220446049250313e-16,0.009488277463246353,0.02,16.445296888923174,5.727667807920663,29919.318876645284,2.2115331267678364,0.01599895163040685,10.987332835617416,200.0,15.537757437070939,250.0,10.0,15.0,0.0
/home/simon/davide_fr3_ws/src/cbf_safety_filter/config/generated_scenarios/scenario_0945.yaml,scenario_0945,fixed,SUCCESS,True,438,8.76,8.76,12.942110061645508,0,0.0,0,0.0,-0.00015378369369192443,-0.0033365590839483095,-0.0004610666951776199,2.220446049250313e-16,0.008325079498570103,0.02,16.748160598367843,7.502839014482236,28846.61459948397,1.9417080772846025,0.016368001563363967,10.0,10.0,15.0,15.0,10.0,15.0,0.0
/home/simon/davide_fr3_ws/src/cbf_safety_filter/config/generated_scenarios/scenario_0946.yaml,scenario_0946,davide_online,QP_FAIL_OR_MAX_STEPS,False,3000,60.0,nan,76.16256332397461,2888,0.9626666666666667,2850,0.95,-0.000526437262441482,-0.011266395228138132,-0.0029737813210379827,3.3306690738754696e-16,0.16702554660264418,0.02,3.309398702865622,1.3969333037883398,110920.28406847028,52.15854880891517,0.013653894106547038,190.71723053029854,200.0,238.40666666666667,250.0,10.0,15.0,0.0
/home/simon/davide_fr3_ws/src/cbf_safety_filter/config/generated_scenarios/scenario_0946.yaml,scenario_0946,fixed,MAX_STEPS,False,3000,60.0,nan,81.28821420669556,0,0.0,0,0.0,-0.0005264795472344581,-0.005588760598231695,-0.002974024264214406,3.2587025802771466e-14,0.03969700240990841,0.02,145.72711972982296,40.36253521184693,99555.18986829149,75.99400032910631,0.015092696587244669,10.0,10.0,15.0,15.0,10.0,15.0,0.0
/home/simon/davide_fr3_ws/src/cbf_safety_filter/config/generated_scenarios/scenario_0948.yaml,scenario_0948,davide_online,QP_FAIL_OR_MAX_STEPS,False,3000,60.0,nan,86.65932703018188,2880,0.96,2850,0.95,-7.65116032871039e-05,-0.024597256712386578,-0.00038678712192122267,1.1102230246251565e-16,0.24294181985434118,0.02,3.333424664450725,1.3337158187864149,3023.6258379010737,30.835514242285875,0.014586209774017334,190.89021179322148,200.0,238.72,250.0,10.0,15.0,0.0
/home/simon/davide_fr3_ws/src/cbf_safety_filter/config/generated_scenarios/scenario_0948.yaml,scenario_0948,fixed,SUCCESS,True,459,9.18,9.18,12.21618938446045,0,0.0,0,0.0,-0.00017205146414280698,-0.0028611142632897785,-0.0008719055674131782,7.771561172376096e-16,0.009425998019919685,0.02,9.993123785349065,3.041474021975941,2354.081240524735,12.365850874948901,0.01367361197544339,10.0,10.0,15.0,15.0,10.0,15.0,0.0
/home/simon/davide_fr3_ws/src/cbf_safety_filter/config/generated_scenarios/scenario_0951.yaml,scenario_0951,davide_online,SUCCESS,True,402,8.040000000000001,8.040000000000001,10.139995574951172,0,0.0,0,0.0,2.4567121633331523e-06,2.6376355375594233e-06,7.10017847052602e-06,2.7755575615628914e-17,0.009436500565158448,0.02,1.8557803437833638,1.2599351945603805,7.912710271110088,0.06136236821647704,0.013159303522821682,10.0,10.0,15.0,15.0,10.0,15.0,0.0
/home/simon/davide_fr3_ws/src/cbf_safety_filter/config/generated_scenarios/scenario_0951.yaml,scenario_0951,fixed,SUCCESS,True,402,8.040000000000001,8.040000000000001,9.81722116470337,0,0.0,0,0.0,2.4567121633331523e-06,2.6376355375594233e-06,7.10017847052602e-06,2.7755575615628914e-17,0.009436500565158448,0.02,1.8557803437833638,1.2599351945603805,7.912710271110088,0.06136236821647704,0.013213426319520865,10.0,10.0,15.0,15.0,10.0,15.0,0.0
/home/simon/davide_fr3_ws/src/cbf_safety_filter/config/generated_scenarios/scenario_0953.yaml,scenario_0953,davide_online,QP_FAIL_OR_MAX_STEPS,False,3000,60.0,nan,83.0933735370636,20,0.006666666666666667,2899,0.9663333333333334,-1.078574529634821e-05,-0.0016195389733224055,-3.539041265634979e-05,1.1102230246251565e-16,0.30167313743748964,0.02,1.744581205675871,1.1881120893986228,12380.272258608176,19.484637969038594,0.014548085848490397,10.127867885643747,200.0,15.235,250.0,10.0,15.0,0.0
/home/simon/davide_fr3_ws/src/cbf_safety_filter/config/generated_scenarios/scenario_0953.yaml,scenario_0953,fixed,SUCCESS,True,429,8.58,8.58,10.300511598587036,0,0.0,0,0.0,-0.00014970198327457843,-0.0025741053311988636,-0.0004919422258140294,4.440892098500626e-16,0.00986142606425568,0.02,14.082148760090396,5.080994806461521,96198.22590272837,18.990568903130363,0.013016930271139789,10.0,10.0,15.0,15.0,10.0,15.0,0.0
/home/simon/davide_fr3_ws/src/cbf_safety_filter/config/generated_scenarios/scenario_0955.yaml,scenario_0955,davide_online,SUCCESS,True,456,9.120000000000001,9.120000000000001,9.808146476745605,0,0.0,0,0.0,4.967817686388903e-06,1.665495971716794e-05,2.1012589498603518e-05,1.6653345369377348e-16,0.009482013651562999,0.02,6.248852008485969,1.8801590659088148,2694.68875093536,0.2030992626205224,0.013243207283187331,10.0,10.0,15.0,15.0,10.0,15.0,0.0
/home/simon/davide_fr3_ws/src/cbf_safety_filter/config/generated_scenarios/scenario_0955.yaml,scenario_0955,fixed,SUCCESS,True,456,9.120000000000001,9.120000000000001,9.138318061828613,0,0.0,0,0.0,4.967817686388903e-06,1.665495971716794e-05,2.1012589498603518e-05,1.6653345369377348e-16,0.009482013651562999,0.02,6.248852008485969,1.8801590659088148,2694.68875093536,0.2030992626205224,0.012836794581329613,10.0,10.0,15.0,15.0,10.0,15.0,0.0
/home/simon/davide_fr3_ws/src/cbf_safety_filter/config/generated_scenarios/scenario_0956.yaml,scenario_0956,davide_online,QP_FAIL_OR_MAX_STEPS,False,3000,60.0,nan,91.74765849113464,2936,0.9786666666666667,2919,0.973,-0.00011470183034902048,-0.03860667970597769,-0.0007058829725487409,4.163336342344337e-17,0.16949107445661535,0.02,1.008279738164006,1.1679945154778741,824.2333364531293,5.18800791787018,0.015489370663960774,195.01392851967853,200.0,243.96833333333333,250.0,10.0,15.0,0.0
/home/simon/davide_fr3_ws/src/cbf_safety_filter/config/generated_scenarios/scenario_0956.yaml,scenario_0956,fixed,SUCCESS,True,369,7.38,7.38,8.91851258277893,0,0.0,0,0.0,-0.0005304043206176244,-0.009028991454647863,-0.0015946959176764697,2.768040550354644e-16,0.009563052797082387,0.02,16.153138520680056,6.173930124686622,2959.089633639498,14.961129422664843,0.012584799350438726,10.0,10.0,15.0,15.0,10.0,15.0,0.0
/home/simon/davide_fr3_ws/src/cbf_safety_filter/config/generated_scenarios/scenario_0957.yaml,scenario_0957,davide_online,QP_FAIL_OR_MAX_STEPS,False,3000,60.0,nan,78.37595558166504,2914,0.9713333333333334,2906,0.9686666666666667,-0.00036896534680118387,-0.14802040019647034,-0.001056166766667227,3.3306690738754696e-16,0.38248609184745413,0.02,2.376439441165895,1.4674080481556433,34349.211505845626,13.548629930435226,0.014894822279612223,194.14350888836077,200.0,242.715,250.0,10.0,15.0,0.0
/home/simon/davide_fr3_ws/src/cbf_safety_filter/config/generated_scenarios/scenario_0957.yaml,scenario_0957,fixed,SUCCESS,True,469,9.38,9.38,12.079810380935669,0,0.0,0,0.0,-0.0010413212095511243,-0.015111455565463332,-0.0026775083872619954,8.743006318923108e-16,0.007313340818293707,0.02,15.473594132504727,6.74608497173105,28018.512014228094,57.389805636330046,0.015319085578674447,10.0,10.0,15.0,15.0,10.0,15.0,0.0
/home/simon/davide_fr3_ws/src/cbf_safety_filter/config/generated_scenarios/scenario_0958.yaml,scenario_0958,davide_online,SUCCESS,True,431,8.620000000000001,8.620000000000001,10.247097730636597,42,0.09744779582366589,0,0.0,-2.2318633589937797e-06,-0.0003886694592866373,-7.4696089493175855e-06,1.6653345369377348e-16,0.008081489397739623,0.02,12.726517965876564,6.9097203026277505,19445.64733318647,1.2665819882628528,0.012744006314023188,12.617748432494146,200.0,16.635730858468676,250.0,10.0,15.0,0.0
/home/simon/davide_fr3_ws/src/cbf_safety_filter/config/generated_scenarios/scenario_0958.yaml,scenario_0958,fixed,SUCCESS,True,432,8.64,8.64,10.27202558517456,0,0.0,0,0.0,-0.00012617591395840122,-0.001616034934059409,-0.0004228739502550316,2.220446049250313e-16,0.007950344645559042,0.02,12.788496209431036,6.925875518773559,19365.720708515488,1.2519404911572087,0.013207841802526403,10.0,10.0,15.0,15.0,10.0,15.0,0.0
/home/simon/davide_fr3_ws/src/cbf_safety_filter/config/generated_scenarios/scenario_0960.yaml,scenario_0960,davide_online,QP_FAIL_OR_MAX_STEPS,False,3000,60.0,nan,100.53205609321594,2924,0.9746666666666667,2849,0.9496666666666667,-0.0004427527616984103,-0.13811282753214596,-0.0013554573977301032,2.185751579730777e-16,0.2241175865194463,0.02,2.519767801799237,1.5226303502365302,63195.952160903886,24.672874230663332,0.01670352538426717,190.85763980910247,200.0,239.03333333333333,250.0,10.0,15.0,0.0
/home/simon/davide_fr3_ws/src/cbf_safety_filter/config/generated_scenarios/scenario_0960.yaml,scenario_0960,fixed,SUCCESS,True,452,9.040000000000001,9.040000000000001,14.289892673492432,0,0.0,0,0.0,-2.3556967649787652e-05,-0.0014773892788696027,-7.183575617578097e-05,1.1102230246251565e-16,0.009432430846313648,0.02,8.349641879469177,2.9386199402546955,27665.73106269284,11.30179106630786,0.01618442282212519,10.0,10.0,15.0,15.0,10.0,15.0,0.0
/home/simon/davide_fr3_ws/src/cbf_safety_filter/config/generated_scenarios/scenario_0961.yaml,scenario_0961,davide_online,SUCCESS,True,398,7.96,7.96,8.41862678527832,0,0.0,0,0.0,0.00020013617434311293,0.0003588508144905067,0.000520752972082289,1.3877787807814457e-17,0.009391713839589607,0.02,3.4557868053054204,2.2535417001687477,761.0942907881196,0.07187713669417807,0.012999538800225186,10.0,10.0,15.0,15.0,10.0,15.0,0.0
/home/simon/davide_fr3_ws/src/cbf_safety_filter/config/generated_scenarios/scenario_0961.yaml,scenario_0961,fixed,SUCCESS,True,398,7.96,7.96,7.100485563278198,0,0.0,0,0.0,0.00020013617434311293,0.0003588508144905067,0.000520752972082289,1.3877787807814457e-17,0.009391713839589607,0.02,3.4557868053054204,2.2535417001687477,761.0942907881196,0.07187713669417807,0.011317662857285696,10.0,10.0,15.0,15.0,10.0,15.0,0.0
/home/simon/davide_fr3_ws/src/cbf_safety_filter/config/generated_scenarios/scenario_0962.yaml,scenario_0962,davide_online,SUCCESS,True,417,8.34,8.34,10.005756855010986,21,0.050359712230215826,0,0.0,-1.9771206079960413e-07,-0.00010720069215645368,-7.106849959359618e-07,2.498001805406602e-16,0.009464554206753361,0.02,6.07270330254321,2.133320459847822,11210.459971603306,1.148575970781515,0.01468237984380562,10.511791039168374,96.85486177446629,16.127098321342924,250.0,10.0,15.0,0.0
/home/simon/davide_fr3_ws/src/cbf_safety_filter/config/generated_scenarios/scenario_0962.yaml,scenario_0962,fixed,SUCCESS,True,417,8.34,8.34,9.059004545211792,0,0.0,0,0.0,-2.579787840416292e-05,-0.00048818788025454455,-9.276234096355918e-05,2.498001805406602e-16,0.009464071710401202,0.02,6.072609230492294,2.133510904838673,11210.449015716584,1.1475954454059414,0.013690233802338012,10.0,10.0,15.0,15.0,10.0,15.0,0.0
/home/simon/davide_fr3_ws/src/cbf_safety_filter/config/generated_scenarios/scenario_0966.yaml,scenario_0966,davide_online,SUCCESS,True,400,8.0,8.0,11.821908473968506,46,0.115,0,0.0,-1.4404696586759608e-05,-0.005525540677391307,-4.8151788708261645e-05,1.3322676295501878e-15,0.009238148084390376,0.02,9.640895737969329,7.359529655406828,13542.751992451333,1.0321517340893844,0.018537284135818483,11.915473460110935,200.0,16.175,250.0,10.0,15.0,0.0
/home/simon/davide_fr3_ws/src/cbf_safety_filter/config/generated_scenarios/scenario_0966.yaml,scenario_0966,fixed,SUCCESS,True,400,8.0,8.0,9.740428447723389,0,0.0,0,0.0,-0.0018049072644782914,-0.01939484774304901,-0.006159236144247654,1.1102230246251565e-16,0.009188226011197077,0.02,9.646518250945915,7.50719377115875,12797.686974006654,1.0990304819893704,0.015764500498771667,10.0,10.0,15.0,15.0,10.0,15.0,0.0
/home/simon/davide_fr3_ws/src/cbf_safety_filter/config/generated_scenarios/scenario_0967.yaml,scenario_0967,davide_online,SUCCESS,True,306,6.12,6.12,7.565292596817017,0,0.0,0,0.0,9.848988744200898e-06,2.3593211429467605e-05,3.55513532327989e-05,3.469446951953614e-18,0.009480621340599635,0.02,0.46219019406334627,1.0898518358737102,0.8163325019907346,0.006994011801424565,0.014066957959941789,10.0,10.0,15.0,15.0,10.0,15.0,0.0
/home/simon/davide_fr3_ws/src/cbf_safety_filter/config/generated_scenarios/scenario_0967.yaml,scenario_0967,fixed,SUCCESS,True,306,6.12,6.12,8.709916353225708,0,0.0,0,0.0,9.848988744200898e-06,2.3593211429467605e-05,3.55513532327989e-05,3.469446951953614e-18,0.009480621340599635,0.02,0.46219019406334627,1.0898518358737102,0.8163325019907346,0.006994011801424565,0.016592695042977924,10.0,10.0,15.0,15.0,10.0,15.0,0.0
/home/simon/davide_fr3_ws/src/cbf_safety_filter/config/generated_scenarios/scenario_0969.yaml,scenario_0969,davide_online,QP_FAIL_OR_MAX_STEPS,False,3000,60.0,nan,77.36906552314758,2943,0.981,2906,0.9686666666666667,-1.4715782072578787e-05,-0.024441623544513822,-4.753889541070366e-05,2.498001805406602e-16,0.4094019394772519,0.02,2.912793510317491,1.6737609336739248,26424.345391371236,10.648933493440722,0.01481996242205302,194.24790592381996,200.0,242.715,250.0,10.0,15.0,0.0
/home/simon/davide_fr3_ws/src/cbf_safety_filter/config/generated_scenarios/scenario_0969.yaml,scenario_0969,fixed,MAX_STEPS,False,3000,60.0,nan,82.58798456192017,0,0.0,0,0.0,-0.0006673810289400083,-0.012721707533499958,-0.002498605558898248,1.3322676295501878e-13,0.3324349304045305,0.02,165.39638022523806,41.355587343552145,10511.317268406085,186.26277125368222,0.01643501043319702,10.0,10.0,15.0,15.0,10.0,15.0,0.0
/home/simon/davide_fr3_ws/src/cbf_safety_filter/config/generated_scenarios/scenario_0971.yaml,scenario_0971,davide_online,SUCCESS,True,419,8.38,8.38,9.944240093231201,31,0.07398568019093078,0,0.0,2.663070525418809e-07,-8.237039057507793e-05,1.1370869324317523e-06,5.551115123125783e-17,0.009343233429595576,0.02,6.09643853472371,1.9007985794831255,2927.9741565247314,1.905432134961006,0.01332758776043366,10.542747229941517,56.31160577364127,17.24343675417661,250.0,10.0,15.0,0.0
/home/simon/davide_fr3_ws/src/cbf_safety_filter/config/generated_scenarios/scenario_0971.yaml,scenario_0971,fixed,SUCCESS,True,419,8.38,8.38,13.27835750579834,0,0.0,0,0.0,-1.2625891810450623e-05,-0.0003997190015012143,-5.392314054455949e-05,5.551115123125783e-17,0.009337347150540406,0.02,6.108428008055175,1.9103214121861722,2881.2634447278983,1.913774459071719,0.018406937401163833,10.0,10.0,15.0,15.0,10.0,15.0,0.0
/home/simon/davide_fr3_ws/src/cbf_safety_filter/config/generated_scenarios/scenario_0972.yaml,scenario_0972,davide_online,SUCCESS,True,426,8.52,8.52,10.578948259353638,0,0.0,0,0.0,0.00032804383629061323,0.0010396549972159566,0.0007989398035162798,1.3877787807814457e-17,0.009538382501971844,0.02,4.788015374749566,1.1330873511706874,7.1734010712510266,0.03512300432082882,0.01335508386853715,10.0,10.0,15.0,15.0,10.0,15.0,0.0
/home/simon/davide_fr3_ws/src/cbf_safety_filter/config/generated_scenarios/scenario_0972.yaml,scenario_0972,fixed,SUCCESS,True,426,8.52,8.52,13.919899940490723,0,0.0,0,0.0,0.00032804383629061323,0.0010396549972159566,0.0007989398035162798,1.3877787807814457e-17,0.009538382501971844,0.02,4.788015374749566,1.1330873511706874,7.1734010712510266,0.03512300432082882,0.018007884562855035,10.0,10.0,15.0,15.0,10.0,15.0,0.0
/home/simon/davide_fr3_ws/src/cbf_safety_filter/config/generated_scenarios/scenario_0973.yaml,scenario_0973,davide_online,SUCCESS,True,497,9.94,9.94,13.716112852096558,74,0.1488933601609658,0,0.0,-1.1358754446706004e-05,-0.0011645744238484223,-3.350996272658002e-05,1.6653345369377348e-16,0.015309822662971592,0.02,12.15570377205167,3.504971178214162,5306.789881211624,6.778953241173481,0.013593125391294298,15.550186425493214,200.0,19.728370221327967,250.0,10.0,15.0,0.0
/home/simon/davide_fr3_ws/src/cbf_safety_filter/config/generated_scenarios/scenario_0973.yaml,scenario_0973,fixed,SUCCESS,True,407,8.14,8.14,12.700966119766235,0,0.0,0,0.0,-5.751745027753746e-05,-0.0015463775219896505,-0.00015848956600186814,5.551115123125783e-17,0.009287761133203908,0.02,6.32118698145985,1.9342718063117512,14.645626228627323,5.880194584516012,0.01579872571865522,10.0,10.0,15.0,15.0,10.0,15.0,0.0
/home/simon/davide_fr3_ws/src/cbf_safety_filter/config/generated_scenarios/scenario_0980.yaml,scenario_0980,davide_online,SUCCESS,True,395,7.9,7.9,14.697953701019287,44,0.11139240506329114,0,0.0,2.289105672809849e-06,-0.004913991116068957,1.0983613402335002e-05,1.3877787807814457e-16,0.009465893610158947,0.02,10.846025001524238,2.414168053111749,7690.4209695478885,2.716920523157874,0.018418251713619955,10.73986301148655,54.365091687414655,15.0,15.0,10.0,15.0,0.0
/home/simon/davide_fr3_ws/src/cbf_safety_filter/config/generated_scenarios/scenario_0980.yaml,scenario_0980,fixed,SUCCESS,True,395,7.9,7.9,11.392184972763062,0,0.0,0,0.0,-1.5188685690288584e-05,-0.009594188615340955,-7.290787547310773e-05,1.1102230246251565e-16,0.008514528446030314,0.02,11.13790920112644,2.479941370082569,9493.53055563621,2.864396207178888,0.014722258531594578,10.0,10.0,15.0,15.0,10.0,15.0,0.0
/home/simon/davide_fr3_ws/src/cbf_safety_filter/config/generated_scenarios/scenario_0982.yaml,scenario_0982,davide_online,SUCCESS,True,431,8.620000000000001,8.620000000000001,11.310289144515991,18,0.04176334106728538,0,0.0,6.010754309211663e-05,-1.3256509402277098e-05,0.00028583733386042254,2.498001805406602e-16,0.009350078455395905,0.02,12.426419730800923,3.814678187789664,10947.037048891565,6.188832449656705,0.0161493311348758,10.037352041300696,13.297095574922539,15.0,15.0,10.0,15.0,0.0
/home/simon/davide_fr3_ws/src/cbf_safety_filter/config/generated_scenarios/scenario_0982.yaml,scenario_0982,fixed,SUCCESS,True,430,8.6,8.6,9.193626403808594,0,0.0,0,0.0,7.811424967467916e-05,-0.00010236415362521603,0.0003713160669196469,2.220446049250313e-16,0.009525907430711139,0.02,12.902183640805525,3.5033835001756164,10654.289158369234,6.134580557693874,0.013749765240868857,10.0,10.0,15.0,15.0,10.0,15.0,0.0
/home/simon/davide_fr3_ws/src/cbf_safety_filter/config/generated_scenarios/scenario_0983.yaml,scenario_0983,davide_online,SUCCESS,True,375,7.5,7.5,10.023601770401001,0,0.0,0,0.0,8.174666265602787e-05,0.00010356499036882189,0.0002550955306878655,2.7755575615628914e-17,0.009227568464167446,0.02,1.8683268545041016,1.744019050468554,1607.8802475256412,0.15687936408461164,0.013569703420003255,10.0,10.0,15.0,15.0,10.0,15.0,0.0
/home/simon/davide_fr3_ws/src/cbf_safety_filter/config/generated_scenarios/scenario_0983.yaml,scenario_0983,fixed,SUCCESS,True,375,7.5,7.5,11.457590341567993,0,0.0,0,0.0,8.174666265602787e-05,0.00010356499036882189,0.0002550955306878655,2.7755575615628914e-17,0.009227568464167446,0.02,1.8683268545041016,1.744019050468554,1607.8802475256412,0.15687936408461164,0.015968598047892253,10.0,10.0,15.0,15.0,10.0,15.0,0.0
/home/simon/davide_fr3_ws/src/cbf_safety_filter/config/generated_scenarios/scenario_0984.yaml,scenario_0984,davide_online,SUCCESS,True,319,6.38,6.38,9.350352048873901,0,0.0,0,0.0,5.761324924444949e-06,1.3014319888413766e-05,2.4043183847063943e-05,3.469446951953614e-18,0.00948392516678354,0.02,0.7642557364901363,1.0471974909901653,1.6805971810430067,0.004299133634541832,0.01802429285916415,10.0,10.0,15.0,15.0,10.0,15.0,0.0
/home/simon/davide_fr3_ws/src/cbf_safety_filter/config/generated_scenarios/scenario_0984.yaml,scenario_0984,fixed,SUCCESS,True,319,6.38,6.38,8.503017663955688,0,0.0,0,0.0,5.761324924444949e-06,1.3014319888413766e-05,2.4043183847063943e-05,3.469446951953614e-18,0.00948392516678354,0.02,0.7642557364901363,1.0471974909901653,1.6805971810430067,0.004299133634541832,0.017023147834132085,10.0,10.0,15.0,15.0,10.0,15.0,0.0
/home/simon/davide_fr3_ws/src/cbf_safety_filter/config/generated_scenarios/scenario_0987.yaml,scenario_0987,davide_online,SUCCESS,True,500,10.0,10.0,11.68121337890625,34,0.068,0,0.0,-1.1748599733088505e-05,-0.007199501938691937,-3.6086922601569205e-05,1.3322676295501878e-15,0.006778093653896332,0.02,19.516460469364635,7.74792062153716,28365.006340210206,3.0483595793655094,0.014467987060546875,12.05743035590593,200.0,15.94,250.0,10.0,15.0,0.0
/home/simon/davide_fr3_ws/src/cbf_safety_filter/config/generated_scenarios/scenario_0987.yaml,scenario_0987,fixed,SUCCESS,True,440,8.8,8.8,11.041238784790039,0,0.0,0,0.0,-0.0006962737593236533,-0.008592639731097484,-0.00215266500599412,4.440892098500626e-16,0.011605746764677505,0.02,17.14502895939461,4.719366551649113,20240.966946149485,1.5545437441681138,0.01607856046069752,10.0,10.0,15.0,15.0,10.0,15.0,0.0
/home/simon/davide_fr3_ws/src/cbf_safety_filter/config/generated_scenarios/scenario_0990.yaml,scenario_0990,davide_online,SUCCESS,True,431,8.620000000000001,8.620000000000001,13.144506692886353,0,0.0,0,0.0,0.0014818099396280912,0.00322629238388069,0.003705401165647909,3.469446951953614e-17,0.008918585051967487,0.02,12.442580475139053,4.8598209302076345,23833.15903133817,1.8157286935006902,0.01745673011461156,10.0,10.0,15.0,15.0,10.0,15.0,0.0
/home/simon/davide_fr3_ws/src/cbf_safety_filter/config/generated_scenarios/scenario_0990.yaml,scenario_0990,fixed,SUCCESS,True,431,8.620000000000001,8.620000000000001,9.90120267868042,0,0.0,0,0.0,0.0014818099396280912,0.00322629238388069,0.003705401165647909,3.469446951953614e-17,0.008918585051967487,0.02,12.442580475139053,4.8598209302076345,23833.15903133817,1.8157286935006902,0.013601384970538853,10.0,10.0,15.0,15.0,10.0,15.0,0.0
/home/simon/davide_fr3_ws/src/cbf_safety_filter/config/generated_scenarios/scenario_0991.yaml,scenario_0991,davide_online,SUCCESS,True,386,7.72,7.72,10.952410459518433,0,0.0,0,0.0,2.9221977625962237e-05,5.379634579122768e-05,0.00011825098918832877,6.938893903907228e-18,0.009481774761951285,0.02,2.9784497507968837,1.0987909190441167,2.7862622839748004,0.16629078411250575,0.01487196047689013,10.0,10.0,15.0,15.0,10.0,15.0,0.0
/home/simon/davide_fr3_ws/src/cbf_safety_filter/config/generated_scenarios/scenario_0991.yaml,scenario_0991,fixed,SUCCESS,True,386,7.72,7.72,11.45655870437622,0,0.0,0,0.0,2.9221977625962237e-05,5.379634579122768e-05,0.00011825098918832877,6.938893903907228e-18,0.009481774761951285,0.02,2.9784497507968837,1.0987909190441167,2.7862622839748004,0.16629078411250575,0.016254825295561954,10.0,10.0,15.0,15.0,10.0,15.0,0.0
/home/simon/davide_fr3_ws/src/cbf_safety_filter/config/generated_scenarios/scenario_0992.yaml,scenario_0992,davide_online,SUCCESS,True,442,8.84,8.84,9.793398141860962,92,0.2081447963800905,0,0.0,-6.77819521045786e-06,-0.005348993018397069,-1.96480616138639e-05,8.881784197001252e-16,0.009209894200598227,0.02,9.003503732246593,3.556101213247996,7427.44228704291,3.3816299949910014,0.01277925849500285,13.887148182032487,200.0,20.84841628959276,250.0,10.0,15.0,0.0
/home/simon/davide_fr3_ws/src/cbf_safety_filter/config/generated_scenarios/scenario_0992.yaml,scenario_0992,fixed,SUCCESS,True,441,8.82,8.82,10.58684253692627,0,0.0,0,0.0,-0.0004752143216334992,-0.010492131213754549,-0.0013829766552535538,2.220446049250313e-16,0.011809537280087849,0.02,8.892586956591058,2.9388960037298184,5006.754923401508,3.4519112265737983,0.014246507566802355,10.0,10.0,15.0,15.0,10.0,15.0,0.0
/home/simon/davide_fr3_ws/src/cbf_safety_filter/config/generated_scenarios/scenario_0997.yaml,scenario_0997,davide_online,QP_FAIL_OR_MAX_STEPS,False,3000,60.0,nan,87.22184991836548,2947,0.9823333333333333,2935,0.9783333333333334,-0.0007928242127685312,-0.24769063003954966,-0.0033160919072010575,5.551115123125783e-17,0.3320231907976282,0.02,0.712814429789692,1.1428710791571064,24829.518272601614,2.0448927768309524,0.01469287363688151,196.10509737579525,200.0,245.065,250.0,10.0,15.0,0.0
/home/simon/davide_fr3_ws/src/cbf_safety_filter/config/generated_scenarios/scenario_0997.yaml,scenario_0997,fixed,SUCCESS,True,549,10.98,10.98,15.880885124206543,0,0.0,0,0.0,-0.00022737566630740523,-0.002449826267958217,-0.0009416766552410583,2.220446049250313e-16,0.0031418198086352054,0.02,10.326767522542944,3.6410338955585497,4997.8701225234145,4.422824396711755,0.01501796718937886,10.0,10.0,15.0,15.0,10.0,15.0,0.0
