scenario_path,scenario,status,pd_failed,task_success,safety_ok,steps,sim_time_s,task_completion_time_s,first_goal_step,first_safety_violation_step,first_safety_violation_time_s,min_h,min_psi_metric_gamma,min_dist,final_dist_to_goal,goal_tolerance,path_length_q,ddq_nom_norm_mean,ddq_nom_norm_max,rollout_elapsed_s,h_fail_tol,d_margin
/home/simon/davide_fr3_ws/src/cbf_safety_filter/config/generated_scenarios/scenario_0000.yaml,scenario_0000,SUCCESS_BUT_UNSAFE,True,True,False,409,8.18,8.18,408,31,0.62,-0.024345874418812863,-0.2434797536282078,-0.08936347405987523,0.009480194039057713,0.02,1.6943408328494134,0.18049297652381013,6.521802315375843,1.9171674251556396,0.0,0.0
/home/simon/davide_fr3_ws/src/cbf_safety_filter/config/generated_scenarios/scenario_0001.yaml,scenario_0001,SUCCESS_BUT_UNSAFE,True,True,False,395,7.9,7.9,394,93,1.86,-0.02710136972857944,-0.27551141624717107,-0.08921122951855326,0.009476669090571951,0.02,1.6357495117597138,0.17036345868328498,6.344274346272331,0.931448221206665,0.0,0.0
/home/simon/davide_fr3_ws/src/cbf_safety_filter/config/generated_scenarios/scenario_0002.yaml,scenario_0002,GOAL_FAIL_AND_UNSAFE,True,False,False,3000,60.0,nan,-1,56,1.12,-0.03407715935927159,-9.747179485350411,-0.1845746873864307,0.06015182857924682,0.02,958.2410464211581,150.44122980262094,1532.7687706981112,13.70069670677185,0.0,0.0
/home/simon/davide_fr3_ws/src/cbf_safety_filter/config/generated_scenarios/scenario_0003.yaml,scenario_0003,SUCCESS_SAFE,False,True,True,372,7.44,7.44,371,-1,nan,0.03232198485705996,0.3215049067698824,0.07922960401367521,0.009459941280025436,0.02,0.8974460963978469,0.1079231097672825,3.902623930168757,1.1032960414886475,0.0,0.0
/home/simon/davide_fr3_ws/src/cbf_safety_filter/config/generated_scenarios/scenario_0004.yaml,scenario_0004,SUCCESS_SAFE,False,True,True,326,6.5200000000000005,6.5200000000000005,325,-1,nan,0.009138754934783288,0.09137797080452789,0.027020138360431906,0.009465966702238066,0.02,0.49243457418554404,0.0765682536494019,2.793216787065531,0.88065505027771,0.0,0.0
/home/simon/davide_fr3_ws/src/cbf_safety_filter/config/generated_scenarios/scenario_0005.yaml,scenario_0005,SUCCESS_SAFE,False,True,True,378,7.5600000000000005,7.5600000000000005,377,-1,nan,0.042110662911273015,0.42092452096889377,0.10863486839070605,0.009440062648071203,0.02,1.1763546738975046,0.13488810485992694,4.884720751259601,0.8275101184844971,0.0,0.0
/home/simon/davide_fr3_ws/src/cbf_safety_filter/config/generated_scenarios/scenario_0006.yaml,scenario_0006,SUCCESS_BUT_UNSAFE,True,True,False,397,7.94,7.94,396,148,2.96,-0.012290657467039147,-0.4772054873784016,-0.03776710204907621,0.0024324118517814286,0.02,22.39230733329785,15.074792324840297,48.240024046207566,1.8441214561462402,0.0,0.0
/home/simon/davide_fr3_ws/src/cbf_safety_filter/config/generated_scenarios/scenario_0007.yaml,scenario_0007,SUCCESS_SAFE,False,True,True,308,6.16,6.16,307,-1,nan,0.02123221428061671,0.21147285773133762,0.05390224268777816,0.009432758265938217,0.02,0.4754857225424498,0.07214693345648342,2.5679223606067962,0.7916607856750488,0.0,0.0
/home/simon/davide_fr3_ws/src/cbf_safety_filter/config/generated_scenarios/scenario_0008.yaml,scenario_0008,SUCCESS_SAFE,False,True,True,384,7.68,7.68,383,-1,nan,0.028431402386645283,0.28453339921685006,0.07269882465377378,0.009472936485280489,0.02,1.9259186739168797,0.14412991051634882,6.701626134323508,1.3671371936798096,0.0,0.0
/home/simon/davide_fr3_ws/src/cbf_safety_filter/config/generated_scenarios/scenario_0009.yaml,scenario_0009,GOAL_FAIL_AND_UNSAFE,True,False,False,3000,60.0,nan,-1,340,6.8,-0.02874596686665508,-5.780572222069519,-0.10838907516586145,0.017718645113784744,0.02,734.4084920919129,116.20938806766219,2429.2697158162277,8.568532466888428,0.0,0.0
/home/simon/davide_fr3_ws/src/cbf_safety_filter/config/generated_scenarios/scenario_0010.yaml,scenario_0010,SUCCESS_BUT_UNSAFE,True,True,False,2596,51.92,51.92,2595,52,1.04,-0.03682281169739856,-3.4408705038766145,-0.19022718721865062,0.012488886624815157,0.02,574.5374147682338,80.83630111104668,1081.4027767859916,8.700522899627686,0.0,0.0
/home/simon/davide_fr3_ws/src/cbf_safety_filter/config/generated_scenarios/scenario_0011.yaml,scenario_0011,SUCCESS_SAFE,False,True,True,405,8.1,8.1,404,-1,nan,0.01610303067275582,0.16083742884867336,0.05046883036041502,0.009443052907484822,0.02,1.3493991309104458,0.16897970859537623,6.452244811546174,0.9649879932403564,0.0,0.0
/home/simon/davide_fr3_ws/src/cbf_safety_filter/config/generated_scenarios/scenario_0012.yaml,scenario_0012,SUCCESS_SAFE,False,True,True,398,7.96,7.96,397,-1,nan,0.030239674535020588,0.30563675924087186,0.07923679075837822,0.009434494372121864,0.02,2.2218663627020767,0.1487435644480313,6.2937282863330095,1.2871294021606445,0.0,0.0
/home/simon/davide_fr3_ws/src/cbf_safety_filter/config/generated_scenarios/scenario_0013.yaml,scenario_0013,SUCCESS_BUT_UNSAFE,True,True,False,359,7.18,7.18,358,70,1.4000000000000001,-0.014465806505833238,-0.14490673222783937,-0.03885002700399989,0.009438731912208289,0.02,0.6667025542392427,0.10856682908741176,4.251683866735297,1.1152441501617432,0.0,0.0
/home/simon/davide_fr3_ws/src/cbf_safety_filter/config/generated_scenarios/scenario_0014.yaml,scenario_0014,SUCCESS_SAFE,False,True,True,341,6.82,6.82,340,-1,nan,0.03511809386968301,0.0706261459629317,0.08256073292870103,0.009496591980791147,0.02,0.9297742662898845,0.1014879951437234,3.754804336307172,1.1555092334747314,0.0,0.0
/home/simon/davide_fr3_ws/src/cbf_safety_filter/config/generated_scenarios/scenario_0015.yaml,scenario_0015,SUCCESS_SAFE,False,True,True,374,7.48,7.48,373,-1,nan,0.06543830409800785,0.6525366279723392,0.13514774616680753,0.00946852944314493,0.02,1.6723906058347067,0.13770801037607644,5.812238006252874,0.9550831317901611,0.0,0.0
/home/simon/davide_fr3_ws/src/cbf_safety_filter/config/generated_scenarios/scenario_0016.yaml,scenario_0016,SUCCESS_SAFE,False,True,True,393,7.86,7.86,392,-1,nan,0.010060329362854187,0.10051517511813626,0.030094235262409397,0.00946595845281176,0.02,1.2825770721688898,0.12757902161014475,4.727121649211321,1.3929705619812012,0.0,0.0
/home/simon/davide_fr3_ws/src/cbf_safety_filter/config/generated_scenarios/scenario_0017.yaml,scenario_0017,SUCCESS_SAFE,False,True,True,420,8.4,8.4,419,-1,nan,0.001557338099129786,0.015547347617409215,0.003953105276418817,0.009443613826964825,0.02,2.243534184073178,0.22195198550865125,8.456576263547316,1.0763425827026367,0.0,0.0
/home/simon/davide_fr3_ws/src/cbf_safety_filter/config/generated_scenarios/scenario_0018.yaml,scenario_0018,SUCCESS_BUT_UNSAFE,True,True,False,415,8.3,8.3,414,41,0.8200000000000001,-0.00941042412573886,-0.09671853564394475,-0.028775937976927624,0.009440192860716014,0.02,1.63258596419424,0.17141672431551003,6.3950375768764,0.8389418125152588,0.0,0.0
/home/simon/davide_fr3_ws/src/cbf_safety_filter/config/generated_scenarios/scenario_0019.yaml,scenario_0019,SUCCESS_BUT_UNSAFE,True,True,False,422,8.44,8.44,421,16,0.32,-0.01371283508390078,-0.14063224990467735,-0.1090378880598726,0.009432395659823008,0.02,3.2704887916420455,0.17952723039319843,7.191184327028467,1.0502593517303467,0.0,0.0
/home/simon/davide_fr3_ws/src/cbf_safety_filter/config/generated_scenarios/scenario_0020.yaml,scenario_0020,SUCCESS_SAFE,False,True,True,384,7.68,7.68,383,-1,nan,0.03963215246886291,0.4005015145203124,0.10108143171954961,0.009485565026547267,0.02,1.6392266437319514,0.13262831627254928,5.19071946625135,0.8902556896209717,0.0,0.0
/home/simon/davide_fr3_ws/src/cbf_safety_filter/config/generated_scenarios/scenario_0021.yaml,scenario_0021,GOAL_FAIL_AND_UNSAFE,True,False,False,3000,60.0,nan,-1,60,1.2,-0.045576076128543606,-5.169275485719687,-0.21101527235770426,0.04877209687574101,0.02,851.2659705435107,125.97996565923434,1368.4659727759554,11.02335786819458,0.0,0.0
/home/simon/davide_fr3_ws/src/cbf_safety_filter/config/generated_scenarios/scenario_0022.yaml,scenario_0022,SUCCESS_BUT_UNSAFE,True,True,False,433,8.66,8.66,432,25,0.5,-0.013103596426278903,-0.07327592184101096,-0.045182012866894855,0.009498529839359001,0.02,3.202383948980116,0.24894042923557136,8.745664151044965,1.1448843479156494,0.0,0.0
/home/simon/davide_fr3_ws/src/cbf_safety_filter/config/generated_scenarios/scenario_0023.yaml,scenario_0023,SUCCESS_SAFE,False,True,True,352,7.04,7.04,351,-1,nan,0.007355760544253836,0.013288080187125545,0.030218792603095526,0.009502605826204059,0.02,1.0693159943680652,0.11067190985496483,4.378966116495654,0.836090087890625,0.0,0.0
/home/simon/davide_fr3_ws/src/cbf_safety_filter/config/generated_scenarios/scenario_0024.yaml,scenario_0024,SUCCESS_BUT_UNSAFE,True,True,False,332,6.640000000000001,6.640000000000001,331,89,1.78,-0.004691183160737911,-0.047344161119071936,-0.012583074534173538,0.009506880944867973,0.02,0.7935512020295851,0.09106991377437763,3.2476633992612363,0.8101348876953125,0.0,0.0
/home/simon/davide_fr3_ws/src/cbf_safety_filter/config/generated_scenarios/scenario_0025.yaml,scenario_0025,SUCCESS_SAFE,False,True,True,466,9.32,9.32,465,-1,nan,0.02341431525958968,0.23159828869769233,0.06350431568941348,0.009507742854692894,0.02,5.340281479554229,0.5883136926982339,39.52107714187807,1.8713393211364746,0.0,0.0
/home/simon/davide_fr3_ws/src/cbf_safety_filter/config/generated_scenarios/scenario_0026.yaml,scenario_0026,SUCCESS_BUT_UNSAFE,True,True,False,402,8.040000000000001,8.040000000000001,401,55,1.1,-0.02241498678405708,-0.22816615769114276,-0.08223817353611314,0.009424626769211153,0.02,2.216741427951059,0.14792000819311973,6.224213076318299,1.4579174518585205,0.0,0.0
/home/simon/davide_fr3_ws/src/cbf_safety_filter/config/generated_scenarios/scenario_0027.yaml,scenario_0027,SUCCESS_SAFE,False,True,True,312,6.24,6.24,311,-1,nan,0.03200631009617082,0.319360580568741,0.0821253061800934,0.00947312814502357,0.02,0.7134917440834715,0.09443792406726365,3.4641363348244116,1.0961661338806152,0.0,0.0
/home/simon/davide_fr3_ws/src/cbf_safety_filter/config/generated_scenarios/scenario_0028.yaml,scenario_0028,SUCCESS_BUT_UNSAFE,True,True,False,409,8.18,8.18,408,68,1.36,-0.00908068485934034,-0.09099765228979732,-0.08436749637181837,0.009453834181264208,0.02,1.6461388984504597,0.14718907610923018,5.520538679911751,1.661353349685669,0.0,0.0
/home/simon/davide_fr3_ws/src/cbf_safety_filter/config/generated_scenarios/scenario_0029.yaml,scenario_0029,SUCCESS_BUT_UNSAFE,True,True,False,362,7.24,7.24,361,222,4.44,-0.023808304215300485,-0.2495313874863297,-0.15386897250724177,0.009218565763191956,0.02,7.997888986125308,5.605890500762774,42.086045088169975,1.0482585430145264,0.0,0.0
/home/simon/davide_fr3_ws/src/cbf_safety_filter/config/generated_scenarios/scenario_0030.yaml,scenario_0030,SUCCESS_BUT_UNSAFE,True,True,False,363,7.26,7.26,362,46,0.92,-0.032644688328532796,-0.33859120485352906,-0.13513343783313259,0.009479108694669183,0.02,3.3269781771756537,0.30409030077815963,10.261061626683432,1.3521299362182617,0.0,0.0
/home/simon/davide_fr3_ws/src/cbf_safety_filter/config/generated_scenarios/scenario_0031.yaml,scenario_0031,SUCCESS_BUT_UNSAFE,True,True,False,445,8.9,8.9,444,77,1.54,-0.028010371401364118,-0.3303389862943012,-0.10188879495327857,0.011444201452093404,0.02,17.12678918535093,4.19834091074699,47.492933399609676,1.0793788433074951,0.0,0.0
/home/simon/davide_fr3_ws/src/cbf_safety_filter/config/generated_scenarios/scenario_0032.yaml,scenario_0032,SUCCESS_SAFE,False,True,True,355,7.1000000000000005,7.1000000000000005,354,-1,nan,0.03131844723838355,0.06249450356432363,0.08493486777473949,0.009420478987848776,0.02,1.0869228273505884,0.10974968056755734,4.214939903478751,1.070955753326416,0.0,0.0
/home/simon/davide_fr3_ws/src/cbf_safety_filter/config/generated_scenarios/scenario_0033.yaml,scenario_0033,SUCCESS_BUT_UNSAFE,True,True,False,405,8.1,8.1,404,113,2.2600000000000002,-0.011880989973111725,-0.11887699592151567,-0.06144721365333927,0.009450386934062837,0.02,1.7236175246133225,0.18328883946050176,6.690271963932857,2.1891226768493652,0.0,0.0
/home/simon/davide_fr3_ws/src/cbf_safety_filter/config/generated_scenarios/scenario_0034.yaml,scenario_0034,GOAL_FAIL_AND_UNSAFE,True,False,False,3000,60.0,nan,-1,1324,26.48,-0.0012135764707986822,-3.874463336800675,-0.006617741999871279,0.16116671115532502,0.02,850.9438495916354,119.84090622673996,802.700611535003,10.493276596069336,0.0,0.0
/home/simon/davide_fr3_ws/src/cbf_safety_filter/config/generated_scenarios/scenario_0035.yaml,scenario_0035,SUCCESS_SAFE,False,True,True,397,7.94,7.94,396,-1,nan,0.01893794069437537,0.18639660029997407,0.04422434399184044,0.009426537714334328,0.02,1.8444955456719856,0.17373647913019385,6.252645691604648,0.850456953048706,0.0,0.0
/home/simon/davide_fr3_ws/src/cbf_safety_filter/config/generated_scenarios/scenario_0036.yaml,scenario_0036,SUCCESS_SAFE,False,True,True,336,6.72,6.72,335,-1,nan,0.05978447779657793,0.5978440084466436,0.12042904823731815,0.009463946716326083,0.02,0.8049278935089532,0.09411777598399558,3.615991229408555,0.895061731338501,0.0,0.0
/home/simon/davide_fr3_ws/src/cbf_safety_filter/config/generated_scenarios/scenario_0037.yaml,scenario_0037,SUCCESS_BUT_UNSAFE,True,True,False,386,7.72,7.72,385,246,4.92,-0.028578744456150485,-0.43837320579107486,-0.12804495851094022,0.0070708645160058245,0.02,19.728959909785722,12.603557433785499,51.40658542324177,1.1664578914642334,0.0,0.0
/home/simon/davide_fr3_ws/src/cbf_safety_filter/config/generated_scenarios/scenario_0038.yaml,scenario_0038,SUCCESS_BUT_UNSAFE,True,True,False,449,8.98,8.98,448,309,6.18,-0.0234236673853482,-0.4241997522620854,-0.09280593621921615,0.01107268484645607,0.02,15.286515745549057,4.971774508177971,49.03216360852116,1.7605583667755127,0.0,0.0
/home/simon/davide_fr3_ws/src/cbf_safety_filter/config/generated_scenarios/scenario_0039.yaml,scenario_0039,SUCCESS_BUT_UNSAFE,True,True,False,462,9.24,9.24,461,29,0.58,-0.021617880747439092,-0.22158830541154015,-0.0991350586264402,0.013336747947272028,0.02,13.89998826914778,3.563255804082771,51.346907581410555,1.1167380809783936,0.0,0.0
/home/simon/davide_fr3_ws/src/cbf_safety_filter/config/generated_scenarios/scenario_0040.yaml,scenario_0040,SUCCESS_SAFE,False,True,True,379,7.58,7.58,378,-1,nan,0.059283348603365246,0.5875948690819836,0.11553229010613156,0.009450605737184958,0.02,1.6335616919978475,0.1336740369335297,5.302026487037306,0.8099486827850342,0.0,0.0
/home/simon/davide_fr3_ws/src/cbf_safety_filter/config/generated_scenarios/scenario_0041.yaml,scenario_0041,GOAL_FAIL_AND_UNSAFE,True,False,False,3000,60.0,nan,-1,71,1.42,-0.016576854129981628,-5.096383102365389,-0.09465143358796684,0.051465513658881155,0.02,740.1197345842005,110.21086042028354,1687.9669349531541,6.94069242477417,0.0,0.0
/home/simon/davide_fr3_ws/src/cbf_safety_filter/config/generated_scenarios/scenario_0042.yaml,scenario_0042,SUCCESS_BUT_UNSAFE,True,True,False,446,8.92,8.92,445,127,2.54,-0.006592733521064292,-0.09171568298055043,-0.018580529149846203,0.009509879626098469,0.02,7.809565350627866,0.9205032014973022,49.317782436846855,1.5265393257141113,0.0,0.0
/home/simon/davide_fr3_ws/src/cbf_safety_filter/config/generated_scenarios/scenario_0043.yaml,scenario_0043,SUCCESS_BUT_UNSAFE,True,True,False,401,8.02,8.02,400,78,1.56,-0.034934308715342845,-0.3824634842243884,-0.16404716203265654,0.004763045823180088,0.02,14.549759113891916,4.547670651684667,65.57810728656784,1.178330421447754,0.0,0.0
/home/simon/davide_fr3_ws/src/cbf_safety_filter/config/generated_scenarios/scenario_0044.yaml,scenario_0044,SUCCESS_BUT_UNSAFE,True,True,False,439,8.78,8.78,438,270,5.4,-0.015770762446490234,-0.768019562637136,-0.07416509226847484,0.01887296101620963,0.02,28.353390014816675,22.739724046035967,71.2004916153041,1.007674217224121,0.0,0.0
/home/simon/davide_fr3_ws/src/cbf_safety_filter/config/generated_scenarios/scenario_0045.yaml,scenario_0045,SUCCESS_BUT_UNSAFE,True,True,False,2007,40.14,40.14,2006,35,0.7000000000000001,-0.03492328498547224,-2.894983253396517,-0.16700372041977593,0.010428559085946525,0.02,453.312845524224,84.06427976850209,783.3942826584845,5.93060040473938,0.0,0.0
/home/simon/davide_fr3_ws/src/cbf_safety_filter/config/generated_scenarios/scenario_0046.yaml,scenario_0046,GOAL_FAIL_AND_UNSAFE,True,False,False,3000,60.0,nan,-1,75,1.5,-0.028343975330939176,-5.4940045660256045,-0.16458101203709374,0.05250459988597235,0.02,798.1383572316357,119.55166225817047,1800.8370973632736,8.378669500350952,0.0,0.0
/home/simon/davide_fr3_ws/src/cbf_safety_filter/config/generated_scenarios/scenario_0047.yaml,scenario_0047,GOAL_FAIL_AND_UNSAFE,True,False,False,3000,60.0,nan,-1,197,3.94,-0.020360800374443797,-9.591350532653099,-0.1153732543362391,0.0367746320778887,0.02,757.3341088951732,96.77065739092752,3123.465414704586,11.906601905822754,0.0,0.0
/home/simon/davide_fr3_ws/src/cbf_safety_filter/config/generated_scenarios/scenario_0048.yaml,scenario_0048,SUCCESS_SAFE,False,True,True,408,8.16,8.16,407,-1,nan,0.014430734127459047,0.14010392880280262,0.03886870587063998,0.00943413773835232,0.02,1.4989016663649037,0.18462114267633642,7.127445029048075,0.8719315528869629,0.0,0.0
/home/simon/davide_fr3_ws/src/cbf_safety_filter/config/generated_scenarios/scenario_0049.yaml,scenario_0049,SUCCESS_SAFE,False,True,True,382,7.640000000000001,7.640000000000001,381,-1,nan,0.0016699351700036058,0.01668546517346411,0.006500323348136106,0.00943210012679766,0.02,1.6276986951250216,0.1479000719032137,5.735291950245574,1.22505784034729,0.0,0.0
/home/simon/davide_fr3_ws/src/cbf_safety_filter/config/generated_scenarios/scenario_0050.yaml,scenario_0050,SUCCESS_SAFE,False,True,True,441,8.82,8.82,440,-1,nan,0.048582555641829506,0.4784032648439651,0.11523555498575855,0.009458778929833756,0.02,3.846957379863003,0.2893099042243083,10.441712433822216,0.9865198135375977,0.0,0.0
/home/simon/davide_fr3_ws/src/cbf_safety_filter/config/generated_scenarios/scenario_0051.yaml,scenario_0051,SUCCESS_SAFE,False,True,True,435,8.700000000000001,8.700000000000001,434,-1,nan,0.024085841350484173,0.24062452284800717,0.07356949143752842,0.009482098289496595,0.02,5.742716966867576,0.7224932972156344,47.85438131243464,1.4389605522155762,0.0,0.0
/home/simon/davide_fr3_ws/src/cbf_safety_filter/config/generated_scenarios/scenario_0052.yaml,scenario_0052,SUCCESS_SAFE,False,True,True,318,6.36,6.36,317,-1,nan,0.014628048276262531,0.14620832241909554,0.03441751843571386,0.009484872602367047,0.02,0.7798091437035567,0.09845645110613525,3.6274189013320313,0.909489631652832,0.0,0.0
/home/simon/davide_fr3_ws/src/cbf_safety_filter/config/generated_scenarios/scenario_0053.yaml,scenario_0053,SUCCESS_SAFE,False,True,True,394,7.88,7.88,393,-1,nan,0.02331291097870449,0.2331152319287633,0.07207108226104364,0.009424116499592194,0.02,1.2883754772202498,0.15698534636263448,5.86820039789216,0.9037723541259766,0.0,0.0
/home/simon/davide_fr3_ws/src/cbf_safety_filter/config/generated_scenarios/scenario_0054.yaml,scenario_0054,SUCCESS_BUT_UNSAFE,True,True,False,389,7.78,7.78,388,33,0.66,-0.009428901355949176,-0.028317572312018428,-0.060595172413208116,0.009477325143470583,0.02,2.0575200310734063,0.14639674188929933,6.289361332336303,1.0071699619293213,0.0,0.0
/home/simon/davide_fr3_ws/src/cbf_safety_filter/config/generated_scenarios/scenario_0055.yaml,scenario_0055,SUCCESS_BUT_UNSAFE,True,True,False,390,7.8,7.8,389,70,1.4000000000000001,-0.007861794455530199,-0.07896414688782283,-0.026754893221541814,0.009475140519736924,0.02,1.6570808715549625,0.13287903611719498,5.3706483345578935,0.8319122791290283,0.0,0.0
/home/simon/davide_fr3_ws/src/cbf_safety_filter/config/generated_scenarios/scenario_0056.yaml,scenario_0056,SUCCESS_SAFE,False,True,True,404,8.08,8.08,403,-1,nan,0.010246285497127354,0.10204004864971394,0.02810976923507233,0.009478700791571846,0.02,1.48945562483043,0.14313911374891786,5.301380996345494,1.5274863243103027,0.0,0.0
/home/simon/davide_fr3_ws/src/cbf_safety_filter/config/generated_scenarios/scenario_0057.yaml,scenario_0057,SUCCESS_SAFE,False,True,True,415,8.3,8.3,414,-1,nan,0.024536431033824233,0.24518080826900251,0.07161513955726229,0.009474368934009056,0.02,2.332909380733633,0.1531015521090937,6.31275808102547,0.9545772075653076,0.0,0.0
/home/simon/davide_fr3_ws/src/cbf_safety_filter/config/generated_scenarios/scenario_0058.yaml,scenario_0058,SUCCESS_SAFE,False,True,True,426,8.52,8.52,425,-1,nan,0.01320861234169039,0.12644507585471013,0.047409117357558844,0.00934083826098431,0.02,4.878441714598219,0.5353876047313378,42.796675856663,1.0641438961029053,0.0,0.0
/home/simon/davide_fr3_ws/src/cbf_safety_filter/config/generated_scenarios/scenario_0059.yaml,scenario_0059,SUCCESS_BUT_UNSAFE,True,True,False,430,8.6,8.6,429,59,1.18,-0.023034456596708386,-0.9196181625429776,-0.11926785406598184,0.0075968015100681095,0.02,33.26743447788026,15.801190464330055,71.49902025729492,1.8189747333526611,0.0,0.0
/home/simon/davide_fr3_ws/src/cbf_safety_filter/config/generated_scenarios/scenario_0060.yaml,scenario_0060,SUCCESS_SAFE,False,True,True,351,7.0200000000000005,7.0200000000000005,350,-1,nan,0.013865927806899436,0.13865888496299217,0.0388361963029992,0.009490501891023325,0.02,0.6180390135528149,0.08596936785671858,3.1319877266243195,0.9532575607299805,0.0,0.0
/home/simon/davide_fr3_ws/src/cbf_safety_filter/config/generated_scenarios/scenario_0061.yaml,scenario_0061,GOAL_FAIL_AND_UNSAFE,True,False,False,3000,60.0,nan,-1,1414,28.28,-0.004869355147698184,-2.574423512731654,-0.030535708703951336,0.06892291523997021,0.02,734.8606620121287,102.7861191831504,1182.2162837286028,11.429542541503906,0.0,0.0
/home/simon/davide_fr3_ws/src/cbf_safety_filter/config/generated_scenarios/scenario_0062.yaml,scenario_0062,SUCCESS_SAFE,False,True,True,390,7.8,7.8,389,-1,nan,0.03139320060846995,0.3095489256259286,0.08574079005011456,0.009475672018714198,0.02,2.294066097095224,0.15489355975409322,7.10964818939489,1.1237919330596924,0.0,0.0
/home/simon/davide_fr3_ws/src/cbf_safety_filter/config/generated_scenarios/scenario_0063.yaml,scenario_0063,SUCCESS_SAFE,False,True,True,328,6.5600000000000005,6.5600000000000005,327,-1,nan,0.022986703664633713,0.22988668464167528,0.05546367473171887,0.00948601015935025,0.02,0.585436813005065,0.07277642974161114,2.636384788026469,1.3973782062530518,0.0,0.0
/home/simon/davide_fr3_ws/src/cbf_safety_filter/config/generated_scenarios/scenario_0064.yaml,scenario_0064,SUCCESS_SAFE,False,True,True,363,7.26,7.26,362,-1,nan,0.009624104893825598,0.09617919443351594,0.02299163230028803,0.009416465122274783,0.02,0.8968540636959482,0.11982886418745099,4.581054727457394,1.1909749507904053,0.0,0.0
/home/simon/davide_fr3_ws/src/cbf_safety_filter/config/generated_scenarios/scenario_0065.yaml,scenario_0065,SUCCESS_BUT_UNSAFE,True,True,False,424,8.48,8.48,423,54,1.08,-0.015700649648953627,-0.15715790163317622,-0.08088197856648138,0.009436450633429433,0.02,2.471445831607423,0.18699639497930712,6.6206556152019544,1.7773077487945557,0.0,0.0
/home/simon/davide_fr3_ws/src/cbf_safety_filter/config/generated_scenarios/scenario_0066.yaml,scenario_0066,SUCCESS_SAFE,False,True,True,400,8.0,8.0,399,-1,nan,0.011932596745698361,0.11907628206248866,0.02895193661742887,0.00943775083608357,0.02,1.8280404475340597,0.18121437531090462,6.807822958137386,0.8677964210510254,0.0,0.0
/home/simon/davide_fr3_ws/src/cbf_safety_filter/config/generated_scenarios/scenario_0067.yaml,scenario_0067,SUCCESS_SAFE,False,True,True,401,8.02,8.02,400,-1,nan,0.023246695112602647,0.2430945825043206,0.0687810588835712,0.009425133662965882,0.02,1.2176266244089113,0.16026422417531336,6.182771687189601,1.6455292701721191,0.0,0.0
/home/simon/davide_fr3_ws/src/cbf_safety_filter/config/generated_scenarios/scenario_0068.yaml,scenario_0068,SUCCESS_BUT_UNSAFE,True,True,False,443,8.86,8.86,442,247,4.94,-0.01913595613489273,-0.192988774290924,-0.09680828125435459,0.00926888670693486,0.02,6.007320072965407,0.6369679016628679,47.8264287740546,1.8506500720977783,0.0,0.0
/home/simon/davide_fr3_ws/src/cbf_safety_filter/config/generated_scenarios/scenario_0069.yaml,scenario_0069,SUCCESS_SAFE,False,True,True,410,8.2,8.2,409,-1,nan,0.02898094365360089,0.25745171447519716,0.09995113144991205,0.009684100407192645,0.02,6.100578886922524,1.0493062288924462,46.205086048392296,0.9144430160522461,0.0,0.0
/home/simon/davide_fr3_ws/src/cbf_safety_filter/config/generated_scenarios/scenario_0070.yaml,scenario_0070,SUCCESS_SAFE,False,True,True,423,8.46,8.46,422,-1,nan,0.019891011549682938,0.012967743776923168,0.06896192337857382,0.009421174973742313,0.02,2.6455930874525477,0.36787730016402165,41.57434128515933,1.151665449142456,0.0,0.0
/home/simon/davide_fr3_ws/src/cbf_safety_filter/config/generated_scenarios/scenario_0071.yaml,scenario_0071,SUCCESS_SAFE,False,True,True,340,6.8,6.8,339,-1,nan,0.029079654770546953,0.28671499118916943,0.08078716440757158,0.00947176862112167,0.02,1.612572249872394,0.5139420360003113,39.19093844783836,1.8633136749267578,0.0,0.0
/home/simon/davide_fr3_ws/src/cbf_safety_filter/config/generated_scenarios/scenario_0072.yaml,scenario_0072,SUCCESS_BUT_UNSAFE,True,True,False,394,7.88,7.88,393,40,0.8,-0.007176834470396151,-0.0722181025778928,-0.03413181318090028,0.00947126882621153,0.02,1.1359241862492715,0.1336343304656274,4.98197894865061,1.0356087684631348,0.0,0.0
/home/simon/davide_fr3_ws/src/cbf_safety_filter/config/generated_scenarios/scenario_0073.yaml,scenario_0073,SUCCESS_SAFE,False,True,True,428,8.56,8.56,427,-1,nan,0.019259584401145596,0.18627607026980314,0.052443618919293306,0.009469128242325698,0.02,3.117797542799758,0.2432467909353083,8.396857225586972,1.9394044876098633,0.0,0.0
/home/simon/davide_fr3_ws/src/cbf_safety_filter/config/generated_scenarios/scenario_0074.yaml,scenario_0074,SUCCESS_SAFE,False,True,True,344,6.88,6.88,343,-1,nan,0.01881920892197631,0.1880022042975505,0.05927733123169654,0.009497160217531431,0.02,1.074610132210108,0.11619923277860865,4.6871524835549865,0.7815771102905273,0.0,0.0
/home/simon/davide_fr3_ws/src/cbf_safety_filter/config/generated_scenarios/scenario_0075.yaml,scenario_0075,SUCCESS_SAFE,False,True,True,347,6.94,6.94,346,-1,nan,0.0008744441124967153,0.00836989424942583,0.002252257637387428,0.009464889744164892,0.02,0.5712980980355884,0.090423611797789,3.389613055740363,1.0320079326629639,0.0,0.0
/home/simon/davide_fr3_ws/src/cbf_safety_filter/config/generated_scenarios/scenario_0076.yaml,scenario_0076,SUCCESS_SAFE,False,True,True,378,7.5600000000000005,7.5600000000000005,377,-1,nan,0.014661861905549849,0.14606536391249356,0.03612007127306299,0.009438949106847092,0.02,1.781073954145512,0.14152248849237367,6.394005844191934,0.8213331699371338,0.0,0.0
/home/simon/davide_fr3_ws/src/cbf_safety_filter/config/generated_scenarios/scenario_0077.yaml,scenario_0077,SUCCESS_BUT_UNSAFE,True,True,False,464,9.28,9.28,463,17,0.34,-0.027146240213551914,-0.396024918887664,-0.13016699109075514,0.014123470643813042,0.02,36.289445706239846,14.522615152531925,52.53415293490121,1.106823205947876,0.0,0.0
/home/simon/davide_fr3_ws/src/cbf_safety_filter/config/generated_scenarios/scenario_0078.yaml,scenario_0078,SUCCESS_SAFE,False,True,True,317,6.34,6.34,316,-1,nan,0.02443179143374022,0.24299851721506538,0.05891258715224623,0.009466961935065436,0.02,0.602223107641629,0.08669174374303573,3.1160366648487927,1.144770622253418,0.0,0.0
/home/simon/davide_fr3_ws/src/cbf_safety_filter/config/generated_scenarios/scenario_0079.yaml,scenario_0079,SUCCESS_SAFE,False,True,True,391,7.82,7.82,390,-1,nan,0.010860462381169018,0.08592675136779007,0.047696994815315474,0.008449969520885208,0.02,9.171175374386165,2.484272816116568,36.32890865320159,0.8219704627990723,0.0,0.0
/home/simon/davide_fr3_ws/src/cbf_safety_filter/config/generated_scenarios/scenario_0080.yaml,scenario_0080,SUCCESS_BUT_UNSAFE,True,True,False,318,6.36,6.36,317,151,3.02,-0.0029854952417556636,-0.029907256804287262,-0.014484579747076523,0.009492862217904933,0.02,0.6432114857340478,0.08268632791854956,3.0115218088867497,0.7446160316467285,0.0,0.0
/home/simon/davide_fr3_ws/src/cbf_safety_filter/config/generated_scenarios/scenario_0081.yaml,scenario_0081,SUCCESS_SAFE,False,True,True,412,8.24,8.24,411,-1,nan,0.014553328045444928,0.145427377126787,0.05415159660234062,0.009474516216012259,0.02,2.047703068981223,0.18229301682525476,5.939187384567512,0.8129382133483887,0.0,0.0
/home/simon/davide_fr3_ws/src/cbf_safety_filter/config/generated_scenarios/scenario_0082.yaml,scenario_0082,SUCCESS_BUT_UNSAFE,True,True,False,467,9.34,9.34,466,196,3.92,-0.011939047416495617,-0.23738221533032638,-0.03898969881216352,0.009857172686581345,0.02,14.582348434461997,4.385246805040779,49.30963815866401,2.0247082710266113,0.0,0.0
/home/simon/davide_fr3_ws/src/cbf_safety_filter/config/generated_scenarios/scenario_0083.yaml,scenario_0083,SUCCESS_SAFE,False,True,True,405,8.1,8.1,404,-1,nan,0.00802927366198497,0.07786790698783186,0.025678969325341888,0.00941258205761175,0.02,1.2807614456784757,0.18640737869943835,7.661166454928945,1.4950439929962158,0.0,0.0
/home/simon/davide_fr3_ws/src/cbf_safety_filter/config/generated_scenarios/scenario_0084.yaml,scenario_0084,SUCCESS_SAFE,False,True,True,418,8.36,8.36,417,-1,nan,0.03262857319373062,0.32451026568168834,0.0977604532664191,0.00947081764766048,0.02,2.9044940193706865,0.16604232145153552,7.065000098299184,1.8707170486450195,0.0,0.0
/home/simon/davide_fr3_ws/src/cbf_safety_filter/config/generated_scenarios/scenario_0085.yaml,scenario_0085,SUCCESS_SAFE,False,True,True,382,7.640000000000001,7.640000000000001,381,-1,nan,0.028871036512557784,0.2930487878667106,0.08886961234690266,0.009489141024912053,0.02,1.2032227797515715,0.1500137799635576,5.859122748199183,1.0249755382537842,0.0,0.0
/home/simon/davide_fr3_ws/src/cbf_safety_filter/config/generated_scenarios/scenario_0086.yaml,scenario_0086,SUCCESS_SAFE,False,True,True,428,8.56,8.56,427,-1,nan,0.04400758249641665,0.42804505934611287,0.09719167714026661,0.009473227663019543,0.02,3.4897822528595754,0.19053288604235347,6.999633415464225,1.0050475597381592,0.0,0.0
/home/simon/davide_fr3_ws/src/cbf_safety_filter/config/generated_scenarios/scenario_0087.yaml,scenario_0087,SUCCESS_BUT_UNSAFE,True,True,False,392,7.84,7.84,391,44,0.88,-0.018928025999737027,-0.18936497562672955,-0.09260524174609056,0.009459997371545988,0.02,1.9693059852374866,0.14124543030124206,6.564228525807122,1.0640742778778076,0.0,0.0
/home/simon/davide_fr3_ws/src/cbf_safety_filter/config/generated_scenarios/scenario_0088.yaml,scenario_0088,SUCCESS_SAFE,False,True,True,393,7.86,7.86,392,-1,nan,0.014566099091975006,0.14560807109334045,0.04281446183506615,0.009501844971678077,0.02,2.2020476087339076,0.14965870005108406,6.56144213687029,0.9823384284973145,0.0,0.0
/home/simon/davide_fr3_ws/src/cbf_safety_filter/config/generated_scenarios/scenario_0089.yaml,scenario_0089,GOAL_FAIL_AND_UNSAFE,True,False,False,3000,60.0,nan,-1,392,7.84,-0.007707838671602095,-7.150817269659744,-0.025890466381501026,0.05655631180754643,0.02,771.4010430030702,102.04258899584677,677.2143530940797,7.51390528678894,0.0,0.0
/home/simon/davide_fr3_ws/src/cbf_safety_filter/config/generated_scenarios/scenario_0090.yaml,scenario_0090,SUCCESS_BUT_UNSAFE,True,True,False,457,9.14,9.14,456,84,1.68,-0.007655095640164436,-0.10583052569075972,-0.024947120072573326,0.009177004327350415,0.02,10.041213028862538,1.548801164312357,50.53459878147087,1.2697994709014893,0.0,0.0
/home/simon/davide_fr3_ws/src/cbf_safety_filter/config/generated_scenarios/scenario_0091.yaml,scenario_0091,SUCCESS_SAFE,False,True,True,415,8.3,8.3,414,-1,nan,0.012521358101885996,0.12411334878296716,0.029732579947721854,0.009499718028864389,0.02,2.0964574241471796,0.16802739685531923,5.928036158335415,0.6712005138397217,0.0,0.0
/home/simon/davide_fr3_ws/src/cbf_safety_filter/config/generated_scenarios/scenario_0092.yaml,scenario_0092,SUCCESS_BUT_UNSAFE,True,True,False,387,7.74,7.74,386,64,1.28,-0.004481106777950501,-0.04536468610033125,-0.014040328978954936,0.009494117761889992,0.02,1.9842162664592835,0.14446800894749867,6.779164519299584,0.6548316478729248,0.0,0.0
/home/simon/davide_fr3_ws/src/cbf_safety_filter/config/generated_scenarios/scenario_0093.yaml,scenario_0093,GOAL_FAIL_AND_UNSAFE,True,False,False,3000,60.0,nan,-1,80,1.6,-0.03605658164387871,-4.544368014239959,-0.1466837150378127,0.03249486025258989,0.02,864.7361851097268,138.49526506801735,2178.765253702026,7.71257758140564,0.0,0.0
/home/simon/davide_fr3_ws/src/cbf_safety_filter/config/generated_scenarios/scenario_0094.yaml,scenario_0094,SUCCESS_SAFE,False,True,True,437,8.74,8.74,436,-1,nan,0.021691424149248316,0.23585200382785654,0.05403474515156512,0.009624463595827876,0.02,6.250420277790465,0.7773701691971755,49.83531589937206,1.1628727912902832,0.0,0.0
/home/simon/davide_fr3_ws/src/cbf_safety_filter/config/generated_scenarios/scenario_0095.yaml,scenario_0095,SUCCESS_SAFE,False,True,True,387,7.74,7.74,386,-1,nan,0.04558364689423097,0.4546642520194365,0.12800349172217357,0.007752770363575155,0.02,11.761988613976094,5.316225302498638,40.42356194193267,0.9894998073577881,0.0,0.0
/home/simon/davide_fr3_ws/src/cbf_safety_filter/config/generated_scenarios/scenario_0096.yaml,scenario_0096,SUCCESS_BUT_UNSAFE,True,True,False,431,8.620000000000001,8.620000000000001,430,199,3.98,-0.008388248679468344,-0.08447838224071046,-0.022103633723201704,0.009436124661708074,0.02,4.885607714631039,0.48587381436176236,46.77051892679878,2.1264209747314453,0.0,0.0
/home/simon/davide_fr3_ws/src/cbf_safety_filter/config/generated_scenarios/scenario_0097.yaml,scenario_0097,SUCCESS_SAFE,False,True,True,458,9.16,9.16,457,-1,nan,0.0035062096463628865,0.007567369897667521,0.012672767466316515,0.009596464063406841,0.02,15.318044898086875,2.918654715076998,46.26779504707273,1.9614436626434326,0.0,0.0
/home/simon/davide_fr3_ws/src/cbf_safety_filter/config/generated_scenarios/scenario_0098.yaml,scenario_0098,SUCCESS_SAFE,False,True,True,422,8.44,8.44,421,-1,nan,0.025827782470028697,0.05164179176641225,0.0713231931982101,0.009452078234584287,0.02,3.420749703633294,0.19395638519307476,7.5927538673772865,0.9765596389770508,0.0,0.0
/home/simon/davide_fr3_ws/src/cbf_safety_filter/config/generated_scenarios/scenario_0099.yaml,scenario_0099,SUCCESS_SAFE,False,True,True,332,6.640000000000001,6.640000000000001,331,-1,nan,0.0075495890498898655,0.07390699807218715,0.01957983376903502,0.009440367179588894,0.02,0.9598258181688898,0.10560127472230564,4.099936462935232,1.5426597595214844,0.0,0.0
/home/simon/davide_fr3_ws/src/cbf_safety_filter/config/generated_scenarios/scenario_0100.yaml,scenario_0100,SUCCESS_BUT_UNSAFE,True,True,False,459,9.18,9.18,458,15,0.3,-0.01887076990999974,-0.10694008288709195,-0.08693672241578773,0.009617529717442303,0.02,7.225106012935797,0.9290855988901621,40.59696250795838,1.9350123405456543,0.0,0.0
/home/simon/davide_fr3_ws/src/cbf_safety_filter/config/generated_scenarios/scenario_0101.yaml,scenario_0101,SUCCESS_SAFE,False,True,True,458,9.16,9.16,457,-1,nan,0.005608275316144561,0.056993321903666135,0.023388431543751448,0.009420954363053952,0.02,3.0822570407978676,0.33553497881825817,13.651271531324348,1.2037734985351562,0.0,0.0
/home/simon/davide_fr3_ws/src/cbf_safety_filter/config/generated_scenarios/scenario_0102.yaml,scenario_0102,SUCCESS_BUT_UNSAFE,True,True,False,430,8.6,8.6,429,28,0.56,-0.014956334900473394,-0.15112893468517363,-0.12132270806480087,0.009442022769251084,0.02,3.988350911394951,0.2789126756555868,8.196884566555365,1.8756966590881348,0.0,0.0
/home/simon/davide_fr3_ws/src/cbf_safety_filter/config/generated_scenarios/scenario_0103.yaml,scenario_0103,SUCCESS_SAFE,False,True,True,418,8.36,8.36,417,-1,nan,0.029678489402180153,0.29549011458470903,0.07358556086139514,0.009510722030957933,0.02,3.403122209908864,0.18642898372899547,7.732389239611882,1.6509218215942383,0.0,0.0
/home/simon/davide_fr3_ws/src/cbf_safety_filter/config/generated_scenarios/scenario_0104.yaml,scenario_0104,SUCCESS_BUT_UNSAFE,True,True,False,423,8.46,8.46,422,72,1.44,-0.0003369998938136734,-0.005723151195555932,-0.000866471695775417,0.00946174280512924,0.02,2.5795982545867107,0.18216356074332601,6.341930002805693,0.9905009269714355,0.0,0.0
/home/simon/davide_fr3_ws/src/cbf_safety_filter/config/generated_scenarios/scenario_0105.yaml,scenario_0105,SUCCESS_SAFE,False,True,True,362,7.24,7.24,361,-1,nan,0.02110406127343446,0.21063238272350174,0.05349248999574524,0.009443491801097383,0.02,0.8511175829793813,0.09945727813600386,3.293608427356329,1.5045926570892334,0.0,0.0
/home/simon/davide_fr3_ws/src/cbf_safety_filter/config/generated_scenarios/scenario_0106.yaml,scenario_0106,SUCCESS_BUT_UNSAFE,True,True,False,390,7.8,7.8,389,59,1.18,-0.02921811628040388,-0.29236630486296183,-0.10862940863635767,0.009445519455721656,0.02,1.2243201783157558,0.14106166857291944,4.9617425074627945,1.2083404064178467,0.0,0.0
/home/simon/davide_fr3_ws/src/cbf_safety_filter/config/generated_scenarios/scenario_0107.yaml,scenario_0107,SUCCESS_SAFE,False,True,True,404,8.08,8.08,403,-1,nan,0.0057944275686679925,0.05768812774653009,0.018812323796793234,0.009442575293044283,0.02,1.8513542897356328,0.1446877108829183,5.435865954777016,1.531806468963623,0.0,0.0
/home/simon/davide_fr3_ws/src/cbf_safety_filter/config/generated_scenarios/scenario_0108.yaml,scenario_0108,SUCCESS_SAFE,False,True,True,449,8.98,8.98,448,-1,nan,0.014500902695222155,0.14478158373801314,0.03326904123021257,0.009486407755616127,0.02,4.51035658030691,0.44383663877047247,49.37118807952926,0.999455451965332,0.0,0.0
/home/simon/davide_fr3_ws/src/cbf_safety_filter/config/generated_scenarios/scenario_0109.yaml,scenario_0109,SUCCESS_SAFE,False,True,True,402,8.040000000000001,8.040000000000001,401,-1,nan,0.024787512801325788,0.2477898018828397,0.07756614213235294,0.009437682781651207,0.02,1.5859299056714533,0.13732118209289917,5.235143456807898,1.3561787605285645,0.0,0.0
/home/simon/davide_fr3_ws/src/cbf_safety_filter/config/generated_scenarios/scenario_0110.yaml,scenario_0110,SUCCESS_SAFE,False,True,True,388,7.76,7.76,387,-1,nan,0.0017465467187155956,0.016522409843944437,0.004795627912196315,0.009456505587618309,0.02,1.3082835852608716,0.14820741517479485,5.219701958141397,1.0696332454681396,0.0,0.0
/home/simon/davide_fr3_ws/src/cbf_safety_filter/config/generated_scenarios/scenario_0111.yaml,scenario_0111,SUCCESS_SAFE,False,True,True,366,7.32,7.32,365,-1,nan,0.015342058588455994,0.15329536297998356,0.04213310559447467,0.009483278866471124,0.02,1.5644002116738054,0.13760006880390013,5.951065842719831,0.8198280334472656,0.0,0.0
/home/simon/davide_fr3_ws/src/cbf_safety_filter/config/generated_scenarios/scenario_0112.yaml,scenario_0112,SUCCESS_BUT_UNSAFE,True,True,False,414,8.28,8.28,413,73,1.46,-0.02147508364439954,-0.22038328048857836,-0.06708566739060565,0.009546984770661522,0.02,3.5747555495251877,0.49744683016353164,36.9447549848927,0.9300811290740967,0.0,0.0
/home/simon/davide_fr3_ws/src/cbf_safety_filter/config/generated_scenarios/scenario_0113.yaml,scenario_0113,SUCCESS_BUT_UNSAFE,True,True,False,449,8.98,8.98,448,60,1.2,-0.02092403902424969,-0.2186542803873311,-0.08572948165036237,0.0094885400144172,0.02,6.125634268969297,0.5635996757542479,48.919329143020654,1.2294244766235352,0.0,0.0
/home/simon/davide_fr3_ws/src/cbf_safety_filter/config/generated_scenarios/scenario_0114.yaml,scenario_0114,SUCCESS_BUT_UNSAFE,True,True,False,421,8.42,8.42,420,33,0.66,-0.01066044303099292,-0.10828529804421894,-0.06860003491928732,0.009515294400534387,0.02,3.7549383138552104,0.20652786794431213,8.075258546479743,0.7661809921264648,0.0,0.0
/home/simon/davide_fr3_ws/src/cbf_safety_filter/config/generated_scenarios/scenario_0115.yaml,scenario_0115,SUCCESS_BUT_UNSAFE,True,True,False,432,8.64,8.64,431,42,0.84,-0.0072638081611917475,-0.07451550642996918,-0.04496420182753655,0.009427430147966771,0.02,2.4715406827129187,0.24563236515759812,9.556242600630009,2.006632089614868,0.0,0.0
/home/simon/davide_fr3_ws/src/cbf_safety_filter/config/generated_scenarios/scenario_0116.yaml,scenario_0116,SUCCESS_SAFE,False,True,True,309,6.18,6.18,308,-1,nan,0.04196111329271531,0.4206589339205803,0.08763218971846282,0.009478376151185694,0.02,0.6030759027450149,0.07854881008019757,2.7094389525566176,1.3529019355773926,0.0,0.0
/home/simon/davide_fr3_ws/src/cbf_safety_filter/config/generated_scenarios/scenario_0117.yaml,scenario_0117,SUCCESS_SAFE,False,True,True,392,7.84,7.84,391,-1,nan,0.021517443749531698,0.23054545925078226,0.05099036713898453,0.009494268014197676,0.02,1.9576999921206886,0.1414952767037473,6.172636513580362,1.078648567199707,0.0,0.0
/home/simon/davide_fr3_ws/src/cbf_safety_filter/config/generated_scenarios/scenario_0118.yaml,scenario_0118,SUCCESS_BUT_UNSAFE,True,True,False,378,7.5600000000000005,7.5600000000000005,377,100,2.0,-0.016090652097492896,-0.18652065134279905,-0.08804487459094737,0.009096810855806322,0.02,6.126339695367986,1.523315902606011,39.625854958859264,1.2086296081542969,0.0,0.0
/home/simon/davide_fr3_ws/src/cbf_safety_filter/config/generated_scenarios/scenario_0119.yaml,scenario_0119,SUCCESS_SAFE,False,True,True,411,8.22,8.22,410,-1,nan,0.014756882092985826,0.14737231809581852,0.038812224208960716,0.009469053159997813,0.02,1.7115124566675557,0.18636142162596567,6.872643766052508,1.676307201385498,0.0,0.0
/home/simon/davide_fr3_ws/src/cbf_safety_filter/config/generated_scenarios/scenario_0120.yaml,scenario_0120,SUCCESS_SAFE,False,True,True,413,8.26,8.26,412,-1,nan,0.021108753338982274,0.20826167518585503,0.04750915667982408,0.009487847537263942,0.02,3.323426378705026,0.18419993101925347,7.982354866899367,1.207554578781128,0.0,0.0
/home/simon/davide_fr3_ws/src/cbf_safety_filter/config/generated_scenarios/scenario_0121.yaml,scenario_0121,SUCCESS_BUT_UNSAFE,True,True,False,385,7.7,7.7,384,245,4.9,-0.010113699764016187,-0.1041233907336167,-0.03799167323992603,0.009442545063794296,0.02,1.6488952438959918,0.13252580952267812,5.370413472699828,1.366971492767334,0.0,0.0
/home/simon/davide_fr3_ws/src/cbf_safety_filter/config/generated_scenarios/scenario_0122.yaml,scenario_0122,SUCCESS_SAFE,False,True,True,398,7.96,7.96,397,-1,nan,0.0020334277067729466,0.01807790354659388,0.00690457095514041,0.009470979626359826,0.02,1.2967890434361444,0.13322964045029953,4.943335140657911,0.8936312198638916,0.0,0.0
/home/simon/davide_fr3_ws/src/cbf_safety_filter/config/generated_scenarios/scenario_0123.yaml,scenario_0123,GOAL_FAIL_AND_UNSAFE,True,False,False,3000,60.0,nan,-1,223,4.46,-0.022084138951886656,-6.060913705840958,-0.09490659648331096,0.03616032828479933,0.02,792.5628882818436,127.35923074563284,1920.5340545204515,14.940567970275879,0.0,0.0
/home/simon/davide_fr3_ws/src/cbf_safety_filter/config/generated_scenarios/scenario_0124.yaml,scenario_0124,SUCCESS_SAFE,False,True,True,393,7.86,7.86,392,-1,nan,0.0443221726156815,0.44064087066389396,0.09811892007586798,0.009448993157934417,0.02,2.3277492767320633,0.15432973724374785,6.962402489755676,1.0261993408203125,0.0,0.0
/home/simon/davide_fr3_ws/src/cbf_safety_filter/config/generated_scenarios/scenario_0125.yaml,scenario_0125,SUCCESS_SAFE,False,True,True,352,7.04,7.04,351,-1,nan,0.03786314382266698,0.37859871255319827,0.0972676382560306,0.009419517595030001,0.02,1.136498336474912,0.11574804597864391,4.619603574428706,1.0891344547271729,0.0,0.0
/home/simon/davide_fr3_ws/src/cbf_safety_filter/config/generated_scenarios/scenario_0126.yaml,scenario_0126,SUCCESS_SAFE,False,True,True,437,8.74,8.74,436,-1,nan,0.0030088734878596507,0.028440744585900346,0.009863117865294563,0.009438568898644693,0.02,3.0156645592730387,0.2562280004675735,9.659731980694536,1.017960786819458,0.0,0.0
/home/simon/davide_fr3_ws/src/cbf_safety_filter/config/generated_scenarios/scenario_0127.yaml,scenario_0127,SUCCESS_SAFE,False,True,True,426,8.52,8.52,425,-1,nan,0.015083733295088081,0.029964192186552576,0.03789023669671099,0.009439065905022024,0.02,2.3324573144016356,0.22863156731544473,8.72720481932467,1.1135525703430176,0.0,0.0
/home/simon/davide_fr3_ws/src/cbf_safety_filter/config/generated_scenarios/scenario_0128.yaml,scenario_0128,SUCCESS_SAFE,False,True,True,380,7.6000000000000005,7.6000000000000005,379,-1,nan,0.025762733163351155,0.258946379659018,0.06524732809435357,0.009493822789117702,0.02,1.0200364128920865,0.11466443912535473,4.186427076637333,1.4432554244995117,0.0,0.0
/home/simon/davide_fr3_ws/src/cbf_safety_filter/config/generated_scenarios/scenario_0129.yaml,scenario_0129,SUCCESS_SAFE,False,True,True,309,6.18,6.18,308,-1,nan,0.0542410386060661,0.11394931354486308,0.11793258488108621,0.009420851201781811,0.02,0.36429329497935403,0.05650320195490374,1.9217879217349436,0.6356532573699951,0.0,0.0
/home/simon/davide_fr3_ws/src/cbf_safety_filter/config/generated_scenarios/scenario_0130.yaml,scenario_0130,SUCCESS_SAFE,False,True,True,342,6.84,6.84,341,-1,nan,0.004421676290063858,0.04096163119184426,0.021919883250090436,0.009465637729435745,0.02,1.1171817124807055,0.11968282627131631,4.70433990216845,0.915682315826416,0.0,0.0
/home/simon/davide_fr3_ws/src/cbf_safety_filter/config/generated_scenarios/scenario_0131.yaml,scenario_0131,SUCCESS_BUT_UNSAFE,True,True,False,377,7.54,7.54,376,63,1.26,-0.010173201376783535,-0.1018476949799244,-0.03693039522486685,0.009431860683790892,0.02,1.4636786854346948,0.1263641479948564,5.176748528795586,1.3064563274383545,0.0,0.0
/home/simon/davide_fr3_ws/src/cbf_safety_filter/config/generated_scenarios/scenario_0132.yaml,scenario_0132,SUCCESS_BUT_UNSAFE,True,True,False,381,7.62,7.62,380,188,3.7600000000000002,-0.0076655235197928134,-0.07865709673889995,-0.02788305185033438,0.00943671466381507,0.02,1.5094662638525786,0.12774089690184753,5.292379778936509,1.1929261684417725,0.0,0.0
/home/simon/davide_fr3_ws/src/cbf_safety_filter/config/generated_scenarios/scenario_0133.yaml,scenario_0133,SUCCESS_BUT_UNSAFE,True,True,False,422,8.44,8.44,421,70,1.4000000000000001,-0.022442843294188955,-0.44411041384071626,-0.0821257005999466,0.009342569731985152,0.02,32.22722337159818,20.720021678696476,58.43309961963463,1.594944715499878,0.0,0.0
/home/simon/davide_fr3_ws/src/cbf_safety_filter/config/generated_scenarios/scenario_0134.yaml,scenario_0134,SUCCESS_SAFE,False,True,True,458,9.16,9.16,457,-1,nan,0.0017450827408416816,0.01712232475460047,0.004660261502356239,0.011133663353387129,0.02,13.067442092178043,3.743333584386617,48.04189089982813,1.5578444004058838,0.0,0.0
/home/simon/davide_fr3_ws/src/cbf_safety_filter/config/generated_scenarios/scenario_0135.yaml,scenario_0135,SUCCESS_BUT_UNSAFE,True,True,False,408,8.16,8.16,407,28,0.56,-0.01749461849013481,-0.17595975979643066,-0.1272784541086391,0.009466026896298297,0.02,1.8719346811762012,0.14734895975065285,5.629012368937882,1.4485392570495605,0.0,0.0
/home/simon/davide_fr3_ws/src/cbf_safety_filter/config/generated_scenarios/scenario_0136.yaml,scenario_0136,SUCCESS_BUT_UNSAFE,True,True,False,416,8.32,8.32,415,56,1.12,-0.007136447362747881,-0.1016921933531806,-0.021726069238438978,0.009482447553870052,0.02,3.4428044947988483,0.36922679807502257,42.89458309032167,1.1494505405426025,0.0,0.0
/home/simon/davide_fr3_ws/src/cbf_safety_filter/config/generated_scenarios/scenario_0137.yaml,scenario_0137,SUCCESS_SAFE,False,True,True,378,7.5600000000000005,7.5600000000000005,377,-1,nan,0.017277586344935085,0.17093335427554066,0.05131256749225058,0.00949945907797954,0.02,1.1097802350288102,0.1346681601161036,4.925536218726427,1.264416217803955,0.0,0.0
/home/simon/davide_fr3_ws/src/cbf_safety_filter/config/generated_scenarios/scenario_0138.yaml,scenario_0138,SUCCESS_SAFE,False,True,True,376,7.5200000000000005,7.5200000000000005,375,-1,nan,0.014306174539440355,0.14278053764008047,0.04882274435966781,0.009487216985391872,0.02,1.4205993625780282,0.12467167984792121,5.063195163602033,0.795271635055542,0.0,0.0
/home/simon/davide_fr3_ws/src/cbf_safety_filter/config/generated_scenarios/scenario_0139.yaml,scenario_0139,SUCCESS_BUT_UNSAFE,True,True,False,405,8.1,8.1,404,83,1.6600000000000001,-0.008363944349221289,-0.08375111074602715,-0.03216464266620869,0.009448958454397543,0.02,1.8719043802512845,0.31097197884900146,46.308488908997695,1.2277214527130127,0.0,0.0
/home/simon/davide_fr3_ws/src/cbf_safety_filter/config/generated_scenarios/scenario_0140.yaml,scenario_0140,SUCCESS_BUT_UNSAFE,True,True,False,807,16.14,16.14,806,55,1.1,-0.01115024257883893,-2.6717110675374784,-0.09196193216358842,0.010180045591550333,0.02,140.61699201235217,57.52327749969764,758.0676007897281,1.642928123474121,0.0,0.0
/home/simon/davide_fr3_ws/src/cbf_safety_filter/config/generated_scenarios/scenario_0141.yaml,scenario_0141,SUCCESS_BUT_UNSAFE,True,True,False,339,6.78,6.78,338,50,1.0,-0.021612895726240894,-0.21854559923147165,-0.07606580238325907,0.009442648574080498,0.02,0.838919024923883,0.10950062605613219,4.169584789068268,1.0213890075683594,0.0,0.0
/home/simon/davide_fr3_ws/src/cbf_safety_filter/config/generated_scenarios/scenario_0142.yaml,scenario_0142,SUCCESS_BUT_UNSAFE,True,True,False,392,7.84,7.84,391,140,2.8000000000000003,-0.011996376489316216,-0.12455378327598726,-0.03795819509700046,0.00940983347435564,0.02,4.152774263041807,0.6111239004671916,47.13090348831518,1.5268831253051758,0.0,0.0
/home/simon/davide_fr3_ws/src/cbf_safety_filter/config/generated_scenarios/scenario_0143.yaml,scenario_0143,SUCCESS_SAFE,False,True,True,459,9.18,9.18,458,-1,nan,0.014799900950353342,0.14761281942928392,0.03492784599859072,0.009820793226006638,0.02,7.545939588124874,0.8833789200466707,30.171989587819876,1.382164478302002,0.0,0.0
/home/simon/davide_fr3_ws/src/cbf_safety_filter/config/generated_scenarios/scenario_0144.yaml,scenario_0144,SUCCESS_SAFE,False,True,True,443,8.86,8.86,442,-1,nan,0.021292080139657676,0.206114708060711,0.08144118565752417,0.0097098975206344,0.02,7.286229421210589,0.6877811489192065,44.18053830290799,1.5125393867492676,0.0,0.0
/home/simon/davide_fr3_ws/src/cbf_safety_filter/config/generated_scenarios/scenario_0145.yaml,scenario_0145,GOAL_FAIL_AND_UNSAFE,True,False,False,3000,60.0,nan,-1,31,0.62,-0.02367938489971939,-2.8553313049378404,-0.1444968594970494,0.06486323051528488,0.02,764.2893170875523,105.09757467939288,697.4519016406927,9.558041334152222,0.0,0.0
/home/simon/davide_fr3_ws/src/cbf_safety_filter/config/generated_scenarios/scenario_0146.yaml,scenario_0146,SUCCESS_SAFE,False,True,True,320,6.4,6.4,319,-1,nan,0.02462238745840096,0.245894235002394,0.05772754378302555,0.00942624097206251,0.02,0.44915181477084004,0.06286200234291846,2.109699113277408,0.9879946708679199,0.0,0.0
/home/simon/davide_fr3_ws/src/cbf_safety_filter/config/generated_scenarios/scenario_0147.yaml,scenario_0147,SUCCESS_SAFE,False,True,True,350,7.0,7.0,349,-1,nan,0.050218070679900514,0.5059479817294115,0.11713169599718631,0.009502790878494064,0.02,0.634368482707423,0.10418677255064844,4.038483004890272,1.406571865081787,0.0,0.0
/home/simon/davide_fr3_ws/src/cbf_safety_filter/config/generated_scenarios/scenario_0148.yaml,scenario_0148,SUCCESS_SAFE,False,True,True,363,7.26,7.26,362,-1,nan,0.013836878875359167,0.1379568092625569,0.03890037728134016,0.009448299335560741,0.02,0.9990424415874547,0.10318440597504036,3.651821926680528,1.6349337100982666,0.0,0.0
/home/simon/davide_fr3_ws/src/cbf_safety_filter/config/generated_scenarios/scenario_0149.yaml,scenario_0149,SUCCESS_SAFE,False,True,True,425,8.5,8.5,424,-1,nan,0.021510886153145767,0.23480587959948518,0.055037875097852684,0.009444076572206429,0.02,2.562077213288926,0.22983632246862312,8.567576160351562,1.4982655048370361,0.0,0.0
/home/simon/davide_fr3_ws/src/cbf_safety_filter/config/generated_scenarios/scenario_0150.yaml,scenario_0150,GOAL_FAIL_AND_UNSAFE,True,False,False,3000,60.0,nan,-1,65,1.3,-0.031181928911191946,-5.616711963892598,-0.12465582824829019,0.08324983678465118,0.02,757.0638415846485,115.83863549196192,1306.8557478504156,10.762054443359375,0.0,0.0
/home/simon/davide_fr3_ws/src/cbf_safety_filter/config/generated_scenarios/scenario_0151.yaml,scenario_0151,SUCCESS_BUT_UNSAFE,True,True,False,458,9.16,9.16,457,214,4.28,-0.010953992144670056,-0.1545453034432229,-0.037007691906700696,0.009576948000329578,0.02,12.931921571343695,2.4532626705507616,58.645662082153606,2.2415049076080322,0.0,0.0
/home/simon/davide_fr3_ws/src/cbf_safety_filter/config/generated_scenarios/scenario_0152.yaml,scenario_0152,SUCCESS_BUT_UNSAFE,True,True,False,394,7.88,7.88,393,38,0.76,-0.018940042659430945,-0.18965960307018398,-0.08706774309768936,0.009476175652947097,0.02,2.263830313403563,0.1517153516807478,6.565517616087267,1.0969185829162598,0.0,0.0
/home/simon/davide_fr3_ws/src/cbf_safety_filter/config/generated_scenarios/scenario_0153.yaml,scenario_0153,SUCCESS_SAFE,False,True,True,374,7.48,7.48,373,-1,nan,0.020309542249987125,0.2030007089126519,0.05095760776887426,0.009472908440094668,0.02,0.9320933143068073,0.10636847038454243,3.894987108574446,0.9305756092071533,0.0,0.0
/home/simon/davide_fr3_ws/src/cbf_safety_filter/config/generated_scenarios/scenario_0154.yaml,scenario_0154,SUCCESS_BUT_UNSAFE,True,True,False,413,8.26,8.26,412,154,3.08,-0.031782970156524495,-0.32157011260720625,-0.12506171800027904,0.00939521039467384,0.02,8.621220617164731,1.6786395203476248,43.375133614471565,1.2519795894622803,0.0,0.0
/home/simon/davide_fr3_ws/src/cbf_safety_filter/config/generated_scenarios/scenario_0155.yaml,scenario_0155,GOAL_FAIL_AND_UNSAFE,True,False,False,3000,60.0,nan,-1,40,0.8,-0.03841661338901901,-2.7200697505453912,-0.15313910959692817,0.07434968122839669,0.02,866.1377887376327,127.7518076896265,1565.151429196033,6.785957098007202,0.0,0.0
/home/simon/davide_fr3_ws/src/cbf_safety_filter/config/generated_scenarios/scenario_0156.yaml,scenario_0156,SUCCESS_SAFE,False,True,True,394,7.88,7.88,393,-1,nan,0.0028955653569811383,0.02842516820524658,0.010181958694814808,0.009421048803746477,0.02,2.052016745164283,0.1436023110949161,6.4824115187916025,0.8073141574859619,0.0,0.0
/home/simon/davide_fr3_ws/src/cbf_safety_filter/config/generated_scenarios/scenario_0157.yaml,scenario_0157,SUCCESS_SAFE,False,True,True,400,8.0,8.0,399,-1,nan,0.022632210854426512,0.22531879700421018,0.06049806914564729,0.009475560999304605,0.02,1.2038768902790815,0.15858415549501814,6.102409099977706,0.762723445892334,0.0,0.0
/home/simon/davide_fr3_ws/src/cbf_safety_filter/config/generated_scenarios/scenario_0158.yaml,scenario_0158,GOAL_FAIL_AND_UNSAFE,True,False,False,3000,60.0,nan,-1,468,9.36,-0.03777976811637128,-4.379540123626652,-0.18935093820875903,0.04490003346013124,0.02,843.8996512199482,122.33774777518339,1391.9592817191551,4.961971998214722,0.0,0.0
/home/simon/davide_fr3_ws/src/cbf_safety_filter/config/generated_scenarios/scenario_0159.yaml,scenario_0159,SUCCESS_SAFE,False,True,True,335,6.7,6.7,334,-1,nan,0.030507143636961352,0.307631953715435,0.0824159225471166,0.00944736570859321,0.02,0.9634244941692974,0.11956722813541107,4.588778744142839,0.9642326831817627,0.0,0.0
/home/simon/davide_fr3_ws/src/cbf_safety_filter/config/generated_scenarios/scenario_0160.yaml,scenario_0160,SUCCESS_BUT_UNSAFE,True,True,False,426,8.52,8.52,425,214,4.28,-0.010267061291414402,-0.10946666365774128,-0.040615935652023594,0.009361155285287413,0.02,5.29297580234052,0.5806479277765788,43.91636914201288,1.0095188617706299,0.0,0.0
/home/simon/davide_fr3_ws/src/cbf_safety_filter/config/generated_scenarios/scenario_0161.yaml,scenario_0161,SUCCESS_BUT_UNSAFE,True,True,False,427,8.540000000000001,8.540000000000001,426,29,0.58,-0.016971374939326142,-0.17036125743150518,-0.09370517802717249,0.009835741630517687,0.02,5.2488442306394125,0.5639706811861678,22.546746463034307,0.9917900562286377,0.0,0.0
/home/simon/davide_fr3_ws/src/cbf_safety_filter/config/generated_scenarios/scenario_0162.yaml,scenario_0162,SUCCESS_BUT_UNSAFE,True,True,False,429,8.58,8.58,428,21,0.42,-0.009311465918354564,-0.09941117056205684,-0.0761124703019938,0.0093528191342808,0.02,6.332893173244707,0.8662296418841712,48.77089418172393,1.7294137477874756,0.0,0.0
/home/simon/davide_fr3_ws/src/cbf_safety_filter/config/generated_scenarios/scenario_0163.yaml,scenario_0163,SUCCESS_SAFE,False,True,True,416,8.32,8.32,415,-1,nan,0.003593366809738506,0.03200434867396677,0.01167894917533277,0.009462194096397772,0.02,2.7393506900732647,0.16441970424849817,6.428570196681622,1.5126197338104248,0.0,0.0
/home/simon/davide_fr3_ws/src/cbf_safety_filter/config/generated_scenarios/scenario_0164.yaml,scenario_0164,SUCCESS_BUT_UNSAFE,True,True,False,437,8.74,8.74,436,278,5.5600000000000005,-0.006975054335448191,-0.0698148808579122,-0.01888654257006453,0.009490355439709408,0.02,3.736990647433593,0.27891347756090007,9.977546277722299,0.8972845077514648,0.0,0.0
/home/simon/davide_fr3_ws/src/cbf_safety_filter/config/generated_scenarios/scenario_0165.yaml,scenario_0165,SUCCESS_SAFE,False,True,True,364,7.28,7.28,363,-1,nan,0.024537344730509905,0.24353739962059928,0.06245848266759116,0.009434201118062518,0.02,1.5625654832618192,0.1390046375689273,6.021269355063922,1.3133418560028076,0.0,0.0
/home/simon/davide_fr3_ws/src/cbf_safety_filter/config/generated_scenarios/scenario_0166.yaml,scenario_0166,SUCCESS_SAFE,False,True,True,398,7.96,7.96,397,-1,nan,0.019778783587198222,0.19621687979302044,0.04544307476438389,0.009486581121454436,0.02,1.4077166395665672,0.149331986312654,5.226588904174982,1.8327381610870361,0.0,0.0
/home/simon/davide_fr3_ws/src/cbf_safety_filter/config/generated_scenarios/scenario_0167.yaml,scenario_0167,SUCCESS_BUT_UNSAFE,True,True,False,410,8.2,8.2,409,39,0.78,-0.030200130193281532,-0.3029640904360099,-0.1253932803946905,0.009420489629721073,0.02,2.4766666351433426,0.1544502579685242,6.528799999105318,1.5648040771484375,0.0,0.0
/home/simon/davide_fr3_ws/src/cbf_safety_filter/config/generated_scenarios/scenario_0168.yaml,scenario_0168,GOAL_FAIL_AND_UNSAFE,True,False,False,3000,60.0,nan,-1,59,1.18,-0.021693470153211464,-3.248747419560968,-0.11988878713557231,0.026355259258180684,0.02,790.7106545850968,104.33258247092198,1383.7165083885302,9.642087697982788,0.0,0.0
/home/simon/davide_fr3_ws/src/cbf_safety_filter/config/generated_scenarios/scenario_0169.yaml,scenario_0169,SUCCESS_SAFE,False,True,True,409,8.18,8.18,408,-1,nan,0.03462073106952818,0.3482263135922787,0.12169281392882461,0.00941997207502414,0.02,2.2478658069308826,0.15437782184261617,5.582680152940749,1.0704267024993896,0.0,0.0
/home/simon/davide_fr3_ws/src/cbf_safety_filter/config/generated_scenarios/scenario_0170.yaml,scenario_0170,SUCCESS_SAFE,False,True,True,456,9.120000000000001,9.120000000000001,455,-1,nan,0.02510364270479066,0.2873402647708968,0.0546822350899156,0.015694489385489657,0.02,19.18903852364075,5.338969197264542,50.71627028945018,1.3448143005371094,0.0,0.0
/home/simon/davide_fr3_ws/src/cbf_safety_filter/config/generated_scenarios/scenario_0171.yaml,scenario_0171,SUCCESS_SAFE,False,True,True,427,8.540000000000001,8.540000000000001,426,-1,nan,0.020806337734582993,0.20545156230385922,0.053767642213150224,0.009471984144115937,0.02,3.060480181369143,0.20527452857979536,6.782308407606353,1.706202745437622,0.0,0.0
/home/simon/davide_fr3_ws/src/cbf_safety_filter/config/generated_scenarios/scenario_0172.yaml,scenario_0172,SUCCESS_BUT_UNSAFE,True,True,False,365,7.3,7.3,364,85,1.7,-0.01754704870898825,-0.17609693862212655,-0.06172578335026685,0.009435800501674954,0.02,0.8768592024385559,0.10256915141712714,3.449665554595272,0.887702226638794,0.0,0.0
/home/simon/davide_fr3_ws/src/cbf_safety_filter/config/generated_scenarios/scenario_0173.yaml,scenario_0173,SUCCESS_BUT_UNSAFE,True,True,False,394,7.88,7.88,393,111,2.22,-0.00037533578639013104,-0.009198491330479995,-0.0012866596568694433,0.011551935885702524,0.02,12.884739596006098,5.168889189082998,47.61541702787232,1.171426773071289,0.0,0.0
/home/simon/davide_fr3_ws/src/cbf_safety_filter/config/generated_scenarios/scenario_0174.yaml,scenario_0174,SUCCESS_SAFE,False,True,True,433,8.66,8.66,432,-1,nan,0.010939240118581942,0.1093799879839735,0.029303850232880402,0.009494610460494896,0.02,2.736691238669009,0.23976827774143233,9.054340541100798,1.6892681121826172,0.0,0.0
/home/simon/davide_fr3_ws/src/cbf_safety_filter/config/generated_scenarios/scenario_0175.yaml,scenario_0175,SUCCESS_BUT_UNSAFE,True,True,False,419,8.38,8.38,418,294,5.88,-0.01359550103308435,-0.13641268394969208,-0.11635716895657684,0.009280133979348536,0.02,4.463008594459447,0.5183590974532364,26.262277676657558,2.0788938999176025,0.0,0.0
/home/simon/davide_fr3_ws/src/cbf_safety_filter/config/generated_scenarios/scenario_0176.yaml,scenario_0176,SUCCESS_SAFE,False,True,True,442,8.84,8.84,441,-1,nan,0.020564364088884714,0.2247840470599867,0.04983651115013113,0.00935098577639337,0.02,6.787424287019638,0.747969111571578,48.42349659297279,1.3172485828399658,0.0,0.0
/home/simon/davide_fr3_ws/src/cbf_safety_filter/config/generated_scenarios/scenario_0177.yaml,scenario_0177,SUCCESS_SAFE,False,True,True,401,8.02,8.02,400,-1,nan,0.004596744966641433,0.0463847014806343,0.017179018702340537,0.009491002666638642,0.02,2.0297605020404994,0.14409006626973378,5.859767297992227,1.7265138626098633,0.0,0.0
/home/simon/davide_fr3_ws/src/cbf_safety_filter/config/generated_scenarios/scenario_0178.yaml,scenario_0178,SUCCESS_SAFE,False,True,True,390,7.8,7.8,389,-1,nan,0.02601007305506921,0.26007907393325463,0.06479861229760508,0.00949027369705279,0.02,2.236150795206195,0.15238965277800798,7.126373099951176,1.5001945495605469,0.0,0.0
/home/simon/davide_fr3_ws/src/cbf_safety_filter/config/generated_scenarios/scenario_0179.yaml,scenario_0179,GOAL_FAIL_AND_UNSAFE,True,False,False,3000,60.0,nan,-1,79,1.58,-0.02649033111794613,-2.6266232440322206,-0.15912455689013283,0.027015905565159773,0.02,733.4596248927352,86.13465263593653,863.0180091091629,13.943561553955078,0.0,0.0
/home/simon/davide_fr3_ws/src/cbf_safety_filter/config/generated_scenarios/scenario_0180.yaml,scenario_0180,SUCCESS_BUT_UNSAFE,True,True,False,378,7.5600000000000005,7.5600000000000005,377,212,4.24,-0.04151710409502689,-0.4958782754331843,-0.19595548358966083,0.00673866470285957,0.02,12.1305671798739,7.481959384404921,51.398667969835145,2.090543746948242,0.0,0.0
/home/simon/davide_fr3_ws/src/cbf_safety_filter/config/generated_scenarios/scenario_0181.yaml,scenario_0181,SUCCESS_BUT_UNSAFE,True,True,False,398,7.96,7.96,397,43,0.86,-0.031160742284265273,-0.3116553243692758,-0.11854913225930873,0.009445247551191329,0.02,2.263863894577731,0.1488855795995724,6.8327327281095,1.5203418731689453,0.0,0.0
/home/simon/davide_fr3_ws/src/cbf_safety_filter/config/generated_scenarios/scenario_0182.yaml,scenario_0182,SUCCESS_SAFE,False,True,True,411,8.22,8.22,410,-1,nan,0.007541883448138383,0.0765565493655881,0.021310163499044965,0.009509576781874467,0.02,2.261425361432953,0.1487319460624163,6.319197767277776,1.5090374946594238,0.0,0.0
/home/simon/davide_fr3_ws/src/cbf_safety_filter/config/generated_scenarios/scenario_0183.yaml,scenario_0183,SUCCESS_BUT_UNSAFE,True,True,False,452,9.040000000000001,9.040000000000001,451,31,0.62,-0.010646519211817897,-0.11410977505871264,-0.055634465387929766,0.010334035571325352,0.02,8.350241591923742,1.0359825683666481,31.898621626425605,1.1526556015014648,0.0,0.0
/home/simon/davide_fr3_ws/src/cbf_safety_filter/config/generated_scenarios/scenario_0184.yaml,scenario_0184,SUCCESS_BUT_UNSAFE,True,True,False,385,7.7,7.7,384,228,4.5600000000000005,-0.011823644136816767,-0.1300588315284838,-0.04268664502331852,0.009037046198684619,0.02,7.107536588827019,1.3928973860645935,27.038729159470822,1.5071420669555664,0.0,0.0
/home/simon/davide_fr3_ws/src/cbf_safety_filter/config/generated_scenarios/scenario_0185.yaml,scenario_0185,GOAL_FAIL_AND_UNSAFE,True,False,False,3000,60.0,nan,-1,61,1.22,-0.037210403856549154,-8.14252269373046,-0.19282161983125823,0.09370083561444287,0.02,964.6280884247718,158.17332603260317,2826.71529263661,14.058135271072388,0.0,0.0
/home/simon/davide_fr3_ws/src/cbf_safety_filter/config/generated_scenarios/scenario_0186.yaml,scenario_0186,SUCCESS_BUT_UNSAFE,True,True,False,404,8.08,8.08,403,41,0.8200000000000001,-0.015444860706163436,-0.15476536108373792,-0.05129371795687551,0.009490597979898981,0.02,2.20807907790898,0.19385093691001692,7.152136408380558,1.4340271949768066,0.0,0.0
/home/simon/davide_fr3_ws/src/cbf_safety_filter/config/generated_scenarios/scenario_0187.yaml,scenario_0187,SUCCESS_SAFE,False,True,True,347,6.94,6.94,346,-1,nan,0.020309277506948664,0.20305020352684522,0.04410243262194019,0.00945909906111179,0.02,0.8956928769351186,0.10727445617099378,4.054814117923437,1.63142728805542,0.0,0.0
/home/simon/davide_fr3_ws/src/cbf_safety_filter/config/generated_scenarios/scenario_0188.yaml,scenario_0188,GOAL_FAIL_AND_UNSAFE,True,False,False,3000,60.0,nan,-1,54,1.08,-0.029824345656752897,-4.156058409888299,-0.1635252679893673,0.009925383558417253,0.02,772.5958817564937,110.14413459544076,687.5770869342642,12.801363468170166,0.0,0.0
/home/simon/davide_fr3_ws/src/cbf_safety_filter/config/generated_scenarios/scenario_0189.yaml,scenario_0189,SUCCESS_BUT_UNSAFE,True,True,False,498,9.96,9.96,497,25,0.5,-0.04191952257729875,-0.4330565714156823,-0.17752260796616715,0.017061575276623994,0.02,19.773319218785232,6.969559891021417,57.624688244274175,2.0153145790100098,0.0,0.0
/home/simon/davide_fr3_ws/src/cbf_safety_filter/config/generated_scenarios/scenario_0190.yaml,scenario_0190,SUCCESS_BUT_UNSAFE,True,True,False,424,8.48,8.48,423,29,0.58,-0.036038851363150805,-0.36106746494375974,-0.14754755810872433,0.009490641101537136,0.02,4.046516083346637,0.22926579224236307,8.265539712723292,1.8344879150390625,0.0,0.0
/home/simon/davide_fr3_ws/src/cbf_safety_filter/config/generated_scenarios/scenario_0191.yaml,scenario_0191,SUCCESS_SAFE,False,True,True,333,6.66,6.66,332,-1,nan,0.003085279711949357,0.02958550024559005,0.007680921709741578,0.009421421675447097,0.02,0.8364371238992102,0.11318847073799035,4.303378683547103,1.2289888858795166,0.0,0.0
/home/simon/davide_fr3_ws/src/cbf_safety_filter/config/generated_scenarios/scenario_0192.yaml,scenario_0192,SUCCESS_SAFE,False,True,True,375,7.5,7.5,374,-1,nan,0.028589194352655785,0.298061656808489,0.06331795654665545,0.009425692642968959,0.02,1.7866431299559493,0.1437492053685545,6.509330592622962,0.8837125301361084,0.0,0.0
/home/simon/davide_fr3_ws/src/cbf_safety_filter/config/generated_scenarios/scenario_0193.yaml,scenario_0193,SUCCESS_SAFE,False,True,True,370,7.4,7.4,369,-1,nan,0.02406771356829457,0.23994715175364034,0.06650318290887877,0.009506091702094165,0.02,0.9804112054397427,0.12014343148823144,4.271412910468473,1.1322197914123535,0.0,0.0
/home/simon/davide_fr3_ws/src/cbf_safety_filter/config/generated_scenarios/scenario_0194.yaml,scenario_0194,SUCCESS_SAFE,False,True,True,343,6.86,6.86,342,-1,nan,0.011736162576032765,0.11681331531831858,0.03243511248895456,0.009467078615702606,0.02,0.6365630323686329,0.08518958054999021,2.953181085544307,1.74029541015625,0.0,0.0
/home/simon/davide_fr3_ws/src/cbf_safety_filter/config/generated_scenarios/scenario_0195.yaml,scenario_0195,SUCCESS_SAFE,False,True,True,385,7.7,7.7,384,-1,nan,0.024680337480253268,0.24669176878141363,0.07389191907359915,0.009480039031242619,0.02,1.0915674488596518,0.13117137607542934,4.7171553698489435,1.827007532119751,0.0,0.0
/home/simon/davide_fr3_ws/src/cbf_safety_filter/config/generated_scenarios/scenario_0196.yaml,scenario_0196,SUCCESS_SAFE,False,True,True,385,7.7,7.7,384,-1,nan,0.032816739248432175,0.32806787029739604,0.07678496434423093,0.009473759224793075,0.02,1.7345608748902126,0.13566790616832922,5.657956816651875,1.4950411319732666,0.0,0.0
/home/simon/davide_fr3_ws/src/cbf_safety_filter/config/generated_scenarios/scenario_0197.yaml,scenario_0197,SUCCESS_SAFE,False,True,True,400,8.0,8.0,399,-1,nan,0.014349034586437943,0.1419388276611011,0.042026692420325085,0.009467094960247977,0.02,1.3655660108822918,0.13579254615504088,5.043274294243522,1.985908031463623,0.0,0.0
/home/simon/davide_fr3_ws/src/cbf_safety_filter/config/generated_scenarios/scenario_0198.yaml,scenario_0198,SUCCESS_SAFE,False,True,True,359,7.18,7.18,358,-1,nan,0.02459468225940864,0.24565364556265423,0.06105148686613035,0.009430288939575558,0.02,0.815040265009658,0.09394613295917462,3.4030774872722787,1.115910530090332,0.0,0.0
/home/simon/davide_fr3_ws/src/cbf_safety_filter/config/generated_scenarios/scenario_0199.yaml,scenario_0199,SUCCESS_SAFE,False,True,True,348,6.96,6.96,347,-1,nan,0.0234875711494187,0.23204356438278215,0.07558056648714107,0.009472697211847363,0.02,0.8631854001932288,0.12134872870172839,4.74434039772354,0.9812197685241699,0.0,0.0
/home/simon/davide_fr3_ws/src/cbf_safety_filter/config/generated_scenarios/scenario_0200.yaml,scenario_0200,SUCCESS_SAFE,False,True,True,389,7.78,7.78,388,-1,nan,0.0032824066118826434,0.0293958768753214,0.009803965746243481,0.00948125377348056,0.02,1.9201739517079983,0.14197327646392208,5.730311275286488,1.0261611938476562,0.0,0.0
/home/simon/davide_fr3_ws/src/cbf_safety_filter/config/generated_scenarios/scenario_0201.yaml,scenario_0201,SUCCESS_SAFE,False,True,True,320,6.4,6.4,319,-1,nan,0.027285765425161,0.2816793501319936,0.07717178418994677,0.00941853999444239,0.02,0.793632628378853,0.10615378861952382,3.920786818393954,0.8558988571166992,0.0,0.0
/home/simon/davide_fr3_ws/src/cbf_safety_filter/config/generated_scenarios/scenario_0202.yaml,scenario_0202,GOAL_FAIL_AND_UNSAFE,True,False,False,3000,60.0,nan,-1,47,0.9400000000000001,-0.03664484075566857,-3.547200321611677,-0.16950274169618418,0.0690411152019612,0.02,796.7611213786248,101.81032159195131,689.5482828004125,11.447493076324463,0.0,0.0
/home/simon/davide_fr3_ws/src/cbf_safety_filter/config/generated_scenarios/scenario_0203.yaml,scenario_0203,SUCCESS_SAFE,False,True,True,357,7.140000000000001,7.140000000000001,356,-1,nan,0.02299566701803138,0.05981182574735968,0.058706387604862076,0.00942185974565623,0.02,0.6487927849669484,0.10247856831201033,3.9317689385510803,1.380580186843872,0.0,0.0
/home/simon/davide_fr3_ws/src/cbf_safety_filter/config/generated_scenarios/scenario_0204.yaml,scenario_0204,SUCCESS_BUT_UNSAFE,True,True,False,379,7.58,7.58,378,250,5.0,-0.017206615392142487,-0.17635346325262116,-0.050961677811349027,0.009418964646632808,0.02,1.5226737540459618,0.14297593240992532,5.527370139546438,1.1147806644439697,0.0,0.0
/home/simon/davide_fr3_ws/src/cbf_safety_filter/config/generated_scenarios/scenario_0205.yaml,scenario_0205,SUCCESS_SAFE,False,True,True,320,6.4,6.4,319,-1,nan,0.03232607298076881,0.07198268417379033,0.09665343416602948,0.00942258985895596,0.02,0.6439068409511283,0.09607516349979968,3.523198542548942,0.8123011589050293,0.0,0.0
/home/simon/davide_fr3_ws/src/cbf_safety_filter/config/generated_scenarios/scenario_0206.yaml,scenario_0206,SUCCESS_SAFE,False,True,True,371,7.42,7.42,370,-1,nan,0.0390257143786087,0.39163700423762476,0.10116458547108798,0.00944807336472461,0.02,0.8460513896288457,0.1041060448115614,3.815704637253193,0.8563625812530518,0.0,0.0
/home/simon/davide_fr3_ws/src/cbf_safety_filter/config/generated_scenarios/scenario_0207.yaml,scenario_0207,SUCCESS_SAFE,False,True,True,311,6.22,6.22,310,-1,nan,0.041180565277693315,0.4109851696409683,0.10164210746545613,0.009425200041081345,0.02,0.3984982504777515,0.05854802927323965,1.9569007287021443,1.3055801391601562,0.0,0.0
/home/simon/davide_fr3_ws/src/cbf_safety_filter/config/generated_scenarios/scenario_0208.yaml,scenario_0208,SUCCESS_SAFE,False,True,True,425,8.5,8.5,424,-1,nan,0.015594804377979159,0.14735409139823397,0.05192621717955326,0.009498249293651517,0.02,3.627501021800135,0.19812199403355704,7.612608113912725,1.0122499465942383,0.0,0.0
/home/simon/davide_fr3_ws/src/cbf_safety_filter/config/generated_scenarios/scenario_0209.yaml,scenario_0209,SUCCESS_SAFE,False,True,True,312,6.24,6.24,311,-1,nan,0.007706128487145376,0.07715213928290678,0.02563300857626999,0.009505248808859014,0.02,0.6148991370278419,0.07810594931724481,2.6818403650518157,0.629000186920166,0.0,0.0
/home/simon/davide_fr3_ws/src/cbf_safety_filter/config/generated_scenarios/scenario_0210.yaml,scenario_0210,SUCCESS_SAFE,False,True,True,375,7.5,7.5,374,-1,nan,0.025749322099160657,0.25748220712039466,0.08321844564166828,0.00945047173265749,0.02,1.5816392956982095,0.13305862734954338,5.682031052557381,1.040001630783081,0.0,0.0
/home/simon/davide_fr3_ws/src/cbf_safety_filter/config/generated_scenarios/scenario_0211.yaml,scenario_0211,SUCCESS_BUT_UNSAFE,True,True,False,407,8.14,8.14,406,125,2.5,-0.03036757925679357,-0.5379891307563441,-0.14695606019295648,0.007653068505677177,0.02,22.59821397111735,9.971302787779374,51.79728103444178,0.9176650047302246,0.0,0.0
/home/simon/davide_fr3_ws/src/cbf_safety_filter/config/generated_scenarios/scenario_0212.yaml,scenario_0212,SUCCESS_SAFE,False,True,True,322,6.44,6.44,321,-1,nan,0.039713237220862216,0.3968655254487183,0.10232162877866671,0.009497924971684871,0.02,0.4713985749833909,0.06807831759742138,2.3456404516884115,0.93599534034729,0.0,0.0
/home/simon/davide_fr3_ws/src/cbf_safety_filter/config/generated_scenarios/scenario_0213.yaml,scenario_0213,SUCCESS_SAFE,False,True,True,426,8.52,8.52,425,-1,nan,0.053415887412259035,0.5625993233976182,0.10900982857371982,0.00947858774495391,0.02,3.198716340372747,0.18217358905466852,6.747742599557134,0.8921825885772705,0.0,0.0
/home/simon/davide_fr3_ws/src/cbf_safety_filter/config/generated_scenarios/scenario_0214.yaml,scenario_0214,SUCCESS_BUT_UNSAFE,True,True,False,443,8.86,8.86,442,190,3.8000000000000003,-0.0027355573790884685,-0.0385839812282891,-0.007397343780750465,0.010292805477675864,0.02,17.62894001941709,4.172698184605553,43.985775941480775,0.9190318584442139,0.0,0.0
/home/simon/davide_fr3_ws/src/cbf_safety_filter/config/generated_scenarios/scenario_0215.yaml,scenario_0215,SUCCESS_SAFE,False,True,True,336,6.72,6.72,335,-1,nan,0.02012800002120529,0.20307641272004656,0.05570860898582891,0.009497858959528161,0.02,0.8086923341898485,0.09242028642555757,3.3667280227544354,0.7395651340484619,0.0,0.0
/home/simon/davide_fr3_ws/src/cbf_safety_filter/config/generated_scenarios/scenario_0216.yaml,scenario_0216,SUCCESS_SAFE,False,True,True,348,6.96,6.96,347,-1,nan,0.028095478673888792,0.28326755671424636,0.08254902145408191,0.009412309385353144,0.02,0.8481373914082818,0.09115351172157095,3.1243459093642927,0.6030206680297852,0.0,0.0
/home/simon/davide_fr3_ws/src/cbf_safety_filter/config/generated_scenarios/scenario_0217.yaml,scenario_0217,SUCCESS_SAFE,False,True,True,470,9.4,9.4,469,-1,nan,0.013087866879298238,-0.059881730023556456,0.05445502942486899,0.010455393033162544,0.02,26.560400043807228,8.331802065194884,60.381186120531794,1.102430820465088,0.0,0.0
/home/simon/davide_fr3_ws/src/cbf_safety_filter/config/generated_scenarios/scenario_0218.yaml,scenario_0218,SUCCESS_SAFE,False,True,True,404,8.08,8.08,403,-1,nan,0.023096415879707254,0.23780940612419404,0.05457843326618511,0.009484926840844276,0.02,2.1721817073315064,0.1458907082004429,6.302104531853101,0.8681654930114746,0.0,0.0
/home/simon/davide_fr3_ws/src/cbf_safety_filter/config/generated_scenarios/scenario_0219.yaml,scenario_0219,SUCCESS_SAFE,False,True,True,364,7.28,7.28,363,-1,nan,0.011132651983890334,0.11044315101415113,0.03932115861105308,0.009500615823716066,0.02,0.9381113545390537,0.11273273178329445,4.119467167520326,0.8317770957946777,0.0,0.0
/home/simon/davide_fr3_ws/src/cbf_safety_filter/config/generated_scenarios/scenario_0220.yaml,scenario_0220,SUCCESS_BUT_UNSAFE,True,True,False,421,8.42,8.42,420,25,0.5,-0.02314535898071199,-0.0696518101156734,-0.1280561009095461,0.009451935335063279,0.02,2.0271045751370838,0.21002903507836412,7.943149244677964,1.6524715423583984,0.0,0.0
/home/simon/davide_fr3_ws/src/cbf_safety_filter/config/generated_scenarios/scenario_0221.yaml,scenario_0221,SUCCESS_SAFE,False,True,True,329,6.58,6.58,328,-1,nan,0.011662224618593977,0.11565817823629126,0.03803315008608754,0.009467959133277791,0.02,0.4964578055117177,0.07368260231848926,2.614730930849103,0.6080944538116455,0.0,0.0
/home/simon/davide_fr3_ws/src/cbf_safety_filter/config/generated_scenarios/scenario_0222.yaml,scenario_0222,SUCCESS_SAFE,False,True,True,379,7.58,7.58,378,-1,nan,0.012361922282286511,0.1235538500812532,0.029869155770437167,0.009422578083336516,0.02,1.0147229173859436,0.11027613797215081,4.067554163382354,1.5519683361053467,0.0,0.0
/home/simon/davide_fr3_ws/src/cbf_safety_filter/config/generated_scenarios/scenario_0223.yaml,scenario_0223,SUCCESS_SAFE,False,True,True,348,6.96,6.96,347,-1,nan,0.01399481334315494,0.13917640223726746,0.043910709400065334,0.009425806491726493,0.02,0.6867129506303368,0.08361082356292225,2.7815655152085474,0.9244163036346436,0.0,0.0
/home/simon/davide_fr3_ws/src/cbf_safety_filter/config/generated_scenarios/scenario_0224.yaml,scenario_0224,SUCCESS_SAFE,False,True,True,359,7.18,7.18,358,-1,nan,0.03297027510171041,0.32969905470469635,0.08064289591673629,0.009419409983870638,0.02,0.7876914031114709,0.12400185730854717,4.964052927169973,0.7015807628631592,0.0,0.0
/home/simon/davide_fr3_ws/src/cbf_safety_filter/config/generated_scenarios/scenario_0225.yaml,scenario_0225,SUCCESS_SAFE,False,True,True,418,8.36,8.36,417,-1,nan,0.01603200167577437,0.1576425257324221,0.05782137640436866,0.009480762601286784,0.02,1.75612481993298,0.1829287064397942,6.829940346193986,1.0673727989196777,0.0,0.0
/home/simon/davide_fr3_ws/src/cbf_safety_filter/config/generated_scenarios/scenario_0226.yaml,scenario_0226,SUCCESS_BUT_UNSAFE,True,True,False,1183,23.66,23.66,1182,66,1.32,-0.03224303385479424,-2.4105926107335796,-0.17597699776349066,0.007480608247023722,0.02,218.6089429234941,59.0875772466337,528.525439248148,4.887164115905762,0.0,0.0
/home/simon/davide_fr3_ws/src/cbf_safety_filter/config/generated_scenarios/scenario_0227.yaml,scenario_0227,SUCCESS_BUT_UNSAFE,True,True,False,349,6.98,6.98,348,218,4.36,-0.0022813129694300507,-0.023205668937473292,-0.006052063827687887,0.009459691713971695,0.02,0.7804351795824049,0.08946401113205367,3.244874058541506,1.1557061672210693,0.0,0.0
/home/simon/davide_fr3_ws/src/cbf_safety_filter/config/generated_scenarios/scenario_0228.yaml,scenario_0228,GOAL_FAIL_AND_UNSAFE,True,False,False,3000,60.0,nan,-1,65,1.3,-0.04262751752538145,-4.4044184310251815,-0.18772152255334407,0.11370750292659391,0.02,780.4035603693872,97.57153498246777,671.6148735104994,6.832180976867676,0.0,0.0
/home/simon/davide_fr3_ws/src/cbf_safety_filter/config/generated_scenarios/scenario_0229.yaml,scenario_0229,SUCCESS_BUT_UNSAFE,True,True,False,428,8.56,8.56,427,37,0.74,-0.030908601511353585,-0.30939020125171457,-0.1352028911309014,0.009478625350311909,0.02,3.3681813679562227,0.18900476473831387,6.658506050061729,1.2812023162841797,0.0,0.0
/home/simon/davide_fr3_ws/src/cbf_safety_filter/config/generated_scenarios/scenario_0230.yaml,scenario_0230,SUCCESS_SAFE,False,True,True,421,8.42,8.42,420,-1,nan,0.010298865795509371,0.10294077986047889,0.024680894639127954,0.00950469652710795,0.02,3.4279292745497374,0.185080944115058,7.323926813737695,0.9631574153900146,0.0,0.0
/home/simon/davide_fr3_ws/src/cbf_safety_filter/config/generated_scenarios/scenario_0231.yaml,scenario_0231,SUCCESS_BUT_UNSAFE,True,True,False,399,7.98,7.98,398,33,0.66,-0.015359427813400264,-0.15596118399317468,-0.1074345226182988,0.009454732997765714,0.02,1.4851108400875215,0.18308961631224965,7.361670087482971,0.7268681526184082,0.0,0.0
/home/simon/davide_fr3_ws/src/cbf_safety_filter/config/generated_scenarios/scenario_0232.yaml,scenario_0232,SUCCESS_BUT_UNSAFE,True,True,False,426,8.52,8.52,425,42,0.84,-0.02655996458226136,-0.45827355471466974,-0.09358046773801584,0.009828412253015182,0.02,9.10417120968631,1.6809931291546172,52.84249204292905,1.2090108394622803,0.0,0.0
/home/simon/davide_fr3_ws/src/cbf_safety_filter/config/generated_scenarios/scenario_0233.yaml,scenario_0233,SUCCESS_BUT_UNSAFE,True,True,False,336,6.72,6.72,335,186,3.72,-0.00014739450847033216,-0.0014962650522452833,-0.0006995452794147788,0.009488569083808464,0.02,0.6701783990258773,0.07682408618702327,2.5175198298516284,0.7911641597747803,0.0,0.0
/home/simon/davide_fr3_ws/src/cbf_safety_filter/config/generated_scenarios/scenario_0234.yaml,scenario_0234,SUCCESS_SAFE,False,True,True,395,7.9,7.9,394,-1,nan,0.0387787393518617,0.38826194572538114,0.10340621304840142,0.009507132431359411,0.02,1.3363044459197895,0.15015969167211662,5.287580644036918,0.589691162109375,0.0,0.0
/home/simon/davide_fr3_ws/src/cbf_safety_filter/config/generated_scenarios/scenario_0235.yaml,scenario_0235,SUCCESS_SAFE,False,True,True,407,8.14,8.14,406,-1,nan,0.022221820584240302,0.23971539726461863,0.06572142180620733,0.009416733339498278,0.02,1.5636464465171294,0.16814758341828476,6.073318985622944,0.8884389400482178,0.0,0.0
/home/simon/davide_fr3_ws/src/cbf_safety_filter/config/generated_scenarios/scenario_0236.yaml,scenario_0236,SUCCESS_SAFE,False,True,True,416,8.32,8.32,415,-1,nan,0.01721848941694587,0.17297032560254752,0.04225828740997267,0.009466479223205829,0.02,2.5817545401010267,0.1598563481535657,6.484773001577262,0.8447244167327881,0.0,0.0
/home/simon/davide_fr3_ws/src/cbf_safety_filter/config/generated_scenarios/scenario_0237.yaml,scenario_0237,SUCCESS_SAFE,False,True,True,400,8.0,8.0,399,-1,nan,0.007992901822559326,0.07985690435697552,0.028348773190635723,0.009511262764018105,0.02,2.4281585153742733,0.15427884215326293,6.848869624370333,0.9521346092224121,0.0,0.0
/home/simon/davide_fr3_ws/src/cbf_safety_filter/config/generated_scenarios/scenario_0238.yaml,scenario_0238,SUCCESS_BUT_UNSAFE,True,True,False,431,8.620000000000001,8.620000000000001,430,41,0.8200000000000001,-0.022252840597198648,-0.2239330278660772,-0.10389606535183407,0.009905427224591899,0.02,5.239659928124886,0.6338461355150622,48.514211840145066,1.0778818130493164,0.0,0.0
/home/simon/davide_fr3_ws/src/cbf_safety_filter/config/generated_scenarios/scenario_0239.yaml,scenario_0239,SUCCESS_BUT_UNSAFE,True,True,False,401,8.02,8.02,400,83,1.6600000000000001,-0.009576338369356407,-0.09606503351592516,-0.07761088401349683,0.009449861251061616,0.02,1.8589730219452307,0.18503807044162732,7.056776456988621,0.8902122974395752,0.0,0.0
/home/simon/davide_fr3_ws/src/cbf_safety_filter/config/generated_scenarios/scenario_0240.yaml,scenario_0240,SUCCESS_SAFE,False,True,True,410,8.2,8.2,409,-1,nan,0.029440161372521447,0.3015143960390009,0.06392906378559973,0.00942959846114828,0.02,2.015673184596507,0.1522842945538912,5.669055787497645,1.1919753551483154,0.0,0.0
/home/simon/davide_fr3_ws/src/cbf_safety_filter/config/generated_scenarios/scenario_0241.yaml,scenario_0241,SUCCESS_SAFE,False,True,True,365,7.3,7.3,364,-1,nan,0.00039270700058009755,0.003360890494811422,0.0014792380881015477,0.009490612964907252,0.02,0.7062132128174403,0.10157007063336121,3.825352578067795,0.7269377708435059,0.0,0.0
/home/simon/davide_fr3_ws/src/cbf_safety_filter/config/generated_scenarios/scenario_0242.yaml,scenario_0242,SUCCESS_BUT_UNSAFE,True,True,False,388,7.76,7.76,387,121,2.42,-0.022256210381694497,-0.29106853165532554,-0.08619633950635877,0.009654807036200204,0.02,7.900998461746679,2.2716687563837628,40.23588862229682,0.8384969234466553,0.0,0.0
/home/simon/davide_fr3_ws/src/cbf_safety_filter/config/generated_scenarios/scenario_0243.yaml,scenario_0243,SUCCESS_BUT_UNSAFE,True,True,False,433,8.66,8.66,432,257,5.14,-0.024745178894085076,-0.2539035881729108,-0.0921926160533924,0.009475394311549744,0.02,4.760627988720265,0.4669581027908804,44.794923966405385,1.837414026260376,0.0,0.0
/home/simon/davide_fr3_ws/src/cbf_safety_filter/config/generated_scenarios/scenario_0244.yaml,scenario_0244,SUCCESS_SAFE,False,True,True,432,8.64,8.64,431,-1,nan,0.022000545634500428,0.2199890238682398,0.06805864569320833,0.009494384935073019,0.02,2.196613588661187,0.24909674341497562,9.89124366836718,2.183258295059204,0.0,0.0
/home/simon/davide_fr3_ws/src/cbf_safety_filter/config/generated_scenarios/scenario_0245.yaml,scenario_0245,SUCCESS_BUT_UNSAFE,True,True,False,456,9.120000000000001,9.120000000000001,455,46,0.92,-0.02514122315518412,-0.2634641413247284,-0.07961500160979006,0.010211570217856661,0.02,12.09076015176892,1.654056747677345,44.09257023764334,2.0755579471588135,0.0,0.0
/home/simon/davide_fr3_ws/src/cbf_safety_filter/config/generated_scenarios/scenario_0246.yaml,scenario_0246,GOAL_FAIL_AND_UNSAFE,True,False,False,3000,60.0,nan,-1,388,7.76,-0.033236637460696834,-4.774991272848249,-0.16821080195166632,0.02245310627715294,0.02,733.852367862923,92.56996812272143,756.0595496488053,9.516734600067139,0.0,0.0
/home/simon/davide_fr3_ws/src/cbf_safety_filter/config/generated_scenarios/scenario_0247.yaml,scenario_0247,SUCCESS_SAFE,False,True,True,404,8.08,8.08,403,-1,nan,0.01735119019791092,0.17483985473442132,0.05194224478682846,0.009493798441878282,0.02,1.363013005955619,0.15301027952448817,5.683334861970909,0.9200775623321533,0.0,0.0
/home/simon/davide_fr3_ws/src/cbf_safety_filter/config/generated_scenarios/scenario_0248.yaml,scenario_0248,SUCCESS_BUT_UNSAFE,True,True,False,402,8.040000000000001,8.040000000000001,401,181,3.62,-0.013842092106242291,-0.1387632061641679,-0.10608358763218191,0.009428124963933408,0.02,1.7315418932315436,0.1864918586445374,7.254632356723857,2.4760539531707764,0.0,0.0
/home/simon/davide_fr3_ws/src/cbf_safety_filter/config/generated_scenarios/scenario_0249.yaml,scenario_0249,SUCCESS_BUT_UNSAFE,True,True,False,376,7.5200000000000005,7.5200000000000005,375,354,7.08,-0.012739497879582154,-0.13422763569193866,-0.04563415687617442,0.009229245996101174,0.02,3.6248122024919613,0.5839900686695094,43.38316274111141,2.34216046333313,0.0,0.0
/home/simon/davide_fr3_ws/src/cbf_safety_filter/config/generated_scenarios/scenario_0250.yaml,scenario_0250,SUCCESS_BUT_UNSAFE,True,True,False,434,8.68,8.68,433,19,0.38,-0.02813788399924549,-0.28154013250653864,-0.13580173672635454,0.009508697906587595,0.02,3.7501198385904604,0.22595271971235573,7.499596192395996,2.36183500289917,0.0,0.0
/home/simon/davide_fr3_ws/src/cbf_safety_filter/config/generated_scenarios/scenario_0251.yaml,scenario_0251,SUCCESS_BUT_UNSAFE,True,True,False,401,8.02,8.02,400,26,0.52,-0.005097169795338034,-0.054131099874332164,-0.026223129193208156,0.00950367751666533,0.02,2.193079500986073,0.1481697798674623,6.060407620256531,2.1166610717773438,0.0,0.0
/home/simon/davide_fr3_ws/src/cbf_safety_filter/config/generated_scenarios/scenario_0252.yaml,scenario_0252,SUCCESS_BUT_UNSAFE,True,True,False,458,9.16,9.16,457,23,0.46,-0.014961988448031583,-0.1582276349159956,-0.09338964902955346,0.00946049517368423,0.02,5.114057512546449,0.37148429222595764,13.020806212066992,2.036405086517334,0.0,0.0
/home/simon/davide_fr3_ws/src/cbf_safety_filter/config/generated_scenarios/scenario_0253.yaml,scenario_0253,SUCCESS_SAFE,False,True,True,362,7.24,7.24,361,-1,nan,0.028296287162037793,0.28582139618336566,0.07080979393307116,0.009481615540023415,0.02,0.9327455280561017,0.11452223288972804,4.190396980837534,0.9030590057373047,0.0,0.0
/home/simon/davide_fr3_ws/src/cbf_safety_filter/config/generated_scenarios/scenario_0254.yaml,scenario_0254,GOAL_FAIL_AND_UNSAFE,True,False,False,3000,60.0,nan,-1,117,2.34,-0.03648249064467658,-6.303649053426927,-0.18155246229515573,0.013753325294851532,0.02,766.6884431886825,104.57286962771744,913.2742358209762,9.928930044174194,0.0,0.0
/home/simon/davide_fr3_ws/src/cbf_safety_filter/config/generated_scenarios/scenario_0255.yaml,scenario_0255,GOAL_FAIL_AND_UNSAFE,True,False,False,3000,60.0,nan,-1,81,1.62,-0.030585668993829876,-3.8279618645762836,-0.15395901738008655,0.054194150426826404,0.02,811.3921502698876,108.75716973279384,889.0892759234375,7.39747428894043,0.0,0.0
/home/simon/davide_fr3_ws/src/cbf_safety_filter/config/generated_scenarios/scenario_0256.yaml,scenario_0256,SUCCESS_BUT_UNSAFE,True,True,False,426,8.52,8.52,425,15,0.3,-0.026756512066668684,-0.26950953629443514,-0.14245073287656043,0.00949519302319077,0.02,3.836338571045186,0.20751264356130364,7.7419024195788655,1.3292057514190674,0.0,0.0
/home/simon/davide_fr3_ws/src/cbf_safety_filter/config/generated_scenarios/scenario_0257.yaml,scenario_0257,SUCCESS_SAFE,False,True,True,386,7.72,7.72,385,-1,nan,0.048424399619266235,0.48326832982729057,0.11729838167240458,0.009420257272280737,0.02,1.2671263406738795,0.12724830945272447,3.9676694194645417,0.8810338973999023,0.0,0.0
/home/simon/davide_fr3_ws/src/cbf_safety_filter/config/generated_scenarios/scenario_0258.yaml,scenario_0258,SUCCESS_SAFE,False,True,True,363,7.26,7.26,362,-1,nan,0.006379366780923462,0.06378854643842011,0.017159910472373363,0.009484752866822327,0.02,0.8755487731040935,0.09964847650225084,3.223692717508224,0.9112298488616943,0.0,0.0
/home/simon/davide_fr3_ws/src/cbf_safety_filter/config/generated_scenarios/scenario_0259.yaml,scenario_0259,SUCCESS_SAFE,False,True,True,447,8.94,8.94,446,-1,nan,0.0036439593637196243,0.035845749164654876,0.015512017648944637,0.009285197755411022,0.02,7.82267595845092,0.7622263430306031,44.862626787719144,1.1722419261932373,0.0,0.0
/home/simon/davide_fr3_ws/src/cbf_safety_filter/config/generated_scenarios/scenario_0260.yaml,scenario_0260,SUCCESS_SAFE,False,True,True,415,8.3,8.3,414,-1,nan,0.023661748918480156,0.2318022138301393,0.07755208290604701,0.009462130808994804,0.02,2.2690164735497476,0.19423321549408587,6.435835139857549,0.576622486114502,0.0,0.0
/home/simon/davide_fr3_ws/src/cbf_safety_filter/config/generated_scenarios/scenario_0261.yaml,scenario_0261,SUCCESS_SAFE,False,True,True,365,7.3,7.3,364,-1,nan,0.0241908293741626,0.2419119290221222,0.06243794560758886,0.00946583376532298,0.02,0.8560351466194426,0.1030725955078859,3.5983048314652613,0.9331574440002441,0.0,0.0
/home/simon/davide_fr3_ws/src/cbf_safety_filter/config/generated_scenarios/scenario_0262.yaml,scenario_0262,SUCCESS_SAFE,False,True,True,414,8.28,8.28,413,-1,nan,0.027506792689535577,0.2554281916038139,0.09613291890602094,0.009843926708898805,0.02,9.210661279730452,1.7400842981683171,42.79762141910055,0.8903794288635254,0.0,0.0
/home/simon/davide_fr3_ws/src/cbf_safety_filter/config/generated_scenarios/scenario_0263.yaml,scenario_0263,SUCCESS_BUT_UNSAFE,True,True,False,421,8.42,8.42,420,66,1.32,-0.010732964274696225,-0.16442053003653914,-0.039847240881520515,0.009037420910684343,0.02,7.7641060753135935,1.2490225996069504,48.09137433552542,1.0576415061950684,0.0,0.0
/home/simon/davide_fr3_ws/src/cbf_safety_filter/config/generated_scenarios/scenario_0264.yaml,scenario_0264,SUCCESS_SAFE,False,True,True,443,8.86,8.86,442,-1,nan,0.023750186343651718,0.23508660800338033,0.07421569278890942,0.009606921473098934,0.02,6.662035958231248,0.7550575152232039,50.39014175871278,0.6348731517791748,0.0,0.0
/home/simon/davide_fr3_ws/src/cbf_safety_filter/config/generated_scenarios/scenario_0265.yaml,scenario_0265,SUCCESS_BUT_UNSAFE,True,True,False,456,9.120000000000001,9.120000000000001,455,35,0.7000000000000001,-0.016984823616243715,-0.6057012312039521,-0.12103885766804999,0.008418338447266872,0.02,20.381048278118094,5.460594878655391,50.302187301893625,0.9761757850646973,0.0,0.0
/home/simon/davide_fr3_ws/src/cbf_safety_filter/config/generated_scenarios/scenario_0266.yaml,scenario_0266,SUCCESS_SAFE,False,True,True,376,7.5200000000000005,7.5200000000000005,375,-1,nan,0.060240037823142335,0.6052324038284171,0.13999954503254547,0.009486717608202945,0.02,1.860077793114223,0.1468067184538362,6.804238463257306,0.7494416236877441,0.0,0.0
/home/simon/davide_fr3_ws/src/cbf_safety_filter/config/generated_scenarios/scenario_0267.yaml,scenario_0267,SUCCESS_BUT_UNSAFE,True,True,False,375,7.5,7.5,374,66,1.32,-0.0022710866598871747,-0.022808595238933745,-0.006445458746776961,0.00950393205963277,0.02,1.565023308001871,0.13166956666683513,5.371969952637252,0.6737301349639893,0.0,0.0
/home/simon/davide_fr3_ws/src/cbf_safety_filter/config/generated_scenarios/scenario_0268.yaml,scenario_0268,SUCCESS_SAFE,False,True,True,476,9.52,9.52,475,-1,nan,0.005527374502445865,0.045799377275843295,0.0277297956593152,0.015500098353777353,0.02,17.430212025351445,5.350537298411554,58.928287831578146,0.9939227104187012,0.0,0.0
/home/simon/davide_fr3_ws/src/cbf_safety_filter/config/generated_scenarios/scenario_0269.yaml,scenario_0269,SUCCESS_BUT_UNSAFE,True,True,False,388,7.76,7.76,387,49,0.98,-0.01576097761900078,-0.1576257653449544,-0.11527515123653392,0.009476655265243697,0.02,1.7274548638949982,0.13487851473761972,5.6969765276174895,1.1673436164855957,0.0,0.0
/home/simon/davide_fr3_ws/src/cbf_safety_filter/config/generated_scenarios/scenario_0270.yaml,scenario_0270,SUCCESS_SAFE,False,True,True,412,8.24,8.24,411,-1,nan,0.022505549592764303,0.22392014568615676,0.04883631921836476,0.009473495271650643,0.02,1.864861875427118,0.1684463322293179,5.9133406642173805,0.7486958503723145,0.0,0.0
/home/simon/davide_fr3_ws/src/cbf_safety_filter/config/generated_scenarios/scenario_0271.yaml,scenario_0271,SUCCESS_SAFE,False,True,True,423,8.46,8.46,422,-1,nan,0.019303675714613083,0.19279803617358288,0.07331124654821222,0.009476603713795759,0.02,4.277270304847447,0.44586597698111574,45.60536588050706,0.7665417194366455,0.0,0.0
/home/simon/davide_fr3_ws/src/cbf_safety_filter/config/generated_scenarios/scenario_0272.yaml,scenario_0272,SUCCESS_SAFE,False,True,True,423,8.46,8.46,422,-1,nan,0.006209455601646114,0.0585144401213241,0.021260829825601624,0.009471325765560326,0.02,2.1043382062380958,0.21388641250028365,8.103104756283189,0.9529452323913574,0.0,0.0
/home/simon/davide_fr3_ws/src/cbf_safety_filter/config/generated_scenarios/scenario_0273.yaml,scenario_0273,SUCCESS_BUT_UNSAFE,True,True,False,472,9.44,9.44,471,21,0.42,-0.034124631976711076,-0.35305323867574817,-0.14548876199398272,0.01160166503036327,0.02,16.42049110137557,5.108569138103511,63.34087122023073,1.463742971420288,0.0,0.0
/home/simon/davide_fr3_ws/src/cbf_safety_filter/config/generated_scenarios/scenario_0274.yaml,scenario_0274,GOAL_FAIL_AND_UNSAFE,True,False,False,3000,60.0,nan,-1,41,0.8200000000000001,-0.040634767463201486,-7.473270053516316,-0.19476295907475596,0.08147141420932401,0.02,1112.9364500088664,193.41322196914408,2047.4704911827946,7.356775760650635,0.0,0.0
/home/simon/davide_fr3_ws/src/cbf_safety_filter/config/generated_scenarios/scenario_0275.yaml,scenario_0275,SUCCESS_BUT_UNSAFE,True,True,False,422,8.44,8.44,421,54,1.08,-0.016878327040250257,-0.1695466736721526,-0.06576880510153012,0.009721029992776683,0.02,4.890970470834906,0.505607580916988,25.830855313818635,0.7996325492858887,0.0,0.0
/home/simon/davide_fr3_ws/src/cbf_safety_filter/config/generated_scenarios/scenario_0276.yaml,scenario_0276,SUCCESS_SAFE,False,True,True,417,8.34,8.34,416,-1,nan,0.03282441036475642,0.06561375722243241,0.09261559311322423,0.009480103780370388,0.02,1.618555374784782,0.2194951968356497,8.993028125478482,0.5725152492523193,0.0,0.0
/home/simon/davide_fr3_ws/src/cbf_safety_filter/config/generated_scenarios/scenario_0277.yaml,scenario_0277,SUCCESS_BUT_UNSAFE,True,True,False,2651,53.02,53.02,2650,62,1.24,-0.04201248816992668,-4.761993804755335,-0.2014627934647054,0.0068211872377187364,0.02,653.9186829888462,106.31107057291362,1839.805879098827,6.67420768737793,0.0,0.0
/home/simon/davide_fr3_ws/src/cbf_safety_filter/config/generated_scenarios/scenario_0278.yaml,scenario_0278,SUCCESS_BUT_UNSAFE,True,True,False,2873,57.46,57.46,2872,120,2.4,-0.03075930993624399,-5.71780460732233,-0.13625974895291704,0.00967037432120147,0.02,688.6238356842441,108.64023270545032,920.8871165175369,3.367860794067383,0.0,0.0
/home/simon/davide_fr3_ws/src/cbf_safety_filter/config/generated_scenarios/scenario_0279.yaml,scenario_0279,SUCCESS_BUT_UNSAFE,True,True,False,466,9.32,9.32,465,48,0.96,-0.021584794027944165,-0.21764366346329175,-0.13977770718587154,0.010041334244963025,0.02,17.064918807762343,4.819620291849869,49.63101315567907,0.5728476047515869,0.0,0.0
/home/simon/davide_fr3_ws/src/cbf_safety_filter/config/generated_scenarios/scenario_0280.yaml,scenario_0280,SUCCESS_SAFE,False,True,True,399,7.98,7.98,398,-1,nan,0.022355161093459974,0.22304958125295266,0.05436967391277581,0.009481696798738969,0.02,1.4693675873828906,0.1419553755838854,5.082026222788002,0.6373081207275391,0.0,0.0
/home/simon/davide_fr3_ws/src/cbf_safety_filter/config/generated_scenarios/scenario_0281.yaml,scenario_0281,SUCCESS_SAFE,False,True,True,411,8.22,8.22,410,-1,nan,0.02450003036361712,0.2440498333590436,0.059206491165923636,0.009435612063423261,0.02,2.535752501682352,0.15198643574183232,6.923413607093914,0.9229767322540283,0.0,0.0
/home/simon/davide_fr3_ws/src/cbf_safety_filter/config/generated_scenarios/scenario_0282.yaml,scenario_0282,SUCCESS_SAFE,False,True,True,414,8.28,8.28,413,-1,nan,0.010065772332857843,0.10003646030595198,0.04541922083676882,0.009489911423133839,0.02,2.2954045030471173,0.20504701324579633,7.246152775474236,0.9118647575378418,0.0,0.0
/home/simon/davide_fr3_ws/src/cbf_safety_filter/config/generated_scenarios/scenario_0283.yaml,scenario_0283,SUCCESS_SAFE,False,True,True,407,8.14,8.14,406,-1,nan,0.020966462789725603,0.20644136694337364,0.04978025987272394,0.009425262248064161,0.02,2.1681696373779613,0.15160256155142698,5.547759687836649,0.5017635822296143,0.0,0.0
/home/simon/davide_fr3_ws/src/cbf_safety_filter/config/generated_scenarios/scenario_0284.yaml,scenario_0284,GOAL_FAIL_AND_UNSAFE,True,False,False,3000,60.0,nan,-1,100,2.0,-0.01481348142302935,-2.9312138993105554,-0.0897532394890257,0.03316232332057753,0.02,782.9370491342087,105.85467716922099,769.0081878514637,3.961958169937134,0.0,0.0
/home/simon/davide_fr3_ws/src/cbf_safety_filter/config/generated_scenarios/scenario_0285.yaml,scenario_0285,SUCCESS_BUT_UNSAFE,True,True,False,407,8.14,8.14,406,71,1.42,-0.0022038746413436464,-0.023516350306088223,-0.009740472203799297,0.009495988953128679,0.02,1.6320383355995005,0.15227307668314827,5.5482453887780006,0.8319823741912842,0.0,0.0
/home/simon/davide_fr3_ws/src/cbf_safety_filter/config/generated_scenarios/scenario_0286.yaml,scenario_0286,SUCCESS_BUT_UNSAFE,True,True,False,395,7.9,7.9,394,33,0.66,-0.020522349829793153,-0.6622751085275559,-0.1191267019320739,0.007251970626866899,0.02,23.389327619477523,16.449768617756124,53.77609890561872,0.6106617450714111,0.0,0.0
/home/simon/davide_fr3_ws/src/cbf_safety_filter/config/generated_scenarios/scenario_0287.yaml,scenario_0287,GOAL_FAIL_AND_UNSAFE,True,False,False,3000,60.0,nan,-1,148,2.96,-0.028341268754864982,-3.946802444913836,-0.1221669051703276,0.008575839780499793,0.02,784.0029720613169,118.08242486256512,971.4902825629824,5.889906406402588,0.0,0.0
/home/simon/davide_fr3_ws/src/cbf_safety_filter/config/generated_scenarios/scenario_0288.yaml,scenario_0288,SUCCESS_BUT_UNSAFE,True,True,False,422,8.44,8.44,421,30,0.6,-0.017687544506325228,-0.17939186815941832,-0.10999103517112963,0.009494811379044244,0.02,2.876119441267964,0.2301032128082761,8.18549579122856,0.7599790096282959,0.0,0.0
/home/simon/davide_fr3_ws/src/cbf_safety_filter/config/generated_scenarios/scenario_0289.yaml,scenario_0289,SUCCESS_BUT_UNSAFE,True,True,False,391,7.82,7.82,390,24,0.48,-0.025117212025734813,-0.2512043472510762,-0.12425095669640666,0.009463934309080288,0.02,1.323685863527165,0.12374700792641648,4.710328565996406,0.8387119770050049,0.0,0.0
/home/simon/davide_fr3_ws/src/cbf_safety_filter/config/generated_scenarios/scenario_0290.yaml,scenario_0290,SUCCESS_SAFE,False,True,True,387,7.74,7.74,386,-1,nan,0.025618708743300196,0.25601572772134007,0.05693827402998977,0.00946957987091681,0.02,1.0959278174789997,0.12250806628022565,4.500634489750567,0.6732730865478516,0.0,0.0
/home/simon/davide_fr3_ws/src/cbf_safety_filter/config/generated_scenarios/scenario_0291.yaml,scenario_0291,SUCCESS_SAFE,False,True,True,352,7.04,7.04,351,-1,nan,0.02180747731391799,0.216040638188348,0.05407583456482232,0.00947237021425308,0.02,0.692075181208003,0.11060002204746194,4.319006514986165,0.6347677707672119,0.0,0.0
/home/simon/davide_fr3_ws/src/cbf_safety_filter/config/generated_scenarios/scenario_0292.yaml,scenario_0292,SUCCESS_SAFE,False,True,True,419,8.38,8.38,418,-1,nan,0.015264527423905952,0.14988212546447277,0.03618988498164269,0.0094975829810354,0.02,3.2304641818025606,0.1791983533200047,7.499168827058067,0.5678088665008545,0.0,0.0
/home/simon/davide_fr3_ws/src/cbf_safety_filter/config/generated_scenarios/scenario_0293.yaml,scenario_0293,SUCCESS_BUT_UNSAFE,True,True,False,431,8.620000000000001,8.620000000000001,430,33,0.66,-0.016596113031268393,-0.169066864247487,-0.06316753166329386,0.009447403119126898,0.02,5.31000302864985,0.48807381178599846,49.287369256946164,0.8209500312805176,0.0,0.0
/home/simon/davide_fr3_ws/src/cbf_safety_filter/config/generated_scenarios/scenario_0294.yaml,scenario_0294,SUCCESS_SAFE,False,True,True,349,6.98,6.98,348,-1,nan,0.025054512761377292,0.2548594757010029,0.0816505412125724,0.009482067485336735,0.02,0.6587521381050315,0.105324125761917,4.065185271195939,0.6027143001556396,0.0,0.0
/home/simon/davide_fr3_ws/src/cbf_safety_filter/config/generated_scenarios/scenario_0295.yaml,scenario_0295,SUCCESS_BUT_UNSAFE,True,True,False,436,8.72,8.72,435,35,0.7000000000000001,-0.01688801713966323,-0.16948152862764543,-0.07468908361182802,0.009457377812256237,0.02,2.0313127216692775,0.26354411923398674,10.725404834605191,0.7415623664855957,0.0,0.0
/home/simon/davide_fr3_ws/src/cbf_safety_filter/config/generated_scenarios/scenario_0296.yaml,scenario_0296,SUCCESS_SAFE,False,True,True,428,8.56,8.56,427,-1,nan,0.020005444291401074,0.1998713731865964,0.055202309114150055,0.009413974218787714,0.02,7.86126003895874,1.1287040380046802,58.9945513334529,0.6739184856414795,0.0,0.0
/home/simon/davide_fr3_ws/src/cbf_safety_filter/config/generated_scenarios/scenario_0297.yaml,scenario_0297,SUCCESS_SAFE,False,True,True,414,8.28,8.28,413,-1,nan,0.005748875915134758,0.055268377885759196,0.024159093218039468,0.009430048442058178,0.02,2.2093133697684837,0.16420945082807714,5.6141283758728955,0.8111042976379395,0.0,0.0
/home/simon/davide_fr3_ws/src/cbf_safety_filter/config/generated_scenarios/scenario_0298.yaml,scenario_0298,SUCCESS_SAFE,False,True,True,412,8.24,8.24,411,-1,nan,0.00881672533126425,0.08802486670209016,0.028674642142306084,0.009435336358601972,0.02,2.6782462445677657,0.160648563560467,6.576096426395125,0.8929545879364014,0.0,0.0
/home/simon/davide_fr3_ws/src/cbf_safety_filter/config/generated_scenarios/scenario_0299.yaml,scenario_0299,SUCCESS_SAFE,False,True,True,434,8.68,8.68,433,-1,nan,0.030028938132218665,0.29906439399564627,0.0786504152166417,0.009399825316666137,0.02,4.346802156681646,0.48866553580168465,48.747994847871034,0.9267761707305908,0.0,0.0
/home/simon/davide_fr3_ws/src/cbf_safety_filter/config/generated_scenarios/scenario_0300.yaml,scenario_0300,SUCCESS_SAFE,False,True,True,425,8.5,8.5,424,-1,nan,0.0035049370633072376,0.03459697323928516,0.010109156332591962,0.009481209741550421,0.02,3.7929900027242254,0.432403001870652,44.44179832091779,1.2740659713745117,0.0,0.0
/home/simon/davide_fr3_ws/src/cbf_safety_filter/config/generated_scenarios/scenario_0301.yaml,scenario_0301,SUCCESS_SAFE,False,True,True,377,7.54,7.54,376,-1,nan,0.0005967210195965446,0.0059534681830642035,0.0028224113787425203,0.009491645203298012,0.02,1.07309221464394,0.11709535885112902,3.840960519089917,1.0315520763397217,0.0,0.0
/home/simon/davide_fr3_ws/src/cbf_safety_filter/config/generated_scenarios/scenario_0302.yaml,scenario_0302,SUCCESS_SAFE,False,True,True,363,7.26,7.26,362,-1,nan,0.004457771763540418,0.04456068838259618,0.022061464221829696,0.0094592388579545,0.02,3.463970231892366,0.49261257499796723,19.52828405900379,0.48746681213378906,0.0,0.0
/home/simon/davide_fr3_ws/src/cbf_safety_filter/config/generated_scenarios/scenario_0303.yaml,scenario_0303,SUCCESS_BUT_UNSAFE,True,True,False,448,8.96,8.96,447,39,0.78,-0.017948010692019088,-0.187809446933029,-0.0930878938095126,0.009527498096847447,0.02,8.118332645153105,0.8358268203355107,50.865168188538824,0.6250684261322021,0.0,0.0
/home/simon/davide_fr3_ws/src/cbf_safety_filter/config/generated_scenarios/scenario_0304.yaml,scenario_0304,SUCCESS_SAFE,False,True,True,360,7.2,7.2,359,-1,nan,0.010543964358275332,0.1046326636410665,0.03389325887777567,0.009452237615331384,0.02,1.0632287709674495,0.1176922617482273,4.472313595733007,0.7459030151367188,0.0,0.0
/home/simon/davide_fr3_ws/src/cbf_safety_filter/config/generated_scenarios/scenario_0305.yaml,scenario_0305,SUCCESS_BUT_UNSAFE,True,True,False,394,7.88,7.88,393,43,0.86,-0.011019106648913686,-0.11045941495291156,-0.09827660841160096,0.009429026674399339,0.02,2.22732105776773,0.14894515164737024,7.138205200028165,0.839364767074585,0.0,0.0
/home/simon/davide_fr3_ws/src/cbf_safety_filter/config/generated_scenarios/scenario_0306.yaml,scenario_0306,SUCCESS_SAFE,False,True,True,410,8.2,8.2,409,-1,nan,0.010958777754881317,0.10958255761457905,0.04106489130604196,0.009439906352921957,0.02,2.1769639401744723,0.19916207357829532,7.093304860809971,0.7466421127319336,0.0,0.0
/home/simon/davide_fr3_ws/src/cbf_safety_filter/config/generated_scenarios/scenario_0307.yaml,scenario_0307,SUCCESS_SAFE,False,True,True,377,7.54,7.54,376,-1,nan,0.017235089408692825,0.03403046913571822,0.04843554711799908,0.009467863696085774,0.02,1.5239856665562521,0.13016678499920706,5.617631996822379,0.6285717487335205,0.0,0.0
/home/simon/davide_fr3_ws/src/cbf_safety_filter/config/generated_scenarios/scenario_0308.yaml,scenario_0308,SUCCESS_SAFE,False,True,True,464,9.28,9.28,463,-1,nan,0.02192439433383245,0.23473625547525112,0.05556586665648003,0.018333493918318768,0.02,13.342066749023257,3.6326338855363405,50.10181719030047,0.9960587024688721,0.0,0.0
/home/simon/davide_fr3_ws/src/cbf_safety_filter/config/generated_scenarios/scenario_0309.yaml,scenario_0309,SUCCESS_SAFE,False,True,True,396,7.92,7.92,395,-1,nan,0.01754059918563175,0.17484548235385086,0.042278846758906696,0.009442332173826251,0.02,1.7776516783573397,0.13602461195984678,5.675638310787621,0.8418788909912109,0.0,0.0
/home/simon/davide_fr3_ws/src/cbf_safety_filter/config/generated_scenarios/scenario_0310.yaml,scenario_0310,GOAL_FAIL_AND_UNSAFE,True,False,False,3000,60.0,nan,-1,306,6.12,-0.028017104707925598,-3.8526771243419367,-0.15293332169447627,0.01888317018942731,0.02,712.317998076755,95.11867308245473,838.1125563932278,5.309669017791748,0.0,0.0
/home/simon/davide_fr3_ws/src/cbf_safety_filter/config/generated_scenarios/scenario_0311.yaml,scenario_0311,SUCCESS_SAFE,False,True,True,372,7.44,7.44,371,-1,nan,0.024647140357497137,0.24614986400028702,0.06020268388052369,0.009480703097451887,0.02,1.0180729683668381,0.11982515088291272,4.107934090588965,0.9968438148498535,0.0,0.0
/home/simon/davide_fr3_ws/src/cbf_safety_filter/config/generated_scenarios/scenario_0312.yaml,scenario_0312,SUCCESS_BUT_UNSAFE,True,True,False,389,7.78,7.78,388,40,0.8,-0.018256696447185337,-0.039089181143972175,-0.06143654700113921,0.009406983753610286,0.02,3.70669412388185,0.4634907286527933,33.75041359853141,0.670140266418457,0.0,0.0
/home/simon/davide_fr3_ws/src/cbf_safety_filter/config/generated_scenarios/scenario_0313.yaml,scenario_0313,SUCCESS_SAFE,False,True,True,429,8.58,8.58,428,-1,nan,0.0035152211648950098,0.030335677797596355,0.012573512879286264,0.009386991454886869,0.02,4.023922223527728,0.345066289279024,27.840239143734504,1.147230863571167,0.0,0.0
/home/simon/davide_fr3_ws/src/cbf_safety_filter/config/generated_scenarios/scenario_0314.yaml,scenario_0314,SUCCESS_BUT_UNSAFE,True,True,False,466,9.32,9.32,465,75,1.5,-0.01852320470390076,-0.18737091336755402,-0.13602722569655956,0.009819940435057349,0.02,11.167084321616704,1.796566283460212,50.307159020114284,0.7209010124206543,0.0,0.0
/home/simon/davide_fr3_ws/src/cbf_safety_filter/config/generated_scenarios/scenario_0315.yaml,scenario_0315,SUCCESS_BUT_UNSAFE,True,True,False,353,7.0600000000000005,7.0600000000000005,352,136,2.72,-0.005098302332093326,-0.05104269025036917,-0.020810269569836712,0.009425442126324327,0.02,1.0076190654499384,0.10957387414500112,4.291625741793389,0.6214516162872314,0.0,0.0
/home/simon/davide_fr3_ws/src/cbf_safety_filter/config/generated_scenarios/scenario_0316.yaml,scenario_0316,SUCCESS_BUT_UNSAFE,True,True,False,396,7.92,7.92,395,183,3.66,-0.01115634337411652,-0.11161657547189753,-0.08208055301675982,0.009500314631319201,0.02,1.4870191544006692,0.18016809646319135,7.24169172382357,0.4690694808959961,0.0,0.0
/home/simon/davide_fr3_ws/src/cbf_safety_filter/config/generated_scenarios/scenario_0317.yaml,scenario_0317,GOAL_FAIL_AND_UNSAFE,True,False,False,3000,60.0,nan,-1,18,0.36,-0.0360708235423353,-19.025061184887175,-0.18459847635710974,0.07841592062942962,0.02,978.3167589029272,162.2470707384279,1829.4258328248409,6.574826240539551,0.0,0.0
/home/simon/davide_fr3_ws/src/cbf_safety_filter/config/generated_scenarios/scenario_0318.yaml,scenario_0318,SUCCESS_BUT_UNSAFE,True,True,False,396,7.92,7.92,395,52,1.04,-0.014239836508806954,-0.14742826509765006,-0.04937019831358773,0.009464123442240431,0.02,2.1744994014058427,0.1464760780531968,6.789065732820364,0.8527774810791016,0.0,0.0
/home/simon/davide_fr3_ws/src/cbf_safety_filter/config/generated_scenarios/scenario_0319.yaml,scenario_0319,SUCCESS_BUT_UNSAFE,True,True,False,403,8.06,8.06,402,128,2.56,-0.03582415787853515,-0.4564486255096326,-0.17554299410498592,0.008767321478921685,0.02,17.45592568475119,7.717884526366439,50.868105662673074,0.6036970615386963,0.0,0.0
/home/simon/davide_fr3_ws/src/cbf_safety_filter/config/generated_scenarios/scenario_0320.yaml,scenario_0320,SUCCESS_BUT_UNSAFE,True,True,False,454,9.08,9.08,453,27,0.54,-0.016230753840513784,-0.16962422012866882,-0.12732151760567043,0.009531067361394299,0.02,6.729520904023824,0.8756511713364801,50.449340179021696,0.7002372741699219,0.0,0.0
/home/simon/davide_fr3_ws/src/cbf_safety_filter/config/generated_scenarios/scenario_0321.yaml,scenario_0321,SUCCESS_SAFE,False,True,True,369,7.38,7.38,368,-1,nan,0.016331153719435415,0.16384613376433013,0.046653330497462064,0.009426470637147239,0.02,1.3632878734272862,0.12312949538629485,4.924344578253198,0.7731304168701172,0.0,0.0
/home/simon/davide_fr3_ws/src/cbf_safety_filter/config/generated_scenarios/scenario_0322.yaml,scenario_0322,SUCCESS_BUT_UNSAFE,True,True,False,365,7.3,7.3,364,54,1.08,-0.01768675298577175,-0.1768924966152879,-0.11179984883178018,0.009500112563920889,0.02,0.8486542386625147,0.10821906166106034,3.8223298768696825,0.6369905471801758,0.0,0.0
/home/simon/davide_fr3_ws/src/cbf_safety_filter/config/generated_scenarios/scenario_0323.yaml,scenario_0323,SUCCESS_BUT_UNSAFE,True,True,False,394,7.88,7.88,393,34,0.68,-0.0017117164967722313,-0.019769604058387957,-0.009674803418899106,0.009492889084990755,0.02,2.545263226324097,0.16221260010763655,7.565142362705951,0.8569896221160889,0.0,0.0
/home/simon/davide_fr3_ws/src/cbf_safety_filter/config/generated_scenarios/scenario_0324.yaml,scenario_0324,SUCCESS_BUT_UNSAFE,True,True,False,419,8.38,8.38,418,27,0.54,-0.026709185755631314,-0.2671339006639324,-0.15613178439192574,0.00948436621350463,0.02,2.569259206540163,0.16985327281262927,6.047909497875422,0.756159782409668,0.0,0.0
/home/simon/davide_fr3_ws/src/cbf_safety_filter/config/generated_scenarios/scenario_0325.yaml,scenario_0325,SUCCESS_SAFE,False,True,True,317,6.34,6.34,316,-1,nan,0.03407920639108279,0.3405532918771227,0.10235407506197257,0.009476843126552767,0.02,0.5173517850548968,0.07460578799580514,2.6076530067984693,0.3870987892150879,0.0,0.0
/home/simon/davide_fr3_ws/src/cbf_safety_filter/config/generated_scenarios/scenario_0326.yaml,scenario_0326,SUCCESS_SAFE,False,True,True,463,9.26,9.26,462,-1,nan,0.03869857812801451,0.3749365833705975,0.12632979020008897,0.013957232572339499,0.02,11.918974779712837,2.1446926620340947,50.465990008387934,0.5453574657440186,0.0,0.0
/home/simon/davide_fr3_ws/src/cbf_safety_filter/config/generated_scenarios/scenario_0327.yaml,scenario_0327,SUCCESS_BUT_UNSAFE,True,True,False,442,8.84,8.84,441,29,0.58,-0.023005779816808264,-0.249606479198172,-0.1278341184075478,0.009448128330377566,0.02,7.5238573917360405,0.8608376969325702,49.69593017788376,0.6806457042694092,0.0,0.0
/home/simon/davide_fr3_ws/src/cbf_safety_filter/config/generated_scenarios/scenario_0328.yaml,scenario_0328,SUCCESS_SAFE,False,True,True,366,7.32,7.32,365,-1,nan,0.006397370882039878,0.06266423284879263,0.018205115952020873,0.009438444659229927,0.02,1.063200970243376,0.10659567735732908,3.74735640864419,0.800506591796875,0.0,0.0
/home/simon/davide_fr3_ws/src/cbf_safety_filter/config/generated_scenarios/scenario_0329.yaml,scenario_0329,SUCCESS_BUT_UNSAFE,True,True,False,495,9.9,9.9,494,131,2.62,-0.009524048762118046,-0.09677139644330217,-0.04123609096246375,0.016283021765051916,0.02,22.107678224802875,7.538284669318905,56.68590790971746,1.063551902770996,0.0,0.0
/home/simon/davide_fr3_ws/src/cbf_safety_filter/config/generated_scenarios/scenario_0330.yaml,scenario_0330,SUCCESS_SAFE,False,True,True,357,7.140000000000001,7.140000000000001,356,-1,nan,0.05114835747815072,0.5108621799249845,0.11300805766128857,0.009436826352285264,0.02,1.1064683078722266,0.11224882398875355,4.549708510050557,0.44803428649902344,0.0,0.0
/home/simon/davide_fr3_ws/src/cbf_safety_filter/config/generated_scenarios/scenario_0331.yaml,scenario_0331,SUCCESS_SAFE,False,True,True,442,8.84,8.84,441,-1,nan,0.006107105209395617,0.05873026785477352,0.019204463788464438,0.009822610663806809,0.02,10.889454260489392,1.5512546292061118,48.59409286522776,0.9204874038696289,0.0,0.0
/home/simon/davide_fr3_ws/src/cbf_safety_filter/config/generated_scenarios/scenario_0332.yaml,scenario_0332,SUCCESS_BUT_UNSAFE,True,True,False,394,7.88,7.88,393,27,0.54,-0.019625880813324878,-0.1966606008579217,-0.08150068728094044,0.009425095407709565,0.02,1.782208294574793,0.1353557013488225,5.90712982981164,0.8681526184082031,0.0,0.0
/home/simon/davide_fr3_ws/src/cbf_safety_filter/config/generated_scenarios/scenario_0333.yaml,scenario_0333,SUCCESS_SAFE,False,True,True,346,6.92,6.92,345,-1,nan,0.03765329392801616,0.37501259476388726,0.08911669986147536,0.009423572731213652,0.02,0.7757998559335363,0.11829170898289434,4.6376174461228565,0.5969235897064209,0.0,0.0
/home/simon/davide_fr3_ws/src/cbf_safety_filter/config/generated_scenarios/scenario_0334.yaml,scenario_0334,SUCCESS_SAFE,False,True,True,401,8.02,8.02,400,-1,nan,0.03555470279960876,0.34476659813343163,0.0785038629745694,0.009512861523006897,0.02,2.673568895957334,0.16256818831076517,7.248573172546311,0.7807393074035645,0.0,0.0
/home/simon/davide_fr3_ws/src/cbf_safety_filter/config/generated_scenarios/scenario_0335.yaml,scenario_0335,SUCCESS_SAFE,False,True,True,436,8.72,8.72,435,-1,nan,0.04041962396757853,0.43294607258520806,0.1007571838737081,0.00945689324985778,0.02,2.3066643061499494,0.25135324543313775,9.995169847992997,0.5311572551727295,0.0,0.0
/home/simon/davide_fr3_ws/src/cbf_safety_filter/config/generated_scenarios/scenario_0336.yaml,scenario_0336,SUCCESS_SAFE,False,True,True,450,9.0,9.0,449,-1,nan,0.0007005214153625455,-0.0011429297370668737,0.001775380447124525,0.00941256081948763,0.02,7.059433095897884,0.7919949354868521,48.90206583001556,0.9855270385742188,0.0,0.0
/home/simon/davide_fr3_ws/src/cbf_safety_filter/config/generated_scenarios/scenario_0337.yaml,scenario_0337,SUCCESS_BUT_UNSAFE,True,True,False,430,8.6,8.6,429,63,1.26,-0.02019852026858713,-0.3722271872627167,-0.06054231607492308,0.009668598783512904,0.02,17.94851158308962,5.66342110443779,50.16309191561505,0.7574954032897949,0.0,0.0
/home/simon/davide_fr3_ws/src/cbf_safety_filter/config/generated_scenarios/scenario_0338.yaml,scenario_0338,SUCCESS_BUT_UNSAFE,True,True,False,452,9.040000000000001,9.040000000000001,451,12,0.24,-0.015881119575195474,-0.17566720598080363,-0.05237384473402476,0.009422326751954563,0.02,6.19587948389249,0.5616093938591041,50.246134260449466,1.0368366241455078,0.0,0.0
/home/simon/davide_fr3_ws/src/cbf_safety_filter/config/generated_scenarios/scenario_0339.yaml,scenario_0339,SUCCESS_SAFE,False,True,True,336,6.72,6.72,335,-1,nan,0.000945516826091293,0.001813668277065992,0.0029698690672625427,0.009430321733238123,0.02,0.7355584418645652,0.08322950920337299,2.84897169584258,0.6520862579345703,0.0,0.0
/home/simon/davide_fr3_ws/src/cbf_safety_filter/config/generated_scenarios/scenario_0340.yaml,scenario_0340,SUCCESS_BUT_UNSAFE,True,True,False,589,11.78,11.78,588,42,0.84,-0.03737147906685069,-0.8721058111282636,-0.18508745382483344,0.002950067238863658,0.02,54.64668493151954,25.162610280737553,103.8404415219519,0.928274393081665,0.0,0.0
/home/simon/davide_fr3_ws/src/cbf_safety_filter/config/generated_scenarios/scenario_0341.yaml,scenario_0341,SUCCESS_BUT_UNSAFE,True,True,False,469,9.38,9.38,468,21,0.42,-0.012135729924194458,-0.14704324567196725,-0.0371011031910741,0.009785644738731478,0.02,11.731070005508629,2.1033276649032877,56.8542396784627,0.8467750549316406,0.0,0.0
/home/simon/davide_fr3_ws/src/cbf_safety_filter/config/generated_scenarios/scenario_0342.yaml,scenario_0342,GOAL_FAIL_AND_UNSAFE,True,False,False,3000,60.0,nan,-1,73,1.46,-0.040581261696698415,-4.444313593605774,-0.15560743110189826,0.017384441390621192,0.02,692.5670856711267,98.09462730568163,1178.5183501957977,7.512273073196411,0.0,0.0
/home/simon/davide_fr3_ws/src/cbf_safety_filter/config/generated_scenarios/scenario_0343.yaml,scenario_0343,GOAL_FAIL_AND_UNSAFE,True,False,False,3000,60.0,nan,-1,49,0.98,-0.009024999668754606,-3.841017160801385,-0.094981799851829,0.04031525875974612,0.02,797.6451675926882,118.01232627492016,1787.3421123472667,4.138468503952026,0.0,0.0
/home/simon/davide_fr3_ws/src/cbf_safety_filter/config/generated_scenarios/scenario_0344.yaml,scenario_0344,SUCCESS_BUT_UNSAFE,True,True,False,404,8.08,8.08,403,19,0.38,-0.030180173751788008,-0.3030747691074139,-0.12807301452874698,0.009468173333046816,0.02,1.601032693887524,0.16505009477926721,5.696923864811461,0.7158608436584473,0.0,0.0
/home/simon/davide_fr3_ws/src/cbf_safety_filter/config/generated_scenarios/scenario_0345.yaml,scenario_0345,SUCCESS_SAFE,False,True,True,380,7.6000000000000005,7.6000000000000005,379,-1,nan,0.029480612654004326,0.29952272173387534,0.08804307189880763,0.009474504084348767,0.02,1.7620133880614914,0.13939466238404669,6.234155074615857,0.658869743347168,0.0,0.0
/home/simon/davide_fr3_ws/src/cbf_safety_filter/config/generated_scenarios/scenario_0346.yaml,scenario_0346,SUCCESS_SAFE,False,True,True,425,8.5,8.5,424,-1,nan,0.03428799870354832,0.36159495008953346,0.08266686651585503,0.009459514395719418,0.02,2.0402078717681205,0.21892327116835864,8.443595607407929,0.5387580394744873,0.0,0.0
/home/simon/davide_fr3_ws/src/cbf_safety_filter/config/generated_scenarios/scenario_0347.yaml,scenario_0347,SUCCESS_BUT_UNSAFE,True,True,False,417,8.34,8.34,416,29,0.58,-0.0066860624908562215,-0.07107623760777672,-0.030813225917191767,0.009432826409720478,0.02,3.3919424106380887,0.18594282622944175,7.839397894969332,0.5635817050933838,0.0,0.0
/home/simon/davide_fr3_ws/src/cbf_safety_filter/config/generated_scenarios/scenario_0348.yaml,scenario_0348,SUCCESS_SAFE,False,True,True,409,8.18,8.18,408,-1,nan,0.01965896982851023,0.1934116994019416,0.05107839303130535,0.009465480916368061,0.02,2.3767339434875754,0.1547109685886242,6.016889114606752,0.8424162864685059,0.0,0.0
/home/simon/davide_fr3_ws/src/cbf_safety_filter/config/generated_scenarios/scenario_0349.yaml,scenario_0349,SUCCESS_SAFE,False,True,True,364,7.28,7.28,363,-1,nan,0.04548766923639776,0.4559377196687392,0.09688413646203015,0.009452346794892827,0.02,0.8712998321275978,0.10168828681091363,3.333810391210135,0.4730830192565918,0.0,0.0
/home/simon/davide_fr3_ws/src/cbf_safety_filter/config/generated_scenarios/scenario_0350.yaml,scenario_0350,SUCCESS_SAFE,False,True,True,423,8.46,8.46,422,-1,nan,0.022541861462640197,0.24493249310478898,0.05690832537158583,0.009443493093872941,0.02,2.1220973655397053,0.2256956390380911,8.741270480615308,0.9473180770874023,0.0,0.0
/home/simon/davide_fr3_ws/src/cbf_safety_filter/config/generated_scenarios/scenario_0351.yaml,scenario_0351,SUCCESS_SAFE,False,True,True,394,7.88,7.88,393,-1,nan,0.015953148996105997,0.1595501067201809,0.04099058323438057,0.009492394121807933,0.02,1.8130878608954757,0.1368709730517826,5.8294354961186325,0.5806055068969727,0.0,0.0
/home/simon/davide_fr3_ws/src/cbf_safety_filter/config/generated_scenarios/scenario_0352.yaml,scenario_0352,GOAL_FAIL_AND_UNSAFE,True,False,False,3000,60.0,nan,-1,135,2.7,-0.03693915637654278,-3.138181569503227,-0.190902454834227,0.0589568518343281,0.02,783.5011567001136,108.02039390745223,676.3679313718939,8.64065170288086,0.0,0.0
/home/simon/davide_fr3_ws/src/cbf_safety_filter/config/generated_scenarios/scenario_0353.yaml,scenario_0353,SUCCESS_SAFE,False,True,True,324,6.48,6.48,323,-1,nan,0.029527212264556665,0.2968785377370562,0.06433811317267343,0.009469552473827383,0.02,0.5518767647874042,0.0717375755695425,2.508942770541823,0.7980704307556152,0.0,0.0
/home/simon/davide_fr3_ws/src/cbf_safety_filter/config/generated_scenarios/scenario_0354.yaml,scenario_0354,SUCCESS_SAFE,False,True,True,349,6.98,6.98,348,-1,nan,0.011404000553624151,0.11403841649894836,0.029576493258808456,0.009454532009182325,0.02,1.0577370674546729,0.10966228662733322,4.1864462905961375,0.6170032024383545,0.0,0.0
/home/simon/davide_fr3_ws/src/cbf_safety_filter/config/generated_scenarios/scenario_0355.yaml,scenario_0355,GOAL_FAIL_AND_UNSAFE,True,False,False,3000,60.0,nan,-1,63,1.26,-0.03461102251682863,-3.3178887850209158,-0.1784917263170425,0.012696207641225962,0.02,705.0875678234489,91.72857999753921,1125.3862271930673,6.061117172241211,0.0,0.0
/home/simon/davide_fr3_ws/src/cbf_safety_filter/config/generated_scenarios/scenario_0356.yaml,scenario_0356,SUCCESS_SAFE,False,True,True,474,9.48,9.48,473,-1,nan,0.011665994544939719,0.11314245180997913,0.04387735323455047,0.00928679588169586,0.02,10.600098713495553,1.7383178339031242,43.72358381055815,0.7315261363983154,0.0,0.0
/home/simon/davide_fr3_ws/src/cbf_safety_filter/config/generated_scenarios/scenario_0357.yaml,scenario_0357,SUCCESS_BUT_UNSAFE,True,True,False,471,9.42,9.42,470,75,1.5,-0.010731453224075921,-0.10783703274618998,-0.04843472534599062,0.010937085239331144,0.02,17.831578458302708,4.133385468979037,47.42369538489203,0.9258387088775635,0.0,0.0
/home/simon/davide_fr3_ws/src/cbf_safety_filter/config/generated_scenarios/scenario_0358.yaml,scenario_0358,SUCCESS_SAFE,False,True,True,408,8.16,8.16,407,-1,nan,0.020504430249326983,0.20224175693357135,0.06301362074608347,0.009457805809603807,0.02,2.3269841744062996,0.1492289038110528,6.508773844532724,0.941819429397583,0.0,0.0
/home/simon/davide_fr3_ws/src/cbf_safety_filter/config/generated_scenarios/scenario_0359.yaml,scenario_0359,SUCCESS_SAFE,False,True,True,419,8.38,8.38,418,-1,nan,0.0307695727911019,0.30739530850408925,0.10250647465486537,0.009457689661381333,0.02,2.496463689122902,0.20536873677814255,6.998312518575449,0.5401005744934082,0.0,0.0
/home/simon/davide_fr3_ws/src/cbf_safety_filter/config/generated_scenarios/scenario_0360.yaml,scenario_0360,SUCCESS_BUT_UNSAFE,True,True,False,362,7.24,7.24,361,40,0.8,-0.007554350075772338,-0.07692975838644973,-0.02193038127338534,0.009478005158665813,0.02,0.8568696677454185,0.09887782135030533,3.223428108306472,0.706841230392456,0.0,0.0
/home/simon/davide_fr3_ws/src/cbf_safety_filter/config/generated_scenarios/scenario_0361.yaml,scenario_0361,SUCCESS_BUT_UNSAFE,True,True,False,378,7.5600000000000005,7.5600000000000005,377,43,0.86,-0.02956222507308931,-0.29574430852086253,-0.1490126565440771,0.009424721700756195,0.02,1.0970091011941552,0.1241710934597377,4.080471586019068,0.44370555877685547,0.0,0.0
/home/simon/davide_fr3_ws/src/cbf_safety_filter/config/generated_scenarios/scenario_0362.yaml,scenario_0362,SUCCESS_SAFE,False,True,True,397,7.94,7.94,396,-1,nan,0.009589724924290166,0.09565250505813595,0.03125195924416305,0.009487681945324341,0.02,1.8152181945027595,0.17484811678935294,6.301201419271083,0.48720383644104004,0.0,0.0
/home/simon/davide_fr3_ws/src/cbf_safety_filter/config/generated_scenarios/scenario_0363.yaml,scenario_0363,SUCCESS_BUT_UNSAFE,True,True,False,370,7.4,7.4,369,52,1.04,-0.024075253244190617,-0.24085048500087797,-0.09674352916543272,0.009419262092079063,0.02,1.039046713932005,0.10730190904300896,3.8606700214252774,0.7914912700653076,0.0,0.0
/home/simon/davide_fr3_ws/src/cbf_safety_filter/config/generated_scenarios/scenario_0364.yaml,scenario_0364,SUCCESS_SAFE,False,True,True,410,8.2,8.2,409,-1,nan,0.006155944308291632,0.061376160507686316,0.025937511022852563,0.00950692335163216,0.02,2.1716232338588184,0.15694122725358592,5.545183684118089,1.031930923461914,0.0,0.0
/home/simon/davide_fr3_ws/src/cbf_safety_filter/config/generated_scenarios/scenario_0365.yaml,scenario_0365,SUCCESS_SAFE,False,True,True,441,8.82,8.82,440,-1,nan,0.0038971070880269125,0.03541411738829705,0.019531306428924297,0.00864894743568277,0.02,9.036907904496951,1.2530160758350823,36.35782080312062,0.616793155670166,0.0,0.0
/home/simon/davide_fr3_ws/src/cbf_safety_filter/config/generated_scenarios/scenario_0366.yaml,scenario_0366,SUCCESS_SAFE,False,True,True,400,8.0,8.0,399,-1,nan,0.020026285322633668,0.1969158490657312,0.051683003264445915,0.009437304480242213,0.02,1.5106761685391599,0.17796100809928905,6.899661855454851,1.0245277881622314,0.0,0.0
/home/simon/davide_fr3_ws/src/cbf_safety_filter/config/generated_scenarios/scenario_0367.yaml,scenario_0367,SUCCESS_SAFE,False,True,True,441,8.82,8.82,440,-1,nan,0.014133940205039143,0.13389605266534813,0.03748236829272081,0.00947828763386954,0.02,4.287909763839045,0.29892039757511785,10.304449137797027,0.6038815975189209,0.0,0.0
/home/simon/davide_fr3_ws/src/cbf_safety_filter/config/generated_scenarios/scenario_0368.yaml,scenario_0368,SUCCESS_BUT_UNSAFE,True,True,False,388,7.76,7.76,387,149,2.98,-0.022497025659073,-0.32421929340588457,-0.1353615850776344,0.01099041112549762,0.02,17.970886415231032,10.536886695723918,44.78045958902833,1.060760736465454,0.0,0.0
/home/simon/davide_fr3_ws/src/cbf_safety_filter/config/generated_scenarios/scenario_0369.yaml,scenario_0369,SUCCESS_SAFE,False,True,True,459,9.18,9.18,458,-1,nan,0.038051735071065615,0.3803741603856779,0.08661249102006785,0.009511741003920219,0.02,5.934574497712626,0.5874363629451026,45.78776634639224,0.6233870983123779,0.0,0.0
/home/simon/davide_fr3_ws/src/cbf_safety_filter/config/generated_scenarios/scenario_0370.yaml,scenario_0370,SUCCESS_SAFE,False,True,True,403,8.06,8.06,402,-1,nan,0.02686140228888899,0.2686139070435041,0.06253587601991908,0.009435699360383317,0.02,1.7899370942076638,0.15053167438183887,4.880773751176511,0.7718081474304199,0.0,0.0
/home/simon/davide_fr3_ws/src/cbf_safety_filter/config/generated_scenarios/scenario_0371.yaml,scenario_0371,SUCCESS_BUT_UNSAFE,True,True,False,436,8.72,8.72,435,36,0.72,-0.01052878158088132,-0.10995891740023901,-0.07323715242470225,0.009472708735623019,0.02,5.309896400709977,0.5339101293774079,44.46542442191786,1.0755245685577393,0.0,0.0
/home/simon/davide_fr3_ws/src/cbf_safety_filter/config/generated_scenarios/scenario_0372.yaml,scenario_0372,SUCCESS_SAFE,False,True,True,422,8.44,8.44,421,-1,nan,0.008515183063566446,0.0850990925110524,0.026260329406190636,0.009426730340304777,0.02,2.032196991618927,0.20136343169726767,7.513140177892843,0.7268915176391602,0.0,0.0
/home/simon/davide_fr3_ws/src/cbf_safety_filter/config/generated_scenarios/scenario_0373.yaml,scenario_0373,SUCCESS_SAFE,False,True,True,393,7.86,7.86,392,-1,nan,0.02805927118019158,0.27929330585433776,0.0660188815146232,0.009503617582511122,0.02,1.2111714851698065,0.15041089978105884,5.581578974268129,0.5250535011291504,0.0,0.0
/home/simon/davide_fr3_ws/src/cbf_safety_filter/config/generated_scenarios/scenario_0374.yaml,scenario_0374,SUCCESS_BUT_UNSAFE,True,True,False,422,8.44,8.44,421,35,0.7000000000000001,-0.03313333018642164,-0.337065868694228,-0.11799342892875073,0.009490730397072699,0.02,4.403139108565538,0.39942777859829554,20.400973437754832,0.5320034027099609,0.0,0.0
/home/simon/davide_fr3_ws/src/cbf_safety_filter/config/generated_scenarios/scenario_0375.yaml,scenario_0375,SUCCESS_BUT_UNSAFE,True,True,False,442,8.84,8.84,441,103,2.06,-0.027039100750293338,-0.3632551048056688,-0.1445740901324192,0.008578962680768175,0.02,19.090336677132488,5.021660934438593,48.07174383809294,0.720916748046875,0.0,0.0
/home/simon/davide_fr3_ws/src/cbf_safety_filter/config/generated_scenarios/scenario_0376.yaml,scenario_0376,SUCCESS_SAFE,False,True,True,451,9.02,9.02,450,-1,nan,0.005179879386352426,0.048947010588847935,0.021162849647382423,0.009684339593939122,0.02,9.232541439236698,1.1529140163961742,50.39058894398993,1.0397238731384277,0.0,0.0
/home/simon/davide_fr3_ws/src/cbf_safety_filter/config/generated_scenarios/scenario_0377.yaml,scenario_0377,SUCCESS_BUT_UNSAFE,True,True,False,435,8.700000000000001,8.700000000000001,434,33,0.66,-0.0005739232741765543,-0.012130115032830032,-0.003351404265327665,0.0095674942646477,0.02,5.794016181998314,0.6688523386642269,49.72799775654033,0.6911852359771729,0.0,0.0
/home/simon/davide_fr3_ws/src/cbf_safety_filter/config/generated_scenarios/scenario_0378.yaml,scenario_0378,SUCCESS_BUT_UNSAFE,True,True,False,410,8.2,8.2,409,112,2.24,-0.010181347342904157,-0.10190671645328611,-0.028581769460490625,0.0094508242354813,0.02,2.798690786966904,0.16241926643469287,7.391448078426696,0.6671159267425537,0.0,0.0
/home/simon/davide_fr3_ws/src/cbf_safety_filter/config/generated_scenarios/scenario_0379.yaml,scenario_0379,SUCCESS_BUT_UNSAFE,True,True,False,455,9.1,9.1,454,24,0.48,-0.014590776353592586,-0.15158432483886322,-0.11943484564703753,0.009467899217807463,0.02,2.9229948051928023,0.32352682923192205,13.178207948329543,1.1291306018829346,0.0,0.0
/home/simon/davide_fr3_ws/src/cbf_safety_filter/config/generated_scenarios/scenario_0380.yaml,scenario_0380,SUCCESS_BUT_UNSAFE,True,True,False,407,8.14,8.14,406,70,1.4000000000000001,-0.011467583497888113,-0.11477532456162423,-0.08911044462066198,0.009425289777182074,0.02,1.704732012544654,0.18099858166337898,6.506501073222877,0.5523200035095215,0.0,0.0
/home/simon/davide_fr3_ws/src/cbf_safety_filter/config/generated_scenarios/scenario_0381.yaml,scenario_0381,SUCCESS_SAFE,False,True,True,315,6.3,6.3,314,-1,nan,0.014488690442179101,0.1445798031796031,0.04010139621382583,0.009423993410365948,0.02,0.5535721988156855,0.06853968666085669,2.2780448455134423,0.7861270904541016,0.0,0.0
/home/simon/davide_fr3_ws/src/cbf_safety_filter/config/generated_scenarios/scenario_0382.yaml,scenario_0382,SUCCESS_SAFE,False,True,True,315,6.3,6.3,314,-1,nan,0.022546052369132687,0.22506181843600065,0.048308625815005835,0.009424239348690362,0.02,0.7409481486330676,0.10172405770792098,3.705082345922006,0.5952837467193604,0.0,0.0
/home/simon/davide_fr3_ws/src/cbf_safety_filter/config/generated_scenarios/scenario_0383.yaml,scenario_0383,SUCCESS_BUT_UNSAFE,True,True,False,446,8.92,8.92,445,248,4.96,-0.0048151405988828,-0.09598402991090041,-0.020652791090225803,0.01012213598187384,0.02,14.420818655643716,2.895298140645748,48.92956176497248,0.8939464092254639,0.0,0.0
/home/simon/davide_fr3_ws/src/cbf_safety_filter/config/generated_scenarios/scenario_0384.yaml,scenario_0384,SUCCESS_SAFE,False,True,True,397,7.94,7.94,396,-1,nan,0.031757854862994296,0.06334761496969571,0.08139061657113139,0.009482998996863582,0.02,1.7212939821455167,0.1396697725905735,5.029420613650708,0.6336877346038818,0.0,0.0
/home/simon/davide_fr3_ws/src/cbf_safety_filter/config/generated_scenarios/scenario_0385.yaml,scenario_0385,SUCCESS_SAFE,False,True,True,427,8.540000000000001,8.540000000000001,426,-1,nan,0.0329298217657643,0.3185789568476665,0.07774762469603475,0.00945732828843908,0.02,4.513281883763006,0.3870008858266908,19.760708005549603,0.6311917304992676,0.0,0.0
/home/simon/davide_fr3_ws/src/cbf_safety_filter/config/generated_scenarios/scenario_0386.yaml,scenario_0386,SUCCESS_BUT_UNSAFE,True,True,False,422,8.44,8.44,421,33,0.66,-0.028008522757603026,-0.28010451568763,-0.10283422127770563,0.009465659435977576,0.02,2.5078363425042998,0.1824218258208869,6.308880842328729,0.9141466617584229,0.0,0.0
/home/simon/davide_fr3_ws/src/cbf_safety_filter/config/generated_scenarios/scenario_0387.yaml,scenario_0387,SUCCESS_SAFE,False,True,True,410,8.2,8.2,409,-1,nan,0.03458864381496612,0.34560816249801746,0.08575282418112884,0.009500093104556193,0.02,2.8304883084258945,0.1647861184641842,6.939511808429918,0.6063463687896729,0.0,0.0
/home/simon/davide_fr3_ws/src/cbf_safety_filter/config/generated_scenarios/scenario_0388.yaml,scenario_0388,SUCCESS_SAFE,False,True,True,398,7.96,7.96,397,-1,nan,0.022897670658797824,0.2323899596127665,0.06221875943022223,0.00943188702292063,0.02,2.3513235564025825,0.15233884574249734,6.85776316254172,0.6445133686065674,0.0,0.0
/home/simon/davide_fr3_ws/src/cbf_safety_filter/config/generated_scenarios/scenario_0389.yaml,scenario_0389,SUCCESS_SAFE,False,True,True,394,7.88,7.88,393,-1,nan,0.025304091157359803,0.2526507874533165,0.06677059285011067,0.009433416921436405,0.02,1.161175461105732,0.13346595211237566,4.945379672312521,0.7912302017211914,0.0,0.0
/home/simon/davide_fr3_ws/src/cbf_safety_filter/config/generated_scenarios/scenario_0390.yaml,scenario_0390,SUCCESS_SAFE,False,True,True,390,7.8,7.8,389,-1,nan,0.0032624194970859166,0.030552727166738174,0.008156927098998318,0.009493721115189037,0.02,1.514644448260073,0.16032503116635977,5.910478801560311,0.5790014266967773,0.0,0.0
/home/simon/davide_fr3_ws/src/cbf_safety_filter/config/generated_scenarios/scenario_0391.yaml,scenario_0391,GOAL_FAIL_AND_UNSAFE,True,False,False,3000,60.0,nan,-1,100,2.0,-0.02328868563091204,-4.238764015347577,-0.11887655212933962,0.0326755462729174,0.02,815.0665481490174,118.1892882477047,792.4234766055071,7.406901836395264,0.0,0.0
/home/simon/davide_fr3_ws/src/cbf_safety_filter/config/generated_scenarios/scenario_0392.yaml,scenario_0392,SUCCESS_BUT_UNSAFE,True,True,False,373,7.46,7.46,372,101,2.02,-0.013498932336980352,-0.1350216716744727,-0.05831433338583315,0.009489366477860157,0.02,1.0151634700783811,0.12814479209962398,4.753948549341621,0.4193575382232666,0.0,0.0
/home/simon/davide_fr3_ws/src/cbf_safety_filter/config/generated_scenarios/scenario_0393.yaml,scenario_0393,SUCCESS_BUT_UNSAFE,True,True,False,410,8.2,8.2,409,102,2.04,-0.020928777795679917,-0.20936116992652143,-0.07645299191399628,0.009428307798718552,0.02,1.6600901820097036,0.19770222040717736,7.753953146351245,0.7855167388916016,0.0,0.0
/home/simon/davide_fr3_ws/src/cbf_safety_filter/config/generated_scenarios/scenario_0394.yaml,scenario_0394,GOAL_FAIL_AND_UNSAFE,True,False,False,3000,60.0,nan,-1,105,2.1,-0.03808616544185132,-4.185720814635017,-0.17282197320741938,0.032625923883480464,0.02,805.1023308668316,123.81399369886911,1029.017087653674,4.673881769180298,0.0,0.0
/home/simon/davide_fr3_ws/src/cbf_safety_filter/config/generated_scenarios/scenario_0395.yaml,scenario_0395,SUCCESS_BUT_UNSAFE,True,True,False,434,8.68,8.68,433,17,0.34,-0.025860356711490173,-0.2659841827890516,-0.13088635755391712,0.009502759762347705,0.02,6.405187703079245,0.7098086859196164,43.01570048862596,1.104515552520752,0.0,0.0
/home/simon/davide_fr3_ws/src/cbf_safety_filter/config/generated_scenarios/scenario_0396.yaml,scenario_0396,SUCCESS_BUT_UNSAFE,True,True,False,360,7.2,7.2,359,123,2.46,-0.015039417486353072,-0.15247530694264977,-0.045537812205463324,0.009473810821592378,0.02,1.2141385120262966,0.12224083229804014,4.81211442634174,0.873342752456665,0.0,0.0
/home/simon/davide_fr3_ws/src/cbf_safety_filter/config/generated_scenarios/scenario_0397.yaml,scenario_0397,SUCCESS_SAFE,False,True,True,412,8.24,8.24,411,-1,nan,0.023536265875872965,0.23516434084093482,0.059797763279378136,0.009446796415204397,0.02,1.787288220093239,0.1611069893432609,5.844361110682071,0.7590692043304443,0.0,0.0
/home/simon/davide_fr3_ws/src/cbf_safety_filter/config/generated_scenarios/scenario_0398.yaml,scenario_0398,SUCCESS_BUT_UNSAFE,True,True,False,461,9.22,9.22,460,44,0.88,-0.03647581513568917,-0.4488762960583548,-0.15774374606613403,0.010411881941834292,0.02,20.06693818176688,5.766528811028114,48.56911030363003,0.948505163192749,0.0,0.0
/home/simon/davide_fr3_ws/src/cbf_safety_filter/config/generated_scenarios/scenario_0399.yaml,scenario_0399,SUCCESS_SAFE,False,True,True,361,7.22,7.22,360,-1,nan,0.007830595169268244,0.08244563486858117,0.024957477453073335,0.009415403722172649,0.02,0.6754318468903893,0.10025178638881448,3.7803602590261285,0.8634388446807861,0.0,0.0
/home/simon/davide_fr3_ws/src/cbf_safety_filter/config/generated_scenarios/scenario_0400.yaml,scenario_0400,SUCCESS_BUT_UNSAFE,True,True,False,410,8.2,8.2,409,57,1.1400000000000001,-0.03670927702939425,-0.6089049403799554,-0.16427232897164312,0.01510046899794288,0.02,33.35807561857185,18.825873937818766,68.76341202999353,1.1259794235229492,0.0,0.0
/home/simon/davide_fr3_ws/src/cbf_safety_filter/config/generated_scenarios/scenario_0401.yaml,scenario_0401,SUCCESS_BUT_UNSAFE,True,True,False,428,8.56,8.56,427,23,0.46,-0.0365159675276968,-0.36548451377740343,-0.12166523955148867,0.009468038789329135,0.02,4.402957532940322,0.25670281467187767,8.297045040225502,0.8180267810821533,0.0,0.0
/home/simon/davide_fr3_ws/src/cbf_safety_filter/config/generated_scenarios/scenario_0402.yaml,scenario_0402,SUCCESS_SAFE,False,True,True,398,7.96,7.96,397,-1,nan,0.024764624265068313,0.24830172484144314,0.08023833023626878,0.00952137320381263,0.02,2.034489740801567,0.31121152718467304,46.2485598302574,0.8817355632781982,0.0,0.0
/home/simon/davide_fr3_ws/src/cbf_safety_filter/config/generated_scenarios/scenario_0403.yaml,scenario_0403,SUCCESS_BUT_UNSAFE,True,True,False,382,7.640000000000001,7.640000000000001,381,74,1.48,-0.02997608191417715,-0.29995316901895125,-0.1534410380547402,0.009497854493683518,0.02,1.1648360916242038,0.15032653816379674,5.915533557679716,0.7325937747955322,0.0,0.0
/home/simon/davide_fr3_ws/src/cbf_safety_filter/config/generated_scenarios/scenario_0404.yaml,scenario_0404,SUCCESS_SAFE,False,True,True,436,8.72,8.72,435,-1,nan,0.01703739369234756,0.18763582195585066,0.03973843342275743,0.009429509078202402,0.02,2.7065087576192917,0.37773646378451453,48.41229585719509,0.9386429786682129,0.0,0.0
/home/simon/davide_fr3_ws/src/cbf_safety_filter/config/generated_scenarios/scenario_0405.yaml,scenario_0405,SUCCESS_BUT_UNSAFE,True,True,False,403,8.06,8.06,402,26,0.52,-0.018597068331327314,-0.1909957577126812,-0.07686945008863273,0.00801590156789752,0.02,16.307337083343935,7.5978507744603005,37.296755337166324,0.912299633026123,0.0,0.0
/home/simon/davide_fr3_ws/src/cbf_safety_filter/config/generated_scenarios/scenario_0406.yaml,scenario_0406,SUCCESS_SAFE,False,True,True,343,6.86,6.86,342,-1,nan,0.006305473694641392,0.06318414721469592,0.024751471171653106,0.00946638235838758,0.02,1.1015632994309514,0.11878594419609051,4.779075487221864,0.7088408470153809,0.0,0.0
/home/simon/davide_fr3_ws/src/cbf_safety_filter/config/generated_scenarios/scenario_0407.yaml,scenario_0407,SUCCESS_BUT_UNSAFE,True,True,False,446,8.92,8.92,445,62,1.24,-0.028353978651497316,-0.28463879713433965,-0.11461459988444232,0.00939449093763544,0.02,8.202312494451732,0.7577567309009913,49.50689047382502,0.8273556232452393,0.0,0.0
/home/simon/davide_fr3_ws/src/cbf_safety_filter/config/generated_scenarios/scenario_0408.yaml,scenario_0408,SUCCESS_SAFE,False,True,True,413,8.26,8.26,412,-1,nan,0.017346777480906808,0.1694529223307551,0.06718690015150822,0.009498999727131235,0.02,2.4583071084423573,0.1587128117914323,6.117607743715795,0.4523046016693115,0.0,0.0
/home/simon/davide_fr3_ws/src/cbf_safety_filter/config/generated_scenarios/scenario_0409.yaml,scenario_0409,SUCCESS_BUT_UNSAFE,True,True,False,383,7.66,7.66,382,57,1.1400000000000001,-0.010598491549626691,-0.10636050556361278,-0.03905978969205666,0.00941910686317728,0.02,1.0727385762469557,0.1205505328673956,4.339797718317103,0.8895998001098633,0.0,0.0
/home/simon/davide_fr3_ws/src/cbf_safety_filter/config/generated_scenarios/scenario_0410.yaml,scenario_0410,SUCCESS_BUT_UNSAFE,True,True,False,374,7.48,7.48,373,39,0.78,-0.0010969761731170272,-0.01256810855049035,-0.0038828659967375945,0.009449482958313814,0.02,1.5657049339883984,0.13252644938856364,5.605937740350301,0.7961781024932861,0.0,0.0
/home/simon/davide_fr3_ws/src/cbf_safety_filter/config/generated_scenarios/scenario_0411.yaml,scenario_0411,SUCCESS_BUT_UNSAFE,True,True,False,403,8.06,8.06,402,41,0.8200000000000001,-0.02089655119111103,-0.2090253534822151,-0.09836835256728974,0.00949857952687647,0.02,1.832202551025445,0.18663049184413602,6.938708154281583,1.061730146408081,0.0,0.0
/home/simon/davide_fr3_ws/src/cbf_safety_filter/config/generated_scenarios/scenario_0412.yaml,scenario_0412,SUCCESS_BUT_UNSAFE,True,True,False,429,8.58,8.58,428,155,3.1,-0.0006274290149210562,-0.007169282655051311,-0.002078117057319001,0.009499724480509347,0.02,7.42853115534681,0.8376707717468319,49.84067567990255,1.0430760383605957,0.0,0.0
/home/simon/davide_fr3_ws/src/cbf_safety_filter/config/generated_scenarios/scenario_0413.yaml,scenario_0413,SUCCESS_BUT_UNSAFE,True,True,False,422,8.44,8.44,421,10,0.2,-0.036379499247948775,-0.36728475719586395,-0.15087239478931738,0.009516475565060837,0.02,2.9629974788967117,0.3704058939083747,46.76368364841336,0.9319453239440918,0.0,0.0
/home/simon/davide_fr3_ws/src/cbf_safety_filter/config/generated_scenarios/scenario_0414.yaml,scenario_0414,SUCCESS_BUT_UNSAFE,True,True,False,390,7.8,7.8,389,300,6.0,-0.02577333961647276,-0.2702297146867396,-0.08492831847396488,0.009313189031061568,0.02,6.048883938447336,1.0961596252155155,36.0496009054788,0.5064918994903564,0.0,0.0
/home/simon/davide_fr3_ws/src/cbf_safety_filter/config/generated_scenarios/scenario_0415.yaml,scenario_0415,SUCCESS_BUT_UNSAFE,True,True,False,463,9.26,9.26,462,34,0.68,-0.01928838081113993,-0.22679700713395345,-0.0909700967383883,0.012451112635465772,0.02,19.365925185459258,4.681541112845364,45.79253538282251,0.6203913688659668,0.0,0.0
/home/simon/davide_fr3_ws/src/cbf_safety_filter/config/generated_scenarios/scenario_0416.yaml,scenario_0416,SUCCESS_SAFE,False,True,True,409,8.18,8.18,408,-1,nan,0.011776467517927887,0.11719268994095097,0.036211697236033624,0.009517471503937152,0.02,2.7749005514712803,0.16215805010286546,7.330051845949081,0.8802475929260254,0.0,0.0
/home/simon/davide_fr3_ws/src/cbf_safety_filter/config/generated_scenarios/scenario_0417.yaml,scenario_0417,SUCCESS_SAFE,False,True,True,306,6.12,6.12,305,-1,nan,0.02328274797327293,0.23268548695230018,0.058155224527758426,0.009479667926817125,0.02,0.6165719067880786,0.08387237507841543,2.9749203515416487,0.5394508838653564,0.0,0.0
/home/simon/davide_fr3_ws/src/cbf_safety_filter/config/generated_scenarios/scenario_0418.yaml,scenario_0418,SUCCESS_BUT_UNSAFE,True,True,False,394,7.88,7.88,393,27,0.54,-0.02603124009412345,-0.4974849355110586,-0.12990989573218945,0.013860693736793194,0.02,19.43411450656916,10.488379303814403,53.79075473980633,0.99037766456604,0.0,0.0
/home/simon/davide_fr3_ws/src/cbf_safety_filter/config/generated_scenarios/scenario_0419.yaml,scenario_0419,SUCCESS_SAFE,False,True,True,365,7.3,7.3,364,-1,nan,0.052450527495295225,0.10845540212843381,0.10628579075257172,0.009467657148778313,0.02,1.383617764938878,0.12600477912907243,5.052581635128548,0.5081441402435303,0.0,0.0
/home/simon/davide_fr3_ws/src/cbf_safety_filter/config/generated_scenarios/scenario_0420.yaml,scenario_0420,SUCCESS_BUT_UNSAFE,True,True,False,398,7.96,7.96,397,49,0.98,-0.028495517923529428,-0.057112231445775874,-0.12153335430122869,0.00946558559499636,0.02,1.8538855021853922,0.14030135750714992,5.459645400030818,0.9896087646484375,0.0,0.0
/home/simon/davide_fr3_ws/src/cbf_safety_filter/config/generated_scenarios/scenario_0421.yaml,scenario_0421,SUCCESS_BUT_UNSAFE,True,True,False,397,7.94,7.94,396,28,0.56,-0.008342891925094024,-0.039686836762516206,-0.03624976495693279,0.009452204211679107,0.02,1.373726912713754,0.15409377297080343,5.449512006967353,0.8085522651672363,0.0,0.0
/home/simon/davide_fr3_ws/src/cbf_safety_filter/config/generated_scenarios/scenario_0422.yaml,scenario_0422,SUCCESS_BUT_UNSAFE,True,True,False,327,6.54,6.54,326,149,2.98,-0.009820351987189255,-0.09834284725795386,-0.02615668345793834,0.009497771804715695,0.02,0.5613280775555667,0.07815812385598772,2.7386738809509,0.726043701171875,0.0,0.0
/home/simon/davide_fr3_ws/src/cbf_safety_filter/config/generated_scenarios/scenario_0423.yaml,scenario_0423,SUCCESS_BUT_UNSAFE,True,True,False,416,8.32,8.32,415,143,2.86,-0.02676266923831971,-0.2886436004813831,-0.07899025917322333,0.009768394832180954,0.02,8.853485522682627,1.470467463514113,40.75423835426609,0.4871180057525635,0.0,0.0
/home/simon/davide_fr3_ws/src/cbf_safety_filter/config/generated_scenarios/scenario_0424.yaml,scenario_0424,SUCCESS_SAFE,False,True,True,370,7.4,7.4,369,-1,nan,0.02756767706295808,0.27981217352829835,0.07073450450129773,0.009507131134830623,0.02,1.197087627580255,0.11419608446946697,4.351613763464961,0.45362234115600586,0.0,0.0
/home/simon/davide_fr3_ws/src/cbf_safety_filter/config/generated_scenarios/scenario_0425.yaml,scenario_0425,SUCCESS_BUT_UNSAFE,True,True,False,456,9.120000000000001,9.120000000000001,455,38,0.76,-0.022367155092438182,-0.2294028284026598,-0.08756493636410453,0.010143302621293563,0.02,10.405529336970238,1.2855985309412796,35.45649870733373,0.530686616897583,0.0,0.0
/home/simon/davide_fr3_ws/src/cbf_safety_filter/config/generated_scenarios/scenario_0426.yaml,scenario_0426,GOAL_FAIL_AND_UNSAFE,True,False,False,3000,60.0,nan,-1,18,0.36,-0.03723338988668402,-5.457667125151861,-0.1890490364066488,0.020896644156999614,0.02,740.8378246734137,112.11861298998055,1961.0601589486953,4.861709833145142,0.0,0.0
/home/simon/davide_fr3_ws/src/cbf_safety_filter/config/generated_scenarios/scenario_0427.yaml,scenario_0427,SUCCESS_SAFE,False,True,True,424,8.48,8.48,423,-1,nan,0.00484607212794852,0.040389982646926066,0.0158350245532293,0.009476003689596252,0.02,1.797823485563159,0.19674036190019195,7.527344954937343,0.98199462890625,0.0,0.0
/home/simon/davide_fr3_ws/src/cbf_safety_filter/config/generated_scenarios/scenario_0428.yaml,scenario_0428,SUCCESS_SAFE,False,True,True,433,8.66,8.66,432,-1,nan,0.0196190692468432,0.19603339243423024,0.07424558855947533,0.009484848789058475,0.02,3.900194960380276,0.27425748883416956,9.36205896398159,0.8093905448913574,0.0,0.0
/home/simon/davide_fr3_ws/src/cbf_safety_filter/config/generated_scenarios/scenario_0429.yaml,scenario_0429,SUCCESS_BUT_UNSAFE,True,True,False,2082,41.64,41.64,2081,22,0.44,-0.03296762846532539,-2.312776030014657,-0.17829371285660084,0.011474078849911298,0.02,505.7143137004995,97.04888158847206,639.1710204416964,2.7644360065460205,0.0,0.0
/home/simon/davide_fr3_ws/src/cbf_safety_filter/config/generated_scenarios/scenario_0430.yaml,scenario_0430,SUCCESS_SAFE,False,True,True,325,6.5,6.5,324,-1,nan,0.0015832270290699509,0.01580895906156703,0.0054216091530412125,0.00944791284823728,0.02,0.4739788899929197,0.06393480452312227,2.227136916305652,0.6842644214630127,0.0,0.0
/home/simon/davide_fr3_ws/src/cbf_safety_filter/config/generated_scenarios/scenario_0431.yaml,scenario_0431,SUCCESS_SAFE,False,True,True,384,7.68,7.68,383,-1,nan,0.01764066369885456,0.18985504308147036,0.061068207680294195,0.009481231006092977,0.02,1.1714340858834487,0.14411751796112773,5.370741472092675,0.7383997440338135,0.0,0.0
/home/simon/davide_fr3_ws/src/cbf_safety_filter/config/generated_scenarios/scenario_0432.yaml,scenario_0432,SUCCESS_SAFE,False,True,True,443,8.86,8.86,442,-1,nan,0.010875927501503813,0.10520643841745478,0.04607064720027271,0.00949617241379891,0.02,5.491111422155285,0.5730684451802757,43.2075362888011,0.526390552520752,0.0,0.0
/home/simon/davide_fr3_ws/src/cbf_safety_filter/config/generated_scenarios/scenario_0433.yaml,scenario_0433,GOAL_FAIL_AND_UNSAFE,True,False,False,3000,60.0,nan,-1,92,1.84,-0.026576029067789407,-4.184120210685332,-0.12129052036092755,0.03186610109823699,0.02,893.0246655725399,140.74906535831622,2853.9406325268706,5.690216064453125,0.0,0.0
/home/simon/davide_fr3_ws/src/cbf_safety_filter/config/generated_scenarios/scenario_0434.yaml,scenario_0434,SUCCESS_SAFE,False,True,True,323,6.46,6.46,322,-1,nan,0.022953137352605027,0.04637934118967947,0.054875627131378474,0.009495003028582995,0.02,0.660273176412209,0.08243964534553355,2.9751838824521117,0.6920363903045654,0.0,0.0
/home/simon/davide_fr3_ws/src/cbf_safety_filter/config/generated_scenarios/scenario_0435.yaml,scenario_0435,SUCCESS_BUT_UNSAFE,True,True,False,399,7.98,7.98,398,36,0.72,-0.015588394188299996,-0.15734749863057876,-0.09778497425443226,0.009424826869926095,0.02,1.4757192206868062,0.1690383258605619,6.26262285056241,0.7456934452056885,0.0,0.0
/home/simon/davide_fr3_ws/src/cbf_safety_filter/config/generated_scenarios/scenario_0436.yaml,scenario_0436,SUCCESS_BUT_UNSAFE,True,True,False,386,7.72,7.72,385,32,0.64,-0.022555235624684252,-0.22557870334514263,-0.10425667412335574,0.009508541089837308,0.02,1.8547769860411978,0.1398878035171919,5.896834949838318,0.7249937057495117,0.0,0.0
/home/simon/davide_fr3_ws/src/cbf_safety_filter/config/generated_scenarios/scenario_0437.yaml,scenario_0437,SUCCESS_SAFE,False,True,True,315,6.3,6.3,314,-1,nan,0.031151842700481543,0.3144570482121876,0.08183989887991414,0.009457562233120198,0.02,0.527092318584393,0.0680970742419324,2.2849280355669155,0.680457353591919,0.0,0.0
/home/simon/davide_fr3_ws/src/cbf_safety_filter/config/generated_scenarios/scenario_0438.yaml,scenario_0438,SUCCESS_BUT_UNSAFE,True,True,False,368,7.36,7.36,367,84,1.68,-0.018319187656518066,-0.18367513477979977,-0.06383848179823863,0.009500753391955082,0.02,0.9254498812809848,0.10816088368377372,3.5586478214058848,0.7729928493499756,0.0,0.0
/home/simon/davide_fr3_ws/src/cbf_safety_filter/config/generated_scenarios/scenario_0439.yaml,scenario_0439,GOAL_FAIL_AND_UNSAFE,True,False,False,3000,60.0,nan,-1,860,17.2,-0.0022410146771986647,-3.2140885359414604,-0.012635047970624452,0.031838629250880914,0.02,772.1400488559385,105.32274681016776,706.4910800563401,4.237262964248657,0.0,0.0
/home/simon/davide_fr3_ws/src/cbf_safety_filter/config/generated_scenarios/scenario_0440.yaml,scenario_0440,SUCCESS_BUT_UNSAFE,True,True,False,378,7.5600000000000005,7.5600000000000005,377,198,3.96,-0.01832964093182498,-0.19111998966707988,-0.11779896647865475,0.009044750970630368,0.02,6.583047508271634,1.8157788178745895,42.90210383058226,0.7255661487579346,0.0,0.0
/home/simon/davide_fr3_ws/src/cbf_safety_filter/config/generated_scenarios/scenario_0441.yaml,scenario_0441,SUCCESS_SAFE,False,True,True,392,7.84,7.84,391,-1,nan,0.012625715017710655,0.06205373774494634,0.029186563094760143,0.009573356173281472,0.02,3.485950132891569,0.6080752788299338,45.34135734947859,0.9485933780670166,0.0,0.0
/home/simon/davide_fr3_ws/src/cbf_safety_filter/config/generated_scenarios/scenario_0442.yaml,scenario_0442,SUCCESS_SAFE,False,True,True,443,8.86,8.86,442,-1,nan,0.023881913531473658,0.23877590666794118,0.0612308346203454,0.009467602603920294,0.02,2.299354060908049,0.28538067258827904,11.600191110832151,1.068021297454834,0.0,0.0
/home/simon/davide_fr3_ws/src/cbf_safety_filter/config/generated_scenarios/scenario_0443.yaml,scenario_0443,SUCCESS_SAFE,False,True,True,413,8.26,8.26,412,-1,nan,0.023496277199730308,0.23068465986367126,0.05614360550147188,0.00949008073117751,0.02,3.2824063407225634,0.18568436185480056,8.057968329710665,0.8737308979034424,0.0,0.0
/home/simon/davide_fr3_ws/src/cbf_safety_filter/config/generated_scenarios/scenario_0444.yaml,scenario_0444,GOAL_FAIL_AND_UNSAFE,True,False,False,3000,60.0,nan,-1,2168,43.36,-0.0031408148595456903,-4.243465710994995,-0.018291557567277447,0.012132102039783125,0.02,790.963986858334,116.7001904872264,1851.9385427315035,5.634534120559692,0.0,0.0
/home/simon/davide_fr3_ws/src/cbf_safety_filter/config/generated_scenarios/scenario_0445.yaml,scenario_0445,SUCCESS_BUT_UNSAFE,True,True,False,430,8.6,8.6,429,30,0.6,-0.029016383124942112,-0.34962371930641273,-0.09745322334164774,0.009062581319257476,0.02,6.987334500876,0.9247445378303211,49.83407448327229,0.903515100479126,0.0,0.0
/home/simon/davide_fr3_ws/src/cbf_safety_filter/config/generated_scenarios/scenario_0446.yaml,scenario_0446,SUCCESS_SAFE,False,True,True,433,8.66,8.66,432,-1,nan,0.019766830217382104,0.18639091410253378,0.06715339614342548,0.009566229738948823,0.02,6.930684448205683,0.7509394330938267,45.05536871502766,0.6069715023040771,0.0,0.0
/home/simon/davide_fr3_ws/src/cbf_safety_filter/config/generated_scenarios/scenario_0447.yaml,scenario_0447,SUCCESS_BUT_UNSAFE,True,True,False,414,8.28,8.28,413,126,2.52,-0.009417546295290277,-0.09422672918256167,-0.039130641042478986,0.009493260944726419,0.02,2.068516398079183,0.1993663179229828,7.16035209984964,1.1135954856872559,0.0,0.0
/home/simon/davide_fr3_ws/src/cbf_safety_filter/config/generated_scenarios/scenario_0448.yaml,scenario_0448,SUCCESS_BUT_UNSAFE,True,True,False,431,8.620000000000001,8.620000000000001,430,23,0.46,-0.025003117084365374,-0.25297864705074175,-0.13070341742647154,0.00943127322013314,0.02,4.7554405960833925,0.40986606688963856,20.190089665550698,1.048234224319458,0.0,0.0
/home/simon/davide_fr3_ws/src/cbf_safety_filter/config/generated_scenarios/scenario_0449.yaml,scenario_0449,SUCCESS_SAFE,False,True,True,397,7.94,7.94,396,-1,nan,0.01113622690378354,0.1113118415269263,0.031372117304189484,0.009422883695111255,0.02,2.678172706647278,0.16562429404611098,7.73949542191306,0.5515379905700684,0.0,0.0
/home/simon/davide_fr3_ws/src/cbf_safety_filter/config/generated_scenarios/scenario_0450.yaml,scenario_0450,SUCCESS_SAFE,False,True,True,468,9.36,9.36,467,-1,nan,0.008211186653258165,0.07352316629161613,0.02008204272912492,0.009523432212882635,0.02,9.803575978776747,1.413337549677682,43.66741470835931,0.6499180793762207,0.0,0.0
/home/simon/davide_fr3_ws/src/cbf_safety_filter/config/generated_scenarios/scenario_0451.yaml,scenario_0451,SUCCESS_SAFE,False,True,True,425,8.5,8.5,424,-1,nan,0.029906806608328423,0.3009348327273258,0.08691047911488764,0.009455023737070425,0.02,1.9187798246974686,0.18697939324138407,7.053050173766338,0.6436641216278076,0.0,0.0
/home/simon/davide_fr3_ws/src/cbf_safety_filter/config/generated_scenarios/scenario_0452.yaml,scenario_0452,SUCCESS_SAFE,False,True,True,312,6.24,6.24,311,-1,nan,0.02098061321449504,0.2084934581117266,0.08081449178755326,0.009468401763919327,0.02,0.43529386515153545,0.0591253506986394,1.9182796600168386,0.4030632972717285,0.0,0.0
/home/simon/davide_fr3_ws/src/cbf_safety_filter/config/generated_scenarios/scenario_0453.yaml,scenario_0453,SUCCESS_SAFE,False,True,True,407,8.14,8.14,406,-1,nan,0.0030949379919971223,0.02867375189762307,0.007193074445987213,0.009451080568921678,0.02,3.03542655692051,0.17354301628678506,7.826524681257529,0.7562487125396729,0.0,0.0
/home/simon/davide_fr3_ws/src/cbf_safety_filter/config/generated_scenarios/scenario_0454.yaml,scenario_0454,SUCCESS_BUT_UNSAFE,True,True,False,424,8.48,8.48,423,17,0.34,-0.01682034970411977,-0.1710814060914264,-0.12838079725582824,0.009469176143913894,0.02,3.2068116306916745,0.1795879370051195,6.826050903729348,0.9453532695770264,0.0,0.0
/home/simon/davide_fr3_ws/src/cbf_safety_filter/config/generated_scenarios/scenario_0455.yaml,scenario_0455,SUCCESS_BUT_UNSAFE,True,True,False,451,9.02,9.02,450,37,0.74,-0.020330485190257295,-0.21146396201035392,-0.10946649527593834,0.009675051894961262,0.02,7.375811678942999,0.9455718315282312,49.72012581064183,0.857764720916748,0.0,0.0
/home/simon/davide_fr3_ws/src/cbf_safety_filter/config/generated_scenarios/scenario_0456.yaml,scenario_0456,SUCCESS_BUT_UNSAFE,True,True,False,423,8.46,8.46,422,31,0.62,-0.02138584237880013,-0.2150669092179367,-0.12579643419717373,0.009509621594345274,0.02,3.2209357238783034,0.1791922943902282,7.073072373628443,0.5881607532501221,0.0,0.0
/home/simon/davide_fr3_ws/src/cbf_safety_filter/config/generated_scenarios/scenario_0457.yaml,scenario_0457,SUCCESS_SAFE,False,True,True,340,6.8,6.8,339,-1,nan,0.025777476607076744,0.051503079823662465,0.07494623798740513,0.009502326198099905,0.02,0.6970548418711708,0.08342923186154176,2.98035054959703,0.47214722633361816,0.0,0.0
/home/simon/davide_fr3_ws/src/cbf_safety_filter/config/generated_scenarios/scenario_0458.yaml,scenario_0458,SUCCESS_SAFE,False,True,True,410,8.2,8.2,409,-1,nan,0.024111385126536256,0.23915495203702616,0.05706782835447566,0.00942592438432696,0.02,2.2265708234243493,0.15341644349684952,5.795856458968662,1.0904321670532227,0.0,0.0
/home/simon/davide_fr3_ws/src/cbf_safety_filter/config/generated_scenarios/scenario_0459.yaml,scenario_0459,SUCCESS_SAFE,False,True,True,335,6.7,6.7,334,-1,nan,0.014565348152890172,0.1456146000090578,0.0396205985476179,0.009445414669320201,0.02,0.574281704410115,0.07772846578548248,2.6630653450226935,0.7491896152496338,0.0,0.0
/home/simon/davide_fr3_ws/src/cbf_safety_filter/config/generated_scenarios/scenario_0460.yaml,scenario_0460,SUCCESS_SAFE,False,True,True,416,8.32,8.32,415,-1,nan,0.021318402953343307,0.21174716709890837,0.06682385273299751,0.009496669699129968,0.02,2.4071209602682657,0.16210276365042228,6.069212185501669,0.590043306350708,0.0,0.0
/home/simon/davide_fr3_ws/src/cbf_safety_filter/config/generated_scenarios/scenario_0461.yaml,scenario_0461,SUCCESS_BUT_UNSAFE,True,True,False,418,8.36,8.36,417,26,0.52,-0.02475330187641322,-0.24848392565493815,-0.0840958958175825,0.009466345498540332,0.02,1.6692636388302018,0.21855393257202407,8.8455583364994,1.1143710613250732,0.0,0.0
/home/simon/davide_fr3_ws/src/cbf_safety_filter/config/generated_scenarios/scenario_0462.yaml,scenario_0462,SUCCESS_SAFE,False,True,True,401,8.02,8.02,400,-1,nan,0.016073052129150087,0.0316922039494404,0.058968791179612845,0.009431745246030365,0.02,2.7017879065691264,0.16359498120359073,7.526238710989424,0.7226588726043701,0.0,0.0
/home/simon/davide_fr3_ws/src/cbf_safety_filter/config/generated_scenarios/scenario_0463.yaml,scenario_0463,SUCCESS_BUT_UNSAFE,True,True,False,451,9.02,9.02,450,375,7.5,-0.021350805726424626,-0.2544523183264814,-0.07978043721579951,0.009952198833586947,0.02,9.555996551128013,1.7056300630298051,50.25608727215807,1.1857192516326904,0.0,0.0
/home/simon/davide_fr3_ws/src/cbf_safety_filter/config/generated_scenarios/scenario_0464.yaml,scenario_0464,SUCCESS_SAFE,False,True,True,372,7.44,7.44,371,-1,nan,0.000943055402011124,0.008297840343838134,0.002615129881877204,0.009414855870849847,0.02,0.8572650273097439,0.12202280800700152,4.66091260346924,0.6728971004486084,0.0,0.0
/home/simon/davide_fr3_ws/src/cbf_safety_filter/config/generated_scenarios/scenario_0465.yaml,scenario_0465,GOAL_FAIL_AND_UNSAFE,True,False,False,3000,60.0,nan,-1,91,1.82,-0.021456207395332837,-10.406114889281154,-0.12417894982726493,0.045108079545300384,0.02,896.7948409982317,136.66700089377267,2235.087262004712,5.238552570343018,0.0,0.0
/home/simon/davide_fr3_ws/src/cbf_safety_filter/config/generated_scenarios/scenario_0466.yaml,scenario_0466,SUCCESS_BUT_UNSAFE,True,True,False,429,8.58,8.58,428,266,5.32,-0.039319643198695284,-0.3938205315501178,-0.1918489083883133,0.009503009286209606,0.02,4.320343488388091,0.24005627647426012,8.132949235235033,0.5825040340423584,0.0,0.0
/home/simon/davide_fr3_ws/src/cbf_safety_filter/config/generated_scenarios/scenario_0467.yaml,scenario_0467,SUCCESS_SAFE,False,True,True,439,8.78,8.78,438,-1,nan,0.029907235102402983,0.3017075395773997,0.07266190303061232,0.009484527376755822,0.02,2.3067571226414594,0.26738344994523566,10.755555930538142,0.9350697994232178,0.0,0.0
/home/simon/davide_fr3_ws/src/cbf_safety_filter/config/generated_scenarios/scenario_0468.yaml,scenario_0468,SUCCESS_SAFE,False,True,True,452,9.040000000000001,9.040000000000001,451,-1,nan,0.004242606224818073,0.02948585423303557,0.013255831655595157,0.009835397163264877,0.02,20.274896178583713,4.37190767455814,51.13680171016866,0.7806968688964844,0.0,0.0
/home/simon/davide_fr3_ws/src/cbf_safety_filter/config/generated_scenarios/scenario_0469.yaml,scenario_0469,SUCCESS_SAFE,False,True,True,413,8.26,8.26,412,-1,nan,0.016726895977210957,0.16713114916475924,0.04451962301796317,0.009444044050702344,0.02,1.8630119702387262,0.1860088048191339,6.6441892586270015,0.6007633209228516,0.0,0.0
/home/simon/davide_fr3_ws/src/cbf_safety_filter/config/generated_scenarios/scenario_0470.yaml,scenario_0470,SUCCESS_SAFE,False,True,True,375,7.5,7.5,374,-1,nan,0.0034965968367140013,0.034968652048162685,0.00946897009994535,0.009426330784257284,0.02,1.2949195474068915,0.1187367356201813,4.153444814684731,1.029390573501587,0.0,0.0
/home/simon/davide_fr3_ws/src/cbf_safety_filter/config/generated_scenarios/scenario_0471.yaml,scenario_0471,SUCCESS_BUT_UNSAFE,True,True,False,460,9.200000000000001,9.200000000000001,459,56,1.12,-0.012635540128966005,-0.13088088644000506,-0.07726509683523103,0.009788330100065525,0.02,13.336766863214178,2.087210954984065,50.132373217261275,0.7559690475463867,0.0,0.0
/home/simon/davide_fr3_ws/src/cbf_safety_filter/config/generated_scenarios/scenario_0472.yaml,scenario_0472,SUCCESS_BUT_UNSAFE,True,True,False,395,7.9,7.9,394,42,0.84,-0.009597329956119244,-0.09870547952090754,-0.03587444131850365,0.009338469530519127,0.02,5.70792089413048,0.8741111406455774,45.17189199935106,0.7689208984375,0.0,0.0
/home/simon/davide_fr3_ws/src/cbf_safety_filter/config/generated_scenarios/scenario_0473.yaml,scenario_0473,SUCCESS_BUT_UNSAFE,True,True,False,389,7.78,7.78,388,23,0.46,-0.007282231346530712,-0.07568923575719694,-0.04155444178205042,0.006757740216741486,0.02,12.115583253182322,5.179237741222623,46.065009454292344,0.7307584285736084,0.0,0.0
/home/simon/davide_fr3_ws/src/cbf_safety_filter/config/generated_scenarios/scenario_0474.yaml,scenario_0474,SUCCESS_SAFE,False,True,True,387,7.74,7.74,386,-1,nan,0.03616011017591783,0.3820933137024619,0.09172393098741966,0.009472656691427633,0.02,1.2988927850932306,0.12631600380863253,4.453152798894479,0.542461633682251,0.0,0.0
/home/simon/davide_fr3_ws/src/cbf_safety_filter/config/generated_scenarios/scenario_0475.yaml,scenario_0475,SUCCESS_SAFE,False,True,True,401,8.02,8.02,400,-1,nan,0.00828684199844451,0.08434256197089587,0.02499114391479043,0.009502884135443947,0.02,1.4023034293895593,0.14627812054312955,5.324227619184473,0.6432785987854004,0.0,0.0
/home/simon/davide_fr3_ws/src/cbf_safety_filter/config/generated_scenarios/scenario_0476.yaml,scenario_0476,SUCCESS_SAFE,False,True,True,384,7.68,7.68,383,-1,nan,0.02041327677992489,0.20586505597805524,0.04983307724384159,0.009497778252662683,0.02,1.2092888365059828,0.11650732018452026,4.4483305726039175,0.465364933013916,0.0,0.0
/home/simon/davide_fr3_ws/src/cbf_safety_filter/config/generated_scenarios/scenario_0477.yaml,scenario_0477,SUCCESS_SAFE,False,True,True,376,7.5200000000000005,7.5200000000000005,375,-1,nan,0.025771447587532026,0.2587757804276022,0.06412072351516726,0.009459858212600125,0.02,1.3959769430502407,0.12347914216183506,4.504929616742475,0.5411093235015869,0.0,0.0
/home/simon/davide_fr3_ws/src/cbf_safety_filter/config/generated_scenarios/scenario_0478.yaml,scenario_0478,SUCCESS_SAFE,False,True,True,387,7.74,7.74,386,-1,nan,0.03789401288138997,0.3917407254876803,0.11233385617248566,0.009440226095589784,0.02,1.077775241922543,0.12742399543006608,4.663214112611905,0.6530265808105469,0.0,0.0
/home/simon/davide_fr3_ws/src/cbf_safety_filter/config/generated_scenarios/scenario_0479.yaml,scenario_0479,SUCCESS_SAFE,False,True,True,376,7.5200000000000005,7.5200000000000005,375,-1,nan,0.048108695153582605,0.0974248069954314,0.11546212649225857,0.009493691632735769,0.02,1.5687209042533081,0.13266964287184285,5.75883002523952,0.48035502433776855,0.0,0.0
/home/simon/davide_fr3_ws/src/cbf_safety_filter/config/generated_scenarios/scenario_0480.yaml,scenario_0480,SUCCESS_SAFE,False,True,True,410,8.2,8.2,409,-1,nan,0.02934999293946792,0.2918334140577506,0.06822077148477798,0.009476927564970336,0.02,1.699830270763701,0.1906692496155438,7.161653921623142,0.7877166271209717,0.0,0.0
/home/simon/davide_fr3_ws/src/cbf_safety_filter/config/generated_scenarios/scenario_0481.yaml,scenario_0481,SUCCESS_SAFE,False,True,True,446,8.92,8.92,445,-1,nan,0.01762892935126958,0.16507253411869188,0.05640452306269875,0.009449156598828215,0.02,6.186296056970726,0.5358133926364281,48.53890564136657,1.1913020610809326,0.0,0.0
/home/simon/davide_fr3_ws/src/cbf_safety_filter/config/generated_scenarios/scenario_0482.yaml,scenario_0482,GOAL_FAIL_AND_UNSAFE,True,False,False,3000,60.0,nan,-1,53,1.06,-0.014640941353817423,-2.05404261379086,-0.12075783026081498,0.06747822412247126,0.02,787.9543995283005,97.84603055238937,797.4101520546672,6.166675090789795,0.0,0.0
/home/simon/davide_fr3_ws/src/cbf_safety_filter/config/generated_scenarios/scenario_0483.yaml,scenario_0483,GOAL_FAIL_AND_UNSAFE,True,False,False,3000,60.0,nan,-1,60,1.2,-0.027070654981550025,-5.17915676038166,-0.15690252778166838,0.02642787846905251,0.02,823.400094752779,116.37283217651827,851.9004154015983,6.817221641540527,0.0,0.0
/home/simon/davide_fr3_ws/src/cbf_safety_filter/config/generated_scenarios/scenario_0484.yaml,scenario_0484,SUCCESS_BUT_UNSAFE,True,True,False,440,8.8,8.8,439,75,1.5,-0.014971181061753876,-0.1589884503531458,-0.04644283658234297,0.009457107644350067,0.02,6.505239893168103,0.6796408941538656,44.1742199340332,0.5425500869750977,0.0,0.0
/home/simon/davide_fr3_ws/src/cbf_safety_filter/config/generated_scenarios/scenario_0485.yaml,scenario_0485,SUCCESS_SAFE,False,True,True,396,7.92,7.92,395,-1,nan,0.0025834539691621666,0.012676728990485248,0.006623836109435344,0.009482599403905598,0.02,2.598443814741197,0.16285210434922143,7.66205704727394,0.9245176315307617,0.0,0.0
/home/simon/davide_fr3_ws/src/cbf_safety_filter/config/generated_scenarios/scenario_0486.yaml,scenario_0486,SUCCESS_SAFE,False,True,True,401,8.02,8.02,400,-1,nan,0.017551984752957314,0.17534589093089595,0.03955346004755925,0.009471712906693236,0.02,1.2699752080371904,0.14731916687776128,5.5001964838167625,0.5292677879333496,0.0,0.0
/home/simon/davide_fr3_ws/src/cbf_safety_filter/config/generated_scenarios/scenario_0487.yaml,scenario_0487,SUCCESS_BUT_UNSAFE,True,True,False,395,7.9,7.9,394,35,0.7000000000000001,-0.004777890473645283,-0.04848220065720321,-0.012363988691068584,0.009447985785006205,0.02,1.9054288817582459,0.14114058396184853,5.428529474239378,0.8036439418792725,0.0,0.0
/home/simon/davide_fr3_ws/src/cbf_safety_filter/config/generated_scenarios/scenario_0488.yaml,scenario_0488,SUCCESS_BUT_UNSAFE,True,True,False,1187,23.740000000000002,23.740000000000002,1186,58,1.16,-0.038740566195081996,-1.9263446864298819,-0.1654565318449343,0.019159438432822105,0.02,209.20914752096698,64.12952107423678,678.7547414689387,1.8911573886871338,0.0,0.0
/home/simon/davide_fr3_ws/src/cbf_safety_filter/config/generated_scenarios/scenario_0489.yaml,scenario_0489,SUCCESS_SAFE,False,True,True,391,7.82,7.82,390,-1,nan,0.05315276327707433,0.1126064451372742,0.12684316858473366,0.009424143705294088,0.02,1.1716343805849088,0.13529265133830023,4.901442999330988,0.7040591239929199,0.0,0.0
/home/simon/davide_fr3_ws/src/cbf_safety_filter/config/generated_scenarios/scenario_0490.yaml,scenario_0490,GOAL_FAIL_AND_UNSAFE,True,False,False,3000,60.0,nan,-1,69,1.3800000000000001,-0.009024988783900586,-5.054946021329148,-0.0948940939122881,0.01648912151505941,0.02,848.9320271600039,138.52023247522726,1544.9712020325433,3.600027561187744,0.0,0.0
/home/simon/davide_fr3_ws/src/cbf_safety_filter/config/generated_scenarios/scenario_0491.yaml,scenario_0491,SUCCESS_BUT_UNSAFE,True,True,False,415,8.3,8.3,414,50,1.0,-0.020776074621875553,-0.21099303179506357,-0.05984703143295489,0.009415821250893387,0.02,2.033440736732412,0.20192979089965216,7.426903590441469,0.7661178112030029,0.0,0.0
/home/simon/davide_fr3_ws/src/cbf_safety_filter/config/generated_scenarios/scenario_0492.yaml,scenario_0492,SUCCESS_BUT_UNSAFE,True,True,False,446,8.92,8.92,445,135,2.7,-0.007005493802511847,-0.1276517932998411,-0.024062491420993787,0.00975823502856179,0.02,18.951314276560936,5.752663155303434,44.763205222302595,0.76430344581604,0.0,0.0
/home/simon/davide_fr3_ws/src/cbf_safety_filter/config/generated_scenarios/scenario_0493.yaml,scenario_0493,SUCCESS_BUT_UNSAFE,True,True,False,418,8.36,8.36,417,24,0.48,-0.013110198761954578,-0.13256460005519866,-0.11427364177633458,0.009432009043985634,0.02,2.090947096188745,0.21502543089888362,8.20024350937746,0.8464374542236328,0.0,0.0
/home/simon/davide_fr3_ws/src/cbf_safety_filter/config/generated_scenarios/scenario_0494.yaml,scenario_0494,SUCCESS_SAFE,False,True,True,401,8.02,8.02,400,-1,nan,0.014585854575534116,0.14650136785381843,0.052235043293607994,0.009483798919342023,0.02,2.741934181642836,0.1651711434795826,7.7630936113908495,0.48444390296936035,0.0,0.0
/home/simon/davide_fr3_ws/src/cbf_safety_filter/config/generated_scenarios/scenario_0495.yaml,scenario_0495,SUCCESS_SAFE,False,True,True,361,7.22,7.22,360,-1,nan,0.007993306105658543,0.07709481221833131,0.02767086309759781,0.009504362810032002,0.02,0.8375785534322502,0.11677135873218711,4.4456756811138805,0.7861692905426025,0.0,0.0
/home/simon/davide_fr3_ws/src/cbf_safety_filter/config/generated_scenarios/scenario_0496.yaml,scenario_0496,SUCCESS_SAFE,False,True,True,425,8.5,8.5,424,-1,nan,0.0026236958711224456,0.024158116985585336,0.011638204268170207,0.00950405376778943,0.02,2.1865535176913196,0.22405143039681857,8.585438090611046,0.6538288593292236,0.0,0.0
/home/simon/davide_fr3_ws/src/cbf_safety_filter/config/generated_scenarios/scenario_0497.yaml,scenario_0497,SUCCESS_BUT_UNSAFE,True,True,False,374,7.48,7.48,373,53,1.06,-0.007745967433126845,-0.07746447204964882,-0.055022936587574525,0.009438342107650974,0.02,0.9956043191847714,0.10447645853026234,3.915946926586903,0.5876579284667969,0.0,0.0
/home/simon/davide_fr3_ws/src/cbf_safety_filter/config/generated_scenarios/scenario_0498.yaml,scenario_0498,SUCCESS_BUT_UNSAFE,True,True,False,348,6.96,6.96,347,59,1.18,-0.013539854116438562,-0.13541704721611209,-0.0817257711975379,0.009458550375504351,0.02,1.0570035093105077,0.111370144941677,4.3988202232038836,0.8399374485015869,0.0,0.0
/home/simon/davide_fr3_ws/src/cbf_safety_filter/config/generated_scenarios/scenario_0499.yaml,scenario_0499,SUCCESS_SAFE,False,True,True,393,7.86,7.86,392,-1,nan,0.013962389709867455,0.13866723256645896,0.04495890894654889,0.009472340522534465,0.02,1.1198532573964453,0.14598926180076985,5.529647548017237,0.6599862575531006,0.0,0.0
/home/simon/davide_fr3_ws/src/cbf_safety_filter/config/generated_scenarios/scenario_0500.yaml,scenario_0500,SUCCESS_BUT_UNSAFE,True,True,False,418,8.36,8.36,417,159,3.18,-0.007478839099637397,-0.07494463760004293,-0.03451476024973857,0.00946731302202422,0.02,3.18823702225605,0.17863721905261953,7.562702435564786,0.7219312191009521,0.0,0.0
/home/simon/davide_fr3_ws/src/cbf_safety_filter/config/generated_scenarios/scenario_0501.yaml,scenario_0501,SUCCESS_SAFE,False,True,True,396,7.92,7.92,395,-1,nan,0.03056899453909387,0.3018393099767931,0.10918199952486321,0.009461913735576302,0.02,1.502750084317228,0.13987561921309963,4.756409329339592,0.48957324028015137,0.0,0.0
/home/simon/davide_fr3_ws/src/cbf_safety_filter/config/generated_scenarios/scenario_0502.yaml,scenario_0502,SUCCESS_BUT_UNSAFE,True,True,False,446,8.92,8.92,445,28,0.56,-0.023614425524505177,-0.2554308860651074,-0.14889859125284285,0.01066594815244599,0.02,15.92220833831616,4.196865222936137,46.35495220529655,0.889225959777832,0.0,0.0
/home/simon/davide_fr3_ws/src/cbf_safety_filter/config/generated_scenarios/scenario_0503.yaml,scenario_0503,GOAL_FAIL_AND_UNSAFE,True,False,False,3000,60.0,nan,-1,93,1.86,-0.04270280795027139,-5.231172942464317,-0.20200084584966577,0.04765543396632041,0.02,798.4597383790895,110.78857101254272,1091.1009476924469,6.777543067932129,0.0,0.0
/home/simon/davide_fr3_ws/src/cbf_safety_filter/config/generated_scenarios/scenario_0504.yaml,scenario_0504,SUCCESS_SAFE,False,True,True,448,8.96,8.96,447,-1,nan,0.013330040770047562,0.11906043649826192,0.032401533951542466,0.013021291841449194,0.02,18.661921961605643,5.0982197990840215,37.31002450364026,0.6949276924133301,0.0,0.0
/home/simon/davide_fr3_ws/src/cbf_safety_filter/config/generated_scenarios/scenario_0505.yaml,scenario_0505,SUCCESS_BUT_UNSAFE,True,True,False,461,9.22,9.22,460,36,0.72,-0.02115035736834427,-0.2352290418729308,-0.14030274355005554,0.010041524509995339,0.02,13.67405984144919,2.5779129637715386,48.84537614519498,1.2059476375579834,0.0,0.0
/home/simon/davide_fr3_ws/src/cbf_safety_filter/config/generated_scenarios/scenario_0506.yaml,scenario_0506,SUCCESS_SAFE,False,True,True,421,8.42,8.42,420,-1,nan,0.0038778089615888814,0.03385214583844889,0.01010619330429624,0.009344828035166149,0.02,5.862134007266078,0.7189983704185713,36.39810134434104,0.9804356098175049,0.0,0.0
/home/simon/davide_fr3_ws/src/cbf_safety_filter/config/generated_scenarios/scenario_0507.yaml,scenario_0507,SUCCESS_SAFE,False,True,True,355,7.1000000000000005,7.1000000000000005,354,-1,nan,0.012940799851256624,0.1282900426534986,0.05478347836609307,0.00956150800374037,0.02,2.055723680338966,0.28106694104896107,46.52103083918197,0.4925057888031006,0.0,0.0
/home/simon/davide_fr3_ws/src/cbf_safety_filter/config/generated_scenarios/scenario_0508.yaml,scenario_0508,SUCCESS_BUT_UNSAFE,True,True,False,372,7.44,7.44,371,62,1.24,-0.01490146550235424,-0.15004836659412074,-0.06599164938727768,0.009416040465302717,0.02,1.38480173146233,0.12317682194823878,4.776537305750849,0.9396421909332275,0.0,0.0
/home/simon/davide_fr3_ws/src/cbf_safety_filter/config/generated_scenarios/scenario_0509.yaml,scenario_0509,SUCCESS_SAFE,False,True,True,412,8.24,8.24,411,-1,nan,0.005019150144275088,0.0441840437784778,0.016053400160371156,0.009419755656271537,0.02,1.9889511537359905,0.1554277690390768,5.732452042255736,0.732093095779419,0.0,0.0
/home/simon/davide_fr3_ws/src/cbf_safety_filter/config/generated_scenarios/scenario_0510.yaml,scenario_0510,SUCCESS_SAFE,False,True,True,403,8.06,8.06,402,-1,nan,0.015438487669880605,0.1518249522659698,0.05465769834059969,0.0094729873675123,0.02,1.7198197031593319,0.18376125333174045,6.859501725870414,0.5158426761627197,0.0,0.0
/home/simon/davide_fr3_ws/src/cbf_safety_filter/config/generated_scenarios/scenario_0511.yaml,scenario_0511,SUCCESS_SAFE,False,True,True,422,8.44,8.44,421,-1,nan,0.04533351855014442,0.45162139984349214,0.10848360235802007,0.009443876674466552,0.02,2.4550813212254825,0.19347476842531292,6.6668944733649935,0.7385272979736328,0.0,0.0
/home/simon/davide_fr3_ws/src/cbf_safety_filter/config/generated_scenarios/scenario_0512.yaml,scenario_0512,SUCCESS_SAFE,False,True,True,362,7.24,7.24,361,-1,nan,0.02066350144159254,0.2066344504124138,0.05784178239957499,0.009412062808725218,0.02,0.9392472284003001,0.09908699838539017,3.7692603287240063,0.5018467903137207,0.0,0.0
/home/simon/davide_fr3_ws/src/cbf_safety_filter/config/generated_scenarios/scenario_0513.yaml,scenario_0513,SUCCESS_SAFE,False,True,True,445,8.9,8.9,444,-1,nan,0.03446378837426941,0.3833894789233232,0.07913058188693664,0.00939805124231384,0.02,4.259101253294641,0.5102125218966539,45.27540066710156,0.6386580467224121,0.0,0.0
/home/simon/davide_fr3_ws/src/cbf_safety_filter/config/generated_scenarios/scenario_0514.yaml,scenario_0514,GOAL_FAIL_AND_UNSAFE,True,False,False,3000,60.0,nan,-1,38,0.76,-0.029032191401373673,-1.9711674488211712,-0.16401876416328315,0.015143152646721256,0.02,788.9869340027491,117.35888931609547,1433.8786591150022,4.055164337158203,0.0,0.0
/home/simon/davide_fr3_ws/src/cbf_safety_filter/config/generated_scenarios/scenario_0515.yaml,scenario_0515,SUCCESS_BUT_UNSAFE,True,True,False,2087,41.74,41.74,2086,54,1.08,-0.009023889204902928,-4.352475148481646,-0.09394605735589082,0.010758103781250299,0.02,549.1928286046058,110.79341686968509,1117.234681552328,3.7795281410217285,0.0,0.0
/home/simon/davide_fr3_ws/src/cbf_safety_filter/config/generated_scenarios/scenario_0516.yaml,scenario_0516,SUCCESS_SAFE,False,True,True,408,8.16,8.16,407,-1,nan,0.04665045088046153,0.47568680220491455,0.10492298081325063,0.00943190736824848,0.02,2.3683113184445803,0.15256960679418444,6.265097089541188,0.5505292415618896,0.0,0.0
/home/simon/davide_fr3_ws/src/cbf_safety_filter/config/generated_scenarios/scenario_0517.yaml,scenario_0517,SUCCESS_SAFE,False,True,True,436,8.72,8.72,435,-1,nan,0.022782437735004688,0.22257168860476353,0.08573399709505469,0.00952423966410034,0.02,6.9067491006713215,0.9818501627086945,50.050383565683276,0.603644609451294,0.0,0.0
/home/simon/davide_fr3_ws/src/cbf_safety_filter/config/generated_scenarios/scenario_0518.yaml,scenario_0518,SUCCESS_SAFE,False,True,True,313,6.26,6.26,312,-1,nan,0.0006199548772355991,0.006193264009815887,0.0023845832300259384,0.009426177209687471,0.02,0.7499126145958236,0.09716491595814467,3.525474237534369,0.7865962982177734,0.0,0.0
/home/simon/davide_fr3_ws/src/cbf_safety_filter/config/generated_scenarios/scenario_0519.yaml,scenario_0519,SUCCESS_SAFE,False,True,True,363,7.26,7.26,362,-1,nan,0.03402880093145785,0.3402447695154694,0.07184458918823275,0.009428199423549711,0.02,0.9342711607178865,0.13836548790634862,5.6095564634632655,0.669243335723877,0.0,0.0
/home/simon/davide_fr3_ws/src/cbf_safety_filter/config/generated_scenarios/scenario_0520.yaml,scenario_0520,SUCCESS_SAFE,False,True,True,317,6.34,6.34,316,-1,nan,0.02656700210414926,0.2671471202038115,0.06529244397936429,0.00946744937659307,0.02,0.7204090796141418,0.0923250585383412,3.3909459623096745,0.4264206886291504,0.0,0.0
/home/simon/davide_fr3_ws/src/cbf_safety_filter/config/generated_scenarios/scenario_0521.yaml,scenario_0521,SUCCESS_BUT_UNSAFE,True,True,False,379,7.58,7.58,378,25,0.5,-0.021785432044974674,-0.21821588132835432,-0.07773022190690192,0.009460666143109414,0.02,1.7532749435207562,0.13903663957261103,6.085971065023463,0.5181941986083984,0.0,0.0
/home/simon/davide_fr3_ws/src/cbf_safety_filter/config/generated_scenarios/scenario_0522.yaml,scenario_0522,GOAL_FAIL_AND_UNSAFE,True,False,False,3000,60.0,nan,-1,55,1.1,-0.04528356925951969,-4.402511148394176,-0.2122796727180821,0.032727773343984155,0.02,811.3894828280602,116.66615416979768,683.3982990326656,6.480444431304932,0.0,0.0
/home/simon/davide_fr3_ws/src/cbf_safety_filter/config/generated_scenarios/scenario_0523.yaml,scenario_0523,SUCCESS_BUT_UNSAFE,True,True,False,426,8.52,8.52,425,91,1.82,-0.037351189447907863,-0.38724085013250203,-0.1534506064769984,0.012648691013515987,0.02,18.336711421344244,6.408389458133415,48.5411161906911,0.5397777557373047,0.0,0.0
/home/simon/davide_fr3_ws/src/cbf_safety_filter/config/generated_scenarios/scenario_0524.yaml,scenario_0524,GOAL_FAIL_AND_UNSAFE,True,False,False,3000,60.0,nan,-1,332,6.640000000000001,-0.04403732392532349,-4.795414434561291,-0.20208317774125828,0.03434811373110334,0.02,772.2006672240051,105.53498194236859,928.9627100006026,5.7541515827178955,0.0,0.0
/home/simon/davide_fr3_ws/src/cbf_safety_filter/config/generated_scenarios/scenario_0525.yaml,scenario_0525,SUCCESS_SAFE,False,True,True,416,8.32,8.32,415,-1,nan,0.02779564254218274,0.27250408081671706,0.07276636936333114,0.00948706454702443,0.02,2.2082025675900185,0.19223408401078051,6.541204851904056,0.7938821315765381,0.0,0.0
/home/simon/davide_fr3_ws/src/cbf_safety_filter/config/generated_scenarios/scenario_0526.yaml,scenario_0526,SUCCESS_BUT_UNSAFE,True,True,False,458,9.16,9.16,457,37,0.74,-0.0393630130360213,-0.39419097950057086,-0.1848217556499861,0.010617495373046775,0.02,12.000127742350143,2.038898610306832,41.925494751504914,0.879694938659668,0.0,0.0
/home/simon/davide_fr3_ws/src/cbf_safety_filter/config/generated_scenarios/scenario_0527.yaml,scenario_0527,SUCCESS_SAFE,False,True,True,367,7.34,7.34,366,-1,nan,0.0011749378186961448,0.007527120959360654,0.0051854081353478465,0.009456484072904264,0.02,2.836364769873663,0.5234173415926264,49.36274258095326,0.8892149925231934,0.0,0.0
/home/simon/davide_fr3_ws/src/cbf_safety_filter/config/generated_scenarios/scenario_0528.yaml,scenario_0528,SUCCESS_BUT_UNSAFE,True,True,False,402,8.040000000000001,8.040000000000001,401,66,1.32,-0.01257322422901537,-0.1259128376115043,-0.03993169175775593,0.009439638149802075,0.02,1.594073667987937,0.16981786898770962,5.896877290530724,0.487764835357666,0.0,0.0
/home/simon/davide_fr3_ws/src/cbf_safety_filter/config/generated_scenarios/scenario_0529.yaml,scenario_0529,SUCCESS_SAFE,False,True,True,311,6.22,6.22,310,-1,nan,0.027157108871085318,0.27136389455935694,0.07339799022788934,0.009475839069710815,0.02,0.7395678913816611,0.09689116721620407,3.4991567299408333,0.6065526008605957,0.0,0.0
/home/simon/davide_fr3_ws/src/cbf_safety_filter/config/generated_scenarios/scenario_0530.yaml,scenario_0530,SUCCESS_SAFE,False,True,True,525,10.5,10.5,524,-1,nan,0.004684730598258087,0.014042133745660296,0.016010144184554792,0.012944582854250035,0.02,28.331368099831522,8.216706396690267,52.905950228717394,0.9333345890045166,0.0,0.0
/home/simon/davide_fr3_ws/src/cbf_safety_filter/config/generated_scenarios/scenario_0531.yaml,scenario_0531,SUCCESS_SAFE,False,True,True,352,7.04,7.04,351,-1,nan,0.0022429273568886875,0.02229770575408726,0.007730746848623182,0.009460787031883236,0.02,1.060904926831808,0.10924428544926398,4.233815201232821,0.8437714576721191,0.0,0.0
/home/simon/davide_fr3_ws/src/cbf_safety_filter/config/generated_scenarios/scenario_0532.yaml,scenario_0532,SUCCESS_SAFE,False,True,True,389,7.78,7.78,388,-1,nan,0.020218461407106977,0.2025691312627034,0.05430602759206543,0.009494273311851853,0.02,1.7886081268483023,0.13673544245641595,6.06762095519028,0.7379705905914307,0.0,0.0
/home/simon/davide_fr3_ws/src/cbf_safety_filter/config/generated_scenarios/scenario_0533.yaml,scenario_0533,SUCCESS_SAFE,False,True,True,334,6.68,6.68,333,-1,nan,0.009854735457439735,0.09852387111659261,0.028674610131026568,0.009487512740020765,0.02,0.8678623568422525,0.09856872933925795,3.6210382147130957,0.43021368980407715,0.0,0.0
/home/simon/davide_fr3_ws/src/cbf_safety_filter/config/generated_scenarios/scenario_0534.yaml,scenario_0534,SUCCESS_SAFE,False,True,True,379,7.58,7.58,378,-1,nan,0.002306648487136128,0.022433822446782818,0.008483945183234615,0.00944933536660841,0.02,1.1473021132202361,0.1306725680106472,4.458219833124703,0.4733705520629883,0.0,0.0
/home/simon/davide_fr3_ws/src/cbf_safety_filter/config/generated_scenarios/scenario_0535.yaml,scenario_0535,SUCCESS_SAFE,False,True,True,443,8.86,8.86,442,-1,nan,0.028650072363137408,0.318767240538265,0.06403220830223438,0.009499565375774673,0.02,2.371646132180456,0.2820702358496907,11.425161635752989,0.6172115802764893,0.0,0.0
/home/simon/davide_fr3_ws/src/cbf_safety_filter/config/generated_scenarios/scenario_0536.yaml,scenario_0536,SUCCESS_SAFE,False,True,True,421,8.42,8.42,420,-1,nan,0.03148453786598049,0.31678320856872866,0.0841863327786721,0.009478366581126616,0.02,2.0107491974230416,0.16617058370084792,6.281530555921736,0.5600788593292236,0.0,0.0
/home/simon/davide_fr3_ws/src/cbf_safety_filter/config/generated_scenarios/scenario_0537.yaml,scenario_0537,SUCCESS_SAFE,False,True,True,357,7.140000000000001,7.140000000000001,356,-1,nan,0.006088137273166804,0.06086384346390961,0.027352408135671857,0.009498795797608756,0.02,1.1908273537233174,0.11804040489945619,4.74192133020042,0.8939671516418457,0.0,0.0
/home/simon/davide_fr3_ws/src/cbf_safety_filter/config/generated_scenarios/scenario_0538.yaml,scenario_0538,SUCCESS_BUT_UNSAFE,True,True,False,388,7.76,7.76,387,59,1.18,-0.026945666126694096,-0.26947558801990285,-0.09583617818530306,0.00943117103179796,0.02,1.191694584067835,0.1283744557105408,4.553682675811097,0.8038220405578613,0.0,0.0
/home/simon/davide_fr3_ws/src/cbf_safety_filter/config/generated_scenarios/scenario_0539.yaml,scenario_0539,SUCCESS_BUT_UNSAFE,True,True,False,463,9.26,9.26,462,23,0.46,-0.027516239220569984,-0.2762655803663056,-0.11348670344745615,0.009421251900679007,0.02,9.599546027779823,1.5002090364954908,41.72603379045767,1.2900607585906982,0.0,0.0
/home/simon/davide_fr3_ws/src/cbf_safety_filter/config/generated_scenarios/scenario_0540.yaml,scenario_0540,SUCCESS_SAFE,False,True,True,410,8.2,8.2,409,-1,nan,0.022311061383587086,0.22059199402082105,0.07526133102863197,0.009482736705636048,0.02,2.058990868821248,0.19082299270616682,6.246753844624686,0.7537872791290283,0.0,0.0
/home/simon/davide_fr3_ws/src/cbf_safety_filter/config/generated_scenarios/scenario_0541.yaml,scenario_0541,SUCCESS_SAFE,False,True,True,327,6.54,6.54,326,-1,nan,0.007987950555789668,0.07960902291488903,0.023219472158564014,0.009461757814630217,0.02,0.5077350301996981,0.08751257930368782,3.275421753649265,0.5643279552459717,0.0,0.0
/home/simon/davide_fr3_ws/src/cbf_safety_filter/config/generated_scenarios/scenario_0542.yaml,scenario_0542,SUCCESS_BUT_UNSAFE,True,True,False,399,7.98,7.98,398,185,3.7,-0.00432196155381492,-0.043785775205670986,-0.020932934474647308,0.009435001490113747,0.02,1.4426309710723906,0.16551031113738693,6.04486466185773,0.7228753566741943,0.0,0.0
/home/simon/davide_fr3_ws/src/cbf_safety_filter/config/generated_scenarios/scenario_0543.yaml,scenario_0543,SUCCESS_SAFE,False,True,True,414,8.28,8.28,413,-1,nan,0.014172511175296817,0.009855929548352967,0.05923977745660444,0.009435637649599897,0.02,3.7158007159289625,0.3778445215772257,44.242213976772796,0.5789663791656494,0.0,0.0
/home/simon/davide_fr3_ws/src/cbf_safety_filter/config/generated_scenarios/scenario_0544.yaml,scenario_0544,SUCCESS_SAFE,False,True,True,385,7.7,7.7,384,-1,nan,0.015664753437974473,0.15656481138979553,0.052903047073609794,0.009433319060949718,0.02,1.4500176446541162,0.12681573168153773,4.537210059731189,1.0389604568481445,0.0,0.0
/home/simon/davide_fr3_ws/src/cbf_safety_filter/config/generated_scenarios/scenario_0545.yaml,scenario_0545,SUCCESS_BUT_UNSAFE,True,True,False,440,8.8,8.8,439,27,0.54,-0.03684974189444678,-0.39493028508963934,-0.1428637670197881,0.011028264041794298,0.02,23.26609173197346,7.412008551379997,51.79791081456936,1.2489280700683594,0.0,0.0
/home/simon/davide_fr3_ws/src/cbf_safety_filter/config/generated_scenarios/scenario_0546.yaml,scenario_0546,SUCCESS_SAFE,False,True,True,349,6.98,6.98,348,-1,nan,0.0010417018995834935,0.010013246397901354,0.005612247644240079,0.009626041940855588,0.02,2.4122278582984316,0.60793502439677,47.11323707859354,0.4960927963256836,0.0,0.0
/home/simon/davide_fr3_ws/src/cbf_safety_filter/config/generated_scenarios/scenario_0547.yaml,scenario_0547,SUCCESS_BUT_UNSAFE,True,True,False,381,7.62,7.62,380,114,2.2800000000000002,-0.0024815763756261162,-0.02513190909681144,-0.007880022067569714,0.009479208500586991,0.02,1.0743782968286446,0.13450530783009523,4.919395948688977,0.5250945091247559,0.0,0.0
/home/simon/davide_fr3_ws/src/cbf_safety_filter/config/generated_scenarios/scenario_0548.yaml,scenario_0548,SUCCESS_SAFE,False,True,True,401,8.02,8.02,400,-1,nan,0.024250684357485223,0.05002254123181681,0.05762634545025602,0.009419168214909466,0.02,1.6896027058162293,0.14097675835892068,5.202421971886358,0.718372106552124,0.0,0.0
/home/simon/davide_fr3_ws/src/cbf_safety_filter/config/generated_scenarios/scenario_0549.yaml,scenario_0549,SUCCESS_BUT_UNSAFE,True,True,False,417,8.34,8.34,416,132,2.64,-0.021973640660009966,-0.22205110481891915,-0.08616977224422308,0.009509600560469924,0.02,2.4835937907161085,0.2215888618902029,8.239807388622474,0.7288720607757568,0.0,0.0
/home/simon/davide_fr3_ws/src/cbf_safety_filter/config/generated_scenarios/scenario_0550.yaml,scenario_0550,SUCCESS_SAFE,False,True,True,398,7.96,7.96,397,-1,nan,0.023579436887655864,0.23578678848291673,0.06792734009680715,0.00945880209968762,0.02,2.6173886845458205,0.16232678707914044,7.39174604607474,0.948561429977417,0.0,0.0
/home/simon/davide_fr3_ws/src/cbf_safety_filter/config/generated_scenarios/scenario_0551.yaml,scenario_0551,SUCCESS_BUT_UNSAFE,True,True,False,401,8.02,8.02,400,45,0.9,-0.02641118885181726,-0.26516754627260525,-0.08030208711252333,0.009467368202655502,0.02,1.5370881655546058,0.16576870721183332,5.772577452046388,0.7124183177947998,0.0,0.0
/home/simon/davide_fr3_ws/src/cbf_safety_filter/config/generated_scenarios/scenario_0552.yaml,scenario_0552,SUCCESS_BUT_UNSAFE,True,True,False,415,8.3,8.3,414,39,0.78,-0.029433145855427185,-0.05905444430896593,-0.1111179205238775,0.009460717152988709,0.02,2.5166728470621513,0.15658592606533955,6.5228207411696,1.2523467540740967,0.0,0.0
/home/simon/davide_fr3_ws/src/cbf_safety_filter/config/generated_scenarios/scenario_0553.yaml,scenario_0553,SUCCESS_BUT_UNSAFE,True,True,False,454,9.08,9.08,453,233,4.66,-0.014061096067030055,-0.19433475679402762,-0.055402903606154144,0.008933116205551522,0.02,17.15910821217297,4.183167226644524,41.78003599991006,0.9527339935302734,0.0,0.0
/home/simon/davide_fr3_ws/src/cbf_safety_filter/config/generated_scenarios/scenario_0554.yaml,scenario_0554,SUCCESS_SAFE,False,True,True,420,8.4,8.4,419,-1,nan,0.016158046887283874,0.16335368648186624,0.05277405630698792,0.009489276261136766,0.02,3.5430380946697175,0.2056236370454836,7.826762387096,0.808915376663208,0.0,0.0
/home/simon/davide_fr3_ws/src/cbf_safety_filter/config/generated_scenarios/scenario_0555.yaml,scenario_0555,SUCCESS_SAFE,False,True,True,401,8.02,8.02,400,-1,nan,0.042549184845685706,0.4229447839850086,0.10777959496482342,0.00947032742116846,0.02,1.4366261936536788,0.13739652872373148,5.1108661060375695,1.0780038833618164,0.0,0.0
/home/simon/davide_fr3_ws/src/cbf_safety_filter/config/generated_scenarios/scenario_0556.yaml,scenario_0556,SUCCESS_BUT_UNSAFE,True,True,False,368,7.36,7.36,367,243,4.86,-0.020326642693665894,-0.4160976329629512,-0.10025931980999755,0.008429283760598608,0.02,17.379857348231777,13.110633713898148,58.44401329077972,0.717782735824585,0.0,0.0
/home/simon/davide_fr3_ws/src/cbf_safety_filter/config/generated_scenarios/scenario_0557.yaml,scenario_0557,SUCCESS_SAFE,False,True,True,312,6.24,6.24,311,-1,nan,0.011041969036064428,0.11051060487237073,0.03088769022794527,0.009500941732940851,0.02,0.5167930070337369,0.06479045781115363,2.1187457882508935,0.7561099529266357,0.0,0.0
/home/simon/davide_fr3_ws/src/cbf_safety_filter/config/generated_scenarios/scenario_0558.yaml,scenario_0558,SUCCESS_SAFE,False,True,True,376,7.5200000000000005,7.5200000000000005,375,-1,nan,0.027054054197963178,0.2747912526411956,0.06777493269720236,0.009465278052864352,0.02,0.8308348386723488,0.12277672910584665,4.742632307492383,0.5623438358306885,0.0,0.0
/home/simon/davide_fr3_ws/src/cbf_safety_filter/config/generated_scenarios/scenario_0559.yaml,scenario_0559,SUCCESS_SAFE,False,True,True,364,7.28,7.28,363,-1,nan,0.013468141703531819,0.13467740856216975,0.034686126503683024,0.009478889375998424,0.02,0.8886015414056262,0.10170418813720462,3.315051854239801,0.54549241065979,0.0,0.0
/home/simon/davide_fr3_ws/src/cbf_safety_filter/config/generated_scenarios/scenario_0560.yaml,scenario_0560,SUCCESS_SAFE,False,True,True,405,8.1,8.1,404,-1,nan,0.032983874474343644,0.3327588601058542,0.09457156893553953,0.009466741962995956,0.02,2.444995895797329,0.15177125887922294,6.949593843348475,0.657508134841919,0.0,0.0
/home/simon/davide_fr3_ws/src/cbf_safety_filter/config/generated_scenarios/scenario_0561.yaml,scenario_0561,SUCCESS_BUT_UNSAFE,True,True,False,406,8.120000000000001,8.120000000000001,405,53,1.06,-0.028814886649933716,-0.2890833184526687,-0.11364234602228085,0.009492794790974523,0.02,1.712468087328459,0.16260478328690747,5.515710700287144,0.5492603778839111,0.0,0.0
/home/simon/davide_fr3_ws/src/cbf_safety_filter/config/generated_scenarios/scenario_0562.yaml,scenario_0562,SUCCESS_SAFE,False,True,True,458,9.16,9.16,457,-1,nan,0.0035903813934767253,0.03572245515071177,0.01409669413150283,0.009514810467150123,0.02,6.140563584573288,0.5893035420234995,46.044768129343645,0.9911394119262695,0.0,0.0
/home/simon/davide_fr3_ws/src/cbf_safety_filter/config/generated_scenarios/scenario_0563.yaml,scenario_0563,SUCCESS_BUT_UNSAFE,True,True,False,410,8.2,8.2,409,164,3.2800000000000002,-0.007474097298627915,-0.019167199666417986,-0.029041589440934823,0.009562665099559796,0.02,4.314432628500614,0.6549459826241699,44.690803183571205,0.5744132995605469,0.0,0.0
/home/simon/davide_fr3_ws/src/cbf_safety_filter/config/generated_scenarios/scenario_0564.yaml,scenario_0564,SUCCESS_SAFE,False,True,True,410,8.2,8.2,409,-1,nan,0.013310861991868305,0.13310760121595527,0.046188103619451054,0.009429607468081674,0.02,1.9689902941055708,0.18947310628304825,6.499702799977128,0.879246711730957,0.0,0.0
/home/simon/davide_fr3_ws/src/cbf_safety_filter/config/generated_scenarios/scenario_0565.yaml,scenario_0565,SUCCESS_SAFE,False,True,True,397,7.94,7.94,396,-1,nan,0.05784031318228189,0.5858645017204825,0.11623126784718738,0.00941410337273691,0.02,1.4105711672798567,0.12974788274778348,4.918279816957624,0.6915926933288574,0.0,0.0
/home/simon/davide_fr3_ws/src/cbf_safety_filter/config/generated_scenarios/scenario_0566.yaml,scenario_0566,SUCCESS_SAFE,False,True,True,417,8.34,8.34,416,-1,nan,0.014371705197141593,0.027781993413590396,0.034007238599965545,0.009500516145608828,0.02,2.8622751247542975,0.16609117182055233,6.874838124993047,0.7428841590881348,0.0,0.0
/home/simon/davide_fr3_ws/src/cbf_safety_filter/config/generated_scenarios/scenario_0567.yaml,scenario_0567,SUCCESS_SAFE,False,True,True,408,8.16,8.16,407,-1,nan,0.012253592148400402,0.11967956538619268,0.042399976307784665,0.009424832930748304,0.02,1.8618768102005545,0.16127576253255452,5.298677707993213,0.6973049640655518,0.0,0.0
/home/simon/davide_fr3_ws/src/cbf_safety_filter/config/generated_scenarios/scenario_0568.yaml,scenario_0568,SUCCESS_BUT_UNSAFE,True,True,False,450,9.0,9.0,449,15,0.3,-0.015484745973093125,-0.17058038054452093,-0.08054112400963592,0.009483682538864233,0.02,3.035301080131991,0.2970607097481417,11.927216768261111,0.7792856693267822,0.0,0.0
/home/simon/davide_fr3_ws/src/cbf_safety_filter/config/generated_scenarios/scenario_0569.yaml,scenario_0569,GOAL_FAIL_AND_UNSAFE,True,False,False,3000,60.0,nan,-1,1986,39.72,-0.0016883996957659702,-4.124329806088063,-0.009346043265742648,0.1045149781172952,0.02,895.0609576097127,136.21143858555035,852.6670060284989,4.198286533355713,0.0,0.0
/home/simon/davide_fr3_ws/src/cbf_safety_filter/config/generated_scenarios/scenario_0570.yaml,scenario_0570,SUCCESS_SAFE,False,True,True,401,8.02,8.02,400,-1,nan,0.002460360295053806,0.02458882275709999,0.009322290622920698,0.009480817189528595,0.02,1.484697183331384,0.16977445716469222,6.214579485931571,0.7085068225860596,0.0,0.0
/home/simon/davide_fr3_ws/src/cbf_safety_filter/config/generated_scenarios/scenario_0571.yaml,scenario_0571,SUCCESS_BUT_UNSAFE,True,True,False,377,7.54,7.54,376,106,2.12,-0.04175227076240139,-0.4749077619024966,-0.17336368073427974,0.009441780115228074,0.02,9.639975285960407,2.4760375625715,52.277752631457,0.9034254550933838,0.0,0.0
/home/simon/davide_fr3_ws/src/cbf_safety_filter/config/generated_scenarios/scenario_0572.yaml,scenario_0572,SUCCESS_SAFE,False,True,True,401,8.02,8.02,400,-1,nan,0.0028221511241027127,-0.5032592924281609,0.011241759650016558,0.00970971089992828,0.02,26.304304849634683,17.550720938636122,50.486221379223785,0.47028684616088867,0.0,0.0
/home/simon/davide_fr3_ws/src/cbf_safety_filter/config/generated_scenarios/scenario_0573.yaml,scenario_0573,SUCCESS_SAFE,False,True,True,314,6.28,6.28,313,-1,nan,0.049673166277970034,0.502190669302013,0.11994227432743682,0.00944536825755792,0.02,0.5950248300548006,0.07489486457110373,2.555681632272492,0.4137914180755615,0.0,0.0
/home/simon/davide_fr3_ws/src/cbf_safety_filter/config/generated_scenarios/scenario_0574.yaml,scenario_0574,SUCCESS_SAFE,False,True,True,389,7.78,7.78,388,-1,nan,0.023171701908501537,0.23102781755312932,0.06928053658240174,0.009419760093434643,0.02,1.738534108342263,0.16086937119886882,6.107192334306342,0.4973146915435791,0.0,0.0
/home/simon/davide_fr3_ws/src/cbf_safety_filter/config/generated_scenarios/scenario_0575.yaml,scenario_0575,SUCCESS_SAFE,False,True,True,377,7.54,7.54,376,-1,nan,0.0429227964635054,0.4289079535223421,0.10184639585422423,0.009492053831404884,0.02,0.9169768872402569,0.10910161804480883,4.020399583630644,0.9846096038818359,0.0,0.0
/home/simon/davide_fr3_ws/src/cbf_safety_filter/config/generated_scenarios/scenario_0576.yaml,scenario_0576,SUCCESS_BUT_UNSAFE,True,True,False,425,8.5,8.5,424,62,1.24,-0.007587009187193138,-0.07706445199418775,-0.0782859883612451,0.009440104467491358,0.02,2.6291088881817766,0.18604452398923296,6.539731495481124,0.9868202209472656,0.0,0.0
/home/simon/davide_fr3_ws/src/cbf_safety_filter/config/generated_scenarios/scenario_0577.yaml,scenario_0577,SUCCESS_BUT_UNSAFE,True,True,False,388,7.76,7.76,387,33,0.66,-0.0243349979676936,-0.24435938543335695,-0.07880677397208825,0.009485238762464489,0.02,1.560592883161411,0.13145897629180228,4.721463889065381,1.5130531787872314,0.0,0.0
/home/simon/davide_fr3_ws/src/cbf_safety_filter/config/generated_scenarios/scenario_0578.yaml,scenario_0578,SUCCESS_SAFE,False,True,True,417,8.34,8.34,416,-1,nan,0.026455347064789202,0.2724055457026777,0.07833229812889439,0.009475791032021372,0.02,1.9896772903109314,0.18493507452896552,6.62143001515077,0.7967090606689453,0.0,0.0
/home/simon/davide_fr3_ws/src/cbf_safety_filter/config/generated_scenarios/scenario_0579.yaml,scenario_0579,GOAL_FAIL_AND_UNSAFE,True,False,False,3000,60.0,nan,-1,60,1.2,-0.032942246898954274,-3.4769216593245837,-0.18144431296627558,0.042415929622824734,0.02,810.8601503533632,108.60003678171653,905.0667536886796,7.112218856811523,0.0,0.0
/home/simon/davide_fr3_ws/src/cbf_safety_filter/config/generated_scenarios/scenario_0580.yaml,scenario_0580,SUCCESS_SAFE,False,True,True,422,8.44,8.44,421,-1,nan,0.005633300073592725,0.05085703502676423,0.02718916363552018,0.009468514548653904,0.02,8.500459493214105,1.0378695463197882,28.374664959109502,0.8122866153717041,0.0,0.0
/home/simon/davide_fr3_ws/src/cbf_safety_filter/config/generated_scenarios/scenario_0581.yaml,scenario_0581,SUCCESS_BUT_UNSAFE,True,True,False,350,7.0,7.0,349,56,1.12,-0.01939696103677348,-0.1939926225659217,-0.07404767718024999,0.00948048725027922,0.02,1.1215656932469802,0.11579292196370752,4.629676159475225,0.8003389835357666,0.0,0.0
/home/simon/davide_fr3_ws/src/cbf_safety_filter/config/generated_scenarios/scenario_0582.yaml,scenario_0582,GOAL_FAIL_AND_UNSAFE,True,False,False,3000,60.0,nan,-1,24,0.48,-0.015558559393416322,-2.5980750931353374,-0.1144073818475923,0.022625353679200363,0.02,845.1220190947184,121.94101947238228,1877.272267326169,4.3955981731414795,0.0,0.0
/home/simon/davide_fr3_ws/src/cbf_safety_filter/config/generated_scenarios/scenario_0583.yaml,scenario_0583,SUCCESS_BUT_UNSAFE,True,True,False,397,7.94,7.94,396,105,2.1,-0.019265672582048657,-0.19270386314789928,-0.05807771593065936,0.009448697891060152,0.02,1.446589365082527,0.18001823317840973,7.264702987997324,0.9887821674346924,0.0,0.0
/home/simon/davide_fr3_ws/src/cbf_safety_filter/config/generated_scenarios/scenario_0584.yaml,scenario_0584,SUCCESS_SAFE,False,True,True,412,8.24,8.24,411,-1,nan,0.02983784771075665,0.3040465634409202,0.07012077739922584,0.009440115505752961,0.02,2.3822356722047155,0.1550708214771712,6.174562008599466,0.9179947376251221,0.0,0.0
/home/simon/davide_fr3_ws/src/cbf_safety_filter/config/generated_scenarios/scenario_0585.yaml,scenario_0585,SUCCESS_SAFE,False,True,True,324,6.48,6.48,323,-1,nan,0.022923041907671735,0.23187131446546924,0.06399583583688176,0.009470652661550984,0.02,0.6005479964384652,0.07582614282806144,2.6614059628562834,0.483203649520874,0.0,0.0
/home/simon/davide_fr3_ws/src/cbf_safety_filter/config/generated_scenarios/scenario_0586.yaml,scenario_0586,SUCCESS_BUT_UNSAFE,True,True,False,445,8.9,8.9,444,46,0.92,-0.025409687453305276,-0.07124027645562245,-0.11987615014337191,0.00932622647227498,0.02,7.414244943741948,0.7435054937720089,44.77830853089742,0.7347781658172607,0.0,0.0
/home/simon/davide_fr3_ws/src/cbf_safety_filter/config/generated_scenarios/scenario_0587.yaml,scenario_0587,SUCCESS_BUT_UNSAFE,True,True,False,357,7.140000000000001,7.140000000000001,356,168,3.36,-0.003493239377755338,-0.03532868619387641,-0.02005994144443643,0.009459317855190379,0.02,0.7215372877071384,0.09966175604885943,3.6194978188803617,0.4538853168487549,0.0,0.0
/home/simon/davide_fr3_ws/src/cbf_safety_filter/config/generated_scenarios/scenario_0588.yaml,scenario_0588,SUCCESS_SAFE,False,True,True,389,7.78,7.78,388,-1,nan,0.01689462203048217,0.1688259663736552,0.054603796747436484,0.009463792706798299,0.02,1.286371148022475,0.13185475731778157,4.463376360340154,0.6758418083190918,0.0,0.0
/home/simon/davide_fr3_ws/src/cbf_safety_filter/config/generated_scenarios/scenario_0589.yaml,scenario_0589,SUCCESS_SAFE,False,True,True,316,6.32,6.32,315,-1,nan,0.0300387200179401,0.3004622067751765,0.08335799516343803,0.009448237962602843,0.02,0.4244225289785275,0.07479251040686051,2.7157249337613636,0.7292237281799316,0.0,0.0
/home/simon/davide_fr3_ws/src/cbf_safety_filter/config/generated_scenarios/scenario_0590.yaml,scenario_0590,SUCCESS_SAFE,False,True,True,362,7.24,7.24,361,-1,nan,0.012136413095519064,0.1213351837131654,0.052254747180960764,0.00943954426134445,0.02,1.2987950754932513,0.12466783799800485,4.991530627234393,0.41278624534606934,0.0,0.0
/home/simon/davide_fr3_ws/src/cbf_safety_filter/config/generated_scenarios/scenario_0591.yaml,scenario_0591,GOAL_FAIL_AND_UNSAFE,True,False,False,3000,60.0,nan,-1,47,0.9400000000000001,-0.02895386226387592,-3.74226586541155,-0.15754046058290805,0.02451661577265644,0.02,707.8195769144255,91.86468269734075,729.302320965641,5.712152719497681,0.0,0.0
/home/simon/davide_fr3_ws/src/cbf_safety_filter/config/generated_scenarios/scenario_0592.yaml,scenario_0592,SUCCESS_BUT_UNSAFE,True,True,False,1732,34.64,34.64,1731,46,0.92,-0.030840130649671643,-2.2795086906011934,-0.14895057056793795,0.002391000147071213,0.02,347.306203556037,70.70298893656177,968.8416018126426,3.3392481803894043,0.0,0.0
/home/simon/davide_fr3_ws/src/cbf_safety_filter/config/generated_scenarios/scenario_0593.yaml,scenario_0593,SUCCESS_BUT_UNSAFE,True,True,False,438,8.76,8.76,437,76,1.52,-0.014972083280882249,-0.15201768699434468,-0.08948372166923263,0.009496394720761189,0.02,5.769008142986851,0.5165725097353496,49.63403328342316,0.9911396503448486,0.0,0.0
/home/simon/davide_fr3_ws/src/cbf_safety_filter/config/generated_scenarios/scenario_0594.yaml,scenario_0594,SUCCESS_BUT_UNSAFE,True,True,False,397,7.94,7.94,396,321,6.42,-0.0028515635914844635,-0.029692048398839783,-0.008834792363034999,0.009505323469886435,0.02,2.458135586923045,0.15676999434543262,7.054501534767317,0.6357712745666504,0.0,0.0
/home/simon/davide_fr3_ws/src/cbf_safety_filter/config/generated_scenarios/scenario_0595.yaml,scenario_0595,SUCCESS_SAFE,False,True,True,394,7.88,7.88,393,-1,nan,0.013646022130695622,0.02725630779264556,0.034121731931840454,0.009444988003805724,0.02,1.3468298496815894,0.14600703925750053,4.9650461224071005,0.8918154239654541,0.0,0.0
/home/simon/davide_fr3_ws/src/cbf_safety_filter/config/generated_scenarios/scenario_0596.yaml,scenario_0596,SUCCESS_SAFE,False,True,True,402,8.040000000000001,8.040000000000001,401,-1,nan,0.029413486631997048,0.2873879717278448,0.06544414274167715,0.009429616375400724,0.02,1.2852007095350404,0.15550619241202793,5.844683032315714,0.4956037998199463,0.0,0.0
/home/simon/davide_fr3_ws/src/cbf_safety_filter/config/generated_scenarios/scenario_0597.yaml,scenario_0597,SUCCESS_SAFE,False,True,True,359,7.18,7.18,358,-1,nan,0.029599733338501927,0.31083522617793347,0.07604413454566597,0.009416351001589076,0.02,1.3046283910513314,0.12532854875326796,5.215962152536647,0.4836890697479248,0.0,0.0
/home/simon/davide_fr3_ws/src/cbf_safety_filter/config/generated_scenarios/scenario_0598.yaml,scenario_0598,SUCCESS_SAFE,False,True,True,368,7.36,7.36,367,-1,nan,0.008230464734468534,-0.31840757196413694,0.01972209209704298,0.009058051137606807,0.02,13.029056030293479,10.992103748287969,57.58500663021583,0.6450791358947754,0.0,0.0
/home/simon/davide_fr3_ws/src/cbf_safety_filter/config/generated_scenarios/scenario_0599.yaml,scenario_0599,SUCCESS_SAFE,False,True,True,414,8.28,8.28,413,-1,nan,0.028218066840757467,0.28821601690588544,0.08287783738681162,0.009512381307677757,0.02,2.563066621706542,0.157611142796476,6.5931112680540815,1.1336095333099365,0.0,0.0
/home/simon/davide_fr3_ws/src/cbf_safety_filter/config/generated_scenarios/scenario_0600.yaml,scenario_0600,SUCCESS_SAFE,False,True,True,378,7.5600000000000005,7.5600000000000005,377,-1,nan,0.043237126768337956,0.08692175031105805,0.08622798840195256,0.00948704960884152,0.02,1.7901858723427198,0.14241137076382873,6.569655137404867,0.5081980228424072,0.0,0.0
/home/simon/davide_fr3_ws/src/cbf_safety_filter/config/generated_scenarios/scenario_0601.yaml,scenario_0601,SUCCESS_BUT_UNSAFE,True,True,False,432,8.64,8.64,431,256,5.12,-0.0115763681309318,-0.11623899388045118,-0.0963818769333524,0.009488719967346505,0.02,8.101800151428135,1.0904282621169241,25.770249591206,0.5807323455810547,0.0,0.0
/home/simon/davide_fr3_ws/src/cbf_safety_filter/config/generated_scenarios/scenario_0602.yaml,scenario_0602,SUCCESS_SAFE,False,True,True,376,7.5200000000000005,7.5200000000000005,375,-1,nan,0.0031943816314279096,0.02976106422237141,0.008837979980953425,0.009467852466675516,0.02,1.29697019331169,0.11919912875477291,4.129641099651962,0.6386713981628418,0.0,0.0
/home/simon/davide_fr3_ws/src/cbf_safety_filter/config/generated_scenarios/scenario_0603.yaml,scenario_0603,SUCCESS_SAFE,False,True,True,313,6.26,6.26,312,-1,nan,0.005691273384349722,0.057326202073810506,0.01878406814955208,0.009447669967049358,0.02,0.5370622237609978,0.07109025960724866,2.4610218220332762,0.5448849201202393,0.0,0.0
/home/simon/davide_fr3_ws/src/cbf_safety_filter/config/generated_scenarios/scenario_0604.yaml,scenario_0604,SUCCESS_BUT_UNSAFE,True,True,False,434,8.68,8.68,433,359,7.18,-0.0023328875692302624,-0.040543354493549344,-0.007786318562069933,0.009386055405530577,0.02,4.9670311773071925,0.3603874552819551,15.284888829497481,0.9353628158569336,0.0,0.0
/home/simon/davide_fr3_ws/src/cbf_safety_filter/config/generated_scenarios/scenario_0605.yaml,scenario_0605,SUCCESS_BUT_UNSAFE,True,True,False,386,7.72,7.72,385,250,5.0,-0.020599980487377458,-0.21790923170521356,-0.11795022905520154,0.009582977160024793,0.02,5.771228440610273,1.265837641782147,44.70198007739079,0.7277054786682129,0.0,0.0
/home/simon/davide_fr3_ws/src/cbf_safety_filter/config/generated_scenarios/scenario_0606.yaml,scenario_0606,SUCCESS_BUT_UNSAFE,True,True,False,399,7.98,7.98,398,155,3.1,-0.009150537089284594,-0.27507456998032503,-0.03474233273339665,0.006866503481743156,0.02,16.910162417620988,8.038213022806294,58.20869510773439,0.5238947868347168,0.0,0.0
/home/simon/davide_fr3_ws/src/cbf_safety_filter/config/generated_scenarios/scenario_0607.yaml,scenario_0607,SUCCESS_SAFE,False,True,True,397,7.94,7.94,396,-1,nan,0.015442617268703485,0.15403625332874796,0.04202886281299831,0.009434462609870117,0.02,1.4965694503642288,0.13034448879553331,5.061017112315191,0.7921080589294434,0.0,0.0
/home/simon/davide_fr3_ws/src/cbf_safety_filter/config/generated_scenarios/scenario_0608.yaml,scenario_0608,SUCCESS_BUT_UNSAFE,True,True,False,419,8.38,8.38,418,63,1.26,-0.017140749867534,-0.17156788913173832,-0.06061422008314682,0.009486791066830431,0.02,1.845428538762414,0.1974599100306,7.427596568725502,0.8132679462432861,0.0,0.0
/home/simon/davide_fr3_ws/src/cbf_safety_filter/config/generated_scenarios/scenario_0609.yaml,scenario_0609,SUCCESS_BUT_UNSAFE,True,True,False,427,8.540000000000001,8.540000000000001,426,75,1.5,-0.0034114313106965513,-0.034501078248251646,-0.008904920723971338,0.00943942492125188,0.02,1.9092777413448392,0.1955181176291582,7.447065546183432,0.8706362247467041,0.0,0.0
/home/simon/davide_fr3_ws/src/cbf_safety_filter/config/generated_scenarios/scenario_0610.yaml,scenario_0610,SUCCESS_BUT_UNSAFE,True,True,False,456,9.120000000000001,9.120000000000001,455,96,1.92,-0.029361707233402357,-0.3506758083062276,-0.12767415348379627,0.009315146108239315,0.02,16.725925376389146,3.2248556741870127,51.835979602531474,0.8518581390380859,0.0,0.0
/home/simon/davide_fr3_ws/src/cbf_safety_filter/config/generated_scenarios/scenario_0611.yaml,scenario_0611,SUCCESS_SAFE,False,True,True,365,7.3,7.3,364,-1,nan,0.022556508617567063,0.2255576527687339,0.058748748850241006,0.00949078697025887,0.02,0.9240570209338701,0.11406308295844325,4.067494270508848,0.43718385696411133,0.0,0.0
/home/simon/davide_fr3_ws/src/cbf_safety_filter/config/generated_scenarios/scenario_0612.yaml,scenario_0612,SUCCESS_SAFE,False,True,True,422,8.44,8.44,421,-1,nan,0.029355765119286063,0.05689526112839583,0.07103833880508487,0.009465945451583396,0.02,2.960156852019668,0.22276189242746602,7.273458213087179,0.6532549858093262,0.0,0.0
/home/simon/davide_fr3_ws/src/cbf_safety_filter/config/generated_scenarios/scenario_0613.yaml,scenario_0613,SUCCESS_BUT_UNSAFE,True,True,False,411,8.22,8.22,410,19,0.38,-0.02331301657530135,-0.23395908632958543,-0.12216003167301041,0.009424440207534947,0.02,1.6337703173199152,0.15596213047835142,5.76114152288346,0.48967671394348145,0.0,0.0
/home/simon/davide_fr3_ws/src/cbf_safety_filter/config/generated_scenarios/scenario_0614.yaml,scenario_0614,SUCCESS_BUT_UNSAFE,True,True,False,323,6.46,6.46,322,108,2.16,-0.0013392778272371328,-0.013433046995979804,-0.005035552073513666,0.009480683849037988,0.02,0.5794466262451399,0.08378585400060269,3.0042588567728323,0.960749626159668,0.0,0.0
/home/simon/davide_fr3_ws/src/cbf_safety_filter/config/generated_scenarios/scenario_0615.yaml,scenario_0615,SUCCESS_SAFE,False,True,True,398,7.96,7.96,397,-1,nan,0.01324068343059755,0.13141782446594208,0.05608450783911875,0.009375041036922086,0.02,4.24620465185545,0.6135444435321195,49.43650765989677,0.6574892997741699,0.0,0.0
/home/simon/davide_fr3_ws/src/cbf_safety_filter/config/generated_scenarios/scenario_0616.yaml,scenario_0616,SUCCESS_BUT_UNSAFE,True,True,False,429,8.58,8.58,428,177,3.54,-0.0257655084380563,-0.25804012450450303,-0.08971195743283512,0.009879274523186146,0.02,4.96941395189254,0.589726679984217,48.42536966450573,1.056067705154419,0.0,0.0
/home/simon/davide_fr3_ws/src/cbf_safety_filter/config/generated_scenarios/scenario_0617.yaml,scenario_0617,SUCCESS_SAFE,False,True,True,431,8.620000000000001,8.620000000000001,430,-1,nan,0.02167349922700901,0.2312695900549431,0.07970872909787217,0.009472777717916308,0.02,5.239167641640307,0.4814745555612131,47.94441508932975,0.8896334171295166,0.0,0.0
/home/simon/davide_fr3_ws/src/cbf_safety_filter/config/generated_scenarios/scenario_0618.yaml,scenario_0618,GOAL_FAIL_AND_UNSAFE,True,False,False,3000,60.0,nan,-1,50,1.0,-0.023223926877010772,-3.9715201859691383,-0.15104607127616357,0.09791303165600063,0.02,800.3779558801183,124.08680458713805,1409.1977962316043,7.7388269901275635,0.0,0.0
/home/simon/davide_fr3_ws/src/cbf_safety_filter/config/generated_scenarios/scenario_0619.yaml,scenario_0619,SUCCESS_SAFE,False,True,True,375,7.5,7.5,374,-1,nan,0.048361595329306874,0.4831365113411553,0.1445549943735402,0.009491518922850179,0.02,1.0167773505230713,0.11810675527799716,3.932999339795409,0.6834239959716797,0.0,0.0
/home/simon/davide_fr3_ws/src/cbf_safety_filter/config/generated_scenarios/scenario_0620.yaml,scenario_0620,SUCCESS_SAFE,False,True,True,366,7.32,7.32,365,-1,nan,0.03909128699943057,0.38890031092269906,0.12107318982127226,0.009450250837112734,0.02,0.8537826632247442,0.11949340523183394,4.555114573923612,0.8959345817565918,0.0,0.0
/home/simon/davide_fr3_ws/src/cbf_safety_filter/config/generated_scenarios/scenario_0621.yaml,scenario_0621,SUCCESS_BUT_UNSAFE,True,True,False,415,8.3,8.3,414,333,6.66,-0.002654197323097408,-0.02791161141809674,-0.013951190156062845,0.009432717624453198,0.02,2.0163524993829003,0.16525011289962965,5.928320676111248,1.1544451713562012,0.0,0.0
/home/simon/davide_fr3_ws/src/cbf_safety_filter/config/generated_scenarios/scenario_0622.yaml,scenario_0622,SUCCESS_BUT_UNSAFE,True,True,False,381,7.62,7.62,380,75,1.5,-0.025450018246348207,-0.2621960628910722,-0.09231585876689584,0.009279408205440197,0.02,9.172860092122393,2.5144456374536888,21.44424898799821,0.8842601776123047,0.0,0.0
/home/simon/davide_fr3_ws/src/cbf_safety_filter/config/generated_scenarios/scenario_0623.yaml,scenario_0623,SUCCESS_BUT_UNSAFE,True,True,False,391,7.82,7.82,390,47,0.9400000000000001,-0.02718247770921284,-0.2719875534106501,-0.12824868830266897,0.009475833337376033,0.02,1.4612139845728904,0.16280058610709508,6.170431157523271,1.0327465534210205,0.0,0.0
/home/simon/davide_fr3_ws/src/cbf_safety_filter/config/generated_scenarios/scenario_0624.yaml,scenario_0624,SUCCESS_BUT_UNSAFE,True,True,False,2810,56.2,56.2,2809,53,1.06,-0.04447011573943099,-5.754621319500126,-0.1893778904903394,0.008084567082793379,0.02,695.764709104703,101.22618122146095,1031.468532507468,10.32137942314148,0.0,0.0
/home/simon/davide_fr3_ws/src/cbf_safety_filter/config/generated_scenarios/scenario_0625.yaml,scenario_0625,SUCCESS_SAFE,False,True,True,339,6.78,6.78,338,-1,nan,0.01634887069348245,0.16345394711221192,0.043472640478882385,0.009462334119393402,0.02,0.6934538838842541,0.10977414045390935,4.238467620050117,1.1446542739868164,0.0,0.0
/home/simon/davide_fr3_ws/src/cbf_safety_filter/config/generated_scenarios/scenario_0626.yaml,scenario_0626,SUCCESS_BUT_UNSAFE,True,True,False,413,8.26,8.26,412,118,2.36,-0.01694547402843102,-0.16960072637795515,-0.10253543445910684,0.009477914734061356,0.02,1.9719287893043564,0.19441258108629558,6.964047566475405,0.9555659294128418,0.0,0.0
/home/simon/davide_fr3_ws/src/cbf_safety_filter/config/generated_scenarios/scenario_0627.yaml,scenario_0627,SUCCESS_SAFE,False,True,True,405,8.1,8.1,404,-1,nan,0.0009553188076322355,0.007677914743170316,0.0024872442962345087,0.009463948843038522,0.02,5.644585701793557,0.7451282018116654,49.677892292541905,0.7683393955230713,0.0,0.0
/home/simon/davide_fr3_ws/src/cbf_safety_filter/config/generated_scenarios/scenario_0628.yaml,scenario_0628,SUCCESS_BUT_UNSAFE,True,True,False,460,9.200000000000001,9.200000000000001,459,32,0.64,-0.02971219262371045,-0.30132873567501095,-0.15977424200316587,0.010327897955666519,0.02,12.562319962927234,2.936416716243447,48.29346624970964,1.646935224533081,0.0,0.0
/home/simon/davide_fr3_ws/src/cbf_safety_filter/config/generated_scenarios/scenario_0629.yaml,scenario_0629,SUCCESS_SAFE,False,True,True,451,9.02,9.02,450,-1,nan,0.03852787171973244,0.4205574934548404,0.09228552669724585,0.009418047050528323,0.02,9.915655646558777,1.3008467419067395,42.81518695664072,0.8540081977844238,0.0,0.0
/home/simon/davide_fr3_ws/src/cbf_safety_filter/config/generated_scenarios/scenario_0630.yaml,scenario_0630,SUCCESS_SAFE,False,True,True,369,7.38,7.38,368,-1,nan,0.020421810854157334,0.03703182649170997,0.05546458088344794,0.009436195470240338,0.02,1.269819672857739,0.11826582461924019,4.749922808391538,0.9103033542633057,0.0,0.0
/home/simon/davide_fr3_ws/src/cbf_safety_filter/config/generated_scenarios/scenario_0631.yaml,scenario_0631,SUCCESS_BUT_UNSAFE,True,True,False,368,7.36,7.36,367,49,0.98,-0.010325514787664991,-0.10333466170935429,-0.045914553069591205,0.009502420574086564,0.02,1.291035504093445,0.1190617549394217,4.444078170215063,0.679262638092041,0.0,0.0
/home/simon/davide_fr3_ws/src/cbf_safety_filter/config/generated_scenarios/scenario_0632.yaml,scenario_0632,SUCCESS_SAFE,False,True,True,421,8.42,8.42,420,-1,nan,0.043023764412778456,0.43011422665285937,0.09553685059511191,0.00942173011336815,0.02,1.976750076826081,0.16702250459284743,6.287536094286317,0.9943888187408447,0.0,0.0
/home/simon/davide_fr3_ws/src/cbf_safety_filter/config/generated_scenarios/scenario_0633.yaml,scenario_0633,SUCCESS_SAFE,False,True,True,400,8.0,8.0,399,-1,nan,0.019584541260229064,0.19577883815111444,0.04848981245898115,0.009439034860118642,0.02,2.1434485913118495,0.14732765392295075,5.813959024838737,1.3643431663513184,0.0,0.0
/home/simon/davide_fr3_ws/src/cbf_safety_filter/config/generated_scenarios/scenario_0634.yaml,scenario_0634,GOAL_FAIL_AND_UNSAFE,True,False,False,3000,60.0,nan,-1,57,1.1400000000000001,-0.011589809860186682,-3.520423474950505,-0.09484974218872821,0.006614511948134476,0.02,822.5984153596074,129.51233589902805,1878.1021533325911,7.409558057785034,0.0,0.0
/home/simon/davide_fr3_ws/src/cbf_safety_filter/config/generated_scenarios/scenario_0635.yaml,scenario_0635,SUCCESS_BUT_UNSAFE,True,True,False,378,7.5600000000000005,7.5600000000000005,377,59,1.18,-0.0025134780111527484,-0.02661909654594434,-0.00753751355343385,0.009365798512707978,0.02,3.5425383805997077,0.48322278680431296,39.172793192371955,0.8810563087463379,0.0,0.0
/home/simon/davide_fr3_ws/src/cbf_safety_filter/config/generated_scenarios/scenario_0636.yaml,scenario_0636,SUCCESS_SAFE,False,True,True,415,8.3,8.3,414,-1,nan,0.010490131346375914,0.10408577895844728,0.02658521160417679,0.009433484408371173,0.02,2.2337703005344225,0.20239448991476175,7.144281514697324,1.1004531383514404,0.0,0.0
/home/simon/davide_fr3_ws/src/cbf_safety_filter/config/generated_scenarios/scenario_0637.yaml,scenario_0637,SUCCESS_BUT_UNSAFE,True,True,False,397,7.94,7.94,396,83,1.6600000000000001,-0.022436141429958617,-0.5898260865940507,-0.09996899028586001,0.007636704009706024,0.02,21.43387929512862,9.042675941393886,50.208207095086536,0.8100748062133789,0.0,0.0
/home/simon/davide_fr3_ws/src/cbf_safety_filter/config/generated_scenarios/scenario_0638.yaml,scenario_0638,SUCCESS_SAFE,False,True,True,370,7.4,7.4,369,-1,nan,0.011050894003313196,0.11077321090894768,0.02579597971631553,0.009488946586360838,0.02,1.5679621938449446,0.13449138610812988,5.637049154140057,1.2347445487976074,0.0,0.0
/home/simon/davide_fr3_ws/src/cbf_safety_filter/config/generated_scenarios/scenario_0639.yaml,scenario_0639,SUCCESS_SAFE,False,True,True,351,7.0200000000000005,7.0200000000000005,350,-1,nan,0.022215904655236908,0.22448340361497843,0.04851531283719179,0.00945163253639837,0.02,0.8159054739762202,0.10044082421523769,3.7286639095419067,1.0171349048614502,0.0,0.0
/home/simon/davide_fr3_ws/src/cbf_safety_filter/config/generated_scenarios/scenario_0640.yaml,scenario_0640,SUCCESS_SAFE,False,True,True,394,7.88,7.88,393,-1,nan,0.03246157965083777,0.06491296418087728,0.0990683895304967,0.009494081665880104,0.02,1.1365246062817693,0.1677414698606364,6.844169255570092,0.717599630355835,0.0,0.0
/home/simon/davide_fr3_ws/src/cbf_safety_filter/config/generated_scenarios/scenario_0641.yaml,scenario_0641,SUCCESS_SAFE,False,True,True,405,8.1,8.1,404,-1,nan,0.028930206993461383,0.2872204358306821,0.09982096138111365,0.009413727329303598,0.02,1.8181772327634227,0.18273098648332756,6.355494916926217,0.9342026710510254,0.0,0.0
/home/simon/davide_fr3_ws/src/cbf_safety_filter/config/generated_scenarios/scenario_0642.yaml,scenario_0642,SUCCESS_BUT_UNSAFE,True,True,False,393,7.86,7.86,392,31,0.62,-0.026226955397873095,-0.3661006776428576,-0.15787148911507992,0.010417390052321446,0.02,14.047830094744967,6.695820756106265,44.46902514884137,1.2044439315795898,0.0,0.0
/home/simon/davide_fr3_ws/src/cbf_safety_filter/config/generated_scenarios/scenario_0643.yaml,scenario_0643,SUCCESS_BUT_UNSAFE,True,True,False,350,7.0,7.0,349,267,5.34,-9.424043321553527e-05,-0.0010013732451752617,-0.00023788350599887598,0.009505495979848776,0.02,0.9901519094212883,0.11583281600560427,4.4540153125823085,0.7614302635192871,0.0,0.0
/home/simon/davide_fr3_ws/src/cbf_safety_filter/config/generated_scenarios/scenario_0644.yaml,scenario_0644,SUCCESS_SAFE,False,True,True,365,7.3,7.3,364,-1,nan,0.03200437789306912,0.32241707664160296,0.0943193439088614,0.009498942898433485,0.02,1.366927349994241,0.1263371008943043,5.300319435130419,0.9347503185272217,0.0,0.0
/home/simon/davide_fr3_ws/src/cbf_safety_filter/config/generated_scenarios/scenario_0645.yaml,scenario_0645,SUCCESS_SAFE,False,True,True,383,7.66,7.66,382,-1,nan,0.030623553299009818,0.30611032248955683,0.08852624910219717,0.009448808044700155,0.02,1.3934017584527592,0.14972934527184045,5.665771609932171,0.8731508255004883,0.0,0.0
/home/simon/davide_fr3_ws/src/cbf_safety_filter/config/generated_scenarios/scenario_0646.yaml,scenario_0646,SUCCESS_SAFE,False,True,True,410,8.2,8.2,409,-1,nan,0.0053826561184472654,0.04938640552076401,0.020813514444549236,0.009501102948375587,0.02,1.9658092604967219,0.15449959904188423,5.6620318922197965,1.1669132709503174,0.0,0.0
/home/simon/davide_fr3_ws/src/cbf_safety_filter/config/generated_scenarios/scenario_0647.yaml,scenario_0647,SUCCESS_SAFE,False,True,True,351,7.0200000000000005,7.0200000000000005,350,-1,nan,0.021359559611722947,0.21355050964310676,0.05636315630285926,0.009417487680453824,0.02,1.2782927554591346,0.1283846060012012,5.315753996612274,0.9502542018890381,0.0,0.0
/home/simon/davide_fr3_ws/src/cbf_safety_filter/config/generated_scenarios/scenario_0648.yaml,scenario_0648,SUCCESS_SAFE,False,True,True,372,7.44,7.44,371,-1,nan,0.001808906150474297,0.016825613876941016,0.007413150268674354,0.009416914032465406,0.02,1.181752294066183,0.11296881984097637,3.8779594628128033,0.9663066864013672,0.0,0.0
/home/simon/davide_fr3_ws/src/cbf_safety_filter/config/generated_scenarios/scenario_0649.yaml,scenario_0649,SUCCESS_SAFE,False,True,True,416,8.32,8.32,415,-1,nan,0.024983887206329724,0.24976909067546707,0.061624082711676076,0.009460426843628068,0.02,4.736203787938002,0.6091225040172907,48.60249800005439,0.8252708911895752,0.0,0.0
/home/simon/davide_fr3_ws/src/cbf_safety_filter/config/generated_scenarios/scenario_0650.yaml,scenario_0650,SUCCESS_BUT_UNSAFE,True,True,False,407,8.14,8.14,406,22,0.44,-0.009192214803975775,-0.09418426460910598,-0.06777839632292976,0.0094820865745528,0.02,1.9462249181398374,0.14309701857738075,5.8375644818761465,1.7740747928619385,0.0,0.0
/home/simon/davide_fr3_ws/src/cbf_safety_filter/config/generated_scenarios/scenario_0651.yaml,scenario_0651,SUCCESS_SAFE,False,True,True,428,8.56,8.56,427,-1,nan,0.025252321012315525,0.25829455938179735,0.08121614376356873,0.009506424638288026,0.02,1.8854165182249,0.23442732942970917,9.358330043697997,1.0918943881988525,0.0,0.0
/home/simon/davide_fr3_ws/src/cbf_safety_filter/config/generated_scenarios/scenario_0652.yaml,scenario_0652,SUCCESS_BUT_UNSAFE,True,True,False,497,9.94,9.94,496,29,0.58,-0.03582922083761565,-0.39172065663886735,-0.18700453438615572,0.014373433411633111,0.02,25.33817930969262,7.85240606426088,46.350875521220026,1.7591331005096436,0.0,0.0
/home/simon/davide_fr3_ws/src/cbf_safety_filter/config/generated_scenarios/scenario_0653.yaml,scenario_0653,SUCCESS_SAFE,False,True,True,399,7.98,7.98,398,-1,nan,0.005236309126698278,0.05219940363702419,0.01767388039638404,0.009418855428441451,0.02,1.544234187146436,0.14260311647738577,4.945459317709135,1.392273187637329,0.0,0.0
/home/simon/davide_fr3_ws/src/cbf_safety_filter/config/generated_scenarios/scenario_0654.yaml,scenario_0654,SUCCESS_BUT_UNSAFE,True,True,False,414,8.28,8.28,413,51,1.02,-0.022279052762114608,-0.22500285979313683,-0.06498939119748487,0.009479774308495108,0.02,2.166200005270009,0.1666467730628073,5.696075885469823,0.867332935333252,0.0,0.0
/home/simon/davide_fr3_ws/src/cbf_safety_filter/config/generated_scenarios/scenario_0655.yaml,scenario_0655,SUCCESS_SAFE,False,True,True,435,8.700000000000001,8.700000000000001,434,-1,nan,0.024864953579671632,0.27027456972440556,0.0836060722908108,0.009448540967290388,0.02,2.2467584501208333,0.2418786065422521,9.572897946724998,0.8173134326934814,0.0,0.0
/home/simon/davide_fr3_ws/src/cbf_safety_filter/config/generated_scenarios/scenario_0656.yaml,scenario_0656,SUCCESS_SAFE,False,True,True,437,8.74,8.74,436,-1,nan,0.022939453161001398,0.24135199904777915,0.0519308391611579,0.009693392991316494,0.02,6.3416026399651075,0.6476600470841325,21.905491411100126,0.9983227252960205,0.0,0.0
/home/simon/davide_fr3_ws/src/cbf_safety_filter/config/generated_scenarios/scenario_0657.yaml,scenario_0657,SUCCESS_SAFE,False,True,True,360,7.2,7.2,359,-1,nan,0.005788874950389822,0.057862848407324335,0.01402266737717861,0.009454070156577532,0.02,1.763038806248332,0.17326684560753275,18.950607578840913,1.1312017440795898,0.0,0.0
/home/simon/davide_fr3_ws/src/cbf_safety_filter/config/generated_scenarios/scenario_0658.yaml,scenario_0658,SUCCESS_BUT_UNSAFE,True,True,False,442,8.84,8.84,441,16,0.32,-0.03954213258551058,-0.3969990906498567,-0.15028406772471614,0.009521137298659025,0.02,5.792729419567509,0.48350481458145816,47.98477327978766,1.2830090522766113,0.0,0.0
/home/simon/davide_fr3_ws/src/cbf_safety_filter/config/generated_scenarios/scenario_0659.yaml,scenario_0659,SUCCESS_BUT_UNSAFE,True,True,False,366,7.32,7.32,365,49,0.98,-0.005973612898199952,-0.06022034085669621,-0.02556852831089984,0.009486701862005729,0.02,1.430416200857102,0.1284526929765914,5.198314050176844,1.0892212390899658,0.0,0.0
/home/simon/davide_fr3_ws/src/cbf_safety_filter/config/generated_scenarios/scenario_0660.yaml,scenario_0660,SUCCESS_SAFE,False,True,True,463,9.26,9.26,462,-1,nan,0.01115041655030654,0.11096535903201835,0.039498653040684395,0.009424917455077411,0.02,13.433284844687716,2.5038163642581965,50.22580119889823,1.0083179473876953,0.0,0.0
/home/simon/davide_fr3_ws/src/cbf_safety_filter/config/generated_scenarios/scenario_0661.yaml,scenario_0661,SUCCESS_BUT_UNSAFE,True,True,False,422,8.44,8.44,421,71,1.42,-0.00877333631019404,-0.09033400854023958,-0.042022402950157176,0.00951116140247578,0.02,2.534565890439566,0.19929545624614461,6.844059655106038,0.9739196300506592,0.0,0.0
/home/simon/davide_fr3_ws/src/cbf_safety_filter/config/generated_scenarios/scenario_0662.yaml,scenario_0662,SUCCESS_BUT_UNSAFE,True,True,False,362,7.24,7.24,361,41,0.8200000000000001,-0.017630796195091124,-0.1763122720034378,-0.09695516751230043,0.009423246383783116,0.02,1.2899873144735163,0.12359618182249808,5.210739118837787,1.4417109489440918,0.0,0.0
/home/simon/davide_fr3_ws/src/cbf_safety_filter/config/generated_scenarios/scenario_0663.yaml,scenario_0663,SUCCESS_SAFE,False,True,True,415,8.3,8.3,414,-1,nan,0.016990507897514252,0.1681090646034439,0.03943612631306628,0.009453477304963263,0.02,2.202333102722164,0.1776304257986679,5.770202555827091,1.6585352420806885,0.0,0.0
/home/simon/davide_fr3_ws/src/cbf_safety_filter/config/generated_scenarios/scenario_0664.yaml,scenario_0664,SUCCESS_BUT_UNSAFE,True,True,False,362,7.24,7.24,361,134,2.68,-0.013634470923098663,-0.13637775504648553,-0.0426396554677301,0.009451679671814652,0.02,1.0725409980344545,0.13882306402753133,5.5642559459996965,1.0362370014190674,0.0,0.0
/home/simon/davide_fr3_ws/src/cbf_safety_filter/config/generated_scenarios/scenario_0665.yaml,scenario_0665,SUCCESS_SAFE,False,True,True,340,6.8,6.8,339,-1,nan,0.0390592152825235,0.39006751935478573,0.10270139406796258,0.009457378187043498,0.02,1.0497684678317063,0.1149457576337559,4.516864094185744,0.9895846843719482,0.0,0.0
/home/simon/davide_fr3_ws/src/cbf_safety_filter/config/generated_scenarios/scenario_0666.yaml,scenario_0666,SUCCESS_SAFE,False,True,True,341,6.82,6.82,340,-1,nan,0.016085871447132985,0.16420210061673976,0.06736979273237742,0.009495874655242502,0.02,0.6889605512714077,0.08149330559613564,2.7377716840394584,1.344008445739746,0.0,0.0
/home/simon/davide_fr3_ws/src/cbf_safety_filter/config/generated_scenarios/scenario_0667.yaml,scenario_0667,SUCCESS_SAFE,False,True,True,349,6.98,6.98,348,-1,nan,0.04447108822049421,0.4444140934984433,0.1034946327676051,0.009491129828922926,0.02,0.6937766537991493,0.08737175984780642,3.070566790764223,0.9574184417724609,0.0,0.0
/home/simon/davide_fr3_ws/src/cbf_safety_filter/config/generated_scenarios/scenario_0668.yaml,scenario_0668,SUCCESS_BUT_UNSAFE,True,True,False,417,8.34,8.34,416,190,3.8000000000000003,-0.0017165446329953198,-0.020203035060674317,-0.009209394589467443,0.009394769349201948,0.02,5.730416736752879,0.6923273957966355,45.23369667363137,1.6759064197540283,0.0,0.0
/home/simon/davide_fr3_ws/src/cbf_safety_filter/config/generated_scenarios/scenario_0669.yaml,scenario_0669,SUCCESS_BUT_UNSAFE,True,True,False,425,8.5,8.5,424,44,0.88,-0.021891102783440284,-0.06072122686848826,-0.1391610753804574,0.009475984722809616,0.02,4.131194973258262,0.24652681936483428,8.104173410940119,1.3533599376678467,0.0,0.0
/home/simon/davide_fr3_ws/src/cbf_safety_filter/config/generated_scenarios/scenario_0670.yaml,scenario_0670,GOAL_FAIL_AND_UNSAFE,True,False,False,3000,60.0,nan,-1,49,0.98,-0.03704309883290721,-5.88868022364562,-0.1503415923407763,0.04148317448048337,0.02,912.0545201222832,132.8178752650729,884.7909054442466,9.924315452575684,0.0,0.0
/home/simon/davide_fr3_ws/src/cbf_safety_filter/config/generated_scenarios/scenario_0671.yaml,scenario_0671,SUCCESS_BUT_UNSAFE,True,True,False,388,7.76,7.76,387,28,0.56,-0.025060330536804384,-0.2511495659771842,-0.12547279349054638,0.009462345732279116,0.02,1.9776305093015298,0.14408810989504237,6.02664404527804,0.6989562511444092,0.0,0.0
/home/simon/davide_fr3_ws/src/cbf_safety_filter/config/generated_scenarios/scenario_0672.yaml,scenario_0672,SUCCESS_BUT_UNSAFE,True,True,False,425,8.5,8.5,424,32,0.64,-0.008673057153756228,-0.09029104640088348,-0.02364830852992511,0.009475073330124756,0.02,3.941581508709785,0.3354379284040353,26.271401708775848,1.30116605758667,0.0,0.0
/home/simon/davide_fr3_ws/src/cbf_safety_filter/config/generated_scenarios/scenario_0673.yaml,scenario_0673,SUCCESS_BUT_UNSAFE,True,True,False,411,8.22,8.22,410,138,2.7600000000000002,-0.005736651491091,-0.12815561318647664,-0.018614266901365584,0.009175352960494983,0.02,15.959295079953957,5.18945278585512,44.55336009763568,1.488509178161621,0.0,0.0
/home/simon/davide_fr3_ws/src/cbf_safety_filter/config/generated_scenarios/scenario_0674.yaml,scenario_0674,GOAL_FAIL_AND_UNSAFE,True,False,False,3000,60.0,nan,-1,141,2.82,-0.02484346246123551,-6.079068803644669,-0.11992852439352365,0.030556839987528544,0.02,789.8003783897573,118.2397734258764,1145.0299811433704,11.164883613586426,0.0,0.0
/home/simon/davide_fr3_ws/src/cbf_safety_filter/config/generated_scenarios/scenario_0675.yaml,scenario_0675,SUCCESS_BUT_UNSAFE,True,True,False,396,7.92,7.92,395,130,2.6,-0.0133085431831936,-0.16597569597811254,-0.050172800901528924,0.008641153522900022,0.02,12.487256813156689,4.934507122005572,43.629369379488146,1.461958885192871,0.0,0.0
/home/simon/davide_fr3_ws/src/cbf_safety_filter/config/generated_scenarios/scenario_0676.yaml,scenario_0676,SUCCESS_SAFE,False,True,True,375,7.5,7.5,374,-1,nan,0.008995975881676162,0.0896050639829772,0.028578728681441956,0.009455100326748275,0.02,1.687491787722194,0.13907194425913139,6.207090606486112,1.489598274230957,0.0,0.0
/home/simon/davide_fr3_ws/src/cbf_safety_filter/config/generated_scenarios/scenario_0677.yaml,scenario_0677,SUCCESS_BUT_UNSAFE,True,True,False,458,9.16,9.16,457,24,0.48,-0.010789041192773696,-0.1096424388369907,-0.06223203434328099,0.009633137780899205,0.02,10.274972757521246,1.441163437529741,49.98535266230953,1.8459482192993164,0.0,0.0
/home/simon/davide_fr3_ws/src/cbf_safety_filter/config/generated_scenarios/scenario_0678.yaml,scenario_0678,SUCCESS_BUT_UNSAFE,True,True,False,415,8.3,8.3,414,43,0.86,-0.014550451218588594,-0.14635173939530946,-0.06202734949729363,0.009469870705844177,0.02,1.9610959127348881,0.18386162236031123,6.492263936307057,1.6741609573364258,0.0,0.0
/home/simon/davide_fr3_ws/src/cbf_safety_filter/config/generated_scenarios/scenario_0679.yaml,scenario_0679,SUCCESS_SAFE,False,True,True,456,9.120000000000001,9.120000000000001,455,-1,nan,0.01820134964620388,0.17413602150018442,0.04777562745378469,0.009486478708276212,0.02,8.186603940797085,0.8921333625399237,41.74769536760596,0.8880162239074707,0.0,0.0
/home/simon/davide_fr3_ws/src/cbf_safety_filter/config/generated_scenarios/scenario_0680.yaml,scenario_0680,SUCCESS_SAFE,False,True,True,408,8.16,8.16,407,-1,nan,0.0395743472458991,0.39349355930603885,0.1283445608342445,0.009456699782311884,0.02,2.0742542524534184,0.1971145062034434,7.251552386745304,0.8290657997131348,0.0,0.0
/home/simon/davide_fr3_ws/src/cbf_safety_filter/config/generated_scenarios/scenario_0681.yaml,scenario_0681,SUCCESS_BUT_UNSAFE,True,True,False,405,8.1,8.1,404,47,0.9400000000000001,-0.016486558220074162,-0.1653237619564356,-0.12835781083266315,0.009469791894223216,0.02,1.687897754367094,0.16385031356848553,5.474578689481158,1.0190272331237793,0.0,0.0
/home/simon/davide_fr3_ws/src/cbf_safety_filter/config/generated_scenarios/scenario_0682.yaml,scenario_0682,SUCCESS_SAFE,False,True,True,413,8.26,8.26,412,-1,nan,0.01768844350089732,0.1854652493119024,0.04504899702968099,0.0094363321129968,0.02,2.2896639069824305,0.16084123673009182,5.584057906495928,1.3398616313934326,0.0,0.0
/home/simon/davide_fr3_ws/src/cbf_safety_filter/config/generated_scenarios/scenario_0683.yaml,scenario_0683,SUCCESS_SAFE,False,True,True,404,8.08,8.08,403,-1,nan,0.023979914673436915,0.23780436878693015,0.056101250605118086,0.009435357596830644,0.02,1.9885538057092798,0.14619610877613481,5.522791994087058,1.1395609378814697,0.0,0.0
/home/simon/davide_fr3_ws/src/cbf_safety_filter/config/generated_scenarios/scenario_0684.yaml,scenario_0684,SUCCESS_SAFE,False,True,True,323,6.46,6.46,322,-1,nan,0.02131656924241187,0.21305155127215358,0.046566471289130495,0.009467939758638072,0.02,0.6741278640335567,0.08414924735503926,3.0642063153635277,1.1929280757904053,0.0,0.0
/home/simon/davide_fr3_ws/src/cbf_safety_filter/config/generated_scenarios/scenario_0685.yaml,scenario_0685,SUCCESS_SAFE,False,True,True,391,7.82,7.82,390,-1,nan,0.022071934542838553,0.22039499828747203,0.06054631152489698,0.009437577191299649,0.02,1.4817139431990205,0.1269578035120525,5.0727995650615885,1.1088554859161377,0.0,0.0
/home/simon/davide_fr3_ws/src/cbf_safety_filter/config/generated_scenarios/scenario_0686.yaml,scenario_0686,SUCCESS_SAFE,False,True,True,335,6.7,6.7,334,-1,nan,0.012254629163920942,0.12199235847564684,0.052669650465405365,0.009510528341394237,0.02,1.2360037998233047,0.2508179101107972,43.01760680008361,0.607499361038208,0.0,0.0
/home/simon/davide_fr3_ws/src/cbf_safety_filter/config/generated_scenarios/scenario_0687.yaml,scenario_0687,SUCCESS_SAFE,False,True,True,403,8.06,8.06,402,-1,nan,0.016593976957567244,0.16726257533002156,0.03797468698277559,0.009451320860215627,0.02,1.3998196111802286,0.1435904543764355,5.304476046010228,0.9839565753936768,0.0,0.0
/home/simon/davide_fr3_ws/src/cbf_safety_filter/config/generated_scenarios/scenario_0688.yaml,scenario_0688,SUCCESS_BUT_UNSAFE,True,True,False,439,8.78,8.78,438,74,1.48,-0.01003893597714365,-0.10766380619699577,-0.026985322297329306,0.009469063628412792,0.02,3.273708888623031,0.2710646072473044,10.18238856490473,1.6021838188171387,0.0,0.0
/home/simon/davide_fr3_ws/src/cbf_safety_filter/config/generated_scenarios/scenario_0689.yaml,scenario_0689,SUCCESS_SAFE,False,True,True,459,9.18,9.18,458,-1,nan,0.014861687618636342,0.13955961740759368,0.0615311440550633,0.008270052835993242,0.02,20.327974158463796,4.883460067215559,60.619902150343414,0.8545966148376465,0.0,0.0
/home/simon/davide_fr3_ws/src/cbf_safety_filter/config/generated_scenarios/scenario_0690.yaml,scenario_0690,SUCCESS_BUT_UNSAFE,True,True,False,388,7.76,7.76,387,196,3.92,-0.015455445391105656,-0.1569416797011931,-0.07264398948773672,0.009435113228287521,0.02,1.904753860259389,0.14128838588783388,5.827604310315486,1.4784836769104004,0.0,0.0
/home/simon/davide_fr3_ws/src/cbf_safety_filter/config/generated_scenarios/scenario_0691.yaml,scenario_0691,SUCCESS_SAFE,False,True,True,309,6.18,6.18,308,-1,nan,0.026602395916503777,0.26589898596685974,0.07303612674145088,0.009499270389783767,0.02,0.7189010932231767,0.09519279475350877,3.413846886532966,0.7723548412322998,0.0,0.0
/home/simon/davide_fr3_ws/src/cbf_safety_filter/config/generated_scenarios/scenario_0692.yaml,scenario_0692,SUCCESS_BUT_UNSAFE,True,True,False,353,7.0600000000000005,7.0600000000000005,352,73,1.46,-0.004449585748611668,-0.044584883539728275,-0.015141956631888914,0.009498068890575936,0.02,0.8912314482366056,0.09662011973380791,3.521049410281608,1.2175750732421875,0.0,0.0
/home/simon/davide_fr3_ws/src/cbf_safety_filter/config/generated_scenarios/scenario_0693.yaml,scenario_0693,SUCCESS_BUT_UNSAFE,True,True,False,434,8.68,8.68,433,57,1.1400000000000001,-0.02444765433356874,-0.24877913980278077,-0.11978783686942093,0.009488399084257365,0.02,6.2908430905338895,0.6537773822956806,50.05174849723855,1.404067039489746,0.0,0.0
/home/simon/davide_fr3_ws/src/cbf_safety_filter/config/generated_scenarios/scenario_0694.yaml,scenario_0694,SUCCESS_BUT_UNSAFE,True,True,False,409,8.18,8.18,408,91,1.82,-0.03343382929230776,-0.33434935905856356,-0.16426888419645372,0.009463966474506293,0.02,1.5112024601846077,0.19290063151489167,7.620417307356059,1.1164660453796387,0.0,0.0
/home/simon/davide_fr3_ws/src/cbf_safety_filter/config/generated_scenarios/scenario_0695.yaml,scenario_0695,SUCCESS_SAFE,False,True,True,390,7.8,7.8,389,-1,nan,0.010886800791327103,0.10884207208769846,0.034584889991456064,0.009503225002476532,0.02,1.2629299340612237,0.15180902961817674,5.577358723861941,1.5053668022155762,0.0,0.0
/home/simon/davide_fr3_ws/src/cbf_safety_filter/config/generated_scenarios/scenario_0696.yaml,scenario_0696,SUCCESS_BUT_UNSAFE,True,True,False,368,7.36,7.36,367,30,0.6,-0.028407554344028484,-0.28419212667575566,-0.11365540626013305,0.009454367864710609,0.02,1.6924162791539294,0.14368282552750933,6.375324740342403,1.3409838676452637,0.0,0.0
/home/simon/davide_fr3_ws/src/cbf_safety_filter/config/generated_scenarios/scenario_0697.yaml,scenario_0697,SUCCESS_SAFE,False,True,True,422,8.44,8.44,421,-1,nan,0.00037245989722351977,-0.004979857679093116,0.0012195026642844164,0.009421874053751153,0.02,1.8344706664521788,0.21071766373836345,8.170426352896001,0.7279045581817627,0.0,0.0
/home/simon/davide_fr3_ws/src/cbf_safety_filter/config/generated_scenarios/scenario_0698.yaml,scenario_0698,SUCCESS_SAFE,False,True,True,408,8.16,8.16,407,-1,nan,0.044611288830022945,0.44045504214123243,0.08828571323953197,0.009517418162162155,0.02,3.0744541283422864,0.1747881701606989,7.824120988553011,1.0724031925201416,0.0,0.0
/home/simon/davide_fr3_ws/src/cbf_safety_filter/config/generated_scenarios/scenario_0699.yaml,scenario_0699,SUCCESS_BUT_UNSAFE,True,True,False,395,7.9,7.9,394,60,1.2,-0.003694285332805188,-0.03707404920394308,-0.012654002323035374,0.009442831507545603,0.02,1.38592145994668,0.13121717086851964,4.859284806624206,1.6189115047454834,0.0,0.0
/home/simon/davide_fr3_ws/src/cbf_safety_filter/config/generated_scenarios/scenario_0700.yaml,scenario_0700,SUCCESS_BUT_UNSAFE,True,True,False,395,7.9,7.9,394,48,0.96,-0.023312923924904187,-0.5329882876592724,-0.0772621896369329,0.009724326344782408,0.02,17.22594631639813,8.331505203985339,59.054008656502276,1.1163058280944824,0.0,0.0
/home/simon/davide_fr3_ws/src/cbf_safety_filter/config/generated_scenarios/scenario_0701.yaml,scenario_0701,SUCCESS_SAFE,False,True,True,413,8.26,8.26,412,-1,nan,0.02917319763985233,0.31245924714042905,0.07444992524093233,0.009475249019084295,0.02,1.6620821061022426,0.15614798052093184,5.818928788252119,1.297393798828125,0.0,0.0
/home/simon/davide_fr3_ws/src/cbf_safety_filter/config/generated_scenarios/scenario_0702.yaml,scenario_0702,SUCCESS_BUT_UNSAFE,True,True,False,420,8.4,8.4,419,88,1.76,-0.0065218979641800436,-0.0657969151080578,-0.020151154746337663,0.009487795007015501,0.02,2.698609673347363,0.1709866761243386,6.162652848274327,1.0475468635559082,0.0,0.0
/home/simon/davide_fr3_ws/src/cbf_safety_filter/config/generated_scenarios/scenario_0703.yaml,scenario_0703,SUCCESS_BUT_UNSAFE,True,True,False,375,7.5,7.5,374,68,1.36,-0.018848540757770975,-0.18933924567024676,-0.06331762401184629,0.009489107839638659,0.02,1.3984025542772012,0.12391950414506629,5.068907809675345,0.8394801616668701,0.0,0.0
/home/simon/davide_fr3_ws/src/cbf_safety_filter/config/generated_scenarios/scenario_0704.yaml,scenario_0704,SUCCESS_SAFE,False,True,True,354,7.08,7.08,353,-1,nan,0.019900955810436875,0.19900257025899115,0.05445391851533132,0.009421925803587892,0.02,1.3152214297570086,0.12851120701457927,5.279571859566819,0.7622330188751221,0.0,0.0
/home/simon/davide_fr3_ws/src/cbf_safety_filter/config/generated_scenarios/scenario_0705.yaml,scenario_0705,SUCCESS_BUT_UNSAFE,True,True,False,452,9.040000000000001,9.040000000000001,451,57,1.1400000000000001,-0.03092922114941173,-0.32507631529803926,-0.14565665207888878,0.009709690332683757,0.02,8.67039248169982,1.1690651612195697,48.666639164205435,1.2068393230438232,0.0,0.0
/home/simon/davide_fr3_ws/src/cbf_safety_filter/config/generated_scenarios/scenario_0706.yaml,scenario_0706,SUCCESS_SAFE,False,True,True,341,6.82,6.82,340,-1,nan,0.022348172301313664,0.22685089329996885,0.06619765303567465,0.009501882436976196,0.02,0.90924999983879,0.09939878964531991,3.6413016256580555,1.3557324409484863,0.0,0.0
/home/simon/davide_fr3_ws/src/cbf_safety_filter/config/generated_scenarios/scenario_0707.yaml,scenario_0707,SUCCESS_SAFE,False,True,True,369,7.38,7.38,368,-1,nan,0.009339784097717588,0.0905707307910742,0.024458741130470668,0.009477260258303663,0.02,0.9310135545233287,0.11185749258288857,3.787744896315914,0.9992759227752686,0.0,0.0
/home/simon/davide_fr3_ws/src/cbf_safety_filter/config/generated_scenarios/scenario_0708.yaml,scenario_0708,SUCCESS_SAFE,False,True,True,363,7.26,7.26,362,-1,nan,0.006694065731258844,0.0650768041513655,0.0210473849142441,0.009481540263762526,0.02,1.3170534680774928,0.12414931364049485,5.17388217425038,1.004368543624878,0.0,0.0
/home/simon/davide_fr3_ws/src/cbf_safety_filter/config/generated_scenarios/scenario_0709.yaml,scenario_0709,SUCCESS_BUT_UNSAFE,True,True,False,451,9.02,9.02,450,80,1.6,-0.01746815017798169,-0.17566197190603575,-0.06595649934752744,0.009435090527931443,0.02,5.684469368403192,0.5444795091300395,44.082227511306826,1.5219807624816895,0.0,0.0
/home/simon/davide_fr3_ws/src/cbf_safety_filter/config/generated_scenarios/scenario_0710.yaml,scenario_0710,SUCCESS_SAFE,False,True,True,369,7.38,7.38,368,-1,nan,0.0007593754719447503,0.007213490917533946,0.0024938939239758373,0.00942652650084255,0.02,1.0950338582775665,0.10884392949362678,3.849163643310785,1.3977141380310059,0.0,0.0
/home/simon/davide_fr3_ws/src/cbf_safety_filter/config/generated_scenarios/scenario_0711.yaml,scenario_0711,SUCCESS_SAFE,False,True,True,384,7.68,7.68,383,-1,nan,0.006194564885353592,0.061247031443866576,0.01896864555049796,0.009427013991957315,0.02,1.2889638952974776,0.12038269193485202,4.553609814043219,0.8339424133300781,0.0,0.0
/home/simon/davide_fr3_ws/src/cbf_safety_filter/config/generated_scenarios/scenario_0712.yaml,scenario_0712,SUCCESS_BUT_UNSAFE,True,True,False,371,7.42,7.42,370,68,1.36,-0.014644340389948912,-0.032237213576795494,-0.05336100412048657,0.009505456666205146,0.02,1.6211714168657931,0.13679791802965077,5.7305997943385805,1.0548782348632812,0.0,0.0
/home/simon/davide_fr3_ws/src/cbf_safety_filter/config/generated_scenarios/scenario_0713.yaml,scenario_0713,SUCCESS_BUT_UNSAFE,True,True,False,400,8.0,8.0,399,85,1.7,-0.0047185342083778115,-0.04800278083829845,-0.015463693116600813,0.00942836286018423,0.02,1.64193056399468,0.1449770828623345,4.878498190407057,1.5666203498840332,0.0,0.0
/home/simon/davide_fr3_ws/src/cbf_safety_filter/config/generated_scenarios/scenario_0714.yaml,scenario_0714,SUCCESS_BUT_UNSAFE,True,True,False,459,9.18,9.18,458,50,1.0,-0.03860696982304916,-0.3911107881284307,-0.17008162837077836,0.00891032245882841,0.02,12.862729092934645,2.21667200329514,42.643342094046865,1.9765329360961914,0.0,0.0
/home/simon/davide_fr3_ws/src/cbf_safety_filter/config/generated_scenarios/scenario_0715.yaml,scenario_0715,SUCCESS_BUT_UNSAFE,True,True,False,434,8.68,8.68,433,322,6.44,-0.023909069601193073,-0.23963810622628112,-0.06907675141404265,0.009518748862171052,0.02,6.19296523294987,0.6066513805857581,40.14763360685675,1.2155125141143799,0.0,0.0
/home/simon/davide_fr3_ws/src/cbf_safety_filter/config/generated_scenarios/scenario_0716.yaml,scenario_0716,SUCCESS_SAFE,False,True,True,415,8.3,8.3,414,-1,nan,0.06922617291613986,0.6919128034725226,0.1420333994297855,0.009450957796784377,0.02,1.7323156676084568,0.21198506158908137,8.45647872805924,0.9859030246734619,0.0,0.0
/home/simon/davide_fr3_ws/src/cbf_safety_filter/config/generated_scenarios/scenario_0717.yaml,scenario_0717,SUCCESS_BUT_UNSAFE,True,True,False,319,6.38,6.38,318,77,1.54,-0.011354121044891436,-0.11366500285551236,-0.0441751957713402,0.00941508685831225,0.02,0.4879950378530758,0.062125839786610224,2.0089397577952837,1.0512382984161377,0.0,0.0
/home/simon/davide_fr3_ws/src/cbf_safety_filter/config/generated_scenarios/scenario_0718.yaml,scenario_0718,SUCCESS_BUT_UNSAFE,True,True,False,446,8.92,8.92,445,92,1.84,-0.0117600898713743,-0.14221858947436247,-0.03287463212716524,0.01038210786655701,0.02,8.825086693684447,1.2217379921910858,50.52530851033814,1.0181686878204346,0.0,0.0
/home/simon/davide_fr3_ws/src/cbf_safety_filter/config/generated_scenarios/scenario_0719.yaml,scenario_0719,GOAL_FAIL_AND_UNSAFE,True,False,False,3000,60.0,nan,-1,76,1.52,-0.045709410301623794,-4.726158298256411,-0.21278525945374982,0.011775119555602143,0.02,692.6543438154509,91.31957171723528,1072.2120225544513,11.030799627304077,0.0,0.0
/home/simon/davide_fr3_ws/src/cbf_safety_filter/config/generated_scenarios/scenario_0720.yaml,scenario_0720,GOAL_FAIL_AND_UNSAFE,True,False,False,3000,60.0,nan,-1,122,2.44,-0.012001807653137585,-2.6174423181661597,-0.09480401475647346,0.047369635172048036,0.02,804.2335463965885,106.92797689715658,990.300799146078,6.118426322937012,0.0,0.0
/home/simon/davide_fr3_ws/src/cbf_safety_filter/config/generated_scenarios/scenario_0721.yaml,scenario_0721,SUCCESS_SAFE,False,True,True,388,7.76,7.76,387,-1,nan,0.009184525501230917,0.09131834043941042,0.022401215309329175,0.00942920899962583,0.02,1.3462738524726885,0.1475161579907697,4.97107499316447,0.8327658176422119,0.0,0.0
/home/simon/davide_fr3_ws/src/cbf_safety_filter/config/generated_scenarios/scenario_0722.yaml,scenario_0722,SUCCESS_BUT_UNSAFE,True,True,False,446,8.92,8.92,445,30,0.6,-0.029023557465584125,-0.3468043567330117,-0.1284528715264594,0.01212626717074521,0.02,14.766247125138982,4.303603450553553,52.65786219108356,0.7157869338989258,0.0,0.0
/home/simon/davide_fr3_ws/src/cbf_safety_filter/config/generated_scenarios/scenario_0723.yaml,scenario_0723,SUCCESS_SAFE,False,True,True,423,8.46,8.46,422,-1,nan,0.017855605059127536,0.17158306378439117,0.049915639878610724,0.009495843883567057,0.02,2.1657629664532076,0.20715695716708796,7.703737136356817,1.3009583950042725,0.0,0.0
/home/simon/davide_fr3_ws/src/cbf_safety_filter/config/generated_scenarios/scenario_0724.yaml,scenario_0724,SUCCESS_BUT_UNSAFE,True,True,False,365,7.3,7.3,364,142,2.84,-0.007620746864732359,-0.07622234163805457,-0.04971676781749095,0.009418209673622367,0.02,1.0482084134382617,0.12672108287175185,4.883644921762713,0.7335612773895264,0.0,0.0
/home/simon/davide_fr3_ws/src/cbf_safety_filter/config/generated_scenarios/scenario_0725.yaml,scenario_0725,SUCCESS_BUT_UNSAFE,True,True,False,450,9.0,9.0,449,24,0.48,-0.017042112358016448,-0.17312074910934952,-0.09892238227496844,0.009484930203284416,0.02,4.841467541274319,0.5432521284479954,45.4296861239605,1.3997015953063965,0.0,0.0
/home/simon/davide_fr3_ws/src/cbf_safety_filter/config/generated_scenarios/scenario_0726.yaml,scenario_0726,SUCCESS_SAFE,False,True,True,386,7.72,7.72,385,-1,nan,0.0022296647495053563,0.022210099887664068,0.009220335999810633,0.009461993212460012,0.02,1.2713862389252153,0.14192005224952758,4.691332855909417,0.6293096542358398,0.0,0.0
/home/simon/davide_fr3_ws/src/cbf_safety_filter/config/generated_scenarios/scenario_0727.yaml,scenario_0727,SUCCESS_BUT_UNSAFE,True,True,False,407,8.14,8.14,406,33,0.66,-0.013299013398348028,-0.1342437407775086,-0.07057415588324198,0.009456147002091572,0.02,1.6622207620065304,0.15054510318909542,5.496177396489037,0.62772536277771,0.0,0.0
/home/simon/davide_fr3_ws/src/cbf_safety_filter/config/generated_scenarios/scenario_0728.yaml,scenario_0728,SUCCESS_BUT_UNSAFE,True,True,False,389,7.78,7.78,388,61,1.22,-0.008460862687451637,-0.08533046472667608,-0.02257269572111098,0.00947874900307476,0.02,2.042203974120847,0.14570699357217842,6.294941354027662,0.6020705699920654,0.0,0.0
/home/simon/davide_fr3_ws/src/cbf_safety_filter/config/generated_scenarios/scenario_0729.yaml,scenario_0729,SUCCESS_SAFE,False,True,True,444,8.88,8.88,443,-1,nan,0.016435127526027042,0.1623478346064796,0.057655821395209805,0.009505755237317703,0.02,5.984488299229714,0.539592114812332,49.764787059851415,1.1327614784240723,0.0,0.0
/home/simon/davide_fr3_ws/src/cbf_safety_filter/config/generated_scenarios/scenario_0730.yaml,scenario_0730,SUCCESS_SAFE,False,True,True,314,6.28,6.28,313,-1,nan,0.021425048550160593,0.2135380778286288,0.0485647352114236,0.009492210055624601,0.02,0.6310437466688604,0.08089970442166115,2.8370722150056067,0.646277904510498,0.0,0.0
/home/simon/davide_fr3_ws/src/cbf_safety_filter/config/generated_scenarios/scenario_0731.yaml,scenario_0731,SUCCESS_BUT_UNSAFE,True,True,False,427,8.540000000000001,8.540000000000001,426,146,2.92,-0.007923906725512166,-0.08072455942606513,-0.03493657308362881,0.009419572343801209,0.02,2.4339438060235428,0.2303107973652888,8.73897517921708,1.137791633605957,0.0,0.0
/home/simon/davide_fr3_ws/src/cbf_safety_filter/config/generated_scenarios/scenario_0732.yaml,scenario_0732,SUCCESS_SAFE,False,True,True,455,9.1,9.1,454,-1,nan,0.021220566852135688,0.20276044426344758,0.08123249356397194,0.010716366515752283,0.02,10.267627878813952,1.5259095907386566,49.92473029620918,0.6415977478027344,0.0,0.0
/home/simon/davide_fr3_ws/src/cbf_safety_filter/config/generated_scenarios/scenario_0733.yaml,scenario_0733,SUCCESS_SAFE,False,True,True,377,7.54,7.54,376,-1,nan,0.03502161972514872,0.3487658442195763,0.07996451441297653,0.00942658351872619,0.02,0.8645777400335596,0.11597441363575924,4.346780189564852,0.6997289657592773,0.0,0.0
/home/simon/davide_fr3_ws/src/cbf_safety_filter/config/generated_scenarios/scenario_0734.yaml,scenario_0734,SUCCESS_BUT_UNSAFE,True,True,False,361,7.22,7.22,360,57,1.1400000000000001,-0.008209037338655956,-0.08218328612951253,-0.03770970796055807,0.009430892732040697,0.02,0.9938271871505274,0.10285314838868037,3.8498011065717748,0.5114760398864746,0.0,0.0
/home/simon/davide_fr3_ws/src/cbf_safety_filter/config/generated_scenarios/scenario_0735.yaml,scenario_0735,SUCCESS_BUT_UNSAFE,True,True,False,376,7.5200000000000005,7.5200000000000005,375,48,0.96,-0.010843216294586393,-0.10899065278886029,-0.0564230988817727,0.009456668195044171,0.02,1.8378827365582955,0.14492279396476168,6.46784630430115,0.8325297832489014,0.0,0.0
/home/simon/davide_fr3_ws/src/cbf_safety_filter/config/generated_scenarios/scenario_0736.yaml,scenario_0736,SUCCESS_SAFE,False,True,True,385,7.7,7.7,384,-1,nan,0.025391192419600056,0.2663874658918267,0.05721164128558989,0.009477269635315727,0.02,1.8778095524868275,0.14122159871614554,5.952018609730313,0.5906810760498047,0.0,0.0
/home/simon/davide_fr3_ws/src/cbf_safety_filter/config/generated_scenarios/scenario_0737.yaml,scenario_0737,SUCCESS_SAFE,False,True,True,324,6.48,6.48,323,-1,nan,0.03613852309374567,0.36072244141271126,0.09588691396468138,0.009438851375088299,0.02,0.6772422838078371,0.08397751001740023,3.0482863148009525,0.5327117443084717,0.0,0.0
/home/simon/davide_fr3_ws/src/cbf_safety_filter/config/generated_scenarios/scenario_0738.yaml,scenario_0738,SUCCESS_SAFE,False,True,True,353,7.0600000000000005,7.0600000000000005,352,-1,nan,0.006854610130917829,0.06852589230808433,0.018247455253724537,0.009475416125820459,0.02,0.805932645619444,0.10905052719027922,4.100539433445615,1.0013964176177979,0.0,0.0
/home/simon/davide_fr3_ws/src/cbf_safety_filter/config/generated_scenarios/scenario_0739.yaml,scenario_0739,SUCCESS_BUT_UNSAFE,True,True,False,397,7.94,7.94,396,38,0.76,-0.012825790595749582,-0.12871684460052935,-0.04444894754959948,0.009437603191736305,0.02,2.053809517347036,0.14318983716274677,6.254250080496524,1.1778011322021484,0.0,0.0
/home/simon/davide_fr3_ws/src/cbf_safety_filter/config/generated_scenarios/scenario_0740.yaml,scenario_0740,SUCCESS_SAFE,False,True,True,401,8.02,8.02,400,-1,nan,0.033377567564862765,0.3421040519453911,0.07310933767356281,0.009507566507547267,0.02,2.2069257069476205,0.1470143167308739,6.445794916563733,1.2733829021453857,0.0,0.0
/home/simon/davide_fr3_ws/src/cbf_safety_filter/config/generated_scenarios/scenario_0741.yaml,scenario_0741,SUCCESS_SAFE,False,True,True,377,7.54,7.54,376,-1,nan,0.03992886873125413,0.39876618797462926,0.12915489666273516,0.0094454081607505,0.02,1.3924793785818574,0.14439536774670034,5.6035261954980955,0.6685197353363037,0.0,0.0
/home/simon/davide_fr3_ws/src/cbf_safety_filter/config/generated_scenarios/scenario_0742.yaml,scenario_0742,GOAL_FAIL_AND_UNSAFE,True,False,False,3000,60.0,nan,-1,115,2.3000000000000003,-0.028242082761439295,-8.689786650927756,-0.0903641126771781,0.02911155724401423,0.02,733.4845032593341,103.94600248480745,996.2876792981028,7.294634103775024,0.0,0.0
/home/simon/davide_fr3_ws/src/cbf_safety_filter/config/generated_scenarios/scenario_0743.yaml,scenario_0743,SUCCESS_SAFE,False,True,True,329,6.58,6.58,328,-1,nan,0.008138542943240927,0.08103445719018755,0.03812273546374875,0.009412029434172929,0.02,0.8694527496944569,0.10424600042309073,4.020027008408771,1.2909176349639893,0.0,0.0
/home/simon/davide_fr3_ws/src/cbf_safety_filter/config/generated_scenarios/scenario_0744.yaml,scenario_0744,SUCCESS_SAFE,False,True,True,432,8.64,8.64,431,-1,nan,0.016187289439243774,0.15442381168894673,0.055783032229302115,0.009464356316669946,0.02,3.6816120251594597,0.2008582522768249,6.87178358149313,0.8586831092834473,0.0,0.0
/home/simon/davide_fr3_ws/src/cbf_safety_filter/config/generated_scenarios/scenario_0745.yaml,scenario_0745,SUCCESS_SAFE,False,True,True,381,7.62,7.62,380,-1,nan,0.05467506438388817,0.5473151175091656,0.11864173738674269,0.00948227105245578,0.02,1.5552789596325758,0.1301681399883469,5.590604512370481,1.1735591888427734,0.0,0.0
/home/simon/davide_fr3_ws/src/cbf_safety_filter/config/generated_scenarios/scenario_0746.yaml,scenario_0746,SUCCESS_SAFE,False,True,True,343,6.86,6.86,342,-1,nan,0.0047504148972314295,0.04726126241032132,0.01202558781939786,0.009426690492280974,0.02,0.7243756152855344,0.09466563458161946,3.4433266521923183,1.2107455730438232,0.0,0.0
/home/simon/davide_fr3_ws/src/cbf_safety_filter/config/generated_scenarios/scenario_0747.yaml,scenario_0747,GOAL_FAIL_AND_UNSAFE,True,False,False,3000,60.0,nan,-1,16,0.32,-0.028489731087178047,-4.384983469196239,-0.15615622151655179,0.13309877694262545,0.02,924.4661817482413,138.93646294389677,1828.726360793175,9.625999450683594,0.0,0.0
/home/simon/davide_fr3_ws/src/cbf_safety_filter/config/generated_scenarios/scenario_0748.yaml,scenario_0748,GOAL_FAIL_AND_UNSAFE,True,False,False,3000,60.0,nan,-1,140,2.8000000000000003,-0.022726584461923046,-8.518593610400309,-0.14640601798676048,0.05048197906612132,0.02,964.4374431126287,169.40085904417023,1610.1397931313074,9.105978012084961,0.0,0.0
/home/simon/davide_fr3_ws/src/cbf_safety_filter/config/generated_scenarios/scenario_0749.yaml,scenario_0749,SUCCESS_SAFE,False,True,True,393,7.86,7.86,392,-1,nan,0.017415646235205494,0.172169478877413,0.05583871963736467,0.009494418180317033,0.02,1.5600017672275066,0.13083946390767182,5.176970442504227,0.966092586517334,0.0,0.0
/home/simon/davide_fr3_ws/src/cbf_safety_filter/config/generated_scenarios/scenario_0750.yaml,scenario_0750,SUCCESS_SAFE,False,True,True,383,7.66,7.66,382,-1,nan,0.016869008755874083,0.16698878313053173,0.056351788733973895,0.009462222097944124,0.02,1.523212437554195,0.12811868853285754,5.166891990433152,0.7953803539276123,0.0,0.0
/home/simon/davide_fr3_ws/src/cbf_safety_filter/config/generated_scenarios/scenario_0751.yaml,scenario_0751,SUCCESS_BUT_UNSAFE,True,True,False,399,7.98,7.98,398,38,0.76,-0.012068683711408453,-0.12086737950428969,-0.08422712431442547,0.009503211244424782,0.02,2.7654084355151403,0.16753128640373338,7.756131864869923,1.6281139850616455,0.0,0.0
/home/simon/davide_fr3_ws/src/cbf_safety_filter/config/generated_scenarios/scenario_0752.yaml,scenario_0752,SUCCESS_SAFE,False,True,True,407,8.14,8.14,406,-1,nan,0.038294204419900495,0.38287504623804247,0.11423196127809788,0.009460534851635661,0.02,1.79069698885987,0.17021189709743523,5.57147381921188,0.8090741634368896,0.0,0.0
/home/simon/davide_fr3_ws/src/cbf_safety_filter/config/generated_scenarios/scenario_0753.yaml,scenario_0753,SUCCESS_SAFE,False,True,True,374,7.48,7.48,373,-1,nan,0.02226288523602516,0.2271647299790172,0.07810045804202637,0.009444776200372984,0.02,0.9976883505144479,0.11214984828129,3.869287466515344,1.619051456451416,0.0,0.0
/home/simon/davide_fr3_ws/src/cbf_safety_filter/config/generated_scenarios/scenario_0754.yaml,scenario_0754,SUCCESS_SAFE,False,True,True,405,8.1,8.1,404,-1,nan,0.008724849420705443,0.08699129168908876,0.02977970572753391,0.009463765056977057,0.02,2.958532117312799,0.17133066574402506,7.738886942836149,1.4945247173309326,0.0,0.0
/home/simon/davide_fr3_ws/src/cbf_safety_filter/config/generated_scenarios/scenario_0755.yaml,scenario_0755,SUCCESS_SAFE,False,True,True,415,8.3,8.3,414,-1,nan,0.027240819100049402,0.2757292807834392,0.0695986531415084,0.009445648515387754,0.02,3.3453137191037006,0.18367860433032054,7.846498115751481,0.7267329692840576,0.0,0.0
/home/simon/davide_fr3_ws/src/cbf_safety_filter/config/generated_scenarios/scenario_0756.yaml,scenario_0756,SUCCESS_BUT_UNSAFE,True,True,False,411,8.22,8.22,410,39,0.78,-0.014375229992741666,-1.0975785272068337,-0.06457006891526267,0.008660153984687247,0.02,23.85050154029986,10.764417349495188,43.03182302577183,1.2151358127593994,0.0,0.0
/home/simon/davide_fr3_ws/src/cbf_safety_filter/config/generated_scenarios/scenario_0757.yaml,scenario_0757,SUCCESS_SAFE,False,True,True,391,7.82,7.82,390,-1,nan,0.03919512615314732,0.39195094502198174,0.08536107765842699,0.009466691542528287,0.02,2.372261730656172,0.157459700020243,7.234611287478562,1.0804946422576904,0.0,0.0
/home/simon/davide_fr3_ws/src/cbf_safety_filter/config/generated_scenarios/scenario_0758.yaml,scenario_0758,SUCCESS_SAFE,False,True,True,352,7.04,7.04,351,-1,nan,0.008981017148406673,0.08917741031989206,0.024280839120414427,0.00941462665247099,0.02,0.8192855524555847,0.09070567923936627,3.084210600709112,1.2433128356933594,0.0,0.0
/home/simon/davide_fr3_ws/src/cbf_safety_filter/config/generated_scenarios/scenario_0759.yaml,scenario_0759,SUCCESS_BUT_UNSAFE,True,True,False,449,8.98,8.98,448,125,2.5,-0.012337586545113743,-0.12820149632066422,-0.043962755419579516,0.00989899030542389,0.02,6.706961369670567,0.751804566509394,56.466027442931264,1.321460485458374,0.0,0.0
/home/simon/davide_fr3_ws/src/cbf_safety_filter/config/generated_scenarios/scenario_0760.yaml,scenario_0760,GOAL_FAIL_AND_UNSAFE,True,False,False,3000,60.0,nan,-1,49,0.98,-0.01297175010006597,-3.1413069781981973,-0.11269173681094309,0.009692865650724086,0.02,840.3870173853742,117.35834161095028,683.1086452954004,7.541590452194214,0.0,0.0
/home/simon/davide_fr3_ws/src/cbf_safety_filter/config/generated_scenarios/scenario_0761.yaml,scenario_0761,SUCCESS_SAFE,False,True,True,360,7.2,7.2,359,-1,nan,0.027130201917023422,0.27832749186041816,0.07223265160389813,0.009473733328014948,0.02,0.759842382998554,0.09573796113667814,3.4454774754452395,1.258570671081543,0.0,0.0
/home/simon/davide_fr3_ws/src/cbf_safety_filter/config/generated_scenarios/scenario_0762.yaml,scenario_0762,SUCCESS_BUT_UNSAFE,True,True,False,438,8.76,8.76,437,29,0.58,-0.030716221321032744,-0.3474481795384053,-0.16468493339611479,0.012097021634519247,0.02,25.627810609016226,9.77160016693603,65.70581461302444,1.4386320114135742,0.0,0.0
/home/simon/davide_fr3_ws/src/cbf_safety_filter/config/generated_scenarios/scenario_0763.yaml,scenario_0763,SUCCESS_BUT_UNSAFE,True,True,False,426,8.52,8.52,425,417,8.34,-0.0020601663931945034,-0.031971368697038705,-0.0062708790851092044,0.009454029437742236,0.02,3.6130015874192374,0.31289674206402823,24.773897885321432,0.7824780941009521,0.0,0.0
/home/simon/davide_fr3_ws/src/cbf_safety_filter/config/generated_scenarios/scenario_0764.yaml,scenario_0764,SUCCESS_SAFE,False,True,True,337,6.74,6.74,336,-1,nan,0.020625204254435724,0.20622741261376387,0.05399358764522347,0.009449011897706557,0.02,0.7405530436040244,0.087067094624965,3.311292853095121,1.0557942390441895,0.0,0.0
/home/simon/davide_fr3_ws/src/cbf_safety_filter/config/generated_scenarios/scenario_0765.yaml,scenario_0765,SUCCESS_BUT_UNSAFE,True,True,False,430,8.6,8.6,429,106,2.12,-0.011847365674912428,-0.24208529802458836,-0.0873156181578364,0.008370206236917387,0.02,22.3438701049694,9.071479039509496,56.80927596875205,1.0727739334106445,0.0,0.0
/home/simon/davide_fr3_ws/src/cbf_safety_filter/config/generated_scenarios/scenario_0766.yaml,scenario_0766,SUCCESS_BUT_UNSAFE,True,True,False,393,7.86,7.86,392,197,3.94,-0.002521326064735133,-0.14622451034967018,-0.0153094789463558,0.008226516893692295,0.02,13.808578665285994,4.844206670305437,43.11568728671379,0.6941306591033936,0.0,0.0
/home/simon/davide_fr3_ws/src/cbf_safety_filter/config/generated_scenarios/scenario_0767.yaml,scenario_0767,SUCCESS_BUT_UNSAFE,True,True,False,492,9.84,9.84,491,62,1.24,-0.03138394100689121,-0.6551983865683371,-0.11770450530881518,0.00947710583448544,0.02,44.48664058915357,19.846422896362643,60.71601395498152,1.6324734687805176,0.0,0.0
/home/simon/davide_fr3_ws/src/cbf_safety_filter/config/generated_scenarios/scenario_0768.yaml,scenario_0768,SUCCESS_SAFE,False,True,True,407,8.14,8.14,406,-1,nan,0.006052789502757613,0.0576658242544397,0.024210172863860152,0.009491860675075174,0.02,1.4476168741830913,0.187896388361041,7.410132530015064,1.2526016235351562,0.0,0.0
/home/simon/davide_fr3_ws/src/cbf_safety_filter/config/generated_scenarios/scenario_0769.yaml,scenario_0769,SUCCESS_BUT_UNSAFE,True,True,False,389,7.78,7.78,388,70,1.4000000000000001,-0.00589652302706287,-0.059977026470704284,-0.01853896710780495,0.0094196626536723,0.02,1.9926303840181907,0.14386593387663477,6.150649837675573,1.235224723815918,0.0,0.0
/home/simon/davide_fr3_ws/src/cbf_safety_filter/config/generated_scenarios/scenario_0770.yaml,scenario_0770,SUCCESS_SAFE,False,True,True,428,8.56,8.56,427,-1,nan,0.022593461555444033,0.24692935810058067,0.05511714249801891,0.00942274218189217,0.02,5.55278478306574,0.6118778795699061,46.470909838781374,1.0717005729675293,0.0,0.0
/home/simon/davide_fr3_ws/src/cbf_safety_filter/config/generated_scenarios/scenario_0771.yaml,scenario_0771,SUCCESS_BUT_UNSAFE,True,True,False,388,7.76,7.76,387,126,2.52,-0.012032806485633919,-0.12385423732071868,-0.05385534427670852,0.00948280460957635,0.02,1.4212686471604903,0.16376263176319808,6.460486006015476,1.0425071716308594,0.0,0.0
/home/simon/davide_fr3_ws/src/cbf_safety_filter/config/generated_scenarios/scenario_0772.yaml,scenario_0772,SUCCESS_BUT_UNSAFE,True,True,False,420,8.4,8.4,419,266,5.32,-0.012594706949587985,-0.12728595101789295,-0.04567920600860027,0.009481873779162963,0.02,2.3709329694370633,0.22419651616804523,8.461247220704541,0.921994686126709,0.0,0.0
/home/simon/davide_fr3_ws/src/cbf_safety_filter/config/generated_scenarios/scenario_0773.yaml,scenario_0773,SUCCESS_BUT_UNSAFE,True,True,False,410,8.2,8.2,409,29,0.58,-0.01593809991614016,-0.1616308628275296,-0.12261352690775551,0.009494350005527131,0.02,1.9998160224577008,0.18436305428297434,5.949428746989094,1.1466143131256104,0.0,0.0
/home/simon/davide_fr3_ws/src/cbf_safety_filter/config/generated_scenarios/scenario_0774.yaml,scenario_0774,SUCCESS_SAFE,False,True,True,397,7.94,7.94,396,-1,nan,0.014233218982454906,0.1367398863483154,0.05185915230980731,0.009450577218858551,0.02,2.3225452337376127,0.15250570916718278,6.531885270203593,0.8927717208862305,0.0,0.0
/home/simon/davide_fr3_ws/src/cbf_safety_filter/config/generated_scenarios/scenario_0775.yaml,scenario_0775,SUCCESS_BUT_UNSAFE,True,True,False,454,9.08,9.08,453,11,0.22,-0.02383071071488869,-0.238474096221525,-0.07101175681447988,0.009531126260382158,0.02,5.658924896643419,0.3644155532016746,12.160043234410072,1.5702238082885742,0.0,0.0
/home/simon/davide_fr3_ws/src/cbf_safety_filter/config/generated_scenarios/scenario_0776.yaml,scenario_0776,SUCCESS_BUT_UNSAFE,True,True,False,447,8.94,8.94,446,25,0.5,-0.036526730405370855,-0.3660253583461614,-0.1627093931003428,0.009466127893538751,0.02,5.765437801922233,0.5815017161614994,42.412201902463934,0.9705946445465088,0.0,0.0
/home/simon/davide_fr3_ws/src/cbf_safety_filter/config/generated_scenarios/scenario_0777.yaml,scenario_0777,SUCCESS_SAFE,False,True,True,383,7.66,7.66,382,-1,nan,0.007176446441421527,0.07140793405455992,0.01978172009217588,0.009434491671024425,0.02,1.2337454630600055,0.15147061673266293,5.938419816747209,1.6305718421936035,0.0,0.0
/home/simon/davide_fr3_ws/src/cbf_safety_filter/config/generated_scenarios/scenario_0778.yaml,scenario_0778,SUCCESS_BUT_UNSAFE,True,True,False,460,9.200000000000001,9.200000000000001,459,17,0.34,-0.017070350941891743,-0.1713202547411552,-0.11513077979782235,0.009589672658562457,0.02,10.096871731397865,1.4745196701171464,41.90831072247775,1.6159417629241943,0.0,0.0
/home/simon/davide_fr3_ws/src/cbf_safety_filter/config/generated_scenarios/scenario_0779.yaml,scenario_0779,SUCCESS_BUT_UNSAFE,True,True,False,755,15.1,15.1,754,68,1.36,-0.018146496739498676,-1.3891419402203744,-0.12723922498867268,0.017889325818966344,0.02,123.0520638432721,59.509832761605466,630.0635386801007,1.639066457748413,0.0,0.0
/home/simon/davide_fr3_ws/src/cbf_safety_filter/config/generated_scenarios/scenario_0780.yaml,scenario_0780,SUCCESS_BUT_UNSAFE,True,True,False,353,7.0600000000000005,7.0600000000000005,352,41,0.8200000000000001,-0.0029100798006963906,-0.02995866078905457,-0.010000283988530395,0.00946704716035051,0.02,0.8681512659200408,0.09229175767031092,3.0613146922822674,1.1341888904571533,0.0,0.0
/home/simon/davide_fr3_ws/src/cbf_safety_filter/config/generated_scenarios/scenario_0781.yaml,scenario_0781,SUCCESS_SAFE,False,True,True,381,7.62,7.62,380,-1,nan,0.034406695873250716,0.3472195939925125,0.0915645156485056,0.009424514199001524,0.02,1.7200409735758677,0.13640994660477923,5.622597912038825,0.7338244915008545,0.0,0.0
/home/simon/davide_fr3_ws/src/cbf_safety_filter/config/generated_scenarios/scenario_0782.yaml,scenario_0782,GOAL_FAIL_AND_UNSAFE,True,False,False,3000,60.0,nan,-1,103,2.06,-0.04160715580059887,-4.044049048071305,-0.18284190975505443,0.02492281111880604,0.02,778.3452973171344,112.00206709422397,1276.6047744422021,8.856138229370117,0.0,0.0
/home/simon/davide_fr3_ws/src/cbf_safety_filter/config/generated_scenarios/scenario_0783.yaml,scenario_0783,SUCCESS_SAFE,False,True,True,400,8.0,8.0,399,-1,nan,0.013767442975976252,0.13767315581789327,0.044535327284952464,0.009498580716288505,0.02,2.331100479469107,0.14923188297997902,7.027116211148639,1.1121585369110107,0.0,0.0
/home/simon/davide_fr3_ws/src/cbf_safety_filter/config/generated_scenarios/scenario_0784.yaml,scenario_0784,SUCCESS_BUT_UNSAFE,True,True,False,459,9.18,9.18,458,345,6.9,-0.005729863885804428,-0.06307842494666153,-0.0200370874484333,0.009718818938005904,0.02,7.444471074535652,0.853542491879199,49.35768105090738,1.628908634185791,0.0,0.0
/home/simon/davide_fr3_ws/src/cbf_safety_filter/config/generated_scenarios/scenario_0785.yaml,scenario_0785,SUCCESS_SAFE,False,True,True,430,8.6,8.6,429,-1,nan,0.02730066512046969,0.27205781056630557,0.08220065709417185,0.009431624928379428,0.02,2.9691966891605763,0.24392692913331795,8.910218987773998,1.1700236797332764,0.0,0.0
/home/simon/davide_fr3_ws/src/cbf_safety_filter/config/generated_scenarios/scenario_0786.yaml,scenario_0786,SUCCESS_SAFE,False,True,True,315,6.3,6.3,314,-1,nan,0.006283523374991291,0.06264618877188449,0.0218447361786219,0.009484550939095093,0.02,0.49188746506618936,0.06632403396837933,2.293529926038534,0.7595651149749756,0.0,0.0
/home/simon/davide_fr3_ws/src/cbf_safety_filter/config/generated_scenarios/scenario_0787.yaml,scenario_0787,SUCCESS_BUT_UNSAFE,True,True,False,459,9.18,9.18,458,17,0.34,-0.02027379341304444,-0.20764571986433655,-0.07240863915067132,0.010067945872292407,0.02,7.0911054965677796,1.1160265483167962,55.515706149586684,1.4633066654205322,0.0,0.0
/home/simon/davide_fr3_ws/src/cbf_safety_filter/config/generated_scenarios/scenario_0788.yaml,scenario_0788,SUCCESS_SAFE,False,True,True,308,6.16,6.16,307,-1,nan,0.017809533859197164,0.17916233395890474,0.06064904419498618,0.009468084364214143,0.02,0.6200222869528798,0.08779591246237749,3.116354114669955,0.7667238712310791,0.0,0.0
/home/simon/davide_fr3_ws/src/cbf_safety_filter/config/generated_scenarios/scenario_0789.yaml,scenario_0789,SUCCESS_SAFE,False,True,True,410,8.2,8.2,409,-1,nan,0.013277614875968905,0.13269433418640741,0.048299829442883094,0.009430102184480045,0.02,1.9424040089585854,0.18360291313509314,6.0745986911403,0.9902999401092529,0.0,0.0
/home/simon/davide_fr3_ws/src/cbf_safety_filter/config/generated_scenarios/scenario_0790.yaml,scenario_0790,SUCCESS_BUT_UNSAFE,True,True,False,475,9.5,9.5,474,90,1.8,-0.018650027993051824,-0.25077225488018695,-0.0769695855814686,0.01229737169270907,0.02,27.91861540403249,8.47973513560311,57.42980582482977,1.373436689376831,0.0,0.0
/home/simon/davide_fr3_ws/src/cbf_safety_filter/config/generated_scenarios/scenario_0791.yaml,scenario_0791,SUCCESS_SAFE,False,True,True,314,6.28,6.28,313,-1,nan,0.001297031729327422,0.012881651069600222,0.0036187607109479103,0.009412093118404486,0.02,0.6998251168580262,0.0893847678070671,3.184116393943266,0.6306881904602051,0.0,0.0
/home/simon/davide_fr3_ws/src/cbf_safety_filter/config/generated_scenarios/scenario_0792.yaml,scenario_0792,SUCCESS_SAFE,False,True,True,391,7.82,7.82,390,-1,nan,0.02189670975355219,0.2182106450522789,0.06642845692867524,0.009444182536369632,0.02,2.3584490394009974,0.1569273526572329,7.214292883685188,0.786470890045166,0.0,0.0
/home/simon/davide_fr3_ws/src/cbf_safety_filter/config/generated_scenarios/scenario_0793.yaml,scenario_0793,SUCCESS_SAFE,False,True,True,405,8.1,8.1,404,-1,nan,0.010282088760872561,0.10439027917011537,0.028549501570939356,0.009448045798665318,0.02,1.90600160986431,0.15125140351172206,5.110009824072048,0.7323110103607178,0.0,0.0
/home/simon/davide_fr3_ws/src/cbf_safety_filter/config/generated_scenarios/scenario_0794.yaml,scenario_0794,SUCCESS_BUT_UNSAFE,True,True,False,378,7.5600000000000005,7.5600000000000005,377,89,1.78,-0.01131803313148565,-0.5044886484362728,-0.029919700113605424,0.011454059883387359,0.02,15.645403716049076,11.327636621657678,53.95475593962391,0.904839277267456,0.0,0.0
/home/simon/davide_fr3_ws/src/cbf_safety_filter/config/generated_scenarios/scenario_0795.yaml,scenario_0795,SUCCESS_BUT_UNSAFE,True,True,False,423,8.46,8.46,422,50,1.0,-0.015363236280880703,-0.15375685254030658,-0.08839199467173285,0.009508078115962113,0.02,1.9288812332573229,0.21087270254635868,8.08582984943906,0.9824788570404053,0.0,0.0
/home/simon/davide_fr3_ws/src/cbf_safety_filter/config/generated_scenarios/scenario_0796.yaml,scenario_0796,SUCCESS_SAFE,False,True,True,309,6.18,6.18,308,-1,nan,0.029497607122243797,0.29468994067943205,0.07575934107716206,0.00947879777045411,0.02,0.38851779470476117,0.06919149854436835,2.460944376750812,0.5919253826141357,0.0,0.0
/home/simon/davide_fr3_ws/src/cbf_safety_filter/config/generated_scenarios/scenario_0797.yaml,scenario_0797,SUCCESS_BUT_UNSAFE,True,True,False,364,7.28,7.28,363,80,1.6,-0.03320793028765354,-0.33287469057174085,-0.12452658927315745,0.009422938177526291,0.02,1.7422548425466486,0.18350691152320714,21.16443392715243,1.063495397567749,0.0,0.0
/home/simon/davide_fr3_ws/src/cbf_safety_filter/config/generated_scenarios/scenario_0798.yaml,scenario_0798,SUCCESS_SAFE,False,True,True,424,8.48,8.48,423,-1,nan,0.014149964935095792,0.1413091428709941,0.05723325830808387,0.009371965806177385,0.02,7.1162246454054685,0.814951117111787,49.84640998654956,0.7943336963653564,0.0,0.0
/home/simon/davide_fr3_ws/src/cbf_safety_filter/config/generated_scenarios/scenario_0799.yaml,scenario_0799,SUCCESS_SAFE,False,True,True,388,7.76,7.76,387,-1,nan,0.04080739002364517,0.40651170323171276,0.09452231000742825,0.009432828902308467,0.02,1.0484604519395389,0.1273109852614766,4.724640453924929,1.2584939002990723,0.0,0.0
/home/simon/davide_fr3_ws/src/cbf_safety_filter/config/generated_scenarios/scenario_0800.yaml,scenario_0800,SUCCESS_SAFE,False,True,True,315,6.3,6.3,314,-1,nan,0.014240530580946785,0.14253352964289828,0.034910886319861834,0.009481972157093463,0.02,0.5173003498027038,0.06884772411031183,2.3968390533208526,0.8734598159790039,0.0,0.0
/home/simon/davide_fr3_ws/src/cbf_safety_filter/config/generated_scenarios/scenario_0801.yaml,scenario_0801,SUCCESS_SAFE,False,True,True,428,8.56,8.56,427,-1,nan,0.021101633171718627,0.23365638949775394,0.051977363884988914,0.009432956021809541,0.02,3.2184010070183042,0.2286862484292452,7.660159179928651,0.9563379287719727,0.0,0.0
/home/simon/davide_fr3_ws/src/cbf_safety_filter/config/generated_scenarios/scenario_0802.yaml,scenario_0802,SUCCESS_SAFE,False,True,True,404,8.08,8.08,403,-1,nan,0.0028987894706208536,0.007517032494169552,0.014875113685854258,0.009219091497962342,0.02,8.422135230841905,1.1235564804090052,29.980578141270172,1.009439468383789,0.0,0.0
/home/simon/davide_fr3_ws/src/cbf_safety_filter/config/generated_scenarios/scenario_0803.yaml,scenario_0803,GOAL_FAIL_AND_UNSAFE,True,False,False,3000,60.0,nan,-1,154,3.08,-0.01412977068967855,-4.172012616626228,-0.042807034609259886,0.011970120806083123,0.02,763.39391160937,98.60675255235745,1066.007198054304,5.994269371032715,0.0,0.0
/home/simon/davide_fr3_ws/src/cbf_safety_filter/config/generated_scenarios/scenario_0804.yaml,scenario_0804,SUCCESS_SAFE,False,True,True,431,8.620000000000001,8.620000000000001,430,-1,nan,0.006347742755515116,0.06248903198036733,0.022311058126574163,0.009456865492087914,0.02,4.141430318882085,0.31592457787093087,20.567488851326797,0.9138858318328857,0.0,0.0
/home/simon/davide_fr3_ws/src/cbf_safety_filter/config/generated_scenarios/scenario_0805.yaml,scenario_0805,SUCCESS_BUT_UNSAFE,True,True,False,433,8.66,8.66,432,49,0.98,-0.0029642186054931567,-0.03223895782279568,-0.00878508468642647,0.00967896729461228,0.02,5.8376560013621575,0.5872694926751838,20.667848192776447,1.4501233100891113,0.0,0.0
/home/simon/davide_fr3_ws/src/cbf_safety_filter/config/generated_scenarios/scenario_0806.yaml,scenario_0806,SUCCESS_BUT_UNSAFE,True,True,False,400,8.0,8.0,399,45,0.9,-0.030612804350118664,-0.306631365397728,-0.1682293632113663,0.009491996289335662,0.02,2.581794278258964,0.1594823372561257,7.308666454399941,0.8059682846069336,0.0,0.0
/home/simon/davide_fr3_ws/src/cbf_safety_filter/config/generated_scenarios/scenario_0807.yaml,scenario_0807,SUCCESS_BUT_UNSAFE,True,True,False,422,8.44,8.44,421,40,0.8,-0.026200285289980967,-0.26292687159327877,-0.08441117440198331,0.009503186594264674,0.02,2.1610763139914284,0.21951686123347505,8.33764664307861,1.62593412399292,0.0,0.0
/home/simon/davide_fr3_ws/src/cbf_safety_filter/config/generated_scenarios/scenario_0808.yaml,scenario_0808,SUCCESS_SAFE,False,True,True,409,8.18,8.18,408,-1,nan,0.017250387056042454,0.16808774766798626,0.045524591072859555,0.009466650460133074,0.02,2.273575842266518,0.15421164545449353,5.753866985182967,0.7722747325897217,0.0,0.0
/home/simon/davide_fr3_ws/src/cbf_safety_filter/config/generated_scenarios/scenario_0809.yaml,scenario_0809,SUCCESS_SAFE,False,True,True,409,8.18,8.18,408,-1,nan,0.03568329131182417,0.35587197034747703,0.08199508153292312,0.009426343688674184,0.02,1.5463778157611066,0.17631274218299556,6.565462521847688,1.0415120124816895,0.0,0.0
/home/simon/davide_fr3_ws/src/cbf_safety_filter/config/generated_scenarios/scenario_0810.yaml,scenario_0810,SUCCESS_SAFE,False,True,True,443,8.86,8.86,442,-1,nan,0.004922024461762296,0.043869194755587135,0.016521227770814384,0.01110537556319614,0.02,8.963910736598843,1.6074369811557885,27.047341744894023,1.4499704837799072,0.0,0.0
/home/simon/davide_fr3_ws/src/cbf_safety_filter/config/generated_scenarios/scenario_0811.yaml,scenario_0811,SUCCESS_SAFE,False,True,True,405,8.1,8.1,404,-1,nan,0.01009491832905307,0.10092914540271018,0.02467728864280158,0.009477646598029242,0.02,2.5379051490000393,0.1562443062224477,6.846897896972066,1.5242969989776611,0.0,0.0
/home/simon/davide_fr3_ws/src/cbf_safety_filter/config/generated_scenarios/scenario_0812.yaml,scenario_0812,SUCCESS_BUT_UNSAFE,True,True,False,387,7.74,7.74,386,66,1.32,-0.02661066835804701,-0.27050967382355634,-0.10337083901564945,0.009479237655727377,0.02,2.851499604405448,0.3308855835725546,47.42775217174222,1.6338419914245605,0.0,0.0
/home/simon/davide_fr3_ws/src/cbf_safety_filter/config/generated_scenarios/scenario_0813.yaml,scenario_0813,SUCCESS_BUT_UNSAFE,True,True,False,435,8.700000000000001,8.700000000000001,434,30,0.6,-0.030324493077612844,-0.30616996414483183,-0.09318799837059412,0.009511623152603904,0.02,6.418550106369896,0.6363753737486898,42.265549225821694,0.8078145980834961,0.0,0.0
/home/simon/davide_fr3_ws/src/cbf_safety_filter/config/generated_scenarios/scenario_0814.yaml,scenario_0814,SUCCESS_BUT_UNSAFE,True,True,False,478,9.56,9.56,477,357,7.140000000000001,-0.00824733699892147,-0.692430334467442,-0.044959094452206014,0.010187546823416195,0.02,31.378546265384465,14.917450973119308,68.85254483143174,1.1698451042175293,0.0,0.0
/home/simon/davide_fr3_ws/src/cbf_safety_filter/config/generated_scenarios/scenario_0815.yaml,scenario_0815,SUCCESS_SAFE,False,True,True,442,8.84,8.84,441,-1,nan,0.02625990959982976,0.25600847482808065,0.05977669726711224,0.009497369071529219,0.02,2.831894549492746,0.28036197477375674,11.08733612154434,0.8964672088623047,0.0,0.0
/home/simon/davide_fr3_ws/src/cbf_safety_filter/config/generated_scenarios/scenario_0816.yaml,scenario_0816,SUCCESS_SAFE,False,True,True,419,8.38,8.38,418,-1,nan,0.006888735897287109,0.06489167145203216,0.02264227083985071,0.009489840662171664,0.02,4.0582809796281945,0.3408278445303337,24.104189534691223,1.4765684604644775,0.0,0.0
/home/simon/davide_fr3_ws/src/cbf_safety_filter/config/generated_scenarios/scenario_0817.yaml,scenario_0817,SUCCESS_SAFE,False,True,True,429,8.58,8.58,428,-1,nan,0.007292806246156407,0.06861018804821871,0.028498791296397485,0.009444374372937058,0.02,1.8685812441103566,0.21810326348641457,8.562217527449508,1.3471639156341553,0.0,0.0
/home/simon/davide_fr3_ws/src/cbf_safety_filter/config/generated_scenarios/scenario_0818.yaml,scenario_0818,SUCCESS_SAFE,False,True,True,359,7.18,7.18,358,-1,nan,0.02171137433447798,0.2161386655903107,0.05578382260547071,0.009465776561470855,0.02,0.9610110342031734,0.10098212337578774,3.7971529808642654,1.0343232154846191,0.0,0.0
/home/simon/davide_fr3_ws/src/cbf_safety_filter/config/generated_scenarios/scenario_0819.yaml,scenario_0819,GOAL_FAIL_AND_UNSAFE,True,False,False,3000,60.0,nan,-1,39,0.78,-0.03659568979962452,-2.9851399807175483,-0.19128584459538744,0.048716909105616775,0.02,706.4607236930157,93.67133426326181,1315.2660830048717,5.7774107456207275,0.0,0.0
/home/simon/davide_fr3_ws/src/cbf_safety_filter/config/generated_scenarios/scenario_0820.yaml,scenario_0820,SUCCESS_SAFE,False,True,True,373,7.46,7.46,372,-1,nan,0.0013267184250014968,0.013325741790797603,0.005163070408874121,0.009446986175257608,0.02,1.4100575828707844,0.12493862284607583,5.144096822882431,1.3126168251037598,0.0,0.0
/home/simon/davide_fr3_ws/src/cbf_safety_filter/config/generated_scenarios/scenario_0821.yaml,scenario_0821,SUCCESS_SAFE,False,True,True,421,8.42,8.42,420,-1,nan,0.026267843462435443,0.2412834846420871,0.06833664205891418,0.009981568660188686,0.02,18.67156425373457,7.078657850787179,43.20920472328254,0.7687373161315918,0.0,0.0
/home/simon/davide_fr3_ws/src/cbf_safety_filter/config/generated_scenarios/scenario_0822.yaml,scenario_0822,SUCCESS_SAFE,False,True,True,371,7.42,7.42,370,-1,nan,0.0036752637658159955,0.037454209081433286,0.011780430459694513,0.009441112664656083,0.02,1.3086047803607646,0.12062900032138914,5.021578009112597,1.0673651695251465,0.0,0.0
/home/simon/davide_fr3_ws/src/cbf_safety_filter/config/generated_scenarios/scenario_0823.yaml,scenario_0823,GOAL_FAIL_AND_UNSAFE,True,False,False,3000,60.0,nan,-1,87,1.74,-0.03526653653820449,-2.678462012403645,-0.1862822840201398,0.04866493855783683,0.02,708.555848969122,92.17692546394892,763.3135561635509,9.610064506530762,0.0,0.0
/home/simon/davide_fr3_ws/src/cbf_safety_filter/config/generated_scenarios/scenario_0824.yaml,scenario_0824,SUCCESS_BUT_UNSAFE,True,True,False,444,8.88,8.88,443,29,0.58,-0.016811446309373396,-0.16830517812463355,-0.04653493497403369,0.009422499232161796,0.02,2.8929954117213335,0.27698742732161147,10.962503084041458,1.1442539691925049,0.0,0.0
/home/simon/davide_fr3_ws/src/cbf_safety_filter/config/generated_scenarios/scenario_0825.yaml,scenario_0825,SUCCESS_BUT_UNSAFE,True,True,False,416,8.32,8.32,415,75,1.5,-0.009682774860211074,-0.2065089331634296,-0.03547820276044955,0.010157773994587439,0.02,17.40985371999642,5.2250768791548685,34.182067912503285,0.6519696712493896,0.0,0.0
/home/simon/davide_fr3_ws/src/cbf_safety_filter/config/generated_scenarios/scenario_0826.yaml,scenario_0826,SUCCESS_SAFE,False,True,True,325,6.5,6.5,324,-1,nan,0.010936107341068691,0.10934900622800033,0.032819527212449906,0.009448107571213945,0.02,0.8985126923906206,0.10930340676766087,4.187619166033477,0.6124041080474854,0.0,0.0
/home/simon/davide_fr3_ws/src/cbf_safety_filter/config/generated_scenarios/scenario_0827.yaml,scenario_0827,SUCCESS_SAFE,False,True,True,401,8.02,8.02,400,-1,nan,0.03343798875658317,0.33412382128824225,0.0850334329544557,0.009472449062714747,0.02,1.2087881184603924,0.15517431361091924,5.935784407436211,0.8164880275726318,0.0,0.0
/home/simon/davide_fr3_ws/src/cbf_safety_filter/config/generated_scenarios/scenario_0828.yaml,scenario_0828,SUCCESS_SAFE,False,True,True,465,9.3,9.3,464,-1,nan,0.020812845583636934,0.1010724905047336,0.05802284056849355,0.01653964361474973,0.02,29.706391013978006,13.947303021627814,46.62054508840588,1.6424686908721924,0.0,0.0
/home/simon/davide_fr3_ws/src/cbf_safety_filter/config/generated_scenarios/scenario_0829.yaml,scenario_0829,SUCCESS_BUT_UNSAFE,True,True,False,402,8.040000000000001,8.040000000000001,401,56,1.12,-0.0014487512047494794,-0.016132407704777443,-0.008383159904734108,0.009504427540276366,0.02,1.2727796562231681,0.15835700160839047,5.997661814978892,1.673363208770752,0.0,0.0
/home/simon/davide_fr3_ws/src/cbf_safety_filter/config/generated_scenarios/scenario_0830.yaml,scenario_0830,SUCCESS_SAFE,False,True,True,315,6.3,6.3,314,-1,nan,0.022118508263238135,0.22105897865520205,0.06941976255845213,0.009422518535600291,0.02,0.6754010709645966,0.0882551689425065,3.242156856238196,1.0747957229614258,0.0,0.0
/home/simon/davide_fr3_ws/src/cbf_safety_filter/config/generated_scenarios/scenario_0831.yaml,scenario_0831,SUCCESS_BUT_UNSAFE,True,True,False,448,8.96,8.96,447,355,7.1000000000000005,-0.010754588645040843,-0.11697017367596389,-0.04542021449146556,0.011862267956376345,0.02,17.239376063000435,3.959109462592871,43.202860195035775,1.1138572692871094,0.0,0.0
/home/simon/davide_fr3_ws/src/cbf_safety_filter/config/generated_scenarios/scenario_0832.yaml,scenario_0832,SUCCESS_SAFE,False,True,True,418,8.36,8.36,417,-1,nan,0.03555082297492727,0.35819291817451376,0.08846466502113895,0.00945212227198956,0.02,2.38733113429111,0.15444443851540668,6.38549931776433,0.8944704532623291,0.0,0.0
/home/simon/davide_fr3_ws/src/cbf_safety_filter/config/generated_scenarios/scenario_0833.yaml,scenario_0833,SUCCESS_BUT_UNSAFE,True,True,False,388,7.76,7.76,387,360,7.2,-0.016266330728192786,-0.24811573488688338,-0.046486753143282794,0.0017290168240063242,0.02,18.79033817359548,9.58056171630809,71.99671286813206,1.3531181812286377,0.0,0.0
/home/simon/davide_fr3_ws/src/cbf_safety_filter/config/generated_scenarios/scenario_0834.yaml,scenario_0834,SUCCESS_BUT_UNSAFE,True,True,False,422,8.44,8.44,421,20,0.4,-0.0258104314163699,-0.2614436554110803,-0.15204683200034608,0.009497619124398452,0.02,2.7570704259823127,0.23389018175351478,8.678608949399054,1.4318900108337402,0.0,0.0
/home/simon/davide_fr3_ws/src/cbf_safety_filter/config/generated_scenarios/scenario_0835.yaml,scenario_0835,SUCCESS_SAFE,False,True,True,324,6.48,6.48,323,-1,nan,0.030323969577355656,0.3036567102201406,0.06914652760547199,0.009434519462951534,0.02,0.4529065141283171,0.07788058762290971,2.859777976016332,1.1996169090270996,0.0,0.0
/home/simon/davide_fr3_ws/src/cbf_safety_filter/config/generated_scenarios/scenario_0836.yaml,scenario_0836,SUCCESS_BUT_UNSAFE,True,True,False,448,8.96,8.96,447,41,0.8200000000000001,-0.026036226577370966,-0.2642697510331265,-0.11378944946682361,0.009477612487563566,0.02,4.962371288150252,0.32731604769312544,11.017764883159584,1.0120935440063477,0.0,0.0
/home/simon/davide_fr3_ws/src/cbf_safety_filter/config/generated_scenarios/scenario_0837.yaml,scenario_0837,SUCCESS_SAFE,False,True,True,396,7.92,7.92,395,-1,nan,0.0031409295582753988,0.027103046273306987,0.011255570193759362,0.009440365412479706,0.02,1.8268997137257168,0.13956645377172272,5.273264951312423,1.3429410457611084,0.0,0.0
/home/simon/davide_fr3_ws/src/cbf_safety_filter/config/generated_scenarios/scenario_0838.yaml,scenario_0838,SUCCESS_SAFE,False,True,True,417,8.34,8.34,416,-1,nan,0.04657656992396574,0.46518010672896976,0.11021135472041305,0.009469576374349972,0.02,3.035337946003528,0.17104604753733665,6.9534454992874375,0.7588801383972168,0.0,0.0
/home/simon/davide_fr3_ws/src/cbf_safety_filter/config/generated_scenarios/scenario_0839.yaml,scenario_0839,GOAL_FAIL_AND_UNSAFE,True,False,False,3000,60.0,nan,-1,146,2.92,-0.02786699651105555,-6.440304061953177,-0.13829282535650414,0.026201548388862777,0.02,776.167678782099,112.38086733274224,1135.8338016416385,5.388177156448364,0.0,0.0
/home/simon/davide_fr3_ws/src/cbf_safety_filter/config/generated_scenarios/scenario_0840.yaml,scenario_0840,SUCCESS_BUT_UNSAFE,True,True,False,385,7.7,7.7,384,42,0.84,-0.020282389126668146,-0.2777586177770054,-0.07395799645836991,0.008548805822442232,0.02,9.13057175446489,2.7769572753937304,49.71681849375638,0.863168478012085,0.0,0.0
/home/simon/davide_fr3_ws/src/cbf_safety_filter/config/generated_scenarios/scenario_0841.yaml,scenario_0841,SUCCESS_SAFE,False,True,True,447,8.94,8.94,446,-1,nan,0.0023311363786057623,0.02147452626382698,0.006449412553032552,0.010213730249880936,0.02,11.904794854721379,1.9210616796681985,46.64642663204551,1.230715274810791,0.0,0.0
/home/simon/davide_fr3_ws/src/cbf_safety_filter/config/generated_scenarios/scenario_0842.yaml,scenario_0842,SUCCESS_BUT_UNSAFE,True,True,False,385,7.7,7.7,384,49,0.98,-0.012371790345526844,-0.12388774527343072,-0.0646579945496422,0.009480556750469672,0.02,2.083571236361458,0.14961929190757148,6.7787022709947555,1.9586272239685059,0.0,0.0
/home/simon/davide_fr3_ws/src/cbf_safety_filter/config/generated_scenarios/scenario_0843.yaml,scenario_0843,SUCCESS_SAFE,False,True,True,376,7.5200000000000005,7.5200000000000005,375,-1,nan,0.014678690772856919,0.14599932428279602,0.033849226250819736,0.00941941711166178,0.02,1.0172241276985914,0.10978861471218698,4.003856050545751,0.7413020133972168,0.0,0.0
/home/simon/davide_fr3_ws/src/cbf_safety_filter/config/generated_scenarios/scenario_0844.yaml,scenario_0844,SUCCESS_SAFE,False,True,True,393,7.86,7.86,392,-1,nan,0.06436711001218913,0.6435038183400317,0.14422339499715844,0.009437488083715844,0.02,1.4503809042444757,0.13732778841296064,4.3362860495714495,0.9536871910095215,0.0,0.0
/home/simon/davide_fr3_ws/src/cbf_safety_filter/config/generated_scenarios/scenario_0845.yaml,scenario_0845,SUCCESS_BUT_UNSAFE,True,True,False,395,7.9,7.9,394,185,3.7,-0.028830751088548164,-0.35406582637110806,-0.1301546029622872,0.00911741854290654,0.02,12.35659551700003,3.8205785153007508,46.74980811156783,0.9885745048522949,0.0,0.0
/home/simon/davide_fr3_ws/src/cbf_safety_filter/config/generated_scenarios/scenario_0846.yaml,scenario_0846,SUCCESS_SAFE,False,True,True,402,8.040000000000001,8.040000000000001,401,-1,nan,0.0019998846386789157,0.021159029874007227,0.006847799042605213,0.009437378487218644,0.02,1.786269179588059,0.14391907783153568,5.219703055016207,0.9605724811553955,0.0,0.0
/home/simon/davide_fr3_ws/src/cbf_safety_filter/config/generated_scenarios/scenario_0847.yaml,scenario_0847,SUCCESS_SAFE,False,True,True,339,6.78,6.78,338,-1,nan,0.007915491511508395,0.007266854350989768,0.018523420733462637,0.00942999028670412,0.02,0.747113720142767,0.08431407940844987,2.8904359228341727,1.2466447353363037,0.0,0.0
/home/simon/davide_fr3_ws/src/cbf_safety_filter/config/generated_scenarios/scenario_0848.yaml,scenario_0848,SUCCESS_BUT_UNSAFE,True,True,False,450,9.0,9.0,449,29,0.58,-0.03485668727996068,-0.35056604853444656,-0.1862497555782385,0.010099203968381348,0.02,8.049299561121195,1.4282154837164314,48.9416142617413,1.6273119449615479,0.0,0.0
/home/simon/davide_fr3_ws/src/cbf_safety_filter/config/generated_scenarios/scenario_0849.yaml,scenario_0849,SUCCESS_SAFE,False,True,True,415,8.3,8.3,414,-1,nan,0.021943325867843103,0.21789346820174466,0.05090069682024387,0.009425528923649276,0.02,1.564329055675117,0.18254716475819832,6.956502247879311,0.750540018081665,0.0,0.0
/home/simon/davide_fr3_ws/src/cbf_safety_filter/config/generated_scenarios/scenario_0850.yaml,scenario_0850,SUCCESS_BUT_UNSAFE,True,True,False,2162,43.24,43.24,2161,25,0.5,-0.04055697393917547,-3.1733283399151655,-0.1818854386796095,0.007565668686235081,0.02,486.08973119649715,78.38350535257071,1207.9194005339752,8.327943563461304,0.0,0.0
/home/simon/davide_fr3_ws/src/cbf_safety_filter/config/generated_scenarios/scenario_0851.yaml,scenario_0851,SUCCESS_BUT_UNSAFE,True,True,False,418,8.36,8.36,417,49,0.98,-0.005537524507713668,-0.05746633726763102,-0.017673326181347343,0.009461893275688244,0.02,3.454545887095762,0.18688521257478555,7.701567932977267,0.8388304710388184,0.0,0.0
/home/simon/davide_fr3_ws/src/cbf_safety_filter/config/generated_scenarios/scenario_0852.yaml,scenario_0852,SUCCESS_BUT_UNSAFE,True,True,False,442,8.84,8.84,441,133,2.66,-0.01665647708884371,-0.16980407323007898,-0.10392318486492323,0.009420303658684808,0.02,5.932316697100114,0.5266876115009832,49.71423221725415,1.2009730339050293,0.0,0.0
/home/simon/davide_fr3_ws/src/cbf_safety_filter/config/generated_scenarios/scenario_0853.yaml,scenario_0853,SUCCESS_BUT_UNSAFE,True,True,False,422,8.44,8.44,421,36,0.72,-0.005983918621432459,-0.060245038549713394,-0.033668261310950284,0.00944866982690319,0.02,2.973330305313741,0.23047560691378946,7.644058713021183,0.998955249786377,0.0,0.0
/home/simon/davide_fr3_ws/src/cbf_safety_filter/config/generated_scenarios/scenario_0854.yaml,scenario_0854,SUCCESS_SAFE,False,True,True,378,7.5600000000000005,7.5600000000000005,377,-1,nan,0.020612450351839492,0.21733287399484053,0.04806301673810867,0.009447363293390984,0.02,1.394478754857591,0.144090113221703,5.533054306285406,0.6568615436553955,0.0,0.0
/home/simon/davide_fr3_ws/src/cbf_safety_filter/config/generated_scenarios/scenario_0855.yaml,scenario_0855,SUCCESS_SAFE,False,True,True,362,7.24,7.24,361,-1,nan,0.03941167825022822,0.39119673478153877,0.0972135258003998,0.0094505584584262,0.02,0.8834936724146641,0.09686723531532662,3.079816886102291,1.2154908180236816,0.0,0.0
/home/simon/davide_fr3_ws/src/cbf_safety_filter/config/generated_scenarios/scenario_0856.yaml,scenario_0856,SUCCESS_BUT_UNSAFE,True,True,False,412,8.24,8.24,411,279,5.58,-0.00014441882694018332,-0.0038031218915565877,-0.0005694061775579351,0.00943133332667264,0.02,4.438539007825073,0.41221497361249115,47.88456011409502,1.9135589599609375,0.0,0.0
/home/simon/davide_fr3_ws/src/cbf_safety_filter/config/generated_scenarios/scenario_0857.yaml,scenario_0857,SUCCESS_BUT_UNSAFE,True,True,False,377,7.54,7.54,376,330,6.6000000000000005,-0.01521794964424388,-0.15657952024973926,-0.10382032844601861,0.009497548199467193,0.02,2.905111044831044,0.2989779054934074,49.78416857441431,1.3818013668060303,0.0,0.0
/home/simon/davide_fr3_ws/src/cbf_safety_filter/config/generated_scenarios/scenario_0858.yaml,scenario_0858,SUCCESS_BUT_UNSAFE,True,True,False,396,7.92,7.92,395,31,0.62,-0.021681753372251707,-0.2172016357892776,-0.11490167174859695,0.00943633195834168,0.02,1.4312070260778433,0.14131554039323743,4.823354722884302,1.1970620155334473,0.0,0.0
/home/simon/davide_fr3_ws/src/cbf_safety_filter/config/generated_scenarios/scenario_0859.yaml,scenario_0859,SUCCESS_SAFE,False,True,True,431,8.620000000000001,8.620000000000001,430,-1,nan,0.014173422073729264,0.13118067744135567,0.04664663213234446,0.009837317331450867,0.02,5.306958529976631,0.5804619708158112,48.90236636881835,1.102144479751587,0.0,0.0
/home/simon/davide_fr3_ws/src/cbf_safety_filter/config/generated_scenarios/scenario_0860.yaml,scenario_0860,SUCCESS_SAFE,False,True,True,422,8.44,8.44,421,-1,nan,0.03773446167251229,0.3744606880817444,0.09201739971215836,0.009456442305298216,0.02,2.2850737360466136,0.20551869382492072,7.456832466271426,0.6260077953338623,0.0,0.0
/home/simon/davide_fr3_ws/src/cbf_safety_filter/config/generated_scenarios/scenario_0861.yaml,scenario_0861,SUCCESS_SAFE,False,True,True,385,7.7,7.7,384,-1,nan,0.021241887335499837,0.21402863954458287,0.0489703530583237,0.009422077772798089,0.02,1.4470912253608286,0.12623450648769483,4.679601496295001,1.0924599170684814,0.0,0.0
/home/simon/davide_fr3_ws/src/cbf_safety_filter/config/generated_scenarios/scenario_0862.yaml,scenario_0862,SUCCESS_SAFE,False,True,True,358,7.16,7.16,357,-1,nan,0.0032644976284726193,0.03263231116551286,0.010409436850057047,0.009492331762087532,0.02,0.8558390046777604,0.09491735793381698,3.130120782581246,1.024336814880371,0.0,0.0
/home/simon/davide_fr3_ws/src/cbf_safety_filter/config/generated_scenarios/scenario_0863.yaml,scenario_0863,SUCCESS_SAFE,False,True,True,409,8.18,8.18,408,-1,nan,0.010449478677403399,0.009703495043091492,0.02929525558262669,0.009480953282616363,0.02,1.8831324082189471,0.15241668453330062,5.604541221776142,1.2725863456726074,0.0,0.0
/home/simon/davide_fr3_ws/src/cbf_safety_filter/config/generated_scenarios/scenario_0864.yaml,scenario_0864,GOAL_FAIL_AND_UNSAFE,True,False,False,3000,60.0,nan,-1,12,0.24,-0.03779605700441736,-9.094151527795486,-0.1809682893460375,0.2841011110125328,0.02,897.4406238225847,146.43713678266826,1475.0958624265966,5.53091287612915,0.0,0.0
/home/simon/davide_fr3_ws/src/cbf_safety_filter/config/generated_scenarios/scenario_0865.yaml,scenario_0865,SUCCESS_SAFE,False,True,True,369,7.38,7.38,368,-1,nan,0.021162822161092085,0.21138411609593338,0.053081965108089324,0.009422785611027716,0.02,1.56193379296977,0.1365658398567263,6.0231334541905115,0.8422131538391113,0.0,0.0
/home/simon/davide_fr3_ws/src/cbf_safety_filter/config/generated_scenarios/scenario_0866.yaml,scenario_0866,SUCCESS_SAFE,False,True,True,329,6.58,6.58,328,-1,nan,0.030018524266029734,0.3001373024830452,0.08074936301795355,0.009419988398990478,0.02,0.5862921899074295,0.074236402906051,2.6365944468785627,0.7577252388000488,0.0,0.0
/home/simon/davide_fr3_ws/src/cbf_safety_filter/config/generated_scenarios/scenario_0867.yaml,scenario_0867,SUCCESS_SAFE,False,True,True,402,8.040000000000001,8.040000000000001,401,-1,nan,0.035333038307996716,0.35206237964415393,0.10389245101578727,0.00941945151132587,0.02,1.6304102058325227,0.1578877314454167,5.006318329482706,0.7329864501953125,0.0,0.0
/home/simon/davide_fr3_ws/src/cbf_safety_filter/config/generated_scenarios/scenario_0868.yaml,scenario_0868,SUCCESS_SAFE,False,True,True,367,7.34,7.34,366,-1,nan,0.009849156209991335,0.09792178665319867,0.03314586343590728,0.00943762599512529,0.02,1.3891426493548842,0.12793024753925336,5.540814421408167,1.243791103363037,0.0,0.0
/home/simon/davide_fr3_ws/src/cbf_safety_filter/config/generated_scenarios/scenario_0869.yaml,scenario_0869,SUCCESS_BUT_UNSAFE,True,True,False,326,6.5200000000000005,6.5200000000000005,325,243,4.86,-0.0014125675591318658,-0.014635391069718196,-0.004186457810692545,0.00945274142759316,0.02,0.684705085491663,0.08471435328960647,3.1445434195820803,0.9189274311065674,0.0,0.0
/home/simon/davide_fr3_ws/src/cbf_safety_filter/config/generated_scenarios/scenario_0870.yaml,scenario_0870,SUCCESS_SAFE,False,True,True,422,8.44,8.44,421,-1,nan,0.008080466567272414,0.07930870169279701,0.029934874419770705,0.009482329741598586,0.02,3.021660868089098,0.175572628898177,6.438208495162597,1.4633259773254395,0.0,0.0
/home/simon/davide_fr3_ws/src/cbf_safety_filter/config/generated_scenarios/scenario_0871.yaml,scenario_0871,SUCCESS_BUT_UNSAFE,True,True,False,364,7.28,7.28,363,126,2.52,-0.01630764692307503,-0.16807642133475775,-0.10110360358905122,0.009504072631102468,0.02,2.6303565052617985,0.5234350422726264,47.790712385791394,1.0014886856079102,0.0,0.0
/home/simon/davide_fr3_ws/src/cbf_safety_filter/config/generated_scenarios/scenario_0872.yaml,scenario_0872,SUCCESS_SAFE,False,True,True,325,6.5,6.5,324,-1,nan,0.010816191082855836,0.10718784120385962,0.047536144641529915,0.009447166601888133,0.02,0.6500468178919965,0.08690753038840032,3.2711614209903326,1.3023357391357422,0.0,0.0
/home/simon/davide_fr3_ws/src/cbf_safety_filter/config/generated_scenarios/scenario_0873.yaml,scenario_0873,SUCCESS_SAFE,False,True,True,448,8.96,8.96,447,-1,nan,0.04845553294440125,0.4753886951045466,0.14781407221693432,0.009527815966111457,0.02,4.800336672267912,0.4619603617014772,50.40033523114564,0.9402568340301514,0.0,0.0
/home/simon/davide_fr3_ws/src/cbf_safety_filter/config/generated_scenarios/scenario_0874.yaml,scenario_0874,SUCCESS_SAFE,False,True,True,389,7.78,7.78,388,-1,nan,0.029356761644220228,0.29265995340515255,0.08302450384451793,0.009415426379551986,0.02,1.8843525616344734,0.13989585882552436,5.884763982583944,1.327315330505371,0.0,0.0
/home/simon/davide_fr3_ws/src/cbf_safety_filter/config/generated_scenarios/scenario_0875.yaml,scenario_0875,SUCCESS_SAFE,False,True,True,372,7.44,7.44,371,-1,nan,0.02075211463578762,0.20749566057346683,0.04680202903237585,0.009451090367256018,0.02,1.0179742652332957,0.11916656572469596,4.097839498904963,1.2288756370544434,0.0,0.0
/home/simon/davide_fr3_ws/src/cbf_safety_filter/config/generated_scenarios/scenario_0876.yaml,scenario_0876,SUCCESS_BUT_UNSAFE,True,True,False,442,8.84,8.84,441,40,0.8,-0.007349207066564851,-0.0799721808477922,-0.025765490583903816,0.009485836365879078,0.02,3.879499521806679,0.2934654327425495,10.625123439398907,1.632063388824463,0.0,0.0
/home/simon/davide_fr3_ws/src/cbf_safety_filter/config/generated_scenarios/scenario_0877.yaml,scenario_0877,SUCCESS_SAFE,False,True,True,345,6.9,6.9,344,-1,nan,0.003833950981622581,0.038290145945932615,0.013064447872370516,0.009490739236348337,0.02,0.6737565048474101,0.09374295909611874,3.3846666164935337,1.113048791885376,0.0,0.0
/home/simon/davide_fr3_ws/src/cbf_safety_filter/config/generated_scenarios/scenario_0878.yaml,scenario_0878,GOAL_FAIL_AND_UNSAFE,True,False,False,3000,60.0,nan,-1,217,4.34,-0.03870175069690422,-5.534264181868933,-0.18355854468556346,0.02293588816126554,0.02,876.4465930602572,124.52065233419964,1164.5098535809013,5.683332443237305,0.0,0.0
/home/simon/davide_fr3_ws/src/cbf_safety_filter/config/generated_scenarios/scenario_0879.yaml,scenario_0879,SUCCESS_SAFE,False,True,True,426,8.52,8.52,425,-1,nan,0.018873714936214564,0.18866449602861404,0.04397657309254982,0.009439969415563057,0.02,2.456953995599647,0.2315528023911072,8.777239821541329,1.1305055618286133,0.0,0.0
/home/simon/davide_fr3_ws/src/cbf_safety_filter/config/generated_scenarios/scenario_0880.yaml,scenario_0880,SUCCESS_BUT_UNSAFE,True,True,False,412,8.24,8.24,411,169,3.38,-0.026129245172837372,-0.265243137929534,-0.09268475372772825,0.009198817410043659,0.02,7.115169310634351,1.0552124532738905,35.70640363941161,0.6792619228363037,0.0,0.0
/home/simon/davide_fr3_ws/src/cbf_safety_filter/config/generated_scenarios/scenario_0881.yaml,scenario_0881,SUCCESS_SAFE,False,True,True,435,8.700000000000001,8.700000000000001,434,-1,nan,0.022194577715066277,0.21186027217703904,0.07351312611287011,0.009431551954253041,0.02,2.804104728567122,0.24937372445458933,9.505544531592305,0.9775633811950684,0.0,0.0
/home/simon/davide_fr3_ws/src/cbf_safety_filter/config/generated_scenarios/scenario_0882.yaml,scenario_0882,GOAL_FAIL_AND_UNSAFE,True,False,False,3000,60.0,nan,-1,225,4.5,-0.03944415343042176,-3.652537369597633,-0.18808073155993257,0.018482677082624976,0.02,752.246744413894,103.84537942595423,1417.6591696007097,8.209216594696045,0.0,0.0
/home/simon/davide_fr3_ws/src/cbf_safety_filter/config/generated_scenarios/scenario_0883.yaml,scenario_0883,SUCCESS_SAFE,False,True,True,407,8.14,8.14,406,-1,nan,0.03045795549941869,0.3110213167290386,0.08266233173874288,0.009441105264703764,0.02,2.1813095473560735,0.15145529112773753,5.632175481524189,0.835169792175293,0.0,0.0
/home/simon/davide_fr3_ws/src/cbf_safety_filter/config/generated_scenarios/scenario_0884.yaml,scenario_0884,GOAL_FAIL_AND_UNSAFE,True,False,False,3000,60.0,nan,-1,247,4.94,-0.04104153961586751,-3.889131423949371,-0.18079869302111914,0.03172025418738399,0.02,808.3457206116233,110.8036367061552,927.0433029257287,12.192691087722778,0.0,0.0
/home/simon/davide_fr3_ws/src/cbf_safety_filter/config/generated_scenarios/scenario_0885.yaml,scenario_0885,SUCCESS_BUT_UNSAFE,True,True,False,445,8.9,8.9,444,125,2.5,-0.0194173155199109,-0.24714241936357448,-0.11020114426091263,0.015051902208395355,0.02,22.44889208109726,9.034888824456386,49.143301808690374,1.7056682109832764,0.0,0.0
/home/simon/davide_fr3_ws/src/cbf_safety_filter/config/generated_scenarios/scenario_0886.yaml,scenario_0886,SUCCESS_SAFE,False,True,True,390,7.8,7.8,389,-1,nan,0.03975050347513021,0.40723715403337096,0.092017192726637,0.00941579290860263,0.02,1.5044304808581483,0.12795722776508467,5.068683111559777,0.7533948421478271,0.0,0.0
/home/simon/davide_fr3_ws/src/cbf_safety_filter/config/generated_scenarios/scenario_0887.yaml,scenario_0887,GOAL_FAIL_AND_UNSAFE,True,False,False,3000,60.0,nan,-1,55,1.1,-0.018089211119072662,-5.632153208167873,-0.05484369377774165,0.01630212783364854,0.02,868.1006514180376,125.34963717391614,892.9140045622721,8.005307674407959,0.0,0.0
/home/simon/davide_fr3_ws/src/cbf_safety_filter/config/generated_scenarios/scenario_0888.yaml,scenario_0888,SUCCESS_SAFE,False,True,True,378,7.5600000000000005,7.5600000000000005,377,-1,nan,0.061676931313809295,0.6146335405137229,0.16295493231498118,0.009442567490263395,0.02,1.5260834599187718,0.1287571523152294,5.153907737026422,0.7811872959136963,0.0,0.0
/home/simon/davide_fr3_ws/src/cbf_safety_filter/config/generated_scenarios/scenario_0889.yaml,scenario_0889,SUCCESS_SAFE,False,True,True,410,8.2,8.2,409,-1,nan,0.053213500200882745,0.5269545650979455,0.12300665974897496,0.009495116411929962,0.02,1.506164241463449,0.18401053593681002,7.04717769597623,0.8870298862457275,0.0,0.0
/home/simon/davide_fr3_ws/src/cbf_safety_filter/config/generated_scenarios/scenario_0890.yaml,scenario_0890,SUCCESS_SAFE,False,True,True,381,7.62,7.62,380,-1,nan,0.017791599706773627,0.024986679492054294,0.05406682830483367,0.009503162926485693,0.02,1.362299795831002,0.12302406638109498,4.461406248782888,0.751568078994751,0.0,0.0
/home/simon/davide_fr3_ws/src/cbf_safety_filter/config/generated_scenarios/scenario_0891.yaml,scenario_0891,SUCCESS_SAFE,False,True,True,352,7.04,7.04,351,-1,nan,0.004537804549803877,0.045056881820886165,0.020989900707454323,0.009419727456859962,0.02,0.8439896624311644,0.09083357976527288,3.033074764221351,0.8718681335449219,0.0,0.0
/home/simon/davide_fr3_ws/src/cbf_safety_filter/config/generated_scenarios/scenario_0892.yaml,scenario_0892,SUCCESS_SAFE,False,True,True,369,7.38,7.38,368,-1,nan,0.020114126819564405,0.20113300662622383,0.0486495332597848,0.009416194526599817,0.02,0.9353603176862867,0.10373293120048004,3.7416318715147825,1.153050184249878,0.0,0.0
/home/simon/davide_fr3_ws/src/cbf_safety_filter/config/generated_scenarios/scenario_0893.yaml,scenario_0893,SUCCESS_BUT_UNSAFE,True,True,False,405,8.1,8.1,404,311,6.22,-0.00013746813301380306,-0.0103601774814477,-0.0003520780244347377,0.009524475940076127,0.02,5.8879304399007975,1.183824380961895,49.72308173398106,0.8858771324157715,0.0,0.0
/home/simon/davide_fr3_ws/src/cbf_safety_filter/config/generated_scenarios/scenario_0894.yaml,scenario_0894,SUCCESS_SAFE,False,True,True,464,9.28,9.28,463,-1,nan,0.02645533201076095,0.016398163408563815,0.07641337395148692,0.009555171912109426,0.02,9.81402973398387,1.262667029958797,43.0782192018349,1.0590019226074219,0.0,0.0
/home/simon/davide_fr3_ws/src/cbf_safety_filter/config/generated_scenarios/scenario_0895.yaml,scenario_0895,SUCCESS_SAFE,False,True,True,416,8.32,8.32,415,-1,nan,0.02380169699725746,0.24003007920402772,0.05706897097101818,0.00944207427369469,0.02,3.484511481783932,0.1901574736341417,8.01080281496573,1.910151720046997,0.0,0.0
/home/simon/davide_fr3_ws/src/cbf_safety_filter/config/generated_scenarios/scenario_0896.yaml,scenario_0896,GOAL_FAIL_AND_UNSAFE,True,False,False,3000,60.0,nan,-1,121,2.42,-0.03601974001617066,-4.3839816342700395,-0.1708655188664762,0.02849667904547252,0.02,787.7955564416892,125.19342218332883,1616.8127389664037,11.210511922836304,0.0,0.0
/home/simon/davide_fr3_ws/src/cbf_safety_filter/config/generated_scenarios/scenario_0897.yaml,scenario_0897,SUCCESS_SAFE,False,True,True,484,9.68,9.68,483,-1,nan,0.019880307634363055,0.1651760171424366,0.047749127631118354,0.019741906045502258,0.02,24.100759184598814,7.421204567603609,55.10597308051815,1.3487565517425537,0.0,0.0
/home/simon/davide_fr3_ws/src/cbf_safety_filter/config/generated_scenarios/scenario_0898.yaml,scenario_0898,GOAL_FAIL_AND_UNSAFE,True,False,False,3000,60.0,nan,-1,114,2.2800000000000002,-0.0304631007291594,-4.999592449802691,-0.13306359138566387,0.009444605204336825,0.02,800.0176275823777,110.6434083384758,810.8977976364348,10.525749206542969,0.0,0.0
/home/simon/davide_fr3_ws/src/cbf_safety_filter/config/generated_scenarios/scenario_0899.yaml,scenario_0899,SUCCESS_BUT_UNSAFE,True,True,False,373,7.46,7.46,372,92,1.84,-0.0077749603535730225,-0.07778111002987963,-0.020498077918805507,0.009461639423115252,0.02,1.293574348919927,0.11880049653947505,4.7156493458316975,0.6462652683258057,0.0,0.0
/home/simon/davide_fr3_ws/src/cbf_safety_filter/config/generated_scenarios/scenario_0900.yaml,scenario_0900,GOAL_FAIL_AND_UNSAFE,True,False,False,3000,60.0,nan,-1,138,2.7600000000000002,-0.02128374413862901,-3.699535741363289,-0.14414903987167393,0.10590581555408668,0.02,794.1197284232627,113.21709626665066,736.1897599685582,7.770397424697876,0.0,0.0
/home/simon/davide_fr3_ws/src/cbf_safety_filter/config/generated_scenarios/scenario_0901.yaml,scenario_0901,SUCCESS_SAFE,False,True,True,364,7.28,7.28,363,-1,nan,0.009456660405314463,0.09451273584178542,0.03377660885331013,0.009425575172006902,0.02,1.480284656624932,0.1332025013527047,5.577361814563039,1.5935711860656738,0.0,0.0
/home/simon/davide_fr3_ws/src/cbf_safety_filter/config/generated_scenarios/scenario_0902.yaml,scenario_0902,SUCCESS_BUT_UNSAFE,True,True,False,412,8.24,8.24,411,313,6.26,-0.00867162182536128,-0.08704883083366084,-0.030192925585247554,0.009470947577621328,0.02,2.7955679790585393,0.1626285223716961,7.122040046005621,1.3441510200500488,0.0,0.0
/home/simon/davide_fr3_ws/src/cbf_safety_filter/config/generated_scenarios/scenario_0903.yaml,scenario_0903,SUCCESS_SAFE,False,True,True,416,8.32,8.32,415,-1,nan,0.006374617300475921,0.05786881452134916,0.019477701278093784,0.009455865263303909,0.02,1.9523419082705933,0.32960021745834145,42.919541609708524,1.5721025466918945,0.0,0.0
/home/simon/davide_fr3_ws/src/cbf_safety_filter/config/generated_scenarios/scenario_0904.yaml,scenario_0904,SUCCESS_SAFE,False,True,True,398,7.96,7.96,397,-1,nan,0.02264378651406193,0.22625291956832055,0.07214170713208096,0.009463674450309245,0.02,1.4380289811783777,0.174427518231255,6.792518775067958,1.6835854053497314,0.0,0.0
/home/simon/davide_fr3_ws/src/cbf_safety_filter/config/generated_scenarios/scenario_0905.yaml,scenario_0905,SUCCESS_BUT_UNSAFE,True,True,False,450,9.0,9.0,449,118,2.36,-0.025187485744953823,-0.2548460369927215,-0.12758919572616265,0.009502616916406595,0.02,5.014607557207499,0.3341599731263715,11.497450504407853,1.3398540019989014,0.0,0.0
/home/simon/davide_fr3_ws/src/cbf_safety_filter/config/generated_scenarios/scenario_0906.yaml,scenario_0906,SUCCESS_SAFE,False,True,True,397,7.94,7.94,396,-1,nan,0.024231996126547226,0.24252589845448563,0.05985370908713128,0.009439895042698933,0.02,2.456586748086655,0.15692946080849288,6.9974111273612785,1.595247507095337,0.0,0.0
/home/simon/davide_fr3_ws/src/cbf_safety_filter/config/generated_scenarios/scenario_0907.yaml,scenario_0907,SUCCESS_BUT_UNSAFE,True,True,False,408,8.16,8.16,407,403,8.06,-3.1473223234861764e-05,-0.000674470186317139,-0.00011740121655670621,0.009518650669594455,0.02,2.7938491894089816,0.1626592422953819,7.552521496046087,0.9119312763214111,0.0,0.0
/home/simon/davide_fr3_ws/src/cbf_safety_filter/config/generated_scenarios/scenario_0908.yaml,scenario_0908,SUCCESS_SAFE,False,True,True,352,7.04,7.04,351,-1,nan,0.012058656724906868,0.12055150047359602,0.035049219795036,0.009490321767097182,0.02,0.7380936008373361,0.08958494723135187,2.976561724322321,0.9784259796142578,0.0,0.0
/home/simon/davide_fr3_ws/src/cbf_safety_filter/config/generated_scenarios/scenario_0909.yaml,scenario_0909,SUCCESS_BUT_UNSAFE,True,True,False,340,6.8,6.8,339,196,3.92,-0.016784574958716846,-0.1722126456609844,-0.051020055255144275,0.009437983615096953,0.02,0.984315602071344,0.10553902454457974,4.208318122453796,1.2149658203125,0.0,0.0
/home/simon/davide_fr3_ws/src/cbf_safety_filter/config/generated_scenarios/scenario_0910.yaml,scenario_0910,SUCCESS_SAFE,False,True,True,380,7.6000000000000005,7.6000000000000005,379,-1,nan,0.03529304208304281,0.35252420940540097,0.0740985684611074,0.009482711651277325,0.02,1.5505157362596802,0.1298325315154353,4.948675512318936,0.8693194389343262,0.0,0.0
/home/simon/davide_fr3_ws/src/cbf_safety_filter/config/generated_scenarios/scenario_0911.yaml,scenario_0911,SUCCESS_SAFE,False,True,True,404,8.08,8.08,403,-1,nan,0.03593282906456144,0.36913182374230125,0.09484769170199112,0.009426295043705442,0.02,2.24866498222698,0.14920830799853055,6.140886813176161,1.3351902961730957,0.0,0.0
/home/simon/davide_fr3_ws/src/cbf_safety_filter/config/generated_scenarios/scenario_0912.yaml,scenario_0912,SUCCESS_BUT_UNSAFE,True,True,False,415,8.3,8.3,414,24,0.48,-0.018822609812027276,-0.1914033026863647,-0.07456384206649848,0.009482981828471546,0.02,2.6008932018684745,0.1626368783908782,6.161323080924903,1.313523292541504,0.0,0.0
/home/simon/davide_fr3_ws/src/cbf_safety_filter/config/generated_scenarios/scenario_0913.yaml,scenario_0913,SUCCESS_SAFE,False,True,True,416,8.32,8.32,415,-1,nan,0.002378641328542541,0.023557145410121445,0.00859355741778442,0.009465200473319547,0.02,2.0656785320080395,0.16816072269468327,6.022385759188275,1.0838406085968018,0.0,0.0
/home/simon/davide_fr3_ws/src/cbf_safety_filter/config/generated_scenarios/scenario_0914.yaml,scenario_0914,SUCCESS_SAFE,False,True,True,402,8.040000000000001,8.040000000000001,401,-1,nan,0.009003240039745751,0.08999721049322174,0.025363824214138464,0.009474701504781581,0.02,1.46897780658999,0.18337535706542063,7.247732755581239,1.1336143016815186,0.0,0.0
/home/simon/davide_fr3_ws/src/cbf_safety_filter/config/generated_scenarios/scenario_0915.yaml,scenario_0915,GOAL_FAIL_AND_UNSAFE,True,False,False,3000,60.0,nan,-1,29,0.58,-0.037234159098325184,-4.844194898966425,-0.12790637053269563,0.0335965567017786,0.02,902.6840759894978,143.91925062525297,1876.2823027317684,12.826438903808594,0.0,0.0
/home/simon/davide_fr3_ws/src/cbf_safety_filter/config/generated_scenarios/scenario_0916.yaml,scenario_0916,SUCCESS_SAFE,False,True,True,340,6.8,6.8,339,-1,nan,0.004973784428853883,0.04915513614500611,0.024340650815245418,0.009497906091368276,0.02,1.0903503260425724,0.1122906062784527,4.466788722088979,0.6606268882751465,0.0,0.0
/home/simon/davide_fr3_ws/src/cbf_safety_filter/config/generated_scenarios/scenario_0917.yaml,scenario_0917,SUCCESS_SAFE,False,True,True,417,8.34,8.34,416,-1,nan,0.02841760178783877,0.2849832668296029,0.06938196547514547,0.009513994746196183,0.02,3.5282397036672903,0.19580604818551972,8.084999651836174,1.081441879272461,0.0,0.0
/home/simon/davide_fr3_ws/src/cbf_safety_filter/config/generated_scenarios/scenario_0918.yaml,scenario_0918,SUCCESS_SAFE,False,True,True,433,8.66,8.66,432,-1,nan,0.033052342285787996,0.32363315347335625,0.07626552347117282,0.00945045011648844,0.02,3.457659583372839,0.22083166963672538,7.502714226735175,1.3689696788787842,0.0,0.0
/home/simon/davide_fr3_ws/src/cbf_safety_filter/config/generated_scenarios/scenario_0919.yaml,scenario_0919,SUCCESS_BUT_UNSAFE,True,True,False,461,9.22,9.22,460,76,1.52,-0.019394845776782212,-0.2312490319417551,-0.06322087936260261,0.007283320732883011,0.02,28.504785711928026,11.020271149124245,54.69641836111678,1.1972227096557617,0.0,0.0
/home/simon/davide_fr3_ws/src/cbf_safety_filter/config/generated_scenarios/scenario_0920.yaml,scenario_0920,SUCCESS_SAFE,False,True,True,423,8.46,8.46,422,-1,nan,0.00886449543945367,0.0857919900562956,0.03193957295874145,0.009462249460553194,0.02,2.4239961658329836,0.16109393866727575,6.444699499652301,0.8406610488891602,0.0,0.0
/home/simon/davide_fr3_ws/src/cbf_safety_filter/config/generated_scenarios/scenario_0921.yaml,scenario_0921,SUCCESS_BUT_UNSAFE,True,True,False,407,8.14,8.14,406,41,0.8200000000000001,-0.0215239713169501,-0.215398824565134,-0.1339313797939246,0.00948977247999718,0.02,3.19433462483243,0.18072867310818352,8.120331526417194,0.6164469718933105,0.0,0.0
/home/simon/davide_fr3_ws/src/cbf_safety_filter/config/generated_scenarios/scenario_0922.yaml,scenario_0922,SUCCESS_SAFE,False,True,True,362,7.24,7.24,361,-1,nan,0.00615006824430432,0.06147430646746237,0.029373649706726818,0.009475191265382066,0.02,1.6948930472533226,0.17769394883637918,17.91749356081534,0.530400276184082,0.0,0.0
/home/simon/davide_fr3_ws/src/cbf_safety_filter/config/generated_scenarios/scenario_0923.yaml,scenario_0923,SUCCESS_BUT_UNSAFE,True,True,False,383,7.66,7.66,382,90,1.8,-0.02556907567399497,-0.30802073065133984,-0.09746860837032395,0.009065796975991977,0.02,9.678107033688462,2.7789829113542384,24.72474949332358,0.7701458930969238,0.0,0.0
/home/simon/davide_fr3_ws/src/cbf_safety_filter/config/generated_scenarios/scenario_0924.yaml,scenario_0924,SUCCESS_SAFE,False,True,True,406,8.120000000000001,8.120000000000001,405,-1,nan,0.0024555078181335843,0.024187293179775693,0.006464173226127995,0.009456787021927265,0.02,2.541915366164118,0.15601346702564312,6.84704387991681,0.7051291465759277,0.0,0.0
/home/simon/davide_fr3_ws/src/cbf_safety_filter/config/generated_scenarios/scenario_0925.yaml,scenario_0925,SUCCESS_SAFE,False,True,True,398,7.96,7.96,397,-1,nan,0.027175088735664876,0.27105235623251317,0.06408008672496182,0.009413438590968411,0.02,1.2125518689638042,0.16094409460042775,6.232751765660728,1.2027759552001953,0.0,0.0
/home/simon/davide_fr3_ws/src/cbf_safety_filter/config/generated_scenarios/scenario_0926.yaml,scenario_0926,SUCCESS_SAFE,False,True,True,431,8.620000000000001,8.620000000000001,430,-1,nan,0.021713655082492813,0.21265501865973052,0.08266631137107439,0.009774483119333177,0.02,6.83303175087163,0.7974745228646077,50.10031493141347,1.160856008529663,0.0,0.0
/home/simon/davide_fr3_ws/src/cbf_safety_filter/config/generated_scenarios/scenario_0927.yaml,scenario_0927,SUCCESS_SAFE,False,True,True,402,8.040000000000001,8.040000000000001,401,-1,nan,0.041806448368121404,0.4298874187885091,0.11183214031120634,0.009500924536071657,0.02,2.637645627036643,0.16041099355032434,7.351252036218417,1.003998041152954,0.0,0.0
/home/simon/davide_fr3_ws/src/cbf_safety_filter/config/generated_scenarios/scenario_0928.yaml,scenario_0928,GOAL_FAIL_AND_UNSAFE,True,False,False,3000,60.0,nan,-1,220,4.4,-0.02252720524974383,-6.499124915138597,-0.1423700094416094,0.017420940392482903,0.02,753.4174871702929,116.47910486438822,1444.3882965025834,7.505374193191528,0.0,0.0
/home/simon/davide_fr3_ws/src/cbf_safety_filter/config/generated_scenarios/scenario_0929.yaml,scenario_0929,SUCCESS_SAFE,False,True,True,406,8.120000000000001,8.120000000000001,405,-1,nan,0.02482144825225238,0.2563262799773,0.05483738047881789,0.009452842859456575,0.02,2.1087093272123276,0.14918517651703148,5.670432230789857,1.3045601844787598,0.0,0.0
/home/simon/davide_fr3_ws/src/cbf_safety_filter/config/generated_scenarios/scenario_0930.yaml,scenario_0930,SUCCESS_BUT_UNSAFE,True,True,False,390,7.8,7.8,389,39,0.78,-0.007999552098965669,-0.0800265865612787,-0.025186430516746044,0.009463429603096637,0.02,1.3611694686763733,0.1301153048653312,4.568299034164138,0.9112365245819092,0.0,0.0
/home/simon/davide_fr3_ws/src/cbf_safety_filter/config/generated_scenarios/scenario_0931.yaml,scenario_0931,SUCCESS_SAFE,False,True,True,364,7.28,7.28,363,-1,nan,0.034105467896750834,0.3434130042513844,0.09429867445937912,0.009497843199378245,0.02,1.0841148276933399,0.10758272348705518,3.827010882564057,0.6747422218322754,0.0,0.0
/home/simon/davide_fr3_ws/src/cbf_safety_filter/config/generated_scenarios/scenario_0932.yaml,scenario_0932,SUCCESS_SAFE,False,True,True,430,8.6,8.6,429,-1,nan,0.01163700471505389,0.1162817195035761,0.029512162735067876,0.009450766922561681,0.02,2.601837260405985,0.24108422727251114,9.186097613339962,1.458150863647461,0.0,0.0
/home/simon/davide_fr3_ws/src/cbf_safety_filter/config/generated_scenarios/scenario_0933.yaml,scenario_0933,SUCCESS_BUT_UNSAFE,True,True,False,513,10.26,10.26,512,168,3.36,-0.01022422900051331,-0.15308160711803323,-0.05009233155401541,0.01716705192423105,0.02,38.42478297563504,12.68224955626647,49.18589932217571,1.6611487865447998,0.0,0.0
/home/simon/davide_fr3_ws/src/cbf_safety_filter/config/generated_scenarios/scenario_0934.yaml,scenario_0934,SUCCESS_SAFE,False,True,True,382,7.640000000000001,7.640000000000001,381,-1,nan,0.0023686198056448275,0.023540380433644686,0.008773526200799076,0.009432013894752888,0.02,2.1071604436815017,0.1532212721161082,7.184352119808897,0.7791788578033447,0.0,0.0
/home/simon/davide_fr3_ws/src/cbf_safety_filter/config/generated_scenarios/scenario_0935.yaml,scenario_0935,SUCCESS_BUT_UNSAFE,True,True,False,426,8.52,8.52,425,96,1.92,-0.023432332292237953,-0.23560896645182727,-0.15040227730074998,0.009543344791241222,0.02,6.020762910722421,0.7608932556374344,49.44630936155729,1.0658307075500488,0.0,0.0
/home/simon/davide_fr3_ws/src/cbf_safety_filter/config/generated_scenarios/scenario_0936.yaml,scenario_0936,SUCCESS_BUT_UNSAFE,True,True,False,424,8.48,8.48,423,21,0.42,-0.028257596000537198,-0.2847411380242823,-0.16798168067444763,0.00950089874388052,0.02,2.5886324184053797,0.2179774289934683,7.805558415414417,0.9863882064819336,0.0,0.0
/home/simon/davide_fr3_ws/src/cbf_safety_filter/config/generated_scenarios/scenario_0937.yaml,scenario_0937,SUCCESS_BUT_UNSAFE,True,True,False,422,8.44,8.44,421,121,2.42,-0.0195066775133211,-0.29019101286661014,-0.07628198348893964,0.01078855210059755,0.02,19.539631829657875,7.577697072551796,57.759290470852115,1.1936736106872559,0.0,0.0
/home/simon/davide_fr3_ws/src/cbf_safety_filter/config/generated_scenarios/scenario_0938.yaml,scenario_0938,GOAL_FAIL_AND_UNSAFE,True,False,False,3000,60.0,nan,-1,146,2.92,-0.04557351544455058,-3.8914569667988452,-0.21054457186698425,0.021273678174381982,0.02,730.6513376029217,100.84154075929634,802.4352656734859,8.524405002593994,0.0,0.0
/home/simon/davide_fr3_ws/src/cbf_safety_filter/config/generated_scenarios/scenario_0939.yaml,scenario_0939,SUCCESS_SAFE,False,True,True,395,7.9,7.9,394,-1,nan,0.00815309405980097,0.07997197302460125,0.028068747906803637,0.00949873082556122,0.02,1.4552140985804733,0.14052232978649065,4.7338891538418055,0.7436368465423584,0.0,0.0
/home/simon/davide_fr3_ws/src/cbf_safety_filter/config/generated_scenarios/scenario_0940.yaml,scenario_0940,SUCCESS_SAFE,False,True,True,371,7.42,7.42,370,-1,nan,0.01869150369264415,0.18802425729857355,0.05093899514605729,0.00945468810612994,0.02,0.9747943978281925,0.10874223925506826,3.6874505923282124,1.389901876449585,0.0,0.0
/home/simon/davide_fr3_ws/src/cbf_safety_filter/config/generated_scenarios/scenario_0941.yaml,scenario_0941,SUCCESS_SAFE,False,True,True,366,7.32,7.32,365,-1,nan,0.04005135836548432,0.4003462980592957,0.1028845349986145,0.00948497647511951,0.02,1.4028691294435336,0.25959806122374424,42.73701664143381,0.8882126808166504,0.0,0.0
/home/simon/davide_fr3_ws/src/cbf_safety_filter/config/generated_scenarios/scenario_0942.yaml,scenario_0942,SUCCESS_BUT_UNSAFE,True,True,False,436,8.72,8.72,435,51,1.02,-0.02573098109838441,-0.2597999613921907,-0.11878876507779029,0.009684423643541017,0.02,8.065704829640753,1.1933020658394349,48.63096799028921,1.637136459350586,0.0,0.0
/home/simon/davide_fr3_ws/src/cbf_safety_filter/config/generated_scenarios/scenario_0943.yaml,scenario_0943,SUCCESS_SAFE,False,True,True,374,7.48,7.48,373,-1,nan,0.008651951599493276,0.08662468754090169,0.034150170780744726,0.009426922638389639,0.02,1.0355570056510421,0.11380115954837101,3.601940292717988,1.1833109855651855,0.0,0.0
/home/simon/davide_fr3_ws/src/cbf_safety_filter/config/generated_scenarios/scenario_0944.yaml,scenario_0944,SUCCESS_SAFE,False,True,True,379,7.58,7.58,378,-1,nan,0.024826498582983778,0.24761936790989666,0.06726807416068872,0.009425476483179365,0.02,1.1394945120486424,0.11725618033394976,3.914896130117463,0.7408959865570068,0.0,0.0
/home/simon/davide_fr3_ws/src/cbf_safety_filter/config/generated_scenarios/scenario_0945.yaml,scenario_0945,GOAL_FAIL_AND_UNSAFE,True,False,False,3000,60.0,nan,-1,91,1.82,-0.03021158953293065,-4.471454056839736,-0.14357230987535413,0.05400682367688863,0.02,853.6989962151484,115.31546111889878,670.3887720734757,9.447548389434814,0.0,0.0
/home/simon/davide_fr3_ws/src/cbf_safety_filter/config/generated_scenarios/scenario_0946.yaml,scenario_0946,GOAL_FAIL_AND_UNSAFE,True,False,False,3000,60.0,nan,-1,52,1.04,-0.03504213409486474,-4.105346623716613,-0.18589389696606154,0.020816139768174053,0.02,812.1232437845192,112.89016422023381,914.8386451748229,10.724555253982544,0.0,0.0
/home/simon/davide_fr3_ws/src/cbf_safety_filter/config/generated_scenarios/scenario_0947.yaml,scenario_0947,SUCCESS_SAFE,False,True,True,391,7.82,7.82,390,-1,nan,0.008111201639095744,0.08105003019491187,0.0221982498349656,0.009419460533000478,0.02,1.9667177402938023,0.14231823098796997,5.951210692906535,1.0322394371032715,0.0,0.0
/home/simon/davide_fr3_ws/src/cbf_safety_filter/config/generated_scenarios/scenario_0948.yaml,scenario_0948,GOAL_FAIL_AND_UNSAFE,True,False,False,3000,60.0,nan,-1,17,0.34,-0.039643373538699185,-6.104890792351878,-0.19051840212143475,0.07145293101463926,0.02,932.2424649522917,137.39609139921654,1476.165035282274,11.220547676086426,0.0,0.0
/home/simon/davide_fr3_ws/src/cbf_safety_filter/config/generated_scenarios/scenario_0949.yaml,scenario_0949,SUCCESS_SAFE,False,True,True,402,8.040000000000001,8.040000000000001,401,-1,nan,0.0008316037541699281,0.007762757690642298,0.003179166616843171,0.009489840471834475,0.02,1.1902058672571239,0.15634159503453163,6.038356656479833,1.0342986583709717,0.0,0.0
/home/simon/davide_fr3_ws/src/cbf_safety_filter/config/generated_scenarios/scenario_0950.yaml,scenario_0950,SUCCESS_SAFE,False,True,True,415,8.3,8.3,414,-1,nan,0.018437519091682356,0.18452149719614852,0.054825571145526164,0.009485658985751117,0.02,1.9268487100897538,0.15859119423317888,5.945630544892587,1.4072322845458984,0.0,0.0
/home/simon/davide_fr3_ws/src/cbf_safety_filter/config/generated_scenarios/scenario_0951.yaml,scenario_0951,SUCCESS_BUT_UNSAFE,True,True,False,402,8.040000000000001,8.040000000000001,401,91,1.82,-0.022096874290861847,-0.22658699481438851,-0.06503593734481297,0.009274072425713481,0.02,5.103757371010689,0.6601750214741257,45.535093372919505,1.2441213130950928,0.0,0.0
/home/simon/davide_fr3_ws/src/cbf_safety_filter/config/generated_scenarios/scenario_0952.yaml,scenario_0952,SUCCESS_SAFE,False,True,True,326,6.5200000000000005,6.5200000000000005,325,-1,nan,0.031882787409352964,0.3156604415548287,0.07236753675534252,0.009479700888598272,0.02,0.76547725142905,0.10238132087594022,3.8063933343600413,1.1193020343780518,0.0,0.0
/home/simon/davide_fr3_ws/src/cbf_safety_filter/config/generated_scenarios/scenario_0953.yaml,scenario_0953,GOAL_FAIL_AND_UNSAFE,True,False,False,3000,60.0,nan,-1,61,1.22,-0.03543397775747585,-3.0459556974165225,-0.18351332657013658,0.07226797422081377,0.02,752.9209035203598,100.5784444228909,502.941866090947,8.203780174255371,0.0,0.0
/home/simon/davide_fr3_ws/src/cbf_safety_filter/config/generated_scenarios/scenario_0954.yaml,scenario_0954,SUCCESS_SAFE,False,True,True,313,6.26,6.26,312,-1,nan,0.02299299466469424,0.2303524631909531,0.05265689171714383,0.009452919505716919,0.02,0.3881956952457622,0.056746427452180524,1.9326589806341565,0.8299493789672852,0.0,0.0
/home/simon/davide_fr3_ws/src/cbf_safety_filter/config/generated_scenarios/scenario_0955.yaml,scenario_0955,SUCCESS_BUT_UNSAFE,True,True,False,456,9.120000000000001,9.120000000000001,455,281,5.62,-0.008547314195670909,-0.09456833853381821,-0.04455269316309597,0.009822094143654436,0.02,8.317796313582507,1.181864088406612,42.074258613069595,0.9012665748596191,0.0,0.0
/home/simon/davide_fr3_ws/src/cbf_safety_filter/config/generated_scenarios/scenario_0956.yaml,scenario_0956,SUCCESS_BUT_UNSAFE,True,True,False,368,7.36,7.36,367,49,0.98,-0.020025082594107985,-0.20046922464737127,-0.07823309161508986,0.009461895985115753,0.02,1.1930781768185625,0.11384688148494805,4.357864120703425,1.1866567134857178,0.0,0.0
/home/simon/davide_fr3_ws/src/cbf_safety_filter/config/generated_scenarios/scenario_0957.yaml,scenario_0957,SUCCESS_BUT_UNSAFE,True,True,False,456,9.120000000000001,9.120000000000001,455,73,1.46,-0.0384909683682581,-0.4317749774316564,-0.16033683866347398,0.010036152812388635,0.02,24.28892548898232,7.076707796062965,50.541884694585995,1.0590708255767822,0.0,0.0
/home/simon/davide_fr3_ws/src/cbf_safety_filter/config/generated_scenarios/scenario_0958.yaml,scenario_0958,GOAL_FAIL_AND_UNSAFE,True,False,False,3000,60.0,nan,-1,95,1.9000000000000001,-0.01768596758958075,-4.723727476449943,-0.1163818897584451,0.04883853073697798,0.02,800.8625293330196,107.17003141654403,622.9378517376392,8.978237628936768,0.0,0.0
/home/simon/davide_fr3_ws/src/cbf_safety_filter/config/generated_scenarios/scenario_0959.yaml,scenario_0959,SUCCESS_SAFE,False,True,True,430,8.6,8.6,429,-1,nan,0.002977799262712612,0.025830681801642535,0.006996762025492681,0.009449173928834945,0.02,2.1394505102734827,0.22897614712063116,8.941685191264032,1.058537483215332,0.0,0.0
/home/simon/davide_fr3_ws/src/cbf_safety_filter/config/generated_scenarios/scenario_0960.yaml,scenario_0960,SUCCESS_BUT_UNSAFE,True,True,False,462,9.24,9.24,461,55,1.1,-0.02220088039496899,-0.25144304105113746,-0.14865416039698584,0.012917208914990314,0.02,24.785023311070503,6.912275828749898,46.63425761505343,1.8283436298370361,0.0,0.0
/home/simon/davide_fr3_ws/src/cbf_safety_filter/config/generated_scenarios/scenario_0961.yaml,scenario_0961,SUCCESS_BUT_UNSAFE,True,True,False,398,7.96,7.96,397,21,0.42,-0.008211666156964646,-0.08244641624925356,-0.022743433934607926,0.00943863459357527,0.02,1.2152781501219987,0.1603475795284069,6.183047508444471,0.9183473587036133,0.0,0.0
/home/simon/davide_fr3_ws/src/cbf_safety_filter/config/generated_scenarios/scenario_0962.yaml,scenario_0962,SUCCESS_BUT_UNSAFE,True,True,False,419,8.38,8.38,418,45,0.9,-0.01677027982597224,-0.17032636457717867,-0.08089770436109332,0.009452090813393243,0.02,7.088110344053206,1.0197139740699872,46.893563458140704,0.8924727439880371,0.0,0.0
/home/simon/davide_fr3_ws/src/cbf_safety_filter/config/generated_scenarios/scenario_0963.yaml,scenario_0963,SUCCESS_SAFE,False,True,True,396,7.92,7.92,395,-1,nan,0.025026289737871587,0.2633611621832726,0.06582046932483929,0.009444355575166614,0.02,1.7161423639137194,0.1342237368348072,5.586767332226017,1.0380289554595947,0.0,0.0
/home/simon/davide_fr3_ws/src/cbf_safety_filter/config/generated_scenarios/scenario_0964.yaml,scenario_0964,SUCCESS_SAFE,False,True,True,422,8.44,8.44,421,-1,nan,0.027442311151482872,0.2881887643263552,0.09447418307784261,0.009485193935310271,0.02,4.833999834333013,0.5955381067723198,46.06986375339829,0.8148465156555176,0.0,0.0
/home/simon/davide_fr3_ws/src/cbf_safety_filter/config/generated_scenarios/scenario_0965.yaml,scenario_0965,SUCCESS_SAFE,False,True,True,409,8.18,8.18,408,-1,nan,0.0317675294403382,0.3175888942531011,0.07475503685204787,0.009507754913174423,0.02,2.2660419547583235,0.14846924431734718,6.358559900158904,1.1024763584136963,0.0,0.0
/home/simon/davide_fr3_ws/src/cbf_safety_filter/config/generated_scenarios/scenario_0966.yaml,scenario_0966,SUCCESS_BUT_UNSAFE,True,True,False,397,7.94,7.94,396,169,3.38,-0.02215815366809535,-0.2550503863574833,-0.13470012309095633,0.008699752575882224,0.02,12.696642326672833,4.648507203725037,38.22591834754674,0.9698934555053711,0.0,0.0
/home/simon/davide_fr3_ws/src/cbf_safety_filter/config/generated_scenarios/scenario_0967.yaml,scenario_0967,SUCCESS_BUT_UNSAFE,True,True,False,306,6.12,6.12,305,167,3.34,-0.002362975752089772,-0.023871135694568058,-0.008810855319690586,0.009480673895591091,0.02,0.4347601741171993,0.06736701542253626,2.3515744780108387,1.0036752223968506,0.0,0.0
/home/simon/davide_fr3_ws/src/cbf_safety_filter/config/generated_scenarios/scenario_0968.yaml,scenario_0968,SUCCESS_SAFE,False,True,True,436,8.72,8.72,435,-1,nan,0.004391251024836101,0.04224235745829316,0.015552378379252801,0.009515735482216165,0.02,6.262984159669362,0.7544921913806625,30.140702630531425,1.1939113140106201,0.0,0.0
/home/simon/davide_fr3_ws/src/cbf_safety_filter/config/generated_scenarios/scenario_0969.yaml,scenario_0969,GOAL_FAIL_AND_UNSAFE,True,False,False,3000,60.0,nan,-1,14,0.28,-0.027158879095332614,-20.716694387294616,-0.1643988707597426,0.10479610017366767,0.02,1002.2441866522607,192.79816524986416,4071.3937345450836,8.003307819366455,0.0,0.0
/home/simon/davide_fr3_ws/src/cbf_safety_filter/config/generated_scenarios/scenario_0970.yaml,scenario_0970,SUCCESS_SAFE,False,True,True,379,7.58,7.58,378,-1,nan,0.0025119948094674757,-0.29848088116422566,0.009504181124856348,0.008411505048850767,0.02,19.39814921330463,13.826679703303373,52.008636524905455,0.6836233139038086,0.0,0.0
/home/simon/davide_fr3_ws/src/cbf_safety_filter/config/generated_scenarios/scenario_0971.yaml,scenario_0971,SUCCESS_BUT_UNSAFE,True,True,False,417,8.34,8.34,416,29,0.58,-0.012011587414403783,-0.12030420085962039,-0.08702467928190966,0.009441435170054888,0.02,2.1867531771320943,0.16698030018585472,5.99762496266392,1.0389301776885986,0.0,0.0
/home/simon/davide_fr3_ws/src/cbf_safety_filter/config/generated_scenarios/scenario_0972.yaml,scenario_0972,SUCCESS_BUT_UNSAFE,True,True,False,426,8.52,8.52,425,40,0.8,-0.0011595824443200314,-0.015565881730962183,-0.0028494430701068996,0.009512576016508149,0.02,4.3610334305178835,0.24539430718158728,8.471463932200423,1.172529697418213,0.0,0.0
/home/simon/davide_fr3_ws/src/cbf_safety_filter/config/generated_scenarios/scenario_0973.yaml,scenario_0973,SUCCESS_BUT_UNSAFE,True,True,False,406,8.120000000000001,8.120000000000001,405,20,0.4,-0.03045020652068078,-0.30502000157412573,-0.17429148304814035,0.009471048397219652,0.02,1.6445865215853688,0.14700425000303974,5.430457274588315,1.6701738834381104,0.0,0.0
/home/simon/davide_fr3_ws/src/cbf_safety_filter/config/generated_scenarios/scenario_0974.yaml,scenario_0974,SUCCESS_SAFE,False,True,True,397,7.94,7.94,396,-1,nan,0.028953977010546254,0.2914309106942809,0.07962575890574239,0.009416982084499387,0.02,1.6726939615078487,0.13941573890129938,4.834178730843351,1.3629159927368164,0.0,0.0
/home/simon/davide_fr3_ws/src/cbf_safety_filter/config/generated_scenarios/scenario_0975.yaml,scenario_0975,SUCCESS_SAFE,False,True,True,404,8.08,8.08,403,-1,nan,0.004613773328876268,0.04322866152109563,0.012118592116113769,0.009431259113441984,0.02,1.5673534457918263,0.16124287993575562,5.615064621762042,1.4313580989837646,0.0,0.0
/home/simon/davide_fr3_ws/src/cbf_safety_filter/config/generated_scenarios/scenario_0976.yaml,scenario_0976,SUCCESS_SAFE,False,True,True,358,7.16,7.16,357,-1,nan,0.02260519657276131,0.23196181208702102,0.07041736400422247,0.00945627489227647,0.02,1.115571732887837,0.11098519295733326,4.2810524708718125,1.1526682376861572,0.0,0.0
/home/simon/davide_fr3_ws/src/cbf_safety_filter/config/generated_scenarios/scenario_0977.yaml,scenario_0977,SUCCESS_SAFE,False,True,True,382,7.640000000000001,7.640000000000001,381,-1,nan,0.030968991305668034,0.3096663072759173,0.06627563851609097,0.009458028526769165,0.02,1.1720127670021665,0.11973391575155745,4.243979797185462,0.9196944236755371,0.0,0.0
/home/simon/davide_fr3_ws/src/cbf_safety_filter/config/generated_scenarios/scenario_0978.yaml,scenario_0978,SUCCESS_SAFE,False,True,True,356,7.12,7.12,355,-1,nan,0.005756477742708009,0.05542174079190503,0.014998690423753819,0.009424073660607246,0.02,0.7395040569530186,0.10231818866389952,3.7474485935534214,1.113786220550537,0.0,0.0
/home/simon/davide_fr3_ws/src/cbf_safety_filter/config/generated_scenarios/scenario_0979.yaml,scenario_0979,SUCCESS_SAFE,False,True,True,433,8.66,8.66,432,-1,nan,0.011335333777813556,0.11265000421677647,0.04722553316807411,0.009578990048893836,0.02,4.561232873507826,0.38110961204455596,42.42110576622993,0.999830961227417,0.0,0.0
/home/simon/davide_fr3_ws/src/cbf_safety_filter/config/generated_scenarios/scenario_0980.yaml,scenario_0980,SUCCESS_BUT_UNSAFE,True,True,False,395,7.9,7.9,394,35,0.7000000000000001,-0.016028933963978663,-0.16074897540196997,-0.09878577189275134,0.009459975681575262,0.02,1.6547132439003127,0.135997818550032,5.069833200842615,1.4086802005767822,0.0,0.0
/home/simon/davide_fr3_ws/src/cbf_safety_filter/config/generated_scenarios/scenario_0981.yaml,scenario_0981,SUCCESS_SAFE,False,True,True,370,7.4,7.4,369,-1,nan,0.0035882228228905216,0.03433057367654643,0.009223662137101435,0.009496484264328135,0.02,1.0660790329528322,0.10799956469889825,3.481720400748244,1.2547657489776611,0.0,0.0
/home/simon/davide_fr3_ws/src/cbf_safety_filter/config/generated_scenarios/scenario_0982.yaml,scenario_0982,SUCCESS_BUT_UNSAFE,True,True,False,430,8.6,8.6,429,41,0.8200000000000001,-0.00576471395270918,-0.06370186783139228,-0.046786310734360924,0.009637717617739423,0.02,6.939661098627982,0.7707220087442344,45.6291058308965,1.1231262683868408,0.0,0.0
/home/simon/davide_fr3_ws/src/cbf_safety_filter/config/generated_scenarios/scenario_0983.yaml,scenario_0983,SUCCESS_BUT_UNSAFE,True,True,False,372,7.44,7.44,371,104,2.08,-0.02089391569920593,-0.20897214396928326,-0.09126618345032672,0.00950660124848706,0.02,1.1118637302857832,0.12547286891345608,4.514697620409893,1.0620076656341553,0.0,0.0
/home/simon/davide_fr3_ws/src/cbf_safety_filter/config/generated_scenarios/scenario_0984.yaml,scenario_0984,SUCCESS_BUT_UNSAFE,True,True,False,319,6.38,6.38,318,221,4.42,-0.0019235651529180293,-0.01965483206187329,-0.008316930222199342,0.009484058736564025,0.02,0.7619313327371806,0.09376244446875834,3.488807952240387,0.47495198249816895,0.0,0.0
/home/simon/davide_fr3_ws/src/cbf_safety_filter/config/generated_scenarios/scenario_0985.yaml,scenario_0985,SUCCESS_SAFE,False,True,True,410,8.2,8.2,409,-1,nan,0.014104838044523468,0.1410252513576401,0.03831827576280222,0.00948146216631649,0.02,1.5343917330256507,0.15565137981143073,5.7792031256051475,1.2615504264831543,0.0,0.0
/home/simon/davide_fr3_ws/src/cbf_safety_filter/config/generated_scenarios/scenario_0986.yaml,scenario_0986,SUCCESS_SAFE,False,True,True,419,8.38,8.38,418,-1,nan,0.03212400612820576,0.320795065869273,0.0878149160178972,0.009467706712157672,0.02,3.1875610663557636,0.1759484037678355,6.962497900903622,1.0057785511016846,0.0,0.0
/home/simon/davide_fr3_ws/src/cbf_safety_filter/config/generated_scenarios/scenario_0987.yaml,scenario_0987,SUCCESS_BUT_UNSAFE,True,True,False,527,10.540000000000001,10.540000000000001,526,82,1.6400000000000001,-0.023162085635646597,-0.6842726229703093,-0.10499209081489451,0.0050001458010205425,0.02,47.79405212704261,19.811555650225525,54.37977054815329,0.8434791564941406,0.0,0.0
/home/simon/davide_fr3_ws/src/cbf_safety_filter/config/generated_scenarios/scenario_0988.yaml,scenario_0988,SUCCESS_SAFE,False,True,True,389,7.78,7.78,388,-1,nan,0.003806277119177314,0.03801443360164064,0.012732882021662284,0.009430167687854818,0.02,1.2858604734839025,0.14104777079589606,4.49789073815944,1.2043061256408691,0.0,0.0
/home/simon/davide_fr3_ws/src/cbf_safety_filter/config/generated_scenarios/scenario_0989.yaml,scenario_0989,SUCCESS_SAFE,False,True,True,430,8.6,8.6,429,-1,nan,0.013365993627408451,0.13495544731986317,0.04792045045650942,0.009483165802070046,0.02,3.3285888539372217,0.19722972404645397,6.626170758388007,1.1318020820617676,0.0,0.0
/home/simon/davide_fr3_ws/src/cbf_safety_filter/config/generated_scenarios/scenario_0990.yaml,scenario_0990,GOAL_FAIL_AND_UNSAFE,True,False,False,3000,60.0,nan,-1,293,5.86,-0.03144858049065067,-2.6132772027389906,-0.1726904873554336,0.08148717430008541,0.02,727.266997075097,92.49847389100616,663.1698387224945,7.378293752670288,0.0,0.0
/home/simon/davide_fr3_ws/src/cbf_safety_filter/config/generated_scenarios/scenario_0991.yaml,scenario_0991,SUCCESS_BUT_UNSAFE,True,True,False,386,7.72,7.72,385,97,1.94,-0.0034992737653194144,-0.03532398338648671,-0.015088855578955424,0.00946095931469958,0.02,1.2143337579432847,0.12014478281241278,4.465222365702757,1.5413358211517334,0.0,0.0
/home/simon/davide_fr3_ws/src/cbf_safety_filter/config/generated_scenarios/scenario_0992.yaml,scenario_0992,SUCCESS_BUT_UNSAFE,True,True,False,462,9.24,9.24,461,105,2.1,-0.029418382809750846,-0.3298807392867472,-0.15411883599308382,0.008876478971514922,0.02,18.76946769818103,6.109055162078148,46.360797352220615,1.2346324920654297,0.0,0.0
/home/simon/davide_fr3_ws/src/cbf_safety_filter/config/generated_scenarios/scenario_0993.yaml,scenario_0993,SUCCESS_SAFE,False,True,True,360,7.2,7.2,359,-1,nan,0.009447644301436946,0.09440293556406006,0.03483229822961212,0.009460983169126268,0.02,1.2681900754648394,0.13188127033204886,5.250512130740729,0.7963526248931885,0.0,0.0
/home/simon/davide_fr3_ws/src/cbf_safety_filter/config/generated_scenarios/scenario_0994.yaml,scenario_0994,SUCCESS_SAFE,False,True,True,421,8.42,8.42,420,-1,nan,0.03137001744437271,0.3395389358601531,0.0811348393682226,0.009575477699487243,0.02,4.165818017448589,0.3933679302619377,21.604106442017308,1.3321037292480469,0.0,0.0
/home/simon/davide_fr3_ws/src/cbf_safety_filter/config/generated_scenarios/scenario_0995.yaml,scenario_0995,SUCCESS_SAFE,False,True,True,396,7.92,7.92,395,-1,nan,0.02319682872567326,0.2555892503036761,0.05178084905745231,0.009514309282979553,0.02,7.08621881721894,1.8184815085200434,35.15067816113311,1.0682308673858643,0.0,0.0
/home/simon/davide_fr3_ws/src/cbf_safety_filter/config/generated_scenarios/scenario_0996.yaml,scenario_0996,SUCCESS_SAFE,False,True,True,413,8.26,8.26,412,-1,nan,0.0035533108464080275,0.03538192359733802,0.015471288833919128,0.009495666398906566,0.02,2.599174497417859,0.1574371988494199,6.723272370774431,1.2772796154022217,0.0,0.0
/home/simon/davide_fr3_ws/src/cbf_safety_filter/config/generated_scenarios/scenario_0997.yaml,scenario_0997,SUCCESS_BUT_UNSAFE,True,True,False,419,8.38,8.38,418,46,0.92,-0.013942877278299893,-0.14017512613595984,-0.04849634850055791,0.009418661222219921,0.02,2.484930714584435,0.20261089089932163,6.837884787808561,1.7692139148712158,0.0,0.0
/home/simon/davide_fr3_ws/src/cbf_safety_filter/config/generated_scenarios/scenario_0998.yaml,scenario_0998,SUCCESS_SAFE,False,True,True,415,8.3,8.3,414,-1,nan,0.04174540425123913,0.4376131442023856,0.09521822323679305,0.009459284015334336,0.02,1.6946314979589483,0.17513394239617341,6.482657264908589,1.6772189140319824,0.0,0.0
/home/simon/davide_fr3_ws/src/cbf_safety_filter/config/generated_scenarios/scenario_0999.yaml,scenario_0999,SUCCESS_SAFE,False,True,True,435,8.700000000000001,8.700000000000001,434,-1,nan,0.00604207781759368,0.05654749529221328,0.019438026564427863,0.009732807870331097,0.02,7.249877889909429,0.9227421426950819,46.831604631780245,1.4409747123718262,0.0,0.0
