scenario,npz_path,scenario_path,status,reason,steps,qp_final,qp_fail_count,final_min_h,final_min_psi,min_h_rollout,min_psi_rollout,min_dist_rollout,final_dist_to_goal,goal_tol
scenario_0000,/home/simon/davide_fr3_ws/src/cbf_safety_filter/data/rollouts/fullpool_candidates_seed20260520_n1500/scenario_0000_offline_rollout.npz,/home/simon/davide_fr3_ws/src/cbf_safety_filter/config/generated_scenarios_fullpool_candidates/scenario_0000.yaml,good,ok,3000,True,0,0.01734373589406816,0.03235844772852519,0.01734373589406816,0.03235844772852519,0.03853046452308839,6.766869669935356e-07,0.02
scenario_0001,/home/simon/davide_fr3_ws/src/cbf_safety_filter/data/rollouts/fullpool_candidates_seed20260520_n1500/scenario_0001_offline_rollout.npz,/home/simon/davide_fr3_ws/src/cbf_safety_filter/config/generated_scenarios_fullpool_candidates/scenario_0001.yaml,bad_safety,final_min_psi_negative,3000,True,0,0.04715164520871113,-0.011918437724551756,0.0006099578140955388,-0.09650276326421137,0.0018337221199586362,0.002019157547553192,0.02
scenario_0002,/home/simon/davide_fr3_ws/src/cbf_safety_filter/data/rollouts/fullpool_candidates_seed20260520_n1500/scenario_0002_offline_rollout.npz,/home/simon/davide_fr3_ws/src/cbf_safety_filter/config/generated_scenarios_fullpool_candidates/scenario_0002.yaml,good,ok,3000,True,0,0.03908753432196974,0.03438806738466443,0.03908753432196974,0.022956179754984263,0.08398895922837846,0.0005143780363997708,0.02
scenario_0003,/home/simon/davide_fr3_ws/src/cbf_safety_filter/data/rollouts/fullpool_candidates_seed20260520_n1500/scenario_0003_offline_rollout.npz,/home/simon/davide_fr3_ws/src/cbf_safety_filter/config/generated_scenarios_fullpool_candidates/scenario_0003.yaml,good,ok,3000,True,0,0.016891967430344827,0.03278315834125793,0.0015880523960787422,-0.0897058370479446,0.005584179813104939,0.00042819328402245014,0.02
scenario_0004,/home/simon/davide_fr3_ws/src/cbf_safety_filter/data/rollouts/fullpool_candidates_seed20260520_n1500/scenario_0004_offline_rollout.npz,/home/simon/davide_fr3_ws/src/cbf_safety_filter/config/generated_scenarios_fullpool_candidates/scenario_0004.yaml,bad_qp,final_qp_solved_false,3000,False,2901,0.01272456024490767,-0.007237257328939289,0.01272456024490767,-0.04111191404304054,0.04078571440144371,0.4819093721775572,0.02
scenario_0005,/home/simon/davide_fr3_ws/src/cbf_safety_filter/data/rollouts/fullpool_candidates_seed20260520_n1500/scenario_0005_offline_rollout.npz,/home/simon/davide_fr3_ws/src/cbf_safety_filter/config/generated_scenarios_fullpool_candidates/scenario_0005.yaml,good,ok,3000,True,0,0.02231293845608462,0.03464944562671275,0.0002977871822649053,-0.08212030094787212,0.0008449183595863052,0.0011680902387998275,0.02
scenario_0006,/home/simon/davide_fr3_ws/src/cbf_safety_filter/data/rollouts/fullpool_candidates_seed20260520_n1500/scenario_0006_offline_rollout.npz,/home/simon/davide_fr3_ws/src/cbf_safety_filter/config/generated_scenarios_fullpool_candidates/scenario_0006.yaml,good,ok,3000,True,0,0.02018975298096324,0.041378947722530736,0.020027352931169112,-0.020966265973916764,0.052764087977557245,0.006281108097068344,0.02
scenario_0007,/home/simon/davide_fr3_ws/src/cbf_safety_filter/data/rollouts/fullpool_candidates_seed20260520_n1500/scenario_0007_offline_rollout.npz,/home/simon/davide_fr3_ws/src/cbf_safety_filter/config/generated_scenarios_fullpool_candidates/scenario_0007.yaml,bad_qp,final_qp_solved_false,3000,False,2921,-1.6164572040289205e-05,-0.02296434215193832,-0.004028199780878101,-0.08163587293084013,-0.010589074905991841,0.4651278360386932,0.02
scenario_0008,/home/simon/davide_fr3_ws/src/cbf_safety_filter/data/rollouts/fullpool_candidates_seed20260520_n1500/scenario_0008_offline_rollout.npz,/home/simon/davide_fr3_ws/src/cbf_safety_filter/config/generated_scenarios_fullpool_candidates/scenario_0008.yaml,bad_safety,final_min_h_negative,3000,True,0,-1.7093467238153692e-05,-1.8180076920534414e-05,-0.000562980270234742,-0.23576287570438137,-0.001936882377231608,9.263798673197278e-05,0.02
scenario_0009,/home/simon/davide_fr3_ws/src/cbf_safety_filter/data/rollouts/fullpool_candidates_seed20260520_n1500/scenario_0009_offline_rollout.npz,/home/simon/davide_fr3_ws/src/cbf_safety_filter/config/generated_scenarios_fullpool_candidates/scenario_0009.yaml,good,ok,3000,True,0,0.049181918034102295,0.10379805484258167,0.011618384016763893,-0.3276328974397167,0.04867805683807078,0.0011730960368114961,0.02
scenario_0010,/home/simon/davide_fr3_ws/src/cbf_safety_filter/data/rollouts/fullpool_candidates_seed20260520_n1500/scenario_0010_offline_rollout.npz,/home/simon/davide_fr3_ws/src/cbf_safety_filter/config/generated_scenarios_fullpool_candidates/scenario_0010.yaml,good,ok,3000,True,0,0.03522744741451861,0.07045620501966644,0.034541117073197125,0.07028023721321197,0.07441244522855864,1.2458004468821648e-08,0.02
scenario_0011,/home/simon/davide_fr3_ws/src/cbf_safety_filter/data/rollouts/fullpool_candidates_seed20260520_n1500/scenario_0011_offline_rollout.npz,/home/simon/davide_fr3_ws/src/cbf_safety_filter/config/generated_scenarios_fullpool_candidates/scenario_0011.yaml,good,ok,3000,True,0,0.00020170893811832444,2.9524090904615497e-05,-8.134429472800991e-06,-9.37198748377846e-05,-2.656804485240416e-05,3.676336614007593e-05,0.02
scenario_0012,/home/simon/davide_fr3_ws/src/cbf_safety_filter/data/rollouts/fullpool_candidates_seed20260520_n1500/scenario_0012_offline_rollout.npz,/home/simon/davide_fr3_ws/src/cbf_safety_filter/config/generated_scenarios_fullpool_candidates/scenario_0012.yaml,good,ok,3000,True,0,0.02013177816470735,0.027127554653851818,-0.0010151474617652156,-0.03975333097258367,-0.004064896962493722,0.00015163375699306554,0.02
scenario_0013,/home/simon/davide_fr3_ws/src/cbf_safety_filter/data/rollouts/fullpool_candidates_seed20260520_n1500/scenario_0013_offline_rollout.npz,/home/simon/davide_fr3_ws/src/cbf_safety_filter/config/generated_scenarios_fullpool_candidates/scenario_0013.yaml,good,ok,3000,True,0,0.0321187465730049,0.06404737999118995,-0.002971246051827553,-0.13315308494211803,-0.009609766846524842,0.0010402640282496448,0.02
scenario_0014,/home/simon/davide_fr3_ws/src/cbf_safety_filter/data/rollouts/fullpool_candidates_seed20260520_n1500/scenario_0014_offline_rollout.npz,/home/simon/davide_fr3_ws/src/cbf_safety_filter/config/generated_scenarios_fullpool_candidates/scenario_0014.yaml,good,ok,3000,True,0,0.0035577636180295913,0.005040617653915542,-0.0009298519654718507,-0.0037655053128715895,-0.0034290246747707143,0.0009759126626739799,0.02
scenario_0015,/home/simon/davide_fr3_ws/src/cbf_safety_filter/data/rollouts/fullpool_candidates_seed20260520_n1500/scenario_0015_offline_rollout.npz,/home/simon/davide_fr3_ws/src/cbf_safety_filter/config/generated_scenarios_fullpool_candidates/scenario_0015.yaml,good,ok,3000,True,0,0.034077236363557604,0.06815447272711521,-0.00479542832039658,-0.045794179456898995,-0.02101558186868345,0.0006823020122518897,0.02
scenario_0016,/home/simon/davide_fr3_ws/src/cbf_safety_filter/data/rollouts/fullpool_candidates_seed20260520_n1500/scenario_0016_offline_rollout.npz,/home/simon/davide_fr3_ws/src/cbf_safety_filter/config/generated_scenarios_fullpool_candidates/scenario_0016.yaml,good,ok,3000,True,0,0.025956903307472867,0.01155787128516883,-0.000493255023645724,-0.05272134837881998,-0.0022363385720583495,8.15854957987466e-05,0.02
scenario_0017,/home/simon/davide_fr3_ws/src/cbf_safety_filter/data/rollouts/fullpool_candidates_seed20260520_n1500/scenario_0017_offline_rollout.npz,/home/simon/davide_fr3_ws/src/cbf_safety_filter/config/generated_scenarios_fullpool_candidates/scenario_0017.yaml,bad_safety,final_min_psi_negative,3000,True,0,0.021368185439626503,-0.009615189838414334,0.012964871811979126,-0.17961489071697828,0.032247143227764175,0.021371316312835266,0.02
scenario_0018,/home/simon/davide_fr3_ws/src/cbf_safety_filter/data/rollouts/fullpool_candidates_seed20260520_n1500/scenario_0018_offline_rollout.npz,/home/simon/davide_fr3_ws/src/cbf_safety_filter/config/generated_scenarios_fullpool_candidates/scenario_0018.yaml,good,ok,3000,True,0,0.021967132482439113,0.028618697217661124,0.0006941002565259355,-0.021361851423927547,0.0019327124277645769,0.009793740263819246,0.02
scenario_0019,/home/simon/davide_fr3_ws/src/cbf_safety_filter/data/rollouts/fullpool_candidates_seed20260520_n1500/scenario_0019_offline_rollout.npz,/home/simon/davide_fr3_ws/src/cbf_safety_filter/config/generated_scenarios_fullpool_candidates/scenario_0019.yaml,good,ok,3000,True,0,4.5980951148022475e-05,3.3064898595910105e-05,-0.006586760350110046,-0.03212500479450188,-0.019740993728012024,1.4466822827353421e-05,0.02
scenario_0020,/home/simon/davide_fr3_ws/src/cbf_safety_filter/data/rollouts/fullpool_candidates_seed20260520_n1500/scenario_0020_offline_rollout.npz,/home/simon/davide_fr3_ws/src/cbf_safety_filter/config/generated_scenarios_fullpool_candidates/scenario_0020.yaml,good,ok,3000,True,0,0.011516077558056035,0.05510086517286188,0.0006658199640729445,-0.1691495701824085,0.0024599866874369103,0.0013609091044995472,0.02
scenario_0021,/home/simon/davide_fr3_ws/src/cbf_safety_filter/data/rollouts/fullpool_candidates_seed20260520_n1500/scenario_0021_offline_rollout.npz,/home/simon/davide_fr3_ws/src/cbf_safety_filter/config/generated_scenarios_fullpool_candidates/scenario_0021.yaml,good,ok,3000,True,0,0.07592926684553179,0.14865011376132425,0.029753199779928338,-0.07515083140037776,0.0728450493567826,0.00045011628444903943,0.02
scenario_0022,/home/simon/davide_fr3_ws/src/cbf_safety_filter/data/rollouts/fullpool_candidates_seed20260520_n1500/scenario_0022_offline_rollout.npz,/home/simon/davide_fr3_ws/src/cbf_safety_filter/config/generated_scenarios_fullpool_candidates/scenario_0022.yaml,good,ok,3000,True,0,0.045324221290210846,0.05454409926380273,0.0001838694435482742,-0.06568270447244437,0.0005312131254733843,0.0008195587441356129,0.02
scenario_0023,/home/simon/davide_fr3_ws/src/cbf_safety_filter/data/rollouts/fullpool_candidates_seed20260520_n1500/scenario_0023_offline_rollout.npz,/home/simon/davide_fr3_ws/src/cbf_safety_filter/config/generated_scenarios_fullpool_candidates/scenario_0023.yaml,good,ok,3000,True,0,0.006648768602806672,0.01348518984838804,-6.218607942867597e-05,-0.0019051879030376126,-0.00025059935372287456,2.212510063964656e-06,0.02
scenario_0024,/home/simon/davide_fr3_ws/src/cbf_safety_filter/data/rollouts/fullpool_candidates_seed20260520_n1500/scenario_0024_offline_rollout.npz,/home/simon/davide_fr3_ws/src/cbf_safety_filter/config/generated_scenarios_fullpool_candidates/scenario_0024.yaml,good,ok,3000,True,0,0.00013531293836530588,0.000668992521842353,-0.006848658026608775,-0.12646077473233333,-0.030382042815739696,3.078459307621053e-05,0.02
scenario_0025,/home/simon/davide_fr3_ws/src/cbf_safety_filter/data/rollouts/fullpool_candidates_seed20260520_n1500/scenario_0025_offline_rollout.npz,/home/simon/davide_fr3_ws/src/cbf_safety_filter/config/generated_scenarios_fullpool_candidates/scenario_0025.yaml,good,ok,3000,True,0,0.02619309186997474,0.12362262693433315,0.0011149520994407427,-0.13509212056219377,0.002769588491812802,0.000495773090579695,0.02
scenario_0026,/home/simon/davide_fr3_ws/src/cbf_safety_filter/data/rollouts/fullpool_candidates_seed20260520_n1500/scenario_0026_offline_rollout.npz,/home/simon/davide_fr3_ws/src/cbf_safety_filter/config/generated_scenarios_fullpool_candidates/scenario_0026.yaml,good,ok,3000,True,0,0.05696402992359241,0.00837621050960169,0.0030617262406086795,-0.00025194580327951577,0.007423739106868721,0.001825562182016807,0.02
scenario_0027,/home/simon/davide_fr3_ws/src/cbf_safety_filter/data/rollouts/fullpool_candidates_seed20260520_n1500/scenario_0027_offline_rollout.npz,/home/simon/davide_fr3_ws/src/cbf_safety_filter/config/generated_scenarios_fullpool_candidates/scenario_0027.yaml,good,ok,3000,True,0,0.024092475192694335,0.052618764417617786,-0.003426998434885739,-0.15758496007600006,-0.010603449925744496,0.0004576986365927419,0.02
scenario_0028,/home/simon/davide_fr3_ws/src/cbf_safety_filter/data/rollouts/fullpool_candidates_seed20260520_n1500/scenario_0028_offline_rollout.npz,/home/simon/davide_fr3_ws/src/cbf_safety_filter/config/generated_scenarios_fullpool_candidates/scenario_0028.yaml,good,ok,3000,True,0,0.008362395069856973,0.022660697041668666,-0.006089361439461875,-0.02944685008530712,-0.028100484834024067,7.472835573781135e-05,0.02
scenario_0029,/home/simon/davide_fr3_ws/src/cbf_safety_filter/data/rollouts/fullpool_candidates_seed20260520_n1500/scenario_0029_offline_rollout.npz,/home/simon/davide_fr3_ws/src/cbf_safety_filter/config/generated_scenarios_fullpool_candidates/scenario_0029.yaml,good,ok,3000,True,0,0.033808113511725794,0.06708306671193812,0.033808113511725794,0.06708306671193812,0.09771160070107135,7.473220989188348e-08,0.02
scenario_0030,/home/simon/davide_fr3_ws/src/cbf_safety_filter/data/rollouts/fullpool_candidates_seed20260520_n1500/scenario_0030_offline_rollout.npz,/home/simon/davide_fr3_ws/src/cbf_safety_filter/config/generated_scenarios_fullpool_candidates/scenario_0030.yaml,good,ok,3000,True,0,0.04012875639007613,0.06473575566219116,0.0018094520701877753,-0.13465073882594886,0.010124266320622133,0.004152742210738193,0.02
scenario_0031,/home/simon/davide_fr3_ws/src/cbf_safety_filter/data/rollouts/fullpool_candidates_seed20260520_n1500/scenario_0031_offline_rollout.npz,/home/simon/davide_fr3_ws/src/cbf_safety_filter/config/generated_scenarios_fullpool_candidates/scenario_0031.yaml,good,ok,3000,True,0,0.013438692421494852,0.0012373772837455319,0.001389642926640875,-0.32323162188080595,0.004851237298695382,0.00017393719825059713,0.02
scenario_0032,/home/simon/davide_fr3_ws/src/cbf_safety_filter/data/rollouts/fullpool_candidates_seed20260520_n1500/scenario_0032_offline_rollout.npz,/home/simon/davide_fr3_ws/src/cbf_safety_filter/config/generated_scenarios_fullpool_candidates/scenario_0032.yaml,good,ok,3000,True,0,0.0411812148253423,0.06327620336425335,0.02118155190382877,-0.0221582635014638,0.05915533595400668,0.0004327057167352395,0.02
scenario_0033,/home/simon/davide_fr3_ws/src/cbf_safety_filter/data/rollouts/fullpool_candidates_seed20260520_n1500/scenario_0033_offline_rollout.npz,/home/simon/davide_fr3_ws/src/cbf_safety_filter/config/generated_scenarios_fullpool_candidates/scenario_0033.yaml,good,ok,3000,True,0,7.079571338886037e-10,1.415844497806538e-09,-0.013426302257610049,-0.025234151547835235,-0.039033781635439135,7.248006533219267e-11,0.02
scenario_0034,/home/simon/davide_fr3_ws/src/cbf_safety_filter/data/rollouts/fullpool_candidates_seed20260520_n1500/scenario_0034_offline_rollout.npz,/home/simon/davide_fr3_ws/src/cbf_safety_filter/config/generated_scenarios_fullpool_candidates/scenario_0034.yaml,good,ok,3000,True,0,0.03807156173618903,0.08320028974495143,-2.9724384649765234e-06,-5.957320164493439e-06,-6.994087958234196e-06,3.256713657479284e-05,0.02
scenario_0035,/home/simon/davide_fr3_ws/src/cbf_safety_filter/data/rollouts/fullpool_candidates_seed20260520_n1500/scenario_0035_offline_rollout.npz,/home/simon/davide_fr3_ws/src/cbf_safety_filter/config/generated_scenarios_fullpool_candidates/scenario_0035.yaml,good,ok,3000,True,0,0.0019789948832491175,0.00294213410668057,-0.010653425454618884,-0.04191408940142473,-0.05209327755780914,0.00014879404229079006,0.02
scenario_0036,/home/simon/davide_fr3_ws/src/cbf_safety_filter/data/rollouts/fullpool_candidates_seed20260520_n1500/scenario_0036_offline_rollout.npz,/home/simon/davide_fr3_ws/src/cbf_safety_filter/config/generated_scenarios_fullpool_candidates/scenario_0036.yaml,bad_qp,final_qp_solved_false,3000,False,2929,-0.0006002184498892504,-0.00018254788414052286,-0.0006655952010991596,-0.04783904730678251,-0.0037770053935677755,0.38756575614127353,0.02
scenario_0037,/home/simon/davide_fr3_ws/src/cbf_safety_filter/data/rollouts/fullpool_candidates_seed20260520_n1500/scenario_0037_offline_rollout.npz,/home/simon/davide_fr3_ws/src/cbf_safety_filter/config/generated_scenarios_fullpool_candidates/scenario_0037.yaml,good,ok,3000,True,0,0.01099547006733518,0.021676513653250497,0.01099547006733518,0.021676513653250497,0.03527826972660056,1.2960407522873896e-06,0.02
scenario_0038,/home/simon/davide_fr3_ws/src/cbf_safety_filter/data/rollouts/fullpool_candidates_seed20260520_n1500/scenario_0038_offline_rollout.npz,/home/simon/davide_fr3_ws/src/cbf_safety_filter/config/generated_scenarios_fullpool_candidates/scenario_0038.yaml,bad_safety,final_min_psi_negative,3000,True,0,0.0368281386753597,-0.08383667907053477,-0.0029809534890532056,-0.34380520193248654,-0.010469381570173047,0.0016830107929509937,0.02
scenario_0039,/home/simon/davide_fr3_ws/src/cbf_safety_filter/data/rollouts/fullpool_candidates_seed20260520_n1500/scenario_0039_offline_rollout.npz,/home/simon/davide_fr3_ws/src/cbf_safety_filter/config/generated_scenarios_fullpool_candidates/scenario_0039.yaml,good,ok,3000,True,0,0.043434848840053254,0.11786381615332746,-0.0001458711286479973,-0.16492198613910605,-0.00048670222419397446,0.00046773437422974667,0.02
scenario_0040,/home/simon/davide_fr3_ws/src/cbf_safety_filter/data/rollouts/fullpool_candidates_seed20260520_n1500/scenario_0040_offline_rollout.npz,/home/simon/davide_fr3_ws/src/cbf_safety_filter/config/generated_scenarios_fullpool_candidates/scenario_0040.yaml,good,ok,3000,True,0,0.04583559899554423,0.039706759615994625,0.005366038283864727,-0.03216029441802046,0.019269735956858353,0.0008045265759896835,0.02
scenario_0041,/home/simon/davide_fr3_ws/src/cbf_safety_filter/data/rollouts/fullpool_candidates_seed20260520_n1500/scenario_0041_offline_rollout.npz,/home/simon/davide_fr3_ws/src/cbf_safety_filter/config/generated_scenarios_fullpool_candidates/scenario_0041.yaml,good,ok,3000,True,0,0.010994050533910421,0.009566825311860622,0.0027534409585625516,-0.13126209135826455,0.006742961717718959,0.00703118008310817,0.02
scenario_0042,/home/simon/davide_fr3_ws/src/cbf_safety_filter/data/rollouts/fullpool_candidates_seed20260520_n1500/scenario_0042_offline_rollout.npz,/home/simon/davide_fr3_ws/src/cbf_safety_filter/config/generated_scenarios_fullpool_candidates/scenario_0042.yaml,good,ok,3000,True,0,0.034272362509750035,0.037396492482701535,0.014931158159825748,-0.11011906105697483,0.04114137485418662,0.0023866441351918398,0.02
scenario_0043,/home/simon/davide_fr3_ws/src/cbf_safety_filter/data/rollouts/fullpool_candidates_seed20260520_n1500/scenario_0043_offline_rollout.npz,/home/simon/davide_fr3_ws/src/cbf_safety_filter/config/generated_scenarios_fullpool_candidates/scenario_0043.yaml,good,ok,3000,True,0,0.01633106515040207,0.026977994108140294,0.0019151044720669697,0.0018201054234702292,0.006481305041607627,0.0020388770863156622,0.02
scenario_0044,/home/simon/davide_fr3_ws/src/cbf_safety_filter/data/rollouts/fullpool_candidates_seed20260520_n1500/scenario_0044_offline_rollout.npz,/home/simon/davide_fr3_ws/src/cbf_safety_filter/config/generated_scenarios_fullpool_candidates/scenario_0044.yaml,good,ok,3000,True,0,0.052692540076261465,0.10026609698155892,0.0004181365652123417,-0.16576119517334859,0.0010752460319318202,0.0006024106706302765,0.02
scenario_0045,/home/simon/davide_fr3_ws/src/cbf_safety_filter/data/rollouts/fullpool_candidates_seed20260520_n1500/scenario_0045_offline_rollout.npz,/home/simon/davide_fr3_ws/src/cbf_safety_filter/config/generated_scenarios_fullpool_candidates/scenario_0045.yaml,good,ok,3000,True,0,0.02645549110400878,0.054666261059980924,0.02638421840534385,-0.016530685795534683,0.09317337326344513,0.0016921440112604678,0.02
scenario_0046,/home/simon/davide_fr3_ws/src/cbf_safety_filter/data/rollouts/fullpool_candidates_seed20260520_n1500/scenario_0046_offline_rollout.npz,/home/simon/davide_fr3_ws/src/cbf_safety_filter/config/generated_scenarios_fullpool_candidates/scenario_0046.yaml,good,ok,3000,True,0,0.014337718070034883,0.03640037529775313,-0.003069455713540092,-0.0810716647356283,-0.01907367000570305,8.03625567595182e-05,0.02
scenario_0047,/home/simon/davide_fr3_ws/src/cbf_safety_filter/data/rollouts/fullpool_candidates_seed20260520_n1500/scenario_0047_offline_rollout.npz,/home/simon/davide_fr3_ws/src/cbf_safety_filter/config/generated_scenarios_fullpool_candidates/scenario_0047.yaml,good,ok,3000,True,0,0.015533467935808794,0.03599846409639827,0.00019420242723289932,-0.08168540505398128,0.0004955464000977461,0.00011309093847244292,0.02
scenario_0048,/home/simon/davide_fr3_ws/src/cbf_safety_filter/data/rollouts/fullpool_candidates_seed20260520_n1500/scenario_0048_offline_rollout.npz,/home/simon/davide_fr3_ws/src/cbf_safety_filter/config/generated_scenarios_fullpool_candidates/scenario_0048.yaml,bad_goal,final_dist_to_goal_above_tol,3000,True,0,0.0342238774635654,0.04889522924901587,0.008734264679538289,-0.09281510001724375,0.02398316433822459,0.033978615102362,0.02
scenario_0049,/home/simon/davide_fr3_ws/src/cbf_safety_filter/data/rollouts/fullpool_candidates_seed20260520_n1500/scenario_0049_offline_rollout.npz,/home/simon/davide_fr3_ws/src/cbf_safety_filter/config/generated_scenarios_fullpool_candidates/scenario_0049.yaml,good,ok,3000,True,0,0.04692167322286203,0.08925804970132727,-0.0004175300639914503,-0.17310160858311466,-0.0011443706232645845,0.0013224798391922772,0.02
scenario_0050,/home/simon/davide_fr3_ws/src/cbf_safety_filter/data/rollouts/fullpool_candidates_seed20260520_n1500/scenario_0050_offline_rollout.npz,/home/simon/davide_fr3_ws/src/cbf_safety_filter/config/generated_scenarios_fullpool_candidates/scenario_0050.yaml,good,ok,3000,True,0,0.07055921122396412,0.14190544650156348,0.022948772246986753,0.04557324160132258,0.05655780810300731,7.480860140151528e-08,0.02
scenario_0051,/home/simon/davide_fr3_ws/src/cbf_safety_filter/data/rollouts/fullpool_candidates_seed20260520_n1500/scenario_0051_offline_rollout.npz,/home/simon/davide_fr3_ws/src/cbf_safety_filter/config/generated_scenarios_fullpool_candidates/scenario_0051.yaml,bad_safety,final_min_psi_negative,3000,True,0,0.019925445596261884,-0.041142880481849387,-0.008076313961773513,-0.0872945110107671,-0.032804470392492596,0.0030081207204521914,0.02
scenario_0052,/home/simon/davide_fr3_ws/src/cbf_safety_filter/data/rollouts/fullpool_candidates_seed20260520_n1500/scenario_0052_offline_rollout.npz,/home/simon/davide_fr3_ws/src/cbf_safety_filter/config/generated_scenarios_fullpool_candidates/scenario_0052.yaml,bad_goal,final_dist_to_goal_above_tol,3000,True,0,0.03710640672804839,0.058739061100642496,-0.0015015468977266772,-0.08424821554321534,-0.0038686566375144282,0.03178858814130525,0.02
scenario_0053,/home/simon/davide_fr3_ws/src/cbf_safety_filter/data/rollouts/fullpool_candidates_seed20260520_n1500/scenario_0053_offline_rollout.npz,/home/simon/davide_fr3_ws/src/cbf_safety_filter/config/generated_scenarios_fullpool_candidates/scenario_0053.yaml,good,ok,3000,True,0,0.06499104893309796,0.11014302534845963,0.01621115694341458,-0.05682117645288323,0.061419874465670016,0.0009066415361620071,0.02
scenario_0054,/home/simon/davide_fr3_ws/src/cbf_safety_filter/data/rollouts/fullpool_candidates_seed20260520_n1500/scenario_0054_offline_rollout.npz,/home/simon/davide_fr3_ws/src/cbf_safety_filter/config/generated_scenarios_fullpool_candidates/scenario_0054.yaml,bad_safety,final_min_h_negative,3000,True,0,-9.3852401325107e-05,0.0024638982155431896,-0.0005262926650009513,-0.05216491391343231,-0.0018073694516577976,0.012769919027038808,0.02
scenario_0055,/home/simon/davide_fr3_ws/src/cbf_safety_filter/data/rollouts/fullpool_candidates_seed20260520_n1500/scenario_0055_offline_rollout.npz,/home/simon/davide_fr3_ws/src/cbf_safety_filter/config/generated_scenarios_fullpool_candidates/scenario_0055.yaml,good,ok,3000,True,0,0.07955248743723181,0.1258275216521937,-0.007352639873832056,-0.3991557810601901,-0.01976320621128605,0.0029230634285489633,0.02
scenario_0056,/home/simon/davide_fr3_ws/src/cbf_safety_filter/data/rollouts/fullpool_candidates_seed20260520_n1500/scenario_0056_offline_rollout.npz,/home/simon/davide_fr3_ws/src/cbf_safety_filter/config/generated_scenarios_fullpool_candidates/scenario_0056.yaml,good,ok,3000,True,0,0.03810492766406634,0.07515842407913163,-0.008386873044189648,-0.189091036349261,-0.026794664824087183,0.0002237711103428727,0.02
scenario_0057,/home/simon/davide_fr3_ws/src/cbf_safety_filter/data/rollouts/fullpool_candidates_seed20260520_n1500/scenario_0057_offline_rollout.npz,/home/simon/davide_fr3_ws/src/cbf_safety_filter/config/generated_scenarios_fullpool_candidates/scenario_0057.yaml,good,ok,3000,True,0,0.024733251579955824,0.0545790214308484,-0.00045580060357953457,-0.004698308311748334,-0.0022891804910635527,1.0308638564546313e-05,0.02
scenario_0058,/home/simon/davide_fr3_ws/src/cbf_safety_filter/data/rollouts/fullpool_candidates_seed20260520_n1500/scenario_0058_offline_rollout.npz,/home/simon/davide_fr3_ws/src/cbf_safety_filter/config/generated_scenarios_fullpool_candidates/scenario_0058.yaml,good,ok,3000,True,0,0.047136669251511824,0.10360455654359446,-0.0005673169794732751,-0.047191815136881476,-0.0030846637979666386,0.0001309011818925581,0.02
scenario_0059,/home/simon/davide_fr3_ws/src/cbf_safety_filter/data/rollouts/fullpool_candidates_seed20260520_n1500/scenario_0059_offline_rollout.npz,/home/simon/davide_fr3_ws/src/cbf_safety_filter/config/generated_scenarios_fullpool_candidates/scenario_0059.yaml,bad_qp,final_qp_solved_false,3000,False,2831,-0.008054612646616673,-0.011585121806952266,-0.010355210031185651,-0.031064616031834358,-0.04676386790786789,0.1357610207447742,0.02
scenario_0060,/home/simon/davide_fr3_ws/src/cbf_safety_filter/data/rollouts/fullpool_candidates_seed20260520_n1500/scenario_0060_offline_rollout.npz,/home/simon/davide_fr3_ws/src/cbf_safety_filter/config/generated_scenarios_fullpool_candidates/scenario_0060.yaml,good,ok,3000,True,0,0.027752550688815863,0.08881205188045554,-0.004194785575001161,-0.18706680355883076,-0.019909725731609096,0.00013482312311379813,0.02
scenario_0061,/home/simon/davide_fr3_ws/src/cbf_safety_filter/data/rollouts/fullpool_candidates_seed20260520_n1500/scenario_0061_offline_rollout.npz,/home/simon/davide_fr3_ws/src/cbf_safety_filter/config/generated_scenarios_fullpool_candidates/scenario_0061.yaml,good,ok,3000,True,0,0.05367213321970559,0.09461778244788258,0.03797432928444532,0.011656837472698633,0.08921929842702594,0.0021784878420425605,0.02
scenario_0062,/home/simon/davide_fr3_ws/src/cbf_safety_filter/data/rollouts/fullpool_candidates_seed20260520_n1500/scenario_0062_offline_rollout.npz,/home/simon/davide_fr3_ws/src/cbf_safety_filter/config/generated_scenarios_fullpool_candidates/scenario_0062.yaml,bad_safety,final_min_h_negative,3000,True,0,-8.630591526882087e-06,-3.6047668637125474e-05,-0.00042316351145672143,-0.0020508829568731696,-0.001331252331538052,9.371659491162877e-07,0.02
scenario_0063,/home/simon/davide_fr3_ws/src/cbf_safety_filter/data/rollouts/fullpool_candidates_seed20260520_n1500/scenario_0063_offline_rollout.npz,/home/simon/davide_fr3_ws/src/cbf_safety_filter/config/generated_scenarios_fullpool_candidates/scenario_0063.yaml,good,ok,3000,True,0,0.0032066766299899806,0.006029359345393042,0.0032066766299899806,0.006029359345393042,0.012427647431987737,1.1338224965099332e-07,0.02
scenario_0064,/home/simon/davide_fr3_ws/src/cbf_safety_filter/data/rollouts/fullpool_candidates_seed20260520_n1500/scenario_0064_offline_rollout.npz,/home/simon/davide_fr3_ws/src/cbf_safety_filter/config/generated_scenarios_fullpool_candidates/scenario_0064.yaml,good,ok,3000,True,0,0.051110709292155866,0.022554471125720274,0.008445828421762665,-0.403076191970861,0.03863058898163635,0.001893723493643308,0.02
scenario_0065,/home/simon/davide_fr3_ws/src/cbf_safety_filter/data/rollouts/fullpool_candidates_seed20260520_n1500/scenario_0065_offline_rollout.npz,/home/simon/davide_fr3_ws/src/cbf_safety_filter/config/generated_scenarios_fullpool_candidates/scenario_0065.yaml,good,ok,3000,True,0,0.0001162053490944108,0.00017398096980036717,-0.0014451335936645528,-0.017285726349117375,-0.0071451108025054055,5.985189965906097e-07,0.02
scenario_0066,/home/simon/davide_fr3_ws/src/cbf_safety_filter/data/rollouts/fullpool_candidates_seed20260520_n1500/scenario_0066_offline_rollout.npz,/home/simon/davide_fr3_ws/src/cbf_safety_filter/config/generated_scenarios_fullpool_candidates/scenario_0066.yaml,bad_safety,final_min_psi_negative,3000,True,2,0.02792114612599096,-0.023653595981858927,0.005835309536788531,-0.06282858311287617,0.019857609113452107,0.0020369324140643566,0.02
scenario_0067,/home/simon/davide_fr3_ws/src/cbf_safety_filter/data/rollouts/fullpool_candidates_seed20260520_n1500/scenario_0067_offline_rollout.npz,/home/simon/davide_fr3_ws/src/cbf_safety_filter/config/generated_scenarios_fullpool_candidates/scenario_0067.yaml,good,ok,3000,True,0,0.0816018427811924,0.15609222351244545,0.014261322207494494,-0.06543166081504179,0.04290446480946536,0.0007113579039113282,0.02
scenario_0068,/home/simon/davide_fr3_ws/src/cbf_safety_filter/data/rollouts/fullpool_candidates_seed20260520_n1500/scenario_0068_offline_rollout.npz,/home/simon/davide_fr3_ws/src/cbf_safety_filter/config/generated_scenarios_fullpool_candidates/scenario_0068.yaml,good,ok,3000,True,0,0.0383441917125554,0.007725086906405124,-0.007157465864057758,-0.06560696812223593,-0.026499244107672945,0.0007982521649253806,0.02
scenario_0069,/home/simon/davide_fr3_ws/src/cbf_safety_filter/data/rollouts/fullpool_candidates_seed20260520_n1500/scenario_0069_offline_rollout.npz,/home/simon/davide_fr3_ws/src/cbf_safety_filter/config/generated_scenarios_fullpool_candidates/scenario_0069.yaml,good,ok,3000,True,0,0.020926452283993938,0.05634426438799884,0.00035936270434992756,-0.0036472478211401274,0.0013886340321472013,0.001035296583937428,0.02
scenario_0070,/home/simon/davide_fr3_ws/src/cbf_safety_filter/data/rollouts/fullpool_candidates_seed20260520_n1500/scenario_0070_offline_rollout.npz,/home/simon/davide_fr3_ws/src/cbf_safety_filter/config/generated_scenarios_fullpool_candidates/scenario_0070.yaml,good,ok,3000,True,0,0.048361291548589896,0.13293747416658885,-0.0021071258636568557,-0.04414285666623535,-0.0053721991637625255,0.013497084195422471,0.02
scenario_0071,/home/simon/davide_fr3_ws/src/cbf_safety_filter/data/rollouts/fullpool_candidates_seed20260520_n1500/scenario_0071_offline_rollout.npz,/home/simon/davide_fr3_ws/src/cbf_safety_filter/config/generated_scenarios_fullpool_candidates/scenario_0071.yaml,good,ok,3000,True,0,0.0011868141713660615,0.0004179779715680612,-0.0030000305114861268,-0.04911962071483231,-0.012060955350679484,0.0008699995710866931,0.02
scenario_0072,/home/simon/davide_fr3_ws/src/cbf_safety_filter/data/rollouts/fullpool_candidates_seed20260520_n1500/scenario_0072_offline_rollout.npz,/home/simon/davide_fr3_ws/src/cbf_safety_filter/config/generated_scenarios_fullpool_candidates/scenario_0072.yaml,good,ok,3000,True,0,0.014637762629224373,0.01754730017940435,-0.0004960013314909608,-0.0437326861036787,-0.0025995819960982353,0.0016600720629517001,0.02
scenario_0073,/home/simon/davide_fr3_ws/src/cbf_safety_filter/data/rollouts/fullpool_candidates_seed20260520_n1500/scenario_0073_offline_rollout.npz,/home/simon/davide_fr3_ws/src/cbf_safety_filter/config/generated_scenarios_fullpool_candidates/scenario_0073.yaml,good,ok,3000,True,0,0.03398037488990418,0.06969109711039535,0.0025446005286976735,-0.11780774231295443,0.009853125769963583,1.3581244431451018e-06,0.02
scenario_0074,/home/simon/davide_fr3_ws/src/cbf_safety_filter/data/rollouts/fullpool_candidates_seed20260520_n1500/scenario_0074_offline_rollout.npz,/home/simon/davide_fr3_ws/src/cbf_safety_filter/config/generated_scenarios_fullpool_candidates/scenario_0074.yaml,bad_goal,final_dist_to_goal_above_tol,3000,True,0,0.00759261640695677,0.01799481549958788,0.00014615602766860497,-2.3627161283651388e-05,0.0005483284345731143,0.11861350312975712,0.02
scenario_0075,/home/simon/davide_fr3_ws/src/cbf_safety_filter/data/rollouts/fullpool_candidates_seed20260520_n1500/scenario_0075_offline_rollout.npz,/home/simon/davide_fr3_ws/src/cbf_safety_filter/config/generated_scenarios_fullpool_candidates/scenario_0075.yaml,good,ok,3000,True,0,0.03548766486813827,0.13149490232533517,0.0027128755262370435,-0.11470192884478123,0.006610156889867214,0.0007388549386015408,0.02
scenario_0076,/home/simon/davide_fr3_ws/src/cbf_safety_filter/data/rollouts/fullpool_candidates_seed20260520_n1500/scenario_0076_offline_rollout.npz,/home/simon/davide_fr3_ws/src/cbf_safety_filter/config/generated_scenarios_fullpool_candidates/scenario_0076.yaml,bad_safety,final_min_psi_negative,3000,True,0,0.061799087799124075,-0.03041692884185282,-0.00044492941592603336,-0.16561074563972508,-0.0016794826629451254,0.0011088005104049978,0.02
scenario_0077,/home/simon/davide_fr3_ws/src/cbf_safety_filter/data/rollouts/fullpool_candidates_seed20260520_n1500/scenario_0077_offline_rollout.npz,/home/simon/davide_fr3_ws/src/cbf_safety_filter/config/generated_scenarios_fullpool_candidates/scenario_0077.yaml,bad_qp,final_qp_solved_false,3000,False,2924,0.0012618078280382597,-0.19120065849290718,0.001155323407523303,-0.19120065849290718,0.006204591405625251,0.3804894497845983,0.02
scenario_0078,/home/simon/davide_fr3_ws/src/cbf_safety_filter/data/rollouts/fullpool_candidates_seed20260520_n1500/scenario_0078_offline_rollout.npz,/home/simon/davide_fr3_ws/src/cbf_safety_filter/config/generated_scenarios_fullpool_candidates/scenario_0078.yaml,good,ok,3000,True,0,0.06526569501791946,0.09543052197440544,0.015321744677928104,-0.007777732602622128,0.05048586010732073,0.0010955396049800769,0.02
scenario_0079,/home/simon/davide_fr3_ws/src/cbf_safety_filter/data/rollouts/fullpool_candidates_seed20260520_n1500/scenario_0079_offline_rollout.npz,/home/simon/davide_fr3_ws/src/cbf_safety_filter/config/generated_scenarios_fullpool_candidates/scenario_0079.yaml,bad_qp,final_qp_solved_false,3000,False,227,0.05887375672531654,0.12221374113237417,0.014965034334362515,-0.10364067624179324,0.03932711671997621,0.009868918242763333,0.02
scenario_0080,/home/simon/davide_fr3_ws/src/cbf_safety_filter/data/rollouts/fullpool_candidates_seed20260520_n1500/scenario_0080_offline_rollout.npz,/home/simon/davide_fr3_ws/src/cbf_safety_filter/config/generated_scenarios_fullpool_candidates/scenario_0080.yaml,good,ok,3000,True,0,0.017402113072923525,0.11090330499161438,0.01167896165570241,-0.17814937214874432,0.028728517560779265,0.0008238874520117521,0.02
scenario_0081,/home/simon/davide_fr3_ws/src/cbf_safety_filter/data/rollouts/fullpool_candidates_seed20260520_n1500/scenario_0081_offline_rollout.npz,/home/simon/davide_fr3_ws/src/cbf_safety_filter/config/generated_scenarios_fullpool_candidates/scenario_0081.yaml,good,ok,3000,True,0,0.04874046186756051,0.09624749363230689,-0.0007689264287768227,-0.03982156270123173,-0.0022250642311954227,6.546985334453256e-05,0.02
scenario_0082,/home/simon/davide_fr3_ws/src/cbf_safety_filter/data/rollouts/fullpool_candidates_seed20260520_n1500/scenario_0082_offline_rollout.npz,/home/simon/davide_fr3_ws/src/cbf_safety_filter/config/generated_scenarios_fullpool_candidates/scenario_0082.yaml,good,ok,3000,True,0,0.02446221637747132,0.0670670933181848,-2.3641868697507618e-05,-0.021547220599200598,-5.781225172116211e-05,0.0010746191177890792,0.02
scenario_0083,/home/simon/davide_fr3_ws/src/cbf_safety_filter/data/rollouts/fullpool_candidates_seed20260520_n1500/scenario_0083_offline_rollout.npz,/home/simon/davide_fr3_ws/src/cbf_safety_filter/config/generated_scenarios_fullpool_candidates/scenario_0083.yaml,good,ok,3000,True,0,0.026356832412484238,0.04719050892332255,0.018830728005646905,-0.13452341559540462,0.05447520587430843,0.019135271377062734,0.02
scenario_0084,/home/simon/davide_fr3_ws/src/cbf_safety_filter/data/rollouts/fullpool_candidates_seed20260520_n1500/scenario_0084_offline_rollout.npz,/home/simon/davide_fr3_ws/src/cbf_safety_filter/config/generated_scenarios_fullpool_candidates/scenario_0084.yaml,good,ok,3000,True,0,0.019650876599579786,0.03519718202958666,-0.0026347657915827064,-0.059823105845972,-0.00762427923391687,0.00138897496904547,0.02
scenario_0085,/home/simon/davide_fr3_ws/src/cbf_safety_filter/data/rollouts/fullpool_candidates_seed20260520_n1500/scenario_0085_offline_rollout.npz,/home/simon/davide_fr3_ws/src/cbf_safety_filter/config/generated_scenarios_fullpool_candidates/scenario_0085.yaml,good,ok,3000,True,0,0.02100522920955739,0.038872633645502516,0.009704734988570593,-0.08556017782588872,0.033918577010828954,0.0004937278586619383,0.02
scenario_0086,/home/simon/davide_fr3_ws/src/cbf_safety_filter/data/rollouts/fullpool_candidates_seed20260520_n1500/scenario_0086_offline_rollout.npz,/home/simon/davide_fr3_ws/src/cbf_safety_filter/config/generated_scenarios_fullpool_candidates/scenario_0086.yaml,good,ok,3000,True,0,0.00011952144766336041,0.00042324814761877873,-0.012520222652217944,-0.14616737726315576,-0.047083240096491355,0.003177892016097065,0.02
scenario_0087,/home/simon/davide_fr3_ws/src/cbf_safety_filter/data/rollouts/fullpool_candidates_seed20260520_n1500/scenario_0087_offline_rollout.npz,/home/simon/davide_fr3_ws/src/cbf_safety_filter/config/generated_scenarios_fullpool_candidates/scenario_0087.yaml,bad_safety,final_min_h_negative,3000,True,0,-0.0005405477782752799,-0.0010068487692695932,-0.0018884957862416972,-0.1714660689906589,-0.00584391214403937,0.08936832515421128,0.02
scenario_0088,/home/simon/davide_fr3_ws/src/cbf_safety_filter/data/rollouts/fullpool_candidates_seed20260520_n1500/scenario_0088_offline_rollout.npz,/home/simon/davide_fr3_ws/src/cbf_safety_filter/config/generated_scenarios_fullpool_candidates/scenario_0088.yaml,good,ok,3000,True,0,0.04421150463958644,0.09538909802839003,0.0017438889185704479,-0.10176615072287193,0.006495050523902313,0.0021023050021948832,0.02
scenario_0089,/home/simon/davide_fr3_ws/src/cbf_safety_filter/data/rollouts/fullpool_candidates_seed20260520_n1500/scenario_0089_offline_rollout.npz,/home/simon/davide_fr3_ws/src/cbf_safety_filter/config/generated_scenarios_fullpool_candidates/scenario_0089.yaml,good,ok,3000,True,0,0.00030480346356464433,0.0010798090845661706,-0.002974757839905702,-0.026812437568827147,-0.015607988021223915,3.2819191479654254e-05,0.02
scenario_0090,/home/simon/davide_fr3_ws/src/cbf_safety_filter/data/rollouts/fullpool_candidates_seed20260520_n1500/scenario_0090_offline_rollout.npz,/home/simon/davide_fr3_ws/src/cbf_safety_filter/config/generated_scenarios_fullpool_candidates/scenario_0090.yaml,good,ok,3000,True,0,0.04186016389094097,0.0766172064125192,0.014947097070472998,-0.027688043924627204,0.047973015412416664,0.002216554097822992,0.02
scenario_0091,/home/simon/davide_fr3_ws/src/cbf_safety_filter/data/rollouts/fullpool_candidates_seed20260520_n1500/scenario_0091_offline_rollout.npz,/home/simon/davide_fr3_ws/src/cbf_safety_filter/config/generated_scenarios_fullpool_candidates/scenario_0091.yaml,good,ok,3000,True,0,0.0216901,0.04313940308381532,-0.0001303657992556724,-0.07209814856591629,-0.000559412420857372,0.009553630881662578,0.02
scenario_0092,/home/simon/davide_fr3_ws/src/cbf_safety_filter/data/rollouts/fullpool_candidates_seed20260520_n1500/scenario_0092_offline_rollout.npz,/home/simon/davide_fr3_ws/src/cbf_safety_filter/config/generated_scenarios_fullpool_candidates/scenario_0092.yaml,good,ok,3000,True,0,0.06213287125547908,0.09783554343069206,0.03484054764111705,-0.005029975990818725,0.09194170752251404,0.0006848031021573366,0.02
scenario_0093,/home/simon/davide_fr3_ws/src/cbf_safety_filter/data/rollouts/fullpool_candidates_seed20260520_n1500/scenario_0093_offline_rollout.npz,/home/simon/davide_fr3_ws/src/cbf_safety_filter/config/generated_scenarios_fullpool_candidates/scenario_0093.yaml,good,ok,3000,True,0,0.005212743292763208,0.020564061588905655,0.003186701708143398,-0.3083277184678484,0.009335968095948305,0.00011835926621746272,0.02
scenario_0094,/home/simon/davide_fr3_ws/src/cbf_safety_filter/data/rollouts/fullpool_candidates_seed20260520_n1500/scenario_0094_offline_rollout.npz,/home/simon/davide_fr3_ws/src/cbf_safety_filter/config/generated_scenarios_fullpool_candidates/scenario_0094.yaml,good,ok,3000,True,0,0.04947058431324903,0.08036367677172529,0.02226394010960922,-0.04821930384276146,0.04870626743837175,0.000319853046549044,0.02
scenario_0095,/home/simon/davide_fr3_ws/src/cbf_safety_filter/data/rollouts/fullpool_candidates_seed20260520_n1500/scenario_0095_offline_rollout.npz,/home/simon/davide_fr3_ws/src/cbf_safety_filter/config/generated_scenarios_fullpool_candidates/scenario_0095.yaml,good,ok,3000,True,0,0.03768355728208795,0.07899294000000003,0.002796580157802958,0.005233217922954723,0.009865674777034844,5.933279054489796e-05,0.02
scenario_0096,/home/simon/davide_fr3_ws/src/cbf_safety_filter/data/rollouts/fullpool_candidates_seed20260520_n1500/scenario_0096_offline_rollout.npz,/home/simon/davide_fr3_ws/src/cbf_safety_filter/config/generated_scenarios_fullpool_candidates/scenario_0096.yaml,good,ok,3000,True,0,0.055570601440144876,0.15068898632120709,0.008949926570642065,-0.08125741538266007,0.025987922313098127,0.0013200121231017933,0.02
scenario_0097,/home/simon/davide_fr3_ws/src/cbf_safety_filter/data/rollouts/fullpool_candidates_seed20260520_n1500/scenario_0097_offline_rollout.npz,/home/simon/davide_fr3_ws/src/cbf_safety_filter/config/generated_scenarios_fullpool_candidates/scenario_0097.yaml,bad_qp,final_qp_solved_false,3000,False,2950,0.02115816381100031,0.011017559174418635,0.02115816381100031,0.004760036631435663,0.052047655330443365,0.46174791830281525,0.02
scenario_0098,/home/simon/davide_fr3_ws/src/cbf_safety_filter/data/rollouts/fullpool_candidates_seed20260520_n1500/scenario_0098_offline_rollout.npz,/home/simon/davide_fr3_ws/src/cbf_safety_filter/config/generated_scenarios_fullpool_candidates/scenario_0098.yaml,good,ok,3000,True,0,0.020865225415659345,0.04275561123425936,1.020118562424302e-05,-0.0009066606690517204,3.7499189099482466e-05,3.339777848903496e-07,0.02
scenario_0099,/home/simon/davide_fr3_ws/src/cbf_safety_filter/data/rollouts/fullpool_candidates_seed20260520_n1500/scenario_0099_offline_rollout.npz,/home/simon/davide_fr3_ws/src/cbf_safety_filter/config/generated_scenarios_fullpool_candidates/scenario_0099.yaml,bad_safety,final_min_h_negative,3000,True,0,-0.0010532707999993205,-0.0025153729349311855,-0.002582779446773804,-0.033761325654652535,-0.011570039434826415,0.011795637274995168,0.02
scenario_0100,/home/simon/davide_fr3_ws/src/cbf_safety_filter/data/rollouts/fullpool_candidates_seed20260520_n1500/scenario_0100_offline_rollout.npz,/home/simon/davide_fr3_ws/src/cbf_safety_filter/config/generated_scenarios_fullpool_candidates/scenario_0100.yaml,bad_safety,final_min_h_negative,3000,True,0,-0.00015274125892352636,-0.00029542914960175356,-0.002229980645545016,-0.019699765174881322,-0.007819542276299857,0.06038258592220899,0.02
scenario_0101,/home/simon/davide_fr3_ws/src/cbf_safety_filter/data/rollouts/fullpool_candidates_seed20260520_n1500/scenario_0101_offline_rollout.npz,/home/simon/davide_fr3_ws/src/cbf_safety_filter/config/generated_scenarios_fullpool_candidates/scenario_0101.yaml,good,ok,3000,True,0,0.044030106445337426,0.0447190123523242,0.0099834553428595,-0.04535362640236107,0.03969624082667622,0.0005444755527308481,0.02
scenario_0102,/home/simon/davide_fr3_ws/src/cbf_safety_filter/data/rollouts/fullpool_candidates_seed20260520_n1500/scenario_0102_offline_rollout.npz,/home/simon/davide_fr3_ws/src/cbf_safety_filter/config/generated_scenarios_fullpool_candidates/scenario_0102.yaml,bad_qp,final_qp_solved_false,3000,False,2888,0.013159737446408777,0.01267065689562362,0.012726833167621682,0.0073603348719456785,0.04552948399481763,0.237651339399225,0.02
scenario_0103,/home/simon/davide_fr3_ws/src/cbf_safety_filter/data/rollouts/fullpool_candidates_seed20260520_n1500/scenario_0103_offline_rollout.npz,/home/simon/davide_fr3_ws/src/cbf_safety_filter/config/generated_scenarios_fullpool_candidates/scenario_0103.yaml,good,ok,3000,True,175,0.01929305524010283,0.021775090999495667,-0.009467086967323252,-0.19423567726857338,-0.04430104467777217,0.000112921560764669,0.02
scenario_0104,/home/simon/davide_fr3_ws/src/cbf_safety_filter/data/rollouts/fullpool_candidates_seed20260520_n1500/scenario_0104_offline_rollout.npz,/home/simon/davide_fr3_ws/src/cbf_safety_filter/config/generated_scenarios_fullpool_candidates/scenario_0104.yaml,good,ok,3000,True,0,0.002707923194157292,0.00842969096303865,-0.00019853162153154677,-0.06920985803863886,-0.0006243611058444343,0.00038712670591627173,0.02
scenario_0105,/home/simon/davide_fr3_ws/src/cbf_safety_filter/data/rollouts/fullpool_candidates_seed20260520_n1500/scenario_0105_offline_rollout.npz,/home/simon/davide_fr3_ws/src/cbf_safety_filter/config/generated_scenarios_fullpool_candidates/scenario_0105.yaml,bad_safety,final_min_psi_negative,3000,True,0,0.04737570866944192,-0.0026115956882718505,0.0008698438882168806,-0.17520232852605416,0.0027088752607987154,0.001185566180649358,0.02
scenario_0106,/home/simon/davide_fr3_ws/src/cbf_safety_filter/data/rollouts/fullpool_candidates_seed20260520_n1500/scenario_0106_offline_rollout.npz,/home/simon/davide_fr3_ws/src/cbf_safety_filter/config/generated_scenarios_fullpool_candidates/scenario_0106.yaml,good,ok,3000,True,0,0.033534448582075244,0.041169123133356245,0.0002943527014160133,-0.03770316279345917,0.0008073143073807354,0.0014112345062714429,0.02
scenario_0107,/home/simon/davide_fr3_ws/src/cbf_safety_filter/data/rollouts/fullpool_candidates_seed20260520_n1500/scenario_0107_offline_rollout.npz,/home/simon/davide_fr3_ws/src/cbf_safety_filter/config/generated_scenarios_fullpool_candidates/scenario_0107.yaml,bad_safety,final_min_h_negative,3000,True,0,-0.0002052719038239878,0.000228971548105053,-0.0007481809654572569,-0.15070141945260584,-0.0042572508340049525,0.003717546022841969,0.02
scenario_0108,/home/simon/davide_fr3_ws/src/cbf_safety_filter/data/rollouts/fullpool_candidates_seed20260520_n1500/scenario_0108_offline_rollout.npz,/home/simon/davide_fr3_ws/src/cbf_safety_filter/config/generated_scenarios_fullpool_candidates/scenario_0108.yaml,good,ok,3000,True,0,0.011399636025364418,0.01803872600770283,0.006941430839803217,0.001173648907379643,0.029017265256204877,0.0002238810752890765,0.02
scenario_0109,/home/simon/davide_fr3_ws/src/cbf_safety_filter/data/rollouts/fullpool_candidates_seed20260520_n1500/scenario_0109_offline_rollout.npz,/home/simon/davide_fr3_ws/src/cbf_safety_filter/config/generated_scenarios_fullpool_candidates/scenario_0109.yaml,good,ok,3000,True,0,0.02366906984813806,0.06612369098955674,0.020021143961074073,0.02648666354733408,0.07542929314256419,0.0005412923948271257,0.02
scenario_0110,/home/simon/davide_fr3_ws/src/cbf_safety_filter/data/rollouts/fullpool_candidates_seed20260520_n1500/scenario_0110_offline_rollout.npz,/home/simon/davide_fr3_ws/src/cbf_safety_filter/config/generated_scenarios_fullpool_candidates/scenario_0110.yaml,bad_safety,final_min_h_negative,3000,True,0,-0.0003159713212200488,-0.0007289909078147987,-0.0011443236361264666,-0.017190418673689645,-0.003783938024492728,0.00045847274732915285,0.02
scenario_0111,/home/simon/davide_fr3_ws/src/cbf_safety_filter/data/rollouts/fullpool_candidates_seed20260520_n1500/scenario_0111_offline_rollout.npz,/home/simon/davide_fr3_ws/src/cbf_safety_filter/config/generated_scenarios_fullpool_candidates/scenario_0111.yaml,good,ok,3000,True,0,0.027879556036945606,0.05084629066662821,-0.0006777212932744144,-0.007230181701335936,-0.0029253143972601536,0.0008198651839995508,0.02
scenario_0112,/home/simon/davide_fr3_ws/src/cbf_safety_filter/data/rollouts/fullpool_candidates_seed20260520_n1500/scenario_0112_offline_rollout.npz,/home/simon/davide_fr3_ws/src/cbf_safety_filter/config/generated_scenarios_fullpool_candidates/scenario_0112.yaml,bad_goal,final_dist_to_goal_above_tol,3000,True,0,0.015148384778993364,0.04723181511511225,-0.0030040433679396454,-0.4783756772370329,-0.01098720858064045,0.02271951310393735,0.02
scenario_0113,/home/simon/davide_fr3_ws/src/cbf_safety_filter/data/rollouts/fullpool_candidates_seed20260520_n1500/scenario_0113_offline_rollout.npz,/home/simon/davide_fr3_ws/src/cbf_safety_filter/config/generated_scenarios_fullpool_candidates/scenario_0113.yaml,good,ok,3000,True,0,0.044844039626561916,0.08981276422489994,0.028009123214399773,0.05714878639028797,0.06907697573595245,6.563089451869802e-08,0.02
scenario_0114,/home/simon/davide_fr3_ws/src/cbf_safety_filter/data/rollouts/fullpool_candidates_seed20260520_n1500/scenario_0114_offline_rollout.npz,/home/simon/davide_fr3_ws/src/cbf_safety_filter/config/generated_scenarios_fullpool_candidates/scenario_0114.yaml,bad_safety,final_min_h_negative,3000,True,0,-0.0007661412823848426,-0.001266364911378398,-0.001280456755114786,-0.03844490358155778,-0.004282330405788709,0.13468904424228856,0.02
scenario_0115,/home/simon/davide_fr3_ws/src/cbf_safety_filter/data/rollouts/fullpool_candidates_seed20260520_n1500/scenario_0115_offline_rollout.npz,/home/simon/davide_fr3_ws/src/cbf_safety_filter/config/generated_scenarios_fullpool_candidates/scenario_0115.yaml,good,ok,3000,True,0,0.009318900643795414,0.012220681040491038,-0.008517274693543447,-0.15662116751583816,-0.03064234634905709,0.0011074757135838315,0.02
scenario_0116,/home/simon/davide_fr3_ws/src/cbf_safety_filter/data/rollouts/fullpool_candidates_seed20260520_n1500/scenario_0116_offline_rollout.npz,/home/simon/davide_fr3_ws/src/cbf_safety_filter/config/generated_scenarios_fullpool_candidates/scenario_0116.yaml,good,ok,3000,True,0,0.03791459149557978,0.07610665590984587,0.00869447247134516,-0.15837983333758243,0.038114508868662245,0.0019368076772136682,0.02
scenario_0117,/home/simon/davide_fr3_ws/src/cbf_safety_filter/data/rollouts/fullpool_candidates_seed20260520_n1500/scenario_0117_offline_rollout.npz,/home/simon/davide_fr3_ws/src/cbf_safety_filter/config/generated_scenarios_fullpool_candidates/scenario_0117.yaml,good,ok,3000,True,0,0.003301561836038358,0.0071986929874988965,-9.39868496982535e-05,-0.00115163939619305,-0.0003264866176605208,5.90579613754134e-07,0.02
scenario_0118,/home/simon/davide_fr3_ws/src/cbf_safety_filter/data/rollouts/fullpool_candidates_seed20260520_n1500/scenario_0118_offline_rollout.npz,/home/simon/davide_fr3_ws/src/cbf_safety_filter/config/generated_scenarios_fullpool_candidates/scenario_0118.yaml,bad_safety,final_min_h_negative,3000,True,0,-5.2320383092836764e-05,-7.511670397328574e-05,-0.0005219015870627092,-0.07384379803132933,-0.001756989962486577,0.001314996121531952,0.02
scenario_0119,/home/simon/davide_fr3_ws/src/cbf_safety_filter/data/rollouts/fullpool_candidates_seed20260520_n1500/scenario_0119_offline_rollout.npz,/home/simon/davide_fr3_ws/src/cbf_safety_filter/config/generated_scenarios_fullpool_candidates/scenario_0119.yaml,good,ok,3000,True,0,0.0024868195290134246,0.004268631507296942,0.00032118757218973365,5.5571075217532534e-05,0.0008041668036668781,7.757709845108294e-07,0.02
scenario_0120,/home/simon/davide_fr3_ws/src/cbf_safety_filter/data/rollouts/fullpool_candidates_seed20260520_n1500/scenario_0120_offline_rollout.npz,/home/simon/davide_fr3_ws/src/cbf_safety_filter/config/generated_scenarios_fullpool_candidates/scenario_0120.yaml,good,ok,3000,True,0,0.0659095611980273,0.1352020494548866,0.04072190545083335,-0.02454260677161149,0.1189367828018634,0.0012697137824153235,0.02
scenario_0121,/home/simon/davide_fr3_ws/src/cbf_safety_filter/data/rollouts/fullpool_candidates_seed20260520_n1500/scenario_0121_offline_rollout.npz,/home/simon/davide_fr3_ws/src/cbf_safety_filter/config/generated_scenarios_fullpool_candidates/scenario_0121.yaml,bad_safety,final_min_psi_negative,3000,True,0,0.01395537387409243,-0.009502390594186574,0.004029532743220002,-0.15421350172914164,0.014793080415526988,0.016024289538116642,0.02
scenario_0122,/home/simon/davide_fr3_ws/src/cbf_safety_filter/data/rollouts/fullpool_candidates_seed20260520_n1500/scenario_0122_offline_rollout.npz,/home/simon/davide_fr3_ws/src/cbf_safety_filter/config/generated_scenarios_fullpool_candidates/scenario_0122.yaml,good,ok,3000,True,0,0.035292269713447566,0.07244329502389033,0.03286707764699325,0.06251308420371893,0.07051309630167749,7.866558375208197e-05,0.02
scenario_0123,/home/simon/davide_fr3_ws/src/cbf_safety_filter/data/rollouts/fullpool_candidates_seed20260520_n1500/scenario_0123_offline_rollout.npz,/home/simon/davide_fr3_ws/src/cbf_safety_filter/config/generated_scenarios_fullpool_candidates/scenario_0123.yaml,good,ok,3000,True,0,0.01210330550067526,0.021352354433705818,-0.0022131977256168427,-0.032123127700230264,-0.013120746504076311,4.687310961624132e-05,0.02
scenario_0124,/home/simon/davide_fr3_ws/src/cbf_safety_filter/data/rollouts/fullpool_candidates_seed20260520_n1500/scenario_0124_offline_rollout.npz,/home/simon/davide_fr3_ws/src/cbf_safety_filter/config/generated_scenarios_fullpool_candidates/scenario_0124.yaml,good,ok,3000,True,0,0.0034263253832750307,0.00022599944355383011,-0.0007527767517553421,-0.02003061592984734,-0.0021654254405197026,0.014631205232078816,0.02
scenario_0125,/home/simon/davide_fr3_ws/src/cbf_safety_filter/data/rollouts/fullpool_candidates_seed20260520_n1500/scenario_0125_offline_rollout.npz,/home/simon/davide_fr3_ws/src/cbf_safety_filter/config/generated_scenarios_fullpool_candidates/scenario_0125.yaml,good,ok,3000,True,0,0.058427764771158096,0.11950941069818762,0.012746543677780699,0.025468860187060353,0.040389616769576475,6.012745888490262e-07,0.02
scenario_0126,/home/simon/davide_fr3_ws/src/cbf_safety_filter/data/rollouts/fullpool_candidates_seed20260520_n1500/scenario_0126_offline_rollout.npz,/home/simon/davide_fr3_ws/src/cbf_safety_filter/config/generated_scenarios_fullpool_candidates/scenario_0126.yaml,bad_safety,final_min_h_negative,3000,True,0,-0.0006919131535068485,-0.0013220032307195758,-0.011803636732505061,-0.06470228053330886,-0.04578300481764758,0.4084207614842817,0.02
scenario_0127,/home/simon/davide_fr3_ws/src/cbf_safety_filter/data/rollouts/fullpool_candidates_seed20260520_n1500/scenario_0127_offline_rollout.npz,/home/simon/davide_fr3_ws/src/cbf_safety_filter/config/generated_scenarios_fullpool_candidates/scenario_0127.yaml,good,ok,3000,True,0,0.008285349820785503,0.015777128990389896,0.00021551352770804097,-0.06799376966850676,0.0006729058991206682,5.855400180225993e-06,0.02
scenario_0128,/home/simon/davide_fr3_ws/src/cbf_safety_filter/data/rollouts/fullpool_candidates_seed20260520_n1500/scenario_0128_offline_rollout.npz,/home/simon/davide_fr3_ws/src/cbf_safety_filter/config/generated_scenarios_fullpool_candidates/scenario_0128.yaml,good,ok,3000,True,0,0.0041175834936600965,0.0011456462644241537,-0.0001998874161407843,-0.004050130074615993,-0.0007320060224899338,0.0007731345913132087,0.02
scenario_0129,/home/simon/davide_fr3_ws/src/cbf_safety_filter/data/rollouts/fullpool_candidates_seed20260520_n1500/scenario_0129_offline_rollout.npz,/home/simon/davide_fr3_ws/src/cbf_safety_filter/config/generated_scenarios_fullpool_candidates/scenario_0129.yaml,good,ok,3000,True,0,0.01849241291655606,0.05464516030780527,-0.006734638351745613,-0.033467457875017294,-0.023614979266529196,0.00042919296353141525,0.02
scenario_0130,/home/simon/davide_fr3_ws/src/cbf_safety_filter/data/rollouts/fullpool_candidates_seed20260520_n1500/scenario_0130_offline_rollout.npz,/home/simon/davide_fr3_ws/src/cbf_safety_filter/config/generated_scenarios_fullpool_candidates/scenario_0130.yaml,bad_safety,final_min_psi_negative,3000,True,0,0.0062310805084679725,-0.004271563086469102,-0.004347752532571941,-0.2353268634983179,-0.011467637594932523,0.00045369013361886177,0.02
scenario_0131,/home/simon/davide_fr3_ws/src/cbf_safety_filter/data/rollouts/fullpool_candidates_seed20260520_n1500/scenario_0131_offline_rollout.npz,/home/simon/davide_fr3_ws/src/cbf_safety_filter/config/generated_scenarios_fullpool_candidates/scenario_0131.yaml,good,ok,3000,True,0,0.01698267013691251,0.033841854848936995,0.016356936021380924,-0.06515818183869104,0.06638713508911442,0.004984322172156597,0.02
scenario_0132,/home/simon/davide_fr3_ws/src/cbf_safety_filter/data/rollouts/fullpool_candidates_seed20260520_n1500/scenario_0132_offline_rollout.npz,/home/simon/davide_fr3_ws/src/cbf_safety_filter/config/generated_scenarios_fullpool_candidates/scenario_0132.yaml,good,ok,3000,True,0,0.048570699145297616,0.10570662233043811,0.016677611299694375,0.0072894797399412695,0.03913675827283697,0.000870083845777178,0.02
scenario_0133,/home/simon/davide_fr3_ws/src/cbf_safety_filter/data/rollouts/fullpool_candidates_seed20260520_n1500/scenario_0133_offline_rollout.npz,/home/simon/davide_fr3_ws/src/cbf_safety_filter/config/generated_scenarios_fullpool_candidates/scenario_0133.yaml,good,ok,3000,True,0,0.04429874907164718,0.08378099089158063,0.014878219492184538,-0.16125027448515472,0.04127403887059308,0.0008301318674030147,0.02
scenario_0134,/home/simon/davide_fr3_ws/src/cbf_safety_filter/data/rollouts/fullpool_candidates_seed20260520_n1500/scenario_0134_offline_rollout.npz,/home/simon/davide_fr3_ws/src/cbf_safety_filter/config/generated_scenarios_fullpool_candidates/scenario_0134.yaml,good,ok,3000,True,0,0.06492105273992774,0.14992352601719386,0.021687768477399984,0.02820552795915121,0.06385276572428936,0.002879257451025288,0.02
scenario_0135,/home/simon/davide_fr3_ws/src/cbf_safety_filter/data/rollouts/fullpool_candidates_seed20260520_n1500/scenario_0135_offline_rollout.npz,/home/simon/davide_fr3_ws/src/cbf_safety_filter/config/generated_scenarios_fullpool_candidates/scenario_0135.yaml,good,ok,3000,True,0,0.0035045644942360045,0.007130741470769041,-0.0008232195967708134,-0.008444940542643484,-0.0021881811135210927,5.024958608874162e-05,0.02
scenario_0136,/home/simon/davide_fr3_ws/src/cbf_safety_filter/data/rollouts/fullpool_candidates_seed20260520_n1500/scenario_0136_offline_rollout.npz,/home/simon/davide_fr3_ws/src/cbf_safety_filter/config/generated_scenarios_fullpool_candidates/scenario_0136.yaml,good,ok,3000,True,0,0.09003080210901489,0.1561586642744665,0.03338809434795807,-0.10138178107790369,0.0702275175783375,0.000967901294210965,0.02
scenario_0137,/home/simon/davide_fr3_ws/src/cbf_safety_filter/data/rollouts/fullpool_candidates_seed20260520_n1500/scenario_0137_offline_rollout.npz,/home/simon/davide_fr3_ws/src/cbf_safety_filter/config/generated_scenarios_fullpool_candidates/scenario_0137.yaml,good,ok,3000,True,0,0.018443003432888953,0.037695579805619626,0.00012965648044386408,-0.10296677712423949,0.00034323971103505935,0.000506877771430881,0.02
scenario_0138,/home/simon/davide_fr3_ws/src/cbf_safety_filter/data/rollouts/fullpool_candidates_seed20260520_n1500/scenario_0138_offline_rollout.npz,/home/simon/davide_fr3_ws/src/cbf_safety_filter/config/generated_scenarios_fullpool_candidates/scenario_0138.yaml,good,ok,3000,True,0,0.00028575974967256015,0.00035092365053572777,-0.0006364779727035426,-0.0021185333567778127,-0.0021690897257850006,0.0015342899066775034,0.02
scenario_0139,/home/simon/davide_fr3_ws/src/cbf_safety_filter/data/rollouts/fullpool_candidates_seed20260520_n1500/scenario_0139_offline_rollout.npz,/home/simon/davide_fr3_ws/src/cbf_safety_filter/config/generated_scenarios_fullpool_candidates/scenario_0139.yaml,bad_qp,final_qp_solved_false,3000,False,2893,0.0038099581972326994,-0.05113019733529792,0.0038099581972326994,-0.0590256361999026,0.016987841209626098,0.29580999317216244,0.02
scenario_0140,/home/simon/davide_fr3_ws/src/cbf_safety_filter/data/rollouts/fullpool_candidates_seed20260520_n1500/scenario_0140_offline_rollout.npz,/home/simon/davide_fr3_ws/src/cbf_safety_filter/config/generated_scenarios_fullpool_candidates/scenario_0140.yaml,good,ok,3000,True,0,0.0020867425364107482,0.01637898742327204,9.368728463933669e-05,2.229834428305852e-05,0.0004000310513144617,0.00017797792678004272,0.02
scenario_0141,/home/simon/davide_fr3_ws/src/cbf_safety_filter/data/rollouts/fullpool_candidates_seed20260520_n1500/scenario_0141_offline_rollout.npz,/home/simon/davide_fr3_ws/src/cbf_safety_filter/config/generated_scenarios_fullpool_candidates/scenario_0141.yaml,good,ok,3000,True,0,0.025429684460040864,0.06888751952717342,-0.0012542253289848544,-0.00508006191014915,-0.0044515789090436575,0.00020182202078132473,0.02
scenario_0142,/home/simon/davide_fr3_ws/src/cbf_safety_filter/data/rollouts/fullpool_candidates_seed20260520_n1500/scenario_0142_offline_rollout.npz,/home/simon/davide_fr3_ws/src/cbf_safety_filter/config/generated_scenarios_fullpool_candidates/scenario_0142.yaml,bad_safety,final_min_h_negative,3000,True,0,-1.6388125584632096e-06,-3.2051304971067046e-06,-0.003790982590172416,-0.0750029503598563,-0.009192318078334177,2.2048583115759186e-07,0.02
scenario_0143,/home/simon/davide_fr3_ws/src/cbf_safety_filter/data/rollouts/fullpool_candidates_seed20260520_n1500/scenario_0143_offline_rollout.npz,/home/simon/davide_fr3_ws/src/cbf_safety_filter/config/generated_scenarios_fullpool_candidates/scenario_0143.yaml,good,ok,3000,True,0,1.0074274793655386e-05,1.0185428347855082e-05,-4.4785392224171855e-05,-0.004042026736032336,-0.00014397854127415344,1.355634756398247e-05,0.02
scenario_0144,/home/simon/davide_fr3_ws/src/cbf_safety_filter/data/rollouts/fullpool_candidates_seed20260520_n1500/scenario_0144_offline_rollout.npz,/home/simon/davide_fr3_ws/src/cbf_safety_filter/config/generated_scenarios_fullpool_candidates/scenario_0144.yaml,good,ok,3000,True,0,0.02309046215243005,0.04608727876312541,0.02309046215243005,0.04608727876312541,0.07068181132763524,3.5523584144135986e-07,0.02
scenario_0145,/home/simon/davide_fr3_ws/src/cbf_safety_filter/data/rollouts/fullpool_candidates_seed20260520_n1500/scenario_0145_offline_rollout.npz,/home/simon/davide_fr3_ws/src/cbf_safety_filter/config/generated_scenarios_fullpool_candidates/scenario_0145.yaml,good,ok,3000,True,0,0.015825429201352513,0.045092044955395094,0.0005652151850108061,-0.035577737050074276,0.0015395106454685337,0.0004304211074718539,0.02
scenario_0146,/home/simon/davide_fr3_ws/src/cbf_safety_filter/data/rollouts/fullpool_candidates_seed20260520_n1500/scenario_0146_offline_rollout.npz,/home/simon/davide_fr3_ws/src/cbf_safety_filter/config/generated_scenarios_fullpool_candidates/scenario_0146.yaml,good,ok,3000,True,0,0.0014581501520556615,0.0006130212152841456,-0.002307011717392041,-0.04787625451111721,-0.009817815429758348,0.00042666918232217934,0.02
scenario_0147,/home/simon/davide_fr3_ws/src/cbf_safety_filter/data/rollouts/fullpool_candidates_seed20260520_n1500/scenario_0147_offline_rollout.npz,/home/simon/davide_fr3_ws/src/cbf_safety_filter/config/generated_scenarios_fullpool_candidates/scenario_0147.yaml,good,ok,3000,True,0,0.009694993487494044,0.030826215080836376,0.004462325094759989,-0.1512038471939013,0.022081778602768387,0.00023943011284506638,0.02
scenario_0148,/home/simon/davide_fr3_ws/src/cbf_safety_filter/data/rollouts/fullpool_candidates_seed20260520_n1500/scenario_0148_offline_rollout.npz,/home/simon/davide_fr3_ws/src/cbf_safety_filter/config/generated_scenarios_fullpool_candidates/scenario_0148.yaml,bad_qp,final_qp_solved_false,3000,False,2933,0.004099540801190219,0.011055618840551784,0.002123474040572353,-0.14233947966514662,0.011111196415492741,0.5632058738840788,0.02
scenario_0149,/home/simon/davide_fr3_ws/src/cbf_safety_filter/data/rollouts/fullpool_candidates_seed20260520_n1500/scenario_0149_offline_rollout.npz,/home/simon/davide_fr3_ws/src/cbf_safety_filter/config/generated_scenarios_fullpool_candidates/scenario_0149.yaml,good,ok,3000,True,0,0.050974017074030396,0.1330043371123307,0.012607109245682032,-0.0016048341986528714,0.033865874153393954,0.00235088552732407,0.02
scenario_0150,/home/simon/davide_fr3_ws/src/cbf_safety_filter/data/rollouts/fullpool_candidates_seed20260520_n1500/scenario_0150_offline_rollout.npz,/home/simon/davide_fr3_ws/src/cbf_safety_filter/config/generated_scenarios_fullpool_candidates/scenario_0150.yaml,good,ok,3000,True,0,0.022078393005705958,0.04886211313330379,0.005033456198784397,-0.053537095247459004,0.013150741849542957,0.0006524474994523073,0.02
scenario_0151,/home/simon/davide_fr3_ws/src/cbf_safety_filter/data/rollouts/fullpool_candidates_seed20260520_n1500/scenario_0151_offline_rollout.npz,/home/simon/davide_fr3_ws/src/cbf_safety_filter/config/generated_scenarios_fullpool_candidates/scenario_0151.yaml,good,ok,3000,True,0,0.015251728965900546,0.021799799198887596,0.00010817579526983118,-0.0006102278715358856,0.0003058354836637245,0.00010940456489373372,0.02
scenario_0152,/home/simon/davide_fr3_ws/src/cbf_safety_filter/data/rollouts/fullpool_candidates_seed20260520_n1500/scenario_0152_offline_rollout.npz,/home/simon/davide_fr3_ws/src/cbf_safety_filter/config/generated_scenarios_fullpool_candidates/scenario_0152.yaml,good,ok,3000,True,0,0.08968081833335355,0.1787233692993473,0.020380736133479405,0.04376170968733579,0.050620246521530826,5.926456979929516e-07,0.02
scenario_0153,/home/simon/davide_fr3_ws/src/cbf_safety_filter/data/rollouts/fullpool_candidates_seed20260520_n1500/scenario_0153_offline_rollout.npz,/home/simon/davide_fr3_ws/src/cbf_safety_filter/config/generated_scenarios_fullpool_candidates/scenario_0153.yaml,good,ok,3000,True,0,0.02427806611361792,0.049071222963106446,0.00037765863192062293,-0.03326988118291757,0.0011162886464367028,0.0013174754905803303,0.02
scenario_0154,/home/simon/davide_fr3_ws/src/cbf_safety_filter/data/rollouts/fullpool_candidates_seed20260520_n1500/scenario_0154_offline_rollout.npz,/home/simon/davide_fr3_ws/src/cbf_safety_filter/config/generated_scenarios_fullpool_candidates/scenario_0154.yaml,good,ok,3000,True,0,0.03137808918762085,0.06285756230804529,0.029638020942930863,0.06019380209672114,0.0726851727867655,7.470956222885655e-07,0.02
scenario_0155,/home/simon/davide_fr3_ws/src/cbf_safety_filter/data/rollouts/fullpool_candidates_seed20260520_n1500/scenario_0155_offline_rollout.npz,/home/simon/davide_fr3_ws/src/cbf_safety_filter/config/generated_scenarios_fullpool_candidates/scenario_0155.yaml,good,ok,3000,True,0,6.546883468348114e-05,7.67015185400093e-06,6.546883468348114e-05,7.67015185400093e-06,0.00017422385711154953,4.6951982493700105e-06,0.02
scenario_0156,/home/simon/davide_fr3_ws/src/cbf_safety_filter/data/rollouts/fullpool_candidates_seed20260520_n1500/scenario_0156_offline_rollout.npz,/home/simon/davide_fr3_ws/src/cbf_safety_filter/config/generated_scenarios_fullpool_candidates/scenario_0156.yaml,good,ok,3000,True,0,0.00048527548892478983,0.00014273931442405647,-0.0014288952770724547,-0.004326755418001326,-0.004438087933763074,0.004109968293444457,0.02
scenario_0157,/home/simon/davide_fr3_ws/src/cbf_safety_filter/data/rollouts/fullpool_candidates_seed20260520_n1500/scenario_0157_offline_rollout.npz,/home/simon/davide_fr3_ws/src/cbf_safety_filter/config/generated_scenarios_fullpool_candidates/scenario_0157.yaml,bad_safety,final_min_psi_negative,3000,True,0,0.0005312111941918052,-4.66791794405065e-05,-8.402512684255528e-06,-0.17969002085344316,-4.067844830790701e-05,7.866491708543535e-06,0.02
scenario_0158,/home/simon/davide_fr3_ws/src/cbf_safety_filter/data/rollouts/fullpool_candidates_seed20260520_n1500/scenario_0158_offline_rollout.npz,/home/simon/davide_fr3_ws/src/cbf_safety_filter/config/generated_scenarios_fullpool_candidates/scenario_0158.yaml,good,ok,3000,True,0,0.03947941142615128,0.07877228948277025,0.00023288617096752645,-0.0010791944174844727,0.0007408714301388175,0.00020289481011243318,0.02
scenario_0159,/home/simon/davide_fr3_ws/src/cbf_safety_filter/data/rollouts/fullpool_candidates_seed20260520_n1500/scenario_0159_offline_rollout.npz,/home/simon/davide_fr3_ws/src/cbf_safety_filter/config/generated_scenarios_fullpool_candidates/scenario_0159.yaml,good,ok,3000,True,0,0.027546998786835003,0.05584793476153361,0.012638613609231214,-0.002808897064140947,0.03445157265576368,0.001930141988352963,0.02
scenario_0160,/home/simon/davide_fr3_ws/src/cbf_safety_filter/data/rollouts/fullpool_candidates_seed20260520_n1500/scenario_0160_offline_rollout.npz,/home/simon/davide_fr3_ws/src/cbf_safety_filter/config/generated_scenarios_fullpool_candidates/scenario_0160.yaml,good,ok,3000,True,0,0.0013698113934123568,0.0004784867656610226,-0.001696766848209269,-0.19667200678590102,-0.00532783404515752,1.6376879989540374e-05,0.02
scenario_0161,/home/simon/davide_fr3_ws/src/cbf_safety_filter/data/rollouts/fullpool_candidates_seed20260520_n1500/scenario_0161_offline_rollout.npz,/home/simon/davide_fr3_ws/src/cbf_safety_filter/config/generated_scenarios_fullpool_candidates/scenario_0161.yaml,good,ok,3000,True,0,0.08748837109084427,0.1957821814754022,0.02521212895725653,0.01285052941215492,0.08031511600396489,0.0008403873933012039,0.02
scenario_0162,/home/simon/davide_fr3_ws/src/cbf_safety_filter/data/rollouts/fullpool_candidates_seed20260520_n1500/scenario_0162_offline_rollout.npz,/home/simon/davide_fr3_ws/src/cbf_safety_filter/config/generated_scenarios_fullpool_candidates/scenario_0162.yaml,good,ok,3000,True,0,0.0614635312847504,0.14294758462622764,0.024748913335164182,-0.0061295409554628505,0.06378785566108724,0.005940814125381177,0.02
scenario_0163,/home/simon/davide_fr3_ws/src/cbf_safety_filter/data/rollouts/fullpool_candidates_seed20260520_n1500/scenario_0163_offline_rollout.npz,/home/simon/davide_fr3_ws/src/cbf_safety_filter/config/generated_scenarios_fullpool_candidates/scenario_0163.yaml,bad_safety,final_min_psi_negative,3000,True,0,0.02097514310091174,-0.02134383231446685,0.006795291967651551,-0.026985768212570233,0.015996578847430276,0.0009452307679780292,0.02
scenario_0164,/home/simon/davide_fr3_ws/src/cbf_safety_filter/data/rollouts/fullpool_candidates_seed20260520_n1500/scenario_0164_offline_rollout.npz,/home/simon/davide_fr3_ws/src/cbf_safety_filter/config/generated_scenarios_fullpool_candidates/scenario_0164.yaml,bad_safety,final_min_psi_negative,3000,True,0,0.017610190190993018,-0.02489611611538474,0.005733510518091988,-0.13939941473868048,0.02227852565117197,0.0015883167406524471,0.02
scenario_0165,/home/simon/davide_fr3_ws/src/cbf_safety_filter/data/rollouts/fullpool_candidates_seed20260520_n1500/scenario_0165_offline_rollout.npz,/home/simon/davide_fr3_ws/src/cbf_safety_filter/config/generated_scenarios_fullpool_candidates/scenario_0165.yaml,good,ok,3000,True,0,0.009978962056092913,0.020151408359349095,0.0008280032621221338,-0.014339020196352442,0.002517359567795835,0.00010775607774313428,0.02
scenario_0166,/home/simon/davide_fr3_ws/src/cbf_safety_filter/data/rollouts/fullpool_candidates_seed20260520_n1500/scenario_0166_offline_rollout.npz,/home/simon/davide_fr3_ws/src/cbf_safety_filter/config/generated_scenarios_fullpool_candidates/scenario_0166.yaml,good,ok,3000,True,0,0.045028782850051734,0.06888705577814226,0.004170844518372411,0.0019648751498285814,0.014780754707040766,0.0008244139368949481,0.02
scenario_0167,/home/simon/davide_fr3_ws/src/cbf_safety_filter/data/rollouts/fullpool_candidates_seed20260520_n1500/scenario_0167_offline_rollout.npz,/home/simon/davide_fr3_ws/src/cbf_safety_filter/config/generated_scenarios_fullpool_candidates/scenario_0167.yaml,bad_qp,final_qp_solved_false,3000,False,2893,-0.0005216870384710344,-0.011263892242328195,-0.0005216870384710344,-0.029488427463450914,-0.0029464936861876567,0.2114366988239449,0.02
scenario_0168,/home/simon/davide_fr3_ws/src/cbf_safety_filter/data/rollouts/fullpool_candidates_seed20260520_n1500/scenario_0168_offline_rollout.npz,/home/simon/davide_fr3_ws/src/cbf_safety_filter/config/generated_scenarios_fullpool_candidates/scenario_0168.yaml,bad_safety,final_min_psi_negative,3000,True,0,0.019709800166983395,-0.0191857281679019,0.00625399444552904,-0.11792833366694161,0.029808156840546718,0.0030973628110561703,0.02
scenario_0169,/home/simon/davide_fr3_ws/src/cbf_safety_filter/data/rollouts/fullpool_candidates_seed20260520_n1500/scenario_0169_offline_rollout.npz,/home/simon/davide_fr3_ws/src/cbf_safety_filter/config/generated_scenarios_fullpool_candidates/scenario_0169.yaml,bad_safety,final_min_h_negative,3000,True,0,-0.00010821121215857238,-0.00021599781830561841,-0.0003946052187852947,-0.06086287457909384,-0.001082541341744736,4.906103519826084e-06,0.02
scenario_0170,/home/simon/davide_fr3_ws/src/cbf_safety_filter/data/rollouts/fullpool_candidates_seed20260520_n1500/scenario_0170_offline_rollout.npz,/home/simon/davide_fr3_ws/src/cbf_safety_filter/config/generated_scenarios_fullpool_candidates/scenario_0170.yaml,good,ok,3000,True,0,0.015197293559618921,0.03804535341795458,0.0015616077373730441,-0.001518990220171025,0.004465998253117581,0.0006600996477312302,0.02
scenario_0171,/home/simon/davide_fr3_ws/src/cbf_safety_filter/data/rollouts/fullpool_candidates_seed20260520_n1500/scenario_0171_offline_rollout.npz,/home/simon/davide_fr3_ws/src/cbf_safety_filter/config/generated_scenarios_fullpool_candidates/scenario_0171.yaml,bad_safety,final_min_psi_negative,3000,True,0,0.002274699673706363,-0.001136264258249876,-0.002522405413665039,-0.2301782023363531,-0.015316704770511363,7.257343291232561e-05,0.02
scenario_0172,/home/simon/davide_fr3_ws/src/cbf_safety_filter/data/rollouts/fullpool_candidates_seed20260520_n1500/scenario_0172_offline_rollout.npz,/home/simon/davide_fr3_ws/src/cbf_safety_filter/config/generated_scenarios_fullpool_candidates/scenario_0172.yaml,good,ok,3000,True,0,0.010525465712139873,0.020686313608552647,0.00019909856303847867,-0.00015635389952428635,0.000603688103620964,2.42283459300765e-05,0.02
scenario_0173,/home/simon/davide_fr3_ws/src/cbf_safety_filter/data/rollouts/fullpool_candidates_seed20260520_n1500/scenario_0173_offline_rollout.npz,/home/simon/davide_fr3_ws/src/cbf_safety_filter/config/generated_scenarios_fullpool_candidates/scenario_0173.yaml,good,ok,3000,True,0,9.951246416479292e-05,0.00017587442436956528,-0.002504132688848179,-0.009615953424493348,-0.014319072556728513,3.311374775048652e-06,0.02
scenario_0174,/home/simon/davide_fr3_ws/src/cbf_safety_filter/data/rollouts/fullpool_candidates_seed20260520_n1500/scenario_0174_offline_rollout.npz,/home/simon/davide_fr3_ws/src/cbf_safety_filter/config/generated_scenarios_fullpool_candidates/scenario_0174.yaml,good,ok,3000,True,0,0.057114811854562846,0.09144145270705732,0.02059805701667592,-0.04274582606927818,0.046339868755539304,0.0005717294353419472,0.02
scenario_0175,/home/simon/davide_fr3_ws/src/cbf_safety_filter/data/rollouts/fullpool_candidates_seed20260520_n1500/scenario_0175_offline_rollout.npz,/home/simon/davide_fr3_ws/src/cbf_safety_filter/config/generated_scenarios_fullpool_candidates/scenario_0175.yaml,good,ok,3000,True,0,0.019820047952957172,0.03518971165580437,0.019688434182615552,-0.15399699062142702,0.05983608389728973,0.0029297680701978624,0.02
scenario_0176,/home/simon/davide_fr3_ws/src/cbf_safety_filter/data/rollouts/fullpool_candidates_seed20260520_n1500/scenario_0176_offline_rollout.npz,/home/simon/davide_fr3_ws/src/cbf_safety_filter/config/generated_scenarios_fullpool_candidates/scenario_0176.yaml,good,ok,3000,True,0,0.029702648015517114,0.06274818774905798,0.018774100122890665,0.025327847735129347,0.05787015383130936,5.282535035562714e-05,0.02
scenario_0177,/home/simon/davide_fr3_ws/src/cbf_safety_filter/data/rollouts/fullpool_candidates_seed20260520_n1500/scenario_0177_offline_rollout.npz,/home/simon/davide_fr3_ws/src/cbf_safety_filter/config/generated_scenarios_fullpool_candidates/scenario_0177.yaml,good,ok,3000,True,0,0.0341081964791469,0.07354430754386734,0.0007130960116847364,-0.057487809100861376,0.0030753421432971884,0.003445276522125496,0.02
scenario_0178,/home/simon/davide_fr3_ws/src/cbf_safety_filter/data/rollouts/fullpool_candidates_seed20260520_n1500/scenario_0178_offline_rollout.npz,/home/simon/davide_fr3_ws/src/cbf_safety_filter/config/generated_scenarios_fullpool_candidates/scenario_0178.yaml,good,ok,3000,True,0,0.039251257074290856,0.044998547079919474,0.010304891293824192,-0.40035062782150066,0.044031979392599424,0.0019429532045140893,0.02
scenario_0179,/home/simon/davide_fr3_ws/src/cbf_safety_filter/data/rollouts/fullpool_candidates_seed20260520_n1500/scenario_0179_offline_rollout.npz,/home/simon/davide_fr3_ws/src/cbf_safety_filter/config/generated_scenarios_fullpool_candidates/scenario_0179.yaml,good,ok,3000,True,0,0.03698257060609077,0.08798645037815966,0.004416765511957011,-0.16762208832637385,0.02187835139988885,0.0014830662726532714,0.02
scenario_0180,/home/simon/davide_fr3_ws/src/cbf_safety_filter/data/rollouts/fullpool_candidates_seed20260520_n1500/scenario_0180_offline_rollout.npz,/home/simon/davide_fr3_ws/src/cbf_safety_filter/config/generated_scenarios_fullpool_candidates/scenario_0180.yaml,good,ok,3000,True,0,0.0030782641218028133,0.004565078077948871,-0.00292950513220247,-0.021882128134722154,-0.00979759729590407,1.0919451512505082e-06,0.02
scenario_0181,/home/simon/davide_fr3_ws/src/cbf_safety_filter/data/rollouts/fullpool_candidates_seed20260520_n1500/scenario_0181_offline_rollout.npz,/home/simon/davide_fr3_ws/src/cbf_safety_filter/config/generated_scenarios_fullpool_candidates/scenario_0181.yaml,good,ok,3000,True,0,0.00576879687792959,0.06227570277653785,-0.003855607082788169,-0.03677944838059477,-0.010317879478436764,0.007090953251466306,0.02
scenario_0182,/home/simon/davide_fr3_ws/src/cbf_safety_filter/data/rollouts/fullpool_candidates_seed20260520_n1500/scenario_0182_offline_rollout.npz,/home/simon/davide_fr3_ws/src/cbf_safety_filter/config/generated_scenarios_fullpool_candidates/scenario_0182.yaml,good,ok,3000,True,0,0.0377684021062057,0.08532230860797771,-0.012884133227511215,-0.30928590642499276,-0.04800423432595613,0.00024504369932156644,0.02
scenario_0183,/home/simon/davide_fr3_ws/src/cbf_safety_filter/data/rollouts/fullpool_candidates_seed20260520_n1500/scenario_0183_offline_rollout.npz,/home/simon/davide_fr3_ws/src/cbf_safety_filter/config/generated_scenarios_fullpool_candidates/scenario_0183.yaml,good,ok,3000,True,0,0.046927691375716146,0.10237878366288283,0.008697250492638952,-0.1569014456215041,0.038124943164829006,0.000267525935629624,0.02
scenario_0184,/home/simon/davide_fr3_ws/src/cbf_safety_filter/data/rollouts/fullpool_candidates_seed20260520_n1500/scenario_0184_offline_rollout.npz,/home/simon/davide_fr3_ws/src/cbf_safety_filter/config/generated_scenarios_fullpool_candidates/scenario_0184.yaml,good,ok,3000,True,0,0.02911110518766255,0.057418353520042716,0.02062990408134109,0.04678869842289852,0.053684376030030956,6.383605058114435e-05,0.02
scenario_0185,/home/simon/davide_fr3_ws/src/cbf_safety_filter/data/rollouts/fullpool_candidates_seed20260520_n1500/scenario_0185_offline_rollout.npz,/home/simon/davide_fr3_ws/src/cbf_safety_filter/config/generated_scenarios_fullpool_candidates/scenario_0185.yaml,good,ok,3000,True,0,0.015602285217779246,0.03151574855871543,0.0007144153264613748,-0.03316194697913874,0.001707869677451318,0.00017313109751894394,0.02
scenario_0186,/home/simon/davide_fr3_ws/src/cbf_safety_filter/data/rollouts/fullpool_candidates_seed20260520_n1500/scenario_0186_offline_rollout.npz,/home/simon/davide_fr3_ws/src/cbf_safety_filter/config/generated_scenarios_fullpool_candidates/scenario_0186.yaml,good,ok,3000,True,0,0.041217423785699245,0.0857734578989757,-0.0003127200963827896,-0.07475302549805074,-0.0012178419981208333,0.0016423677459636264,0.02
scenario_0187,/home/simon/davide_fr3_ws/src/cbf_safety_filter/data/rollouts/fullpool_candidates_seed20260520_n1500/scenario_0187_offline_rollout.npz,/home/simon/davide_fr3_ws/src/cbf_safety_filter/config/generated_scenarios_fullpool_candidates/scenario_0187.yaml,good,ok,3000,True,0,0.05795032121713562,0.11272101557284052,0.0008551691363725203,-0.028072678641339166,0.002700247765532654,0.00126193946625824,0.02
scenario_0188,/home/simon/davide_fr3_ws/src/cbf_safety_filter/data/rollouts/fullpool_candidates_seed20260520_n1500/scenario_0188_offline_rollout.npz,/home/simon/davide_fr3_ws/src/cbf_safety_filter/config/generated_scenarios_fullpool_candidates/scenario_0188.yaml,bad_safety,final_min_psi_negative,3000,True,0,0.06745862526881734,-0.015476550050111448,-0.0038992166763173394,-0.15642663853612693,-0.011204800176244173,0.0005918925336271,0.02
scenario_0189,/home/simon/davide_fr3_ws/src/cbf_safety_filter/data/rollouts/fullpool_candidates_seed20260520_n1500/scenario_0189_offline_rollout.npz,/home/simon/davide_fr3_ws/src/cbf_safety_filter/config/generated_scenarios_fullpool_candidates/scenario_0189.yaml,good,ok,3000,True,0,0.018511486537717087,0.035437415103120165,0.004147168506245323,-0.01714596202143251,0.011345160474460908,0.0001731734200635205,0.02
scenario_0190,/home/simon/davide_fr3_ws/src/cbf_safety_filter/data/rollouts/fullpool_candidates_seed20260520_n1500/scenario_0190_offline_rollout.npz,/home/simon/davide_fr3_ws/src/cbf_safety_filter/config/generated_scenarios_fullpool_candidates/scenario_0190.yaml,bad_qp,final_qp_solved_false,3000,False,2898,0.019481364609474645,0.013432228385593492,0.019481364609474645,-0.06138039385765892,0.049041602148668456,0.2711171744382844,0.02
scenario_0191,/home/simon/davide_fr3_ws/src/cbf_safety_filter/data/rollouts/fullpool_candidates_seed20260520_n1500/scenario_0191_offline_rollout.npz,/home/simon/davide_fr3_ws/src/cbf_safety_filter/config/generated_scenarios_fullpool_candidates/scenario_0191.yaml,good,ok,3000,True,0,0.0499772233456177,0.07640500716467591,-0.00041010877169547766,-0.28106549739793096,-0.0009572077746140273,0.0003111102328671642,0.02
scenario_0192,/home/simon/davide_fr3_ws/src/cbf_safety_filter/data/rollouts/fullpool_candidates_seed20260520_n1500/scenario_0192_offline_rollout.npz,/home/simon/davide_fr3_ws/src/cbf_safety_filter/config/generated_scenarios_fullpool_candidates/scenario_0192.yaml,good,ok,3000,True,0,0.012740394580710815,0.03966388461182875,0.00011483040370481763,-0.002818423561997959,0.0005264396370101149,0.000398686936534301,0.02
scenario_0193,/home/simon/davide_fr3_ws/src/cbf_safety_filter/data/rollouts/fullpool_candidates_seed20260520_n1500/scenario_0193_offline_rollout.npz,/home/simon/davide_fr3_ws/src/cbf_safety_filter/config/generated_scenarios_fullpool_candidates/scenario_0193.yaml,good,ok,3000,True,0,0.04111494599050428,0.07069980799664831,0.001849845850505353,-0.22134121099149529,0.005523194220133698,0.0021406995307477012,0.02
scenario_0194,/home/simon/davide_fr3_ws/src/cbf_safety_filter/data/rollouts/fullpool_candidates_seed20260520_n1500/scenario_0194_offline_rollout.npz,/home/simon/davide_fr3_ws/src/cbf_safety_filter/config/generated_scenarios_fullpool_candidates/scenario_0194.yaml,bad_qp,final_qp_solved_false,3000,False,2947,0.009851801814586371,0.018803193643456437,0.0069883774198405725,-0.0864677490629584,0.03283475656279282,0.6590875920007855,0.02
scenario_0195,/home/simon/davide_fr3_ws/src/cbf_safety_filter/data/rollouts/fullpool_candidates_seed20260520_n1500/scenario_0195_offline_rollout.npz,/home/simon/davide_fr3_ws/src/cbf_safety_filter/config/generated_scenarios_fullpool_candidates/scenario_0195.yaml,good,ok,3000,True,0,0.032612401857926646,0.06620107568972655,-0.0011284024241315846,-0.17531247328268973,-0.0045453424120833474,0.0001983973629161245,0.02
scenario_0196,/home/simon/davide_fr3_ws/src/cbf_safety_filter/data/rollouts/fullpool_candidates_seed20260520_n1500/scenario_0196_offline_rollout.npz,/home/simon/davide_fr3_ws/src/cbf_safety_filter/config/generated_scenarios_fullpool_candidates/scenario_0196.yaml,good,ok,3000,True,0,0.030953532488336495,0.06794799119170247,0.0018691974559035575,-0.1813398163151022,0.006612813665656636,0.0032741348058079106,0.02
scenario_0197,/home/simon/davide_fr3_ws/src/cbf_safety_filter/data/rollouts/fullpool_candidates_seed20260520_n1500/scenario_0197_offline_rollout.npz,/home/simon/davide_fr3_ws/src/cbf_safety_filter/config/generated_scenarios_fullpool_candidates/scenario_0197.yaml,good,ok,3000,True,0,0.003402227581089403,0.0008946133218065708,-0.0023029548975156966,-0.11105700572880017,-0.006905526417810753,0.00020304664364920785,0.02
scenario_0198,/home/simon/davide_fr3_ws/src/cbf_safety_filter/data/rollouts/fullpool_candidates_seed20260520_n1500/scenario_0198_offline_rollout.npz,/home/simon/davide_fr3_ws/src/cbf_safety_filter/config/generated_scenarios_fullpool_candidates/scenario_0198.yaml,good,ok,3000,True,0,0.015204473880761717,0.030804575570270127,1.3067149011447565e-07,-0.04898358919475898,5.068705709876387e-07,0.0003906093910343964,0.02
scenario_0199,/home/simon/davide_fr3_ws/src/cbf_safety_filter/data/rollouts/fullpool_candidates_seed20260520_n1500/scenario_0199_offline_rollout.npz,/home/simon/davide_fr3_ws/src/cbf_safety_filter/config/generated_scenarios_fullpool_candidates/scenario_0199.yaml,bad_qp,final_qp_solved_false,3000,False,2896,-0.0009920174865358997,-0.0025539194565537366,-0.0009920174865358997,-0.026619254124940817,-0.005691148071723218,0.24307110088409706,0.02
scenario_0200,/home/simon/davide_fr3_ws/src/cbf_safety_filter/data/rollouts/fullpool_candidates_seed20260520_n1500/scenario_0200_offline_rollout.npz,/home/simon/davide_fr3_ws/src/cbf_safety_filter/config/generated_scenarios_fullpool_candidates/scenario_0200.yaml,good,ok,3000,True,0,0.048342682853330834,0.0968546294794592,0.039504832259840326,-0.026552129097769384,0.10628937789630064,0.00047231818991981897,0.02
scenario_0201,/home/simon/davide_fr3_ws/src/cbf_safety_filter/data/rollouts/fullpool_candidates_seed20260520_n1500/scenario_0201_offline_rollout.npz,/home/simon/davide_fr3_ws/src/cbf_safety_filter/config/generated_scenarios_fullpool_candidates/scenario_0201.yaml,good,ok,3000,True,0,0.03946838184880577,0.07861577992642477,0.017420405697077868,-0.227338441742014,0.06762043443884247,0.0017740279414403144,0.02
scenario_0202,/home/simon/davide_fr3_ws/src/cbf_safety_filter/data/rollouts/fullpool_candidates_seed20260520_n1500/scenario_0202_offline_rollout.npz,/home/simon/davide_fr3_ws/src/cbf_safety_filter/config/generated_scenarios_fullpool_candidates/scenario_0202.yaml,good,ok,3000,True,0,0.0008173582594926052,8.886147471050309e-05,4.877701587125555e-05,-0.0013061825513245697,0.0001490061523160835,3.438840159017433e-05,0.02
scenario_0203,/home/simon/davide_fr3_ws/src/cbf_safety_filter/data/rollouts/fullpool_candidates_seed20260520_n1500/scenario_0203_offline_rollout.npz,/home/simon/davide_fr3_ws/src/cbf_safety_filter/config/generated_scenarios_fullpool_candidates/scenario_0203.yaml,bad_qp,final_qp_solved_false,3000,False,1523,0.029412285528767394,0.05167480220247728,-0.002865336092672817,-0.14424646548529813,-0.01764902276176787,0.020370777753627518,0.02
scenario_0204,/home/simon/davide_fr3_ws/src/cbf_safety_filter/data/rollouts/fullpool_candidates_seed20260520_n1500/scenario_0204_offline_rollout.npz,/home/simon/davide_fr3_ws/src/cbf_safety_filter/config/generated_scenarios_fullpool_candidates/scenario_0204.yaml,good,ok,3000,True,0,0.003579227047782872,0.009441147340678357,0.00011991357046300943,-0.0006834652245399208,0.0004248865927831136,0.00015965532314810458,0.02
scenario_0205,/home/simon/davide_fr3_ws/src/cbf_safety_filter/data/rollouts/fullpool_candidates_seed20260520_n1500/scenario_0205_offline_rollout.npz,/home/simon/davide_fr3_ws/src/cbf_safety_filter/config/generated_scenarios_fullpool_candidates/scenario_0205.yaml,good,ok,3000,True,0,0.04249315223246909,0.08396159665415291,0.002116211883634563,-0.12632590571121294,0.009124569626423315,0.0006388551330964767,0.02
scenario_0206,/home/simon/davide_fr3_ws/src/cbf_safety_filter/data/rollouts/fullpool_candidates_seed20260520_n1500/scenario_0206_offline_rollout.npz,/home/simon/davide_fr3_ws/src/cbf_safety_filter/config/generated_scenarios_fullpool_candidates/scenario_0206.yaml,good,ok,3000,True,0,0.03438884682197941,0.06848739167115932,0.002348360275176993,-0.02621650967702624,0.006228599836185705,0.0002734873122582653,0.02
scenario_0207,/home/simon/davide_fr3_ws/src/cbf_safety_filter/data/rollouts/fullpool_candidates_seed20260520_n1500/scenario_0207_offline_rollout.npz,/home/simon/davide_fr3_ws/src/cbf_safety_filter/config/generated_scenarios_fullpool_candidates/scenario_0207.yaml,good,ok,3000,True,0,0.003258584689113539,0.004663503972119147,4.081004113869885e-05,-0.0261508195164864,0.00011276209466198894,5.910507871479289e-05,0.02
scenario_0208,/home/simon/davide_fr3_ws/src/cbf_safety_filter/data/rollouts/fullpool_candidates_seed20260520_n1500/scenario_0208_offline_rollout.npz,/home/simon/davide_fr3_ws/src/cbf_safety_filter/config/generated_scenarios_fullpool_candidates/scenario_0208.yaml,good,ok,3000,True,0,0.024493794499975442,0.023976906257686594,0.002335396528903487,-0.12866729996138304,0.005581972179012157,0.0025847539309678917,0.02
scenario_0209,/home/simon/davide_fr3_ws/src/cbf_safety_filter/data/rollouts/fullpool_candidates_seed20260520_n1500/scenario_0209_offline_rollout.npz,/home/simon/davide_fr3_ws/src/cbf_safety_filter/config/generated_scenarios_fullpool_candidates/scenario_0209.yaml,good,ok,3000,True,0,0.015970724604239157,0.05395292102999264,-0.006294577771431678,-0.04544240068177077,-0.03278101841540346,0.014479151375691396,0.02
scenario_0210,/home/simon/davide_fr3_ws/src/cbf_safety_filter/data/rollouts/fullpool_candidates_seed20260520_n1500/scenario_0210_offline_rollout.npz,/home/simon/davide_fr3_ws/src/cbf_safety_filter/config/generated_scenarios_fullpool_candidates/scenario_0210.yaml,good,ok,3000,True,0,4.5125281278257656e-05,0.00010362881290015757,3.337068624556516e-07,1.5999414347222488e-07,9.394875558066396e-07,1.7907258027946113e-09,0.02
scenario_0211,/home/simon/davide_fr3_ws/src/cbf_safety_filter/data/rollouts/fullpool_candidates_seed20260520_n1500/scenario_0211_offline_rollout.npz,/home/simon/davide_fr3_ws/src/cbf_safety_filter/config/generated_scenarios_fullpool_candidates/scenario_0211.yaml,good,ok,3000,True,0,0.007397585491990807,0.009648284895644753,0.007397585491990807,0.009648284895644753,0.02822539070235844,6.919996188328061e-05,0.02
scenario_0212,/home/simon/davide_fr3_ws/src/cbf_safety_filter/data/rollouts/fullpool_candidates_seed20260520_n1500/scenario_0212_offline_rollout.npz,/home/simon/davide_fr3_ws/src/cbf_safety_filter/config/generated_scenarios_fullpool_candidates/scenario_0212.yaml,good,ok,3000,True,0,0.029567995402859478,0.053650734824423466,0.015887298626990422,-0.008698398230890428,0.04172866431190256,0.0008050218154849072,0.02
scenario_0213,/home/simon/davide_fr3_ws/src/cbf_safety_filter/data/rollouts/fullpool_candidates_seed20260520_n1500/scenario_0213_offline_rollout.npz,/home/simon/davide_fr3_ws/src/cbf_safety_filter/config/generated_scenarios_fullpool_candidates/scenario_0213.yaml,good,ok,3000,True,0,0.027130017030976592,0.054684729672696324,0.00022805973842828647,-0.06008663556246133,0.0006503906583423535,0.00022857624079756922,0.02
scenario_0214,/home/simon/davide_fr3_ws/src/cbf_safety_filter/data/rollouts/fullpool_candidates_seed20260520_n1500/scenario_0214_offline_rollout.npz,/home/simon/davide_fr3_ws/src/cbf_safety_filter/config/generated_scenarios_fullpool_candidates/scenario_0214.yaml,good,ok,3000,True,0,0.01920247517568798,0.03510310241213707,-8.668111594416217e-05,-0.02845492484700865,-0.00024365304142909272,3.7824457623448754e-05,0.02
scenario_0215,/home/simon/davide_fr3_ws/src/cbf_safety_filter/data/rollouts/fullpool_candidates_seed20260520_n1500/scenario_0215_offline_rollout.npz,/home/simon/davide_fr3_ws/src/cbf_safety_filter/config/generated_scenarios_fullpool_candidates/scenario_0215.yaml,good,ok,3000,True,0,0.0006223506675056209,0.00013365256707783082,-4.887604462256931e-05,-9.788925522169055e-05,-0.00015195504959500394,0.0003771012764144707,0.02
scenario_0216,/home/simon/davide_fr3_ws/src/cbf_safety_filter/data/rollouts/fullpool_candidates_seed20260520_n1500/scenario_0216_offline_rollout.npz,/home/simon/davide_fr3_ws/src/cbf_safety_filter/config/generated_scenarios_fullpool_candidates/scenario_0216.yaml,bad_goal,final_dist_to_goal_above_tol,3000,True,0,0.021295088545675217,0.044391,-0.0011875953671401833,-0.07580253486511612,-0.00685912778386423,0.02030262706879908,0.02
scenario_0217,/home/simon/davide_fr3_ws/src/cbf_safety_filter/data/rollouts/fullpool_candidates_seed20260520_n1500/scenario_0217_offline_rollout.npz,/home/simon/davide_fr3_ws/src/cbf_safety_filter/config/generated_scenarios_fullpool_candidates/scenario_0217.yaml,good,ok,3000,True,0,9.465242577562372e-06,1.9651442715516237e-05,3.2796204231522186e-08,5.3675680845700446e-08,8.639672488541805e-08,3.126719184011528e-09,0.02
scenario_0218,/home/simon/davide_fr3_ws/src/cbf_safety_filter/data/rollouts/fullpool_candidates_seed20260520_n1500/scenario_0218_offline_rollout.npz,/home/simon/davide_fr3_ws/src/cbf_safety_filter/config/generated_scenarios_fullpool_candidates/scenario_0218.yaml,bad_safety,final_min_psi_negative,3000,True,0,0.0055654238408605755,-0.0026868562189166015,-0.0033600236336460716,-0.011325257594990468,-0.015218793710358072,0.0013278460803611257,0.02
scenario_0219,/home/simon/davide_fr3_ws/src/cbf_safety_filter/data/rollouts/fullpool_candidates_seed20260520_n1500/scenario_0219_offline_rollout.npz,/home/simon/davide_fr3_ws/src/cbf_safety_filter/config/generated_scenarios_fullpool_candidates/scenario_0219.yaml,good,ok,3000,True,0,0.00076325147405025,0.0005062383722034616,-0.002930516137376507,-0.030850331676657183,-0.009569646185875053,5.982194015253048e-05,0.02
scenario_0220,/home/simon/davide_fr3_ws/src/cbf_safety_filter/data/rollouts/fullpool_candidates_seed20260520_n1500/scenario_0220_offline_rollout.npz,/home/simon/davide_fr3_ws/src/cbf_safety_filter/config/generated_scenarios_fullpool_candidates/scenario_0220.yaml,good,ok,3000,True,0,0.04616014994680677,0.09165686740144786,0.0015750486779060116,-0.2543863365911602,0.004098503284412608,0.000702829676302383,0.02
scenario_0221,/home/simon/davide_fr3_ws/src/cbf_safety_filter/data/rollouts/fullpool_candidates_seed20260520_n1500/scenario_0221_offline_rollout.npz,/home/simon/davide_fr3_ws/src/cbf_safety_filter/config/generated_scenarios_fullpool_candidates/scenario_0221.yaml,bad_safety,final_min_psi_negative,3000,True,0,0.00010868817167812225,-0.0002443472271983693,-0.00024364857021603667,-0.0009500496646399183,-0.0007168598303947948,0.02090986992491535,0.02
scenario_0222,/home/simon/davide_fr3_ws/src/cbf_safety_filter/data/rollouts/fullpool_candidates_seed20260520_n1500/scenario_0222_offline_rollout.npz,/home/simon/davide_fr3_ws/src/cbf_safety_filter/config/generated_scenarios_fullpool_candidates/scenario_0222.yaml,good,ok,3000,True,0,0.03283355925901853,0.0829405973553607,-0.0025238982303434285,-0.12628635413619665,-0.007353009048519793,0.0002692634026485165,0.02
scenario_0223,/home/simon/davide_fr3_ws/src/cbf_safety_filter/data/rollouts/fullpool_candidates_seed20260520_n1500/scenario_0223_offline_rollout.npz,/home/simon/davide_fr3_ws/src/cbf_safety_filter/config/generated_scenarios_fullpool_candidates/scenario_0223.yaml,bad_goal,final_dist_to_goal_above_tol,3000,True,0,0.02733947385949015,0.06744288480882125,0.017645736676401153,0.019156118123268003,0.040859866890301744,0.03567553431918952,0.02
scenario_0224,/home/simon/davide_fr3_ws/src/cbf_safety_filter/data/rollouts/fullpool_candidates_seed20260520_n1500/scenario_0224_offline_rollout.npz,/home/simon/davide_fr3_ws/src/cbf_safety_filter/config/generated_scenarios_fullpool_candidates/scenario_0224.yaml,bad_qp,final_qp_solved_false,3000,False,2938,0.011939135790022676,-0.03766520078493202,0.011939135790022676,-0.053919403827354245,0.03620206661106887,0.40320153356531396,0.02
scenario_0225,/home/simon/davide_fr3_ws/src/cbf_safety_filter/data/rollouts/fullpool_candidates_seed20260520_n1500/scenario_0225_offline_rollout.npz,/home/simon/davide_fr3_ws/src/cbf_safety_filter/config/generated_scenarios_fullpool_candidates/scenario_0225.yaml,good,ok,3000,True,0,0.009557975641526995,0.00591258990208794,0.009557975641526995,-0.027145156002146453,0.022852183488459243,2.7657424827018578e-05,0.02
scenario_0226,/home/simon/davide_fr3_ws/src/cbf_safety_filter/data/rollouts/fullpool_candidates_seed20260520_n1500/scenario_0226_offline_rollout.npz,/home/simon/davide_fr3_ws/src/cbf_safety_filter/config/generated_scenarios_fullpool_candidates/scenario_0226.yaml,good,ok,3000,True,0,0.010300987254150799,0.0221322420373463,0.0005059008718827987,-0.22131941150301426,0.0014477154934848524,0.001096081732506208,0.02
scenario_0227,/home/simon/davide_fr3_ws/src/cbf_safety_filter/data/rollouts/fullpool_candidates_seed20260520_n1500/scenario_0227_offline_rollout.npz,/home/simon/davide_fr3_ws/src/cbf_safety_filter/config/generated_scenarios_fullpool_candidates/scenario_0227.yaml,bad_safety,final_min_h_negative,3000,True,0,-0.0018724967781771837,-0.00039833117372515495,-0.008459754757915097,-0.056987366747142915,-0.03632790201646806,0.0019421512000805646,0.02
scenario_0228,/home/simon/davide_fr3_ws/src/cbf_safety_filter/data/rollouts/fullpool_candidates_seed20260520_n1500/scenario_0228_offline_rollout.npz,/home/simon/davide_fr3_ws/src/cbf_safety_filter/config/generated_scenarios_fullpool_candidates/scenario_0228.yaml,good,ok,3000,True,0,0.06068779222760912,0.13632244910164346,0.03000020674005614,-0.0315271200070642,0.07459179251823275,0.001168039031591312,0.02
scenario_0229,/home/simon/davide_fr3_ws/src/cbf_safety_filter/data/rollouts/fullpool_candidates_seed20260520_n1500/scenario_0229_offline_rollout.npz,/home/simon/davide_fr3_ws/src/cbf_safety_filter/config/generated_scenarios_fullpool_candidates/scenario_0229.yaml,good,ok,3000,True,0,0.0002273776958712781,0.000486766573736672,-1.4132362338714621e-06,-3.1319031983345793e-06,-3.3284204245254134e-06,1.0739259052668396e-07,0.02
scenario_0230,/home/simon/davide_fr3_ws/src/cbf_safety_filter/data/rollouts/fullpool_candidates_seed20260520_n1500/scenario_0230_offline_rollout.npz,/home/simon/davide_fr3_ws/src/cbf_safety_filter/config/generated_scenarios_fullpool_candidates/scenario_0230.yaml,good,ok,3000,True,0,0.021326046017032647,0.05519638766618823,0.012850644431329883,0.021360180044350835,0.032401875123109075,8.406378735359088e-05,0.02
scenario_0231,/home/simon/davide_fr3_ws/src/cbf_safety_filter/data/rollouts/fullpool_candidates_seed20260520_n1500/scenario_0231_offline_rollout.npz,/home/simon/davide_fr3_ws/src/cbf_safety_filter/config/generated_scenarios_fullpool_candidates/scenario_0231.yaml,good,ok,3000,True,0,0.08426748447593879,0.1525106960893354,0.008590527057868065,-0.19925764198393153,0.0206007473887328,0.0011424950517104607,0.02
scenario_0232,/home/simon/davide_fr3_ws/src/cbf_safety_filter/data/rollouts/fullpool_candidates_seed20260520_n1500/scenario_0232_offline_rollout.npz,/home/simon/davide_fr3_ws/src/cbf_safety_filter/config/generated_scenarios_fullpool_candidates/scenario_0232.yaml,good,ok,3000,True,0,0.015660860337930967,0.005419127677289231,-0.01147241729869092,-0.09362636012473069,-0.047262685215373954,0.0027170248969731058,0.02
scenario_0233,/home/simon/davide_fr3_ws/src/cbf_safety_filter/data/rollouts/fullpool_candidates_seed20260520_n1500/scenario_0233_offline_rollout.npz,/home/simon/davide_fr3_ws/src/cbf_safety_filter/config/generated_scenarios_fullpool_candidates/scenario_0233.yaml,good,ok,3000,True,0,0.001469814614745258,0.0013857866183573982,0.00017370598484841432,-0.04163973753071007,0.000561136281301694,0.0015682084783255155,0.02
scenario_0234,/home/simon/davide_fr3_ws/src/cbf_safety_filter/data/rollouts/fullpool_candidates_seed20260520_n1500/scenario_0234_offline_rollout.npz,/home/simon/davide_fr3_ws/src/cbf_safety_filter/config/generated_scenarios_fullpool_candidates/scenario_0234.yaml,good,ok,3000,True,0,0.00193149410914795,0.0004920742731037379,-0.003759713585608924,-0.047398928190569345,-0.01585400407429524,0.006103306756834853,0.02
scenario_0235,/home/simon/davide_fr3_ws/src/cbf_safety_filter/data/rollouts/fullpool_candidates_seed20260520_n1500/scenario_0235_offline_rollout.npz,/home/simon/davide_fr3_ws/src/cbf_safety_filter/config/generated_scenarios_fullpool_candidates/scenario_0235.yaml,good,ok,3000,True,0,0.030167416518969196,0.046831016722288135,0.00010604416612129686,-0.054814322484879774,0.0002603841921223482,0.0005927161676174749,0.02
scenario_0236,/home/simon/davide_fr3_ws/src/cbf_safety_filter/data/rollouts/fullpool_candidates_seed20260520_n1500/scenario_0236_offline_rollout.npz,/home/simon/davide_fr3_ws/src/cbf_safety_filter/config/generated_scenarios_fullpool_candidates/scenario_0236.yaml,good,ok,3000,True,0,9.995003155090915e-05,0.00033628496855240533,7.846939059956773e-05,-0.13481102128011935,0.00027107851672661387,1.0196833188247974e-05,0.02
scenario_0237,/home/simon/davide_fr3_ws/src/cbf_safety_filter/data/rollouts/fullpool_candidates_seed20260520_n1500/scenario_0237_offline_rollout.npz,/home/simon/davide_fr3_ws/src/cbf_safety_filter/config/generated_scenarios_fullpool_candidates/scenario_0237.yaml,good,ok,3000,True,0,0.025662979955655724,0.05376184559608753,0.0008552261638565921,-0.23789664635122987,0.0027468597707594744,3.446618468008888e-05,0.02
scenario_0238,/home/simon/davide_fr3_ws/src/cbf_safety_filter/data/rollouts/fullpool_candidates_seed20260520_n1500/scenario_0238_offline_rollout.npz,/home/simon/davide_fr3_ws/src/cbf_safety_filter/config/generated_scenarios_fullpool_candidates/scenario_0238.yaml,bad_qp,final_qp_solved_false,3000,False,529,0.010975600348807363,0.020635337143994646,-0.0006869333200995118,-0.15913601683175582,-0.003042796910570314,0.00866180242757438,0.02
scenario_0239,/home/simon/davide_fr3_ws/src/cbf_safety_filter/data/rollouts/fullpool_candidates_seed20260520_n1500/scenario_0239_offline_rollout.npz,/home/simon/davide_fr3_ws/src/cbf_safety_filter/config/generated_scenarios_fullpool_candidates/scenario_0239.yaml,good,ok,3000,True,0,0.058068404795290525,0.1108345224248547,0.02939463162950462,0.03335777062775429,0.07804362016450916,0.0017208519171066352,0.02
scenario_0240,/home/simon/davide_fr3_ws/src/cbf_safety_filter/data/rollouts/fullpool_candidates_seed20260520_n1500/scenario_0240_offline_rollout.npz,/home/simon/davide_fr3_ws/src/cbf_safety_filter/config/generated_scenarios_fullpool_candidates/scenario_0240.yaml,good,ok,3000,True,0,0.000784770380914835,0.0017120308452526903,-0.00019325230917331682,-0.08396285528848596,-0.0005888047451375056,0.007726243644298907,0.02
scenario_0241,/home/simon/davide_fr3_ws/src/cbf_safety_filter/data/rollouts/fullpool_candidates_seed20260520_n1500/scenario_0241_offline_rollout.npz,/home/simon/davide_fr3_ws/src/cbf_safety_filter/config/generated_scenarios_fullpool_candidates/scenario_0241.yaml,good,ok,3000,True,0,0.03774484487793158,0.0769473826998757,-0.000571066689774441,-0.030162669746063436,-0.0014728571375179356,0.0002873415008777861,0.02
scenario_0242,/home/simon/davide_fr3_ws/src/cbf_safety_filter/data/rollouts/fullpool_candidates_seed20260520_n1500/scenario_0242_offline_rollout.npz,/home/simon/davide_fr3_ws/src/cbf_safety_filter/config/generated_scenarios_fullpool_candidates/scenario_0242.yaml,bad_qp,final_qp_solved_false,3000,False,1284,0.022354276156859393,0.02527734193697246,5.730740647147403e-05,-0.00031156205979303037,0.00015929374853490552,0.008048487051206745,0.02
scenario_0243,/home/simon/davide_fr3_ws/src/cbf_safety_filter/data/rollouts/fullpool_candidates_seed20260520_n1500/scenario_0243_offline_rollout.npz,/home/simon/davide_fr3_ws/src/cbf_safety_filter/config/generated_scenarios_fullpool_candidates/scenario_0243.yaml,good,ok,3000,True,0,0.029406902998606745,0.09329271950868709,-0.007626571339586278,-0.20405789700395854,-0.021802839474539315,0.0006130824214430593,0.02
scenario_0244,/home/simon/davide_fr3_ws/src/cbf_safety_filter/data/rollouts/fullpool_candidates_seed20260520_n1500/scenario_0244_offline_rollout.npz,/home/simon/davide_fr3_ws/src/cbf_safety_filter/config/generated_scenarios_fullpool_candidates/scenario_0244.yaml,good,ok,3000,True,0,0.01994317290210591,0.033017278339892986,-0.0001721832113034602,-0.036683670463322576,-0.0005916779633600433,0.0006308821100667759,0.02
scenario_0245,/home/simon/davide_fr3_ws/src/cbf_safety_filter/data/rollouts/fullpool_candidates_seed20260520_n1500/scenario_0245_offline_rollout.npz,/home/simon/davide_fr3_ws/src/cbf_safety_filter/config/generated_scenarios_fullpool_candidates/scenario_0245.yaml,good,ok,3000,True,0,0.08957845880665573,0.1659573884096546,0.0158614851728702,-0.1061130224747388,0.04279203839730436,0.0012182997476443379,0.02
scenario_0246,/home/simon/davide_fr3_ws/src/cbf_safety_filter/data/rollouts/fullpool_candidates_seed20260520_n1500/scenario_0246_offline_rollout.npz,/home/simon/davide_fr3_ws/src/cbf_safety_filter/config/generated_scenarios_fullpool_candidates/scenario_0246.yaml,good,ok,3000,True,0,0.0380755939511039,0.0752314857152577,0.024842796834842966,0.0490151678052016,0.06026001954381313,1.0133372046240142e-06,0.02
scenario_0247,/home/simon/davide_fr3_ws/src/cbf_safety_filter/data/rollouts/fullpool_candidates_seed20260520_n1500/scenario_0247_offline_rollout.npz,/home/simon/davide_fr3_ws/src/cbf_safety_filter/config/generated_scenarios_fullpool_candidates/scenario_0247.yaml,good,ok,3000,True,0,0.0052588222939740775,0.017910228312925828,-1.0584208600460804e-05,-4.265037629864045e-05,-4.1742709204373174e-05,6.297442061136697e-05,0.02
scenario_0248,/home/simon/davide_fr3_ws/src/cbf_safety_filter/data/rollouts/fullpool_candidates_seed20260520_n1500/scenario_0248_offline_rollout.npz,/home/simon/davide_fr3_ws/src/cbf_safety_filter/config/generated_scenarios_fullpool_candidates/scenario_0248.yaml,good,ok,3000,True,0,0.05301248564164611,0.12248201076545816,1.9070267453253492e-05,-0.04786819228672956,6.419577897379125e-05,0.0008348894015993868,0.02
scenario_0249,/home/simon/davide_fr3_ws/src/cbf_safety_filter/data/rollouts/fullpool_candidates_seed20260520_n1500/scenario_0249_offline_rollout.npz,/home/simon/davide_fr3_ws/src/cbf_safety_filter/config/generated_scenarios_fullpool_candidates/scenario_0249.yaml,good,ok,3000,True,0,0.01780987585195866,0.025468715714912046,-0.0037916632075987444,-0.03287237501443036,-0.011478712863051882,0.0002700223955047273,0.02
scenario_0250,/home/simon/davide_fr3_ws/src/cbf_safety_filter/data/rollouts/fullpool_candidates_seed20260520_n1500/scenario_0250_offline_rollout.npz,/home/simon/davide_fr3_ws/src/cbf_safety_filter/config/generated_scenarios_fullpool_candidates/scenario_0250.yaml,good,ok,3000,True,0,0.03567331078213236,0.08487696069873374,0.025251836590769586,0.02503938993977621,0.06143479123695897,0.0016620169600547725,0.02
scenario_0251,/home/simon/davide_fr3_ws/src/cbf_safety_filter/data/rollouts/fullpool_candidates_seed20260520_n1500/scenario_0251_offline_rollout.npz,/home/simon/davide_fr3_ws/src/cbf_safety_filter/config/generated_scenarios_fullpool_candidates/scenario_0251.yaml,good,ok,3000,True,0,0.007022420657388229,0.006405499239092151,-6.319366082956773e-05,-0.10039058925745323,-0.000163360070651819,0.0001672961154505878,0.02
scenario_0252,/home/simon/davide_fr3_ws/src/cbf_safety_filter/data/rollouts/fullpool_candidates_seed20260520_n1500/scenario_0252_offline_rollout.npz,/home/simon/davide_fr3_ws/src/cbf_safety_filter/config/generated_scenarios_fullpool_candidates/scenario_0252.yaml,good,ok,3000,True,0,0.05099626638391793,0.10777354155435886,0.013080827485113891,-0.10339190504901458,0.03593350487965519,0.0013281797463027066,0.02
scenario_0253,/home/simon/davide_fr3_ws/src/cbf_safety_filter/data/rollouts/fullpool_candidates_seed20260520_n1500/scenario_0253_offline_rollout.npz,/home/simon/davide_fr3_ws/src/cbf_safety_filter/config/generated_scenarios_fullpool_candidates/scenario_0253.yaml,good,ok,3000,True,0,0.008380164675779237,0.024712980111317583,-0.004302416174957212,-0.05530693054100069,-0.011289146275718087,2.795091309395834e-05,0.02
scenario_0254,/home/simon/davide_fr3_ws/src/cbf_safety_filter/data/rollouts/fullpool_candidates_seed20260520_n1500/scenario_0254_offline_rollout.npz,/home/simon/davide_fr3_ws/src/cbf_safety_filter/config/generated_scenarios_fullpool_candidates/scenario_0254.yaml,bad_goal,final_dist_to_goal_above_tol,3000,True,0,3.642919299551295e-17,2.914315596915805e-17,-0.005395785698733741,-0.07972293178521697,-0.025004118006770035,0.27277870953869404,0.02
scenario_0255,/home/simon/davide_fr3_ws/src/cbf_safety_filter/data/rollouts/fullpool_candidates_seed20260520_n1500/scenario_0255_offline_rollout.npz,/home/simon/davide_fr3_ws/src/cbf_safety_filter/config/generated_scenarios_fullpool_candidates/scenario_0255.yaml,bad_safety,final_min_h_negative,3000,True,0,-3.780834180455717e-09,-7.68164692368992e-09,-0.014410805501648704,-0.1870610517259848,-0.05548753994564963,1.9139371848947297e-08,0.02
scenario_0256,/home/simon/davide_fr3_ws/src/cbf_safety_filter/data/rollouts/fullpool_candidates_seed20260520_n1500/scenario_0256_offline_rollout.npz,/home/simon/davide_fr3_ws/src/cbf_safety_filter/config/generated_scenarios_fullpool_candidates/scenario_0256.yaml,good,ok,3000,True,0,0.03333428766175737,0.003711411816479354,-0.0027918956060244728,-0.25570333197476247,-0.011810577550797216,0.000422928484715526,0.02
scenario_0257,/home/simon/davide_fr3_ws/src/cbf_safety_filter/data/rollouts/fullpool_candidates_seed20260520_n1500/scenario_0257_offline_rollout.npz,/home/simon/davide_fr3_ws/src/cbf_safety_filter/config/generated_scenarios_fullpool_candidates/scenario_0257.yaml,bad_safety,final_min_psi_negative,3000,True,0,0.008643771564178171,-0.0056306813851747795,-0.0005730555078234407,-0.047518756229471354,-0.0022856912744084884,0.005382705809288282,0.02
scenario_0258,/home/simon/davide_fr3_ws/src/cbf_safety_filter/data/rollouts/fullpool_candidates_seed20260520_n1500/scenario_0258_offline_rollout.npz,/home/simon/davide_fr3_ws/src/cbf_safety_filter/config/generated_scenarios_fullpool_candidates/scenario_0258.yaml,bad_safety,final_min_psi_negative,3000,True,0,0.08348257313221023,-0.025300324805979713,0.024670233669528516,-0.46555311949476574,0.05484199743508514,0.001455580476239397,0.02
scenario_0259,/home/simon/davide_fr3_ws/src/cbf_safety_filter/data/rollouts/fullpool_candidates_seed20260520_n1500/scenario_0259_offline_rollout.npz,/home/simon/davide_fr3_ws/src/cbf_safety_filter/config/generated_scenarios_fullpool_candidates/scenario_0259.yaml,good,ok,3000,True,0,0.05729280418982173,0.12644505514004872,0.03781478706239716,-0.1804861604183014,0.07989659625960177,0.002336735144272605,0.02
scenario_0260,/home/simon/davide_fr3_ws/src/cbf_safety_filter/data/rollouts/fullpool_candidates_seed20260520_n1500/scenario_0260_offline_rollout.npz,/home/simon/davide_fr3_ws/src/cbf_safety_filter/config/generated_scenarios_fullpool_candidates/scenario_0260.yaml,good,ok,3000,True,0,0.022277786463511175,0.044675054431919325,0.020981308853497388,0.04196047251251825,0.06303806579097748,5.356839939769761e-07,0.02
scenario_0261,/home/simon/davide_fr3_ws/src/cbf_safety_filter/data/rollouts/fullpool_candidates_seed20260520_n1500/scenario_0261_offline_rollout.npz,/home/simon/davide_fr3_ws/src/cbf_safety_filter/config/generated_scenarios_fullpool_candidates/scenario_0261.yaml,good,ok,3000,True,0,0.013288587006907045,0.0209796727229197,0.0009913018830863124,-0.0011153825626002058,0.0033926313558504673,0.0007714963719304086,0.02
scenario_0262,/home/simon/davide_fr3_ws/src/cbf_safety_filter/data/rollouts/fullpool_candidates_seed20260520_n1500/scenario_0262_offline_rollout.npz,/home/simon/davide_fr3_ws/src/cbf_safety_filter/config/generated_scenarios_fullpool_candidates/scenario_0262.yaml,good,ok,3000,True,0,0.04773530471315952,0.03126602465317577,-0.012950475791283781,-0.054087554817012086,-0.0660097994417269,0.0019195640154389673,0.02
scenario_0263,/home/simon/davide_fr3_ws/src/cbf_safety_filter/data/rollouts/fullpool_candidates_seed20260520_n1500/scenario_0263_offline_rollout.npz,/home/simon/davide_fr3_ws/src/cbf_safety_filter/config/generated_scenarios_fullpool_candidates/scenario_0263.yaml,bad_qp,final_qp_solved_false,3000,False,1161,0.019803440389990788,0.037928324465768604,0.000629630495814602,-0.28165681891619937,0.003432491649396796,0.0008973466317280899,0.02
scenario_0264,/home/simon/davide_fr3_ws/src/cbf_safety_filter/data/rollouts/fullpool_candidates_seed20260520_n1500/scenario_0264_offline_rollout.npz,/home/simon/davide_fr3_ws/src/cbf_safety_filter/config/generated_scenarios_fullpool_candidates/scenario_0264.yaml,bad_safety,final_min_h_negative,3000,True,0,-0.007350608961525545,-0.014876622354290625,-0.007350608961525545,-0.13291038389566234,-0.021896108912256573,0.00018603268392830574,0.02
scenario_0265,/home/simon/davide_fr3_ws/src/cbf_safety_filter/data/rollouts/fullpool_candidates_seed20260520_n1500/scenario_0265_offline_rollout.npz,/home/simon/davide_fr3_ws/src/cbf_safety_filter/config/generated_scenarios_fullpool_candidates/scenario_0265.yaml,good,ok,3000,True,0,5.438141209797298e-06,5.06586379859238e-07,5.438141209797298e-06,5.06586379859238e-07,1.350710076511441e-05,5.720486454259035e-07,0.02
scenario_0266,/home/simon/davide_fr3_ws/src/cbf_safety_filter/data/rollouts/fullpool_candidates_seed20260520_n1500/scenario_0266_offline_rollout.npz,/home/simon/davide_fr3_ws/src/cbf_safety_filter/config/generated_scenarios_fullpool_candidates/scenario_0266.yaml,good,ok,3000,True,0,0.00968843631055338,0.01937688926770776,0.0001704073498476344,-0.0601094579222457,0.0009417800015352334,3.037957904764559e-05,0.02
scenario_0267,/home/simon/davide_fr3_ws/src/cbf_safety_filter/data/rollouts/fullpool_candidates_seed20260520_n1500/scenario_0267_offline_rollout.npz,/home/simon/davide_fr3_ws/src/cbf_safety_filter/config/generated_scenarios_fullpool_candidates/scenario_0267.yaml,good,ok,3000,True,0,0.003853140024192611,0.01004401910319592,0.0004478101090523781,0.0004776585019614515,0.001510268468493059,0.0013140557052315426,0.02
scenario_0268,/home/simon/davide_fr3_ws/src/cbf_safety_filter/data/rollouts/fullpool_candidates_seed20260520_n1500/scenario_0268_offline_rollout.npz,/home/simon/davide_fr3_ws/src/cbf_safety_filter/config/generated_scenarios_fullpool_candidates/scenario_0268.yaml,good,ok,3000,True,0,0.06478798453215268,0.13715086094200168,0.008603158379000372,-0.19256580140165092,0.019944960898754333,0.0006884699718127471,0.02
scenario_0269,/home/simon/davide_fr3_ws/src/cbf_safety_filter/data/rollouts/fullpool_candidates_seed20260520_n1500/scenario_0269_offline_rollout.npz,/home/simon/davide_fr3_ws/src/cbf_safety_filter/config/generated_scenarios_fullpool_candidates/scenario_0269.yaml,good,ok,3000,True,0,3.999664617587717e-06,9.876249056454847e-06,8.450657045314114e-08,4.579371100184082e-08,2.4103397705532714e-07,4.367535401316408e-08,0.02
scenario_0270,/home/simon/davide_fr3_ws/src/cbf_safety_filter/data/rollouts/fullpool_candidates_seed20260520_n1500/scenario_0270_offline_rollout.npz,/home/simon/davide_fr3_ws/src/cbf_safety_filter/config/generated_scenarios_fullpool_candidates/scenario_0270.yaml,good,ok,3000,True,0,0.016556156391799005,0.030978615804092974,-7.394787185699414e-05,-0.026604165204248784,-0.0001893134888794057,0.00014543871050990418,0.02
scenario_0271,/home/simon/davide_fr3_ws/src/cbf_safety_filter/data/rollouts/fullpool_candidates_seed20260520_n1500/scenario_0271_offline_rollout.npz,/home/simon/davide_fr3_ws/src/cbf_safety_filter/config/generated_scenarios_fullpool_candidates/scenario_0271.yaml,bad_safety,final_min_psi_negative,3000,True,0,0.0010625913293239066,-0.00018400912173118303,-0.0005010755534832021,-0.02016560120125608,-0.002081583791449876,8.866300111464408e-05,0.02
scenario_0272,/home/simon/davide_fr3_ws/src/cbf_safety_filter/data/rollouts/fullpool_candidates_seed20260520_n1500/scenario_0272_offline_rollout.npz,/home/simon/davide_fr3_ws/src/cbf_safety_filter/config/generated_scenarios_fullpool_candidates/scenario_0272.yaml,good,ok,3000,True,0,0.03455624428138332,0.0345872823439462,0.006110897716121836,-0.05370763274918511,0.023363004727970815,0.0032783525050817702,0.02
scenario_0273,/home/simon/davide_fr3_ws/src/cbf_safety_filter/data/rollouts/fullpool_candidates_seed20260520_n1500/scenario_0273_offline_rollout.npz,/home/simon/davide_fr3_ws/src/cbf_safety_filter/config/generated_scenarios_fullpool_candidates/scenario_0273.yaml,good,ok,3000,True,0,0.05828847995424386,0.045586129961886934,0.0115183373319043,-0.15244951941486318,0.04475805934646376,0.002301817100606256,0.02
scenario_0274,/home/simon/davide_fr3_ws/src/cbf_safety_filter/data/rollouts/fullpool_candidates_seed20260520_n1500/scenario_0274_offline_rollout.npz,/home/simon/davide_fr3_ws/src/cbf_safety_filter/config/generated_scenarios_fullpool_candidates/scenario_0274.yaml,good,ok,3000,True,0,0.03796729260261883,0.09746235199676406,0.015159052301754058,-0.2367707366422567,0.04461033349368618,0.002141757458381658,0.02
scenario_0275,/home/simon/davide_fr3_ws/src/cbf_safety_filter/data/rollouts/fullpool_candidates_seed20260520_n1500/scenario_0275_offline_rollout.npz,/home/simon/davide_fr3_ws/src/cbf_safety_filter/config/generated_scenarios_fullpool_candidates/scenario_0275.yaml,good,ok,3000,True,0,0.00014113049996733983,0.000654301981831302,-0.0011666663150386083,-0.06484412812094392,-0.005810391912976734,0.012556226009240697,0.02
scenario_0276,/home/simon/davide_fr3_ws/src/cbf_safety_filter/data/rollouts/fullpool_candidates_seed20260520_n1500/scenario_0276_offline_rollout.npz,/home/simon/davide_fr3_ws/src/cbf_safety_filter/config/generated_scenarios_fullpool_candidates/scenario_0276.yaml,good,ok,3000,True,0,0.02760586989910109,0.08389715621232322,-0.004630169500379741,-0.07013720035633014,-0.016944467541895575,0.00010275405960261357,0.02
scenario_0277,/home/simon/davide_fr3_ws/src/cbf_safety_filter/data/rollouts/fullpool_candidates_seed20260520_n1500/scenario_0277_offline_rollout.npz,/home/simon/davide_fr3_ws/src/cbf_safety_filter/config/generated_scenarios_fullpool_candidates/scenario_0277.yaml,good,ok,3000,True,0,0.00775923700206034,0.017877451704832042,-4.340988774532983e-06,-0.019290668358335566,-1.146624471554114e-05,2.4533121957798443e-06,0.02
scenario_0278,/home/simon/davide_fr3_ws/src/cbf_safety_filter/data/rollouts/fullpool_candidates_seed20260520_n1500/scenario_0278_offline_rollout.npz,/home/simon/davide_fr3_ws/src/cbf_safety_filter/config/generated_scenarios_fullpool_candidates/scenario_0278.yaml,good,ok,3000,True,0,0.020230001125421733,0.008562399341542432,-0.0013349260825517573,-0.07388646684287647,-0.003715512719899422,0.0016863379242431941,0.02
scenario_0279,/home/simon/davide_fr3_ws/src/cbf_safety_filter/data/rollouts/fullpool_candidates_seed20260520_n1500/scenario_0279_offline_rollout.npz,/home/simon/davide_fr3_ws/src/cbf_safety_filter/config/generated_scenarios_fullpool_candidates/scenario_0279.yaml,good,ok,3000,True,0,6.774829833176843e-05,9.016842138989833e-05,-0.007871230519370831,-0.030362168971841776,-0.021920584054193698,0.00021061864145657677,0.02
scenario_0280,/home/simon/davide_fr3_ws/src/cbf_safety_filter/data/rollouts/fullpool_candidates_seed20260520_n1500/scenario_0280_offline_rollout.npz,/home/simon/davide_fr3_ws/src/cbf_safety_filter/config/generated_scenarios_fullpool_candidates/scenario_0280.yaml,good,ok,3000,True,0,0.04592696540397419,0.09184551317870764,-0.003026182276553999,-0.023251106741546214,-0.012359827411320481,0.0003918205187101427,0.02
scenario_0281,/home/simon/davide_fr3_ws/src/cbf_safety_filter/data/rollouts/fullpool_candidates_seed20260520_n1500/scenario_0281_offline_rollout.npz,/home/simon/davide_fr3_ws/src/cbf_safety_filter/config/generated_scenarios_fullpool_candidates/scenario_0281.yaml,good,ok,3000,True,0,0.03814423964441456,0.07615953882711804,0.03814423964441456,0.07615953882711804,0.09247621599749659,7.380074425080371e-08,0.02
scenario_0282,/home/simon/davide_fr3_ws/src/cbf_safety_filter/data/rollouts/fullpool_candidates_seed20260520_n1500/scenario_0282_offline_rollout.npz,/home/simon/davide_fr3_ws/src/cbf_safety_filter/config/generated_scenarios_fullpool_candidates/scenario_0282.yaml,good,ok,3000,True,0,0.024343836974306005,0.04895098272344295,-0.00044283062557728264,-0.036554898445577994,-0.0020719348451332664,4.1416452196730166e-05,0.02
scenario_0283,/home/simon/davide_fr3_ws/src/cbf_safety_filter/data/rollouts/fullpool_candidates_seed20260520_n1500/scenario_0283_offline_rollout.npz,/home/simon/davide_fr3_ws/src/cbf_safety_filter/config/generated_scenarios_fullpool_candidates/scenario_0283.yaml,good,ok,3000,True,0,0.025341469468769404,0.05035510213626261,0.010916625507600497,-0.09362361723064927,0.03338372613741339,0.014700953407695639,0.02
scenario_0284,/home/simon/davide_fr3_ws/src/cbf_safety_filter/data/rollouts/fullpool_candidates_seed20260520_n1500/scenario_0284_offline_rollout.npz,/home/simon/davide_fr3_ws/src/cbf_safety_filter/config/generated_scenarios_fullpool_candidates/scenario_0284.yaml,good,ok,3000,True,0,0.08316519939552744,0.15192487150799475,0.03761769571206672,0.03088126936189166,0.12096920084138552,0.002357946135560805,0.02
scenario_0285,/home/simon/davide_fr3_ws/src/cbf_safety_filter/data/rollouts/fullpool_candidates_seed20260520_n1500/scenario_0285_offline_rollout.npz,/home/simon/davide_fr3_ws/src/cbf_safety_filter/config/generated_scenarios_fullpool_candidates/scenario_0285.yaml,good,ok,3000,True,0,0.00013405766612663642,0.0004357603073902852,-0.004640591282973894,-0.013036185483647062,-0.013718119566520581,8.726665002700097e-06,0.02
scenario_0286,/home/simon/davide_fr3_ws/src/cbf_safety_filter/data/rollouts/fullpool_candidates_seed20260520_n1500/scenario_0286_offline_rollout.npz,/home/simon/davide_fr3_ws/src/cbf_safety_filter/config/generated_scenarios_fullpool_candidates/scenario_0286.yaml,good,ok,3000,True,0,0.02177600220685933,0.04364661590379663,0.021654242339587383,0.04329912153259263,0.07309807330211188,3.5231408392164607e-07,0.02
scenario_0287,/home/simon/davide_fr3_ws/src/cbf_safety_filter/data/rollouts/fullpool_candidates_seed20260520_n1500/scenario_0287_offline_rollout.npz,/home/simon/davide_fr3_ws/src/cbf_safety_filter/config/generated_scenarios_fullpool_candidates/scenario_0287.yaml,good,ok,3000,True,0,0.037000866521333935,0.07172232764768424,-0.0012980301306243034,-0.08891199866838001,-0.006810610681234272,0.0004057720381836898,0.02
scenario_0288,/home/simon/davide_fr3_ws/src/cbf_safety_filter/data/rollouts/fullpool_candidates_seed20260520_n1500/scenario_0288_offline_rollout.npz,/home/simon/davide_fr3_ws/src/cbf_safety_filter/config/generated_scenarios_fullpool_candidates/scenario_0288.yaml,good,ok,3000,True,0,0.002882514937809978,0.002013278213093695,3.203145929810136e-06,1.7367108796917125e-07,1.197831880961342e-05,0.0014921859678224503,0.02
scenario_0289,/home/simon/davide_fr3_ws/src/cbf_safety_filter/data/rollouts/fullpool_candidates_seed20260520_n1500/scenario_0289_offline_rollout.npz,/home/simon/davide_fr3_ws/src/cbf_safety_filter/config/generated_scenarios_fullpool_candidates/scenario_0289.yaml,good,ok,3000,True,0,0.0018243778831587842,0.0010564607878549657,-0.008861105955497862,-0.03396641149812969,-0.023862686666041327,0.012159626369560271,0.02
scenario_0290,/home/simon/davide_fr3_ws/src/cbf_safety_filter/data/rollouts/fullpool_candidates_seed20260520_n1500/scenario_0290_offline_rollout.npz,/home/simon/davide_fr3_ws/src/cbf_safety_filter/config/generated_scenarios_fullpool_candidates/scenario_0290.yaml,good,ok,3000,True,0,0.026089482542639618,0.06379000548730089,0.006157440169830029,-0.0402371495496712,0.023559293027271583,0.0012790478721156169,0.02
scenario_0291,/home/simon/davide_fr3_ws/src/cbf_safety_filter/data/rollouts/fullpool_candidates_seed20260520_n1500/scenario_0291_offline_rollout.npz,/home/simon/davide_fr3_ws/src/cbf_safety_filter/config/generated_scenarios_fullpool_candidates/scenario_0291.yaml,good,ok,3000,True,0,0.06297790222567325,0.09415377945594727,-0.007332598667645577,-0.22046240882641294,-0.025331224991088752,0.0011235515587698823,0.02
scenario_0292,/home/simon/davide_fr3_ws/src/cbf_safety_filter/data/rollouts/fullpool_candidates_seed20260520_n1500/scenario_0292_offline_rollout.npz,/home/simon/davide_fr3_ws/src/cbf_safety_filter/config/generated_scenarios_fullpool_candidates/scenario_0292.yaml,good,ok,3000,True,0,0.03550678581347556,0.07043562351889694,0.03550678581347556,0.07043562351889694,0.1160255572519015,1.276806541286168e-07,0.02
scenario_0293,/home/simon/davide_fr3_ws/src/cbf_safety_filter/data/rollouts/fullpool_candidates_seed20260520_n1500/scenario_0293_offline_rollout.npz,/home/simon/davide_fr3_ws/src/cbf_safety_filter/config/generated_scenarios_fullpool_candidates/scenario_0293.yaml,good,ok,3000,True,0,0.01618025047670852,0.029715193613051073,0.004468307735065034,-0.013878002076954776,0.010405792863819374,9.000832673170278e-06,0.02
scenario_0294,/home/simon/davide_fr3_ws/src/cbf_safety_filter/data/rollouts/fullpool_candidates_seed20260520_n1500/scenario_0294_offline_rollout.npz,/home/simon/davide_fr3_ws/src/cbf_safety_filter/config/generated_scenarios_fullpool_candidates/scenario_0294.yaml,good,ok,3000,True,0,0.04127408189991344,0.07514088105991001,0.02309790630159144,0.00895882017695561,0.05237873094693721,0.0011325440077508974,0.02
scenario_0295,/home/simon/davide_fr3_ws/src/cbf_safety_filter/data/rollouts/fullpool_candidates_seed20260520_n1500/scenario_0295_offline_rollout.npz,/home/simon/davide_fr3_ws/src/cbf_safety_filter/config/generated_scenarios_fullpool_candidates/scenario_0295.yaml,good,ok,3000,True,0,0.029996281276021084,0.09030855231122317,0.0004159743602948039,-0.16401026903468582,0.0012134133150517035,0.00047600088355669983,0.02
scenario_0296,/home/simon/davide_fr3_ws/src/cbf_safety_filter/data/rollouts/fullpool_candidates_seed20260520_n1500/scenario_0296_offline_rollout.npz,/home/simon/davide_fr3_ws/src/cbf_safety_filter/config/generated_scenarios_fullpool_candidates/scenario_0296.yaml,good,ok,3000,True,0,0.022252850000000005,0.04450570000000001,1.1395650975944138e-05,1.6475012661083262e-06,3.2007377819415206e-05,8.801553759742775e-06,0.02
scenario_0297,/home/simon/davide_fr3_ws/src/cbf_safety_filter/data/rollouts/fullpool_candidates_seed20260520_n1500/scenario_0297_offline_rollout.npz,/home/simon/davide_fr3_ws/src/cbf_safety_filter/config/generated_scenarios_fullpool_candidates/scenario_0297.yaml,good,ok,3000,True,0,0.03419351106023974,0.06303555967482448,0.0011331489962181467,-0.030831745572379637,0.004453269546265792,0.0005946152452864123,0.02
scenario_0298,/home/simon/davide_fr3_ws/src/cbf_safety_filter/data/rollouts/fullpool_candidates_seed20260520_n1500/scenario_0298_offline_rollout.npz,/home/simon/davide_fr3_ws/src/cbf_safety_filter/config/generated_scenarios_fullpool_candidates/scenario_0298.yaml,good,ok,3000,True,0,0.059491979202223946,0.11949951720780395,0.016365075573266517,-0.008185344278166959,0.05109392982342348,0.0007824999782127958,0.02
scenario_0299,/home/simon/davide_fr3_ws/src/cbf_safety_filter/data/rollouts/fullpool_candidates_seed20260520_n1500/scenario_0299_offline_rollout.npz,/home/simon/davide_fr3_ws/src/cbf_safety_filter/config/generated_scenarios_fullpool_candidates/scenario_0299.yaml,bad_safety,final_min_psi_negative,3000,True,0,0.05732150501747924,-0.03002341144118903,0.000507322467255919,-0.06477167481515178,0.0012078879511779328,0.0009795812193373146,0.02
scenario_0300,/home/simon/davide_fr3_ws/src/cbf_safety_filter/data/rollouts/fullpool_candidates_seed20260520_n1500/scenario_0300_offline_rollout.npz,/home/simon/davide_fr3_ws/src/cbf_safety_filter/config/generated_scenarios_fullpool_candidates/scenario_0300.yaml,good,ok,3000,True,0,0.01500979921996092,0.01764876574263725,6.254702471163165e-05,-0.04494610271210683,0.00015468356681291873,0.0005430056657476039,0.02
scenario_0301,/home/simon/davide_fr3_ws/src/cbf_safety_filter/data/rollouts/fullpool_candidates_seed20260520_n1500/scenario_0301_offline_rollout.npz,/home/simon/davide_fr3_ws/src/cbf_safety_filter/config/generated_scenarios_fullpool_candidates/scenario_0301.yaml,good,ok,3000,True,0,0.008864662875292348,0.004007149294177843,0.0004997921464471103,-0.037572867766953316,0.001233344081248422,4.673600318256536e-05,0.02
scenario_0302,/home/simon/davide_fr3_ws/src/cbf_safety_filter/data/rollouts/fullpool_candidates_seed20260520_n1500/scenario_0302_offline_rollout.npz,/home/simon/davide_fr3_ws/src/cbf_safety_filter/config/generated_scenarios_fullpool_candidates/scenario_0302.yaml,good,ok,3000,True,0,0.03265796316614459,0.06550878887248386,0.02980377254655945,0.059604356232229594,0.06656168561152231,7.165436862920813e-07,0.02
scenario_0303,/home/simon/davide_fr3_ws/src/cbf_safety_filter/data/rollouts/fullpool_candidates_seed20260520_n1500/scenario_0303_offline_rollout.npz,/home/simon/davide_fr3_ws/src/cbf_safety_filter/config/generated_scenarios_fullpool_candidates/scenario_0303.yaml,good,ok,3000,True,0,0.057538247966593424,0.009424760400599225,-0.0014235016895133776,-0.05027442155946338,-0.005636206479443448,0.002492980003799463,0.02
scenario_0304,/home/simon/davide_fr3_ws/src/cbf_safety_filter/data/rollouts/fullpool_candidates_seed20260520_n1500/scenario_0304_offline_rollout.npz,/home/simon/davide_fr3_ws/src/cbf_safety_filter/config/generated_scenarios_fullpool_candidates/scenario_0304.yaml,bad_qp,final_qp_solved_false,3000,False,2864,0.0028278948585121044,-0.07766379567504272,0.0028278948585121044,-0.07766379567504272,0.014371468013436778,0.3189326237010449,0.02
scenario_0305,/home/simon/davide_fr3_ws/src/cbf_safety_filter/data/rollouts/fullpool_candidates_seed20260520_n1500/scenario_0305_offline_rollout.npz,/home/simon/davide_fr3_ws/src/cbf_safety_filter/config/generated_scenarios_fullpool_candidates/scenario_0305.yaml,good,ok,3000,True,0,0.03960509713751826,0.06902190881592021,-5.6615876165948265e-06,-1.1612853224209855e-05,-1.635428965737762e-05,0.00012055812401242107,0.02
scenario_0306,/home/simon/davide_fr3_ws/src/cbf_safety_filter/data/rollouts/fullpool_candidates_seed20260520_n1500/scenario_0306_offline_rollout.npz,/home/simon/davide_fr3_ws/src/cbf_safety_filter/config/generated_scenarios_fullpool_candidates/scenario_0306.yaml,good,ok,3000,True,0,0.03374681849997789,0.07354778811764717,0.0013584588298869507,-0.04230361226054569,0.005276058815474272,0.0001716988854931044,0.02
scenario_0307,/home/simon/davide_fr3_ws/src/cbf_safety_filter/data/rollouts/fullpool_candidates_seed20260520_n1500/scenario_0307_offline_rollout.npz,/home/simon/davide_fr3_ws/src/cbf_safety_filter/config/generated_scenarios_fullpool_candidates/scenario_0307.yaml,good,ok,3000,True,0,0.007096577308708975,0.017480541597608708,3.170576185516916e-05,-0.20934484153386895,8.27647828874345e-05,0.0001905388823226003,0.02
scenario_0308,/home/simon/davide_fr3_ws/src/cbf_safety_filter/data/rollouts/fullpool_candidates_seed20260520_n1500/scenario_0308_offline_rollout.npz,/home/simon/davide_fr3_ws/src/cbf_safety_filter/config/generated_scenarios_fullpool_candidates/scenario_0308.yaml,good,ok,3000,True,0,0.0007207001239860414,0.0016002008398255901,2.7355667334208467e-06,1.2768325765965016e-06,6.566307290040152e-06,3.374819305069572e-08,0.02
scenario_0309,/home/simon/davide_fr3_ws/src/cbf_safety_filter/data/rollouts/fullpool_candidates_seed20260520_n1500/scenario_0309_offline_rollout.npz,/home/simon/davide_fr3_ws/src/cbf_safety_filter/config/generated_scenarios_fullpool_candidates/scenario_0309.yaml,bad_safety,final_min_psi_negative,3000,True,0,0.01597781030635932,-0.007039003220246615,0.005579567122255505,-0.06309638818984922,0.019212554795324993,0.002118353314705718,0.02
scenario_0310,/home/simon/davide_fr3_ws/src/cbf_safety_filter/data/rollouts/fullpool_candidates_seed20260520_n1500/scenario_0310_offline_rollout.npz,/home/simon/davide_fr3_ws/src/cbf_safety_filter/config/generated_scenarios_fullpool_candidates/scenario_0310.yaml,bad_goal,final_dist_to_goal_above_tol,3000,True,0,0.012148330138761834,0.02336682241799741,-0.0001620868600126068,-0.031065135991799386,-0.0006563719066739748,0.02646294138734649,0.02
scenario_0311,/home/simon/davide_fr3_ws/src/cbf_safety_filter/data/rollouts/fullpool_candidates_seed20260520_n1500/scenario_0311_offline_rollout.npz,/home/simon/davide_fr3_ws/src/cbf_safety_filter/config/generated_scenarios_fullpool_candidates/scenario_0311.yaml,good,ok,3000,True,0,0.05545852788851486,0.12085895248891315,0.019833697643089097,0.02644774142973324,0.06052021441130004,0.0035494658309115673,0.02
scenario_0312,/home/simon/davide_fr3_ws/src/cbf_safety_filter/data/rollouts/fullpool_candidates_seed20260520_n1500/scenario_0312_offline_rollout.npz,/home/simon/davide_fr3_ws/src/cbf_safety_filter/config/generated_scenarios_fullpool_candidates/scenario_0312.yaml,good,ok,3000,True,0,0.05246141514416963,0.10122823572561339,0.007458832776328493,-0.16313651817752933,0.019480821094677137,2.5970871709092324e-05,0.02
scenario_0313,/home/simon/davide_fr3_ws/src/cbf_safety_filter/data/rollouts/fullpool_candidates_seed20260520_n1500/scenario_0313_offline_rollout.npz,/home/simon/davide_fr3_ws/src/cbf_safety_filter/config/generated_scenarios_fullpool_candidates/scenario_0313.yaml,good,ok,3000,True,0,0.041605601773728185,0.08382009049259659,0.03240227029270033,0.05465363262322803,0.07602204262609111,3.773396797868767e-07,0.02
scenario_0314,/home/simon/davide_fr3_ws/src/cbf_safety_filter/data/rollouts/fullpool_candidates_seed20260520_n1500/scenario_0314_offline_rollout.npz,/home/simon/davide_fr3_ws/src/cbf_safety_filter/config/generated_scenarios_fullpool_candidates/scenario_0314.yaml,bad_qp,final_qp_solved_false,3000,False,2937,-0.0012667251242567696,-0.005868496283852037,-0.0012667251242567696,-0.063244405597044,-0.007336375135473097,0.46181631698322584,0.02
scenario_0315,/home/simon/davide_fr3_ws/src/cbf_safety_filter/data/rollouts/fullpool_candidates_seed20260520_n1500/scenario_0315_offline_rollout.npz,/home/simon/davide_fr3_ws/src/cbf_safety_filter/config/generated_scenarios_fullpool_candidates/scenario_0315.yaml,good,ok,3000,True,0,0.046361789526172065,0.08485302130750683,-0.001245742733257088,-0.012664618898638368,-0.003179369940443766,0.0009676758829689427,0.02
scenario_0316,/home/simon/davide_fr3_ws/src/cbf_safety_filter/data/rollouts/fullpool_candidates_seed20260520_n1500/scenario_0316_offline_rollout.npz,/home/simon/davide_fr3_ws/src/cbf_safety_filter/config/generated_scenarios_fullpool_candidates/scenario_0316.yaml,good,ok,3000,True,0,0.03931838006432646,0.07605027011181748,0.03523357243406819,0.03280143782200443,0.08390786497064393,0.0011074028598293069,0.02
scenario_0317,/home/simon/davide_fr3_ws/src/cbf_safety_filter/data/rollouts/fullpool_candidates_seed20260520_n1500/scenario_0317_offline_rollout.npz,/home/simon/davide_fr3_ws/src/cbf_safety_filter/config/generated_scenarios_fullpool_candidates/scenario_0317.yaml,bad_safety,final_min_psi_negative,3000,True,0,0.02656868518081614,-0.06269450443330957,0.0027415015726687114,-0.1202031188464035,0.008449696823601055,0.0003375318832145868,0.02
scenario_0318,/home/simon/davide_fr3_ws/src/cbf_safety_filter/data/rollouts/fullpool_candidates_seed20260520_n1500/scenario_0318_offline_rollout.npz,/home/simon/davide_fr3_ws/src/cbf_safety_filter/config/generated_scenarios_fullpool_candidates/scenario_0318.yaml,good,ok,3000,True,0,0.08374481263930367,0.18059815033641327,0.0208877788896813,-0.12672244287760437,0.08025797746267663,0.0039403181152282965,0.02
scenario_0319,/home/simon/davide_fr3_ws/src/cbf_safety_filter/data/rollouts/fullpool_candidates_seed20260520_n1500/scenario_0319_offline_rollout.npz,/home/simon/davide_fr3_ws/src/cbf_safety_filter/config/generated_scenarios_fullpool_candidates/scenario_0319.yaml,good,ok,3000,True,0,0.05895905250703374,0.1207101991480967,0.02197585166655991,0.0386384288808079,0.06666180678062034,0.0017933656305584092,0.02
scenario_0320,/home/simon/davide_fr3_ws/src/cbf_safety_filter/data/rollouts/fullpool_candidates_seed20260520_n1500/scenario_0320_offline_rollout.npz,/home/simon/davide_fr3_ws/src/cbf_safety_filter/config/generated_scenarios_fullpool_candidates/scenario_0320.yaml,good,ok,3000,True,0,0.04494361790295824,0.07530023918726818,0.00011120501360325358,-0.07473779858405077,0.0003968816959352417,0.0022249428055217723,0.02
scenario_0321,/home/simon/davide_fr3_ws/src/cbf_safety_filter/data/rollouts/fullpool_candidates_seed20260520_n1500/scenario_0321_offline_rollout.npz,/home/simon/davide_fr3_ws/src/cbf_safety_filter/config/generated_scenarios_fullpool_candidates/scenario_0321.yaml,good,ok,3000,True,0,0.021926816260092838,0.043853632520185676,5.659137987820695e-06,-0.04125360332201228,1.8541265430188636e-05,0.0002528097073425114,0.02
scenario_0322,/home/simon/davide_fr3_ws/src/cbf_safety_filter/data/rollouts/fullpool_candidates_seed20260520_n1500/scenario_0322_offline_rollout.npz,/home/simon/davide_fr3_ws/src/cbf_safety_filter/config/generated_scenarios_fullpool_candidates/scenario_0322.yaml,good,ok,3000,True,0,0.03607394046028287,0.08018116544706783,0.013711204046295396,-0.0241749734236138,0.03504505400382951,0.0010361406909907616,0.02
scenario_0323,/home/simon/davide_fr3_ws/src/cbf_safety_filter/data/rollouts/fullpool_candidates_seed20260520_n1500/scenario_0323_offline_rollout.npz,/home/simon/davide_fr3_ws/src/cbf_safety_filter/config/generated_scenarios_fullpool_candidates/scenario_0323.yaml,good,ok,3000,True,0,0.0030141774889164627,0.006018756462799579,0.0030141774889164627,0.006017811700940534,0.009665007041073648,1.788487305505005e-07,0.02
scenario_0324,/home/simon/davide_fr3_ws/src/cbf_safety_filter/data/rollouts/fullpool_candidates_seed20260520_n1500/scenario_0324_offline_rollout.npz,/home/simon/davide_fr3_ws/src/cbf_safety_filter/config/generated_scenarios_fullpool_candidates/scenario_0324.yaml,good,ok,3000,True,0,0.031565408127497585,0.05921419433163318,-0.0011018825704952884,-0.007292977003421925,-0.00397468232606113,0.0007246849054545801,0.02
scenario_0325,/home/simon/davide_fr3_ws/src/cbf_safety_filter/data/rollouts/fullpool_candidates_seed20260520_n1500/scenario_0325_offline_rollout.npz,/home/simon/davide_fr3_ws/src/cbf_safety_filter/config/generated_scenarios_fullpool_candidates/scenario_0325.yaml,good,ok,3000,True,0,0.03410181000000002,0.06820362000000003,0.023990923627353923,0.049086507428509916,0.0605853776030211,2.5244375112118335e-09,0.02
scenario_0326,/home/simon/davide_fr3_ws/src/cbf_safety_filter/data/rollouts/fullpool_candidates_seed20260520_n1500/scenario_0326_offline_rollout.npz,/home/simon/davide_fr3_ws/src/cbf_safety_filter/config/generated_scenarios_fullpool_candidates/scenario_0326.yaml,bad_safety,final_min_psi_negative,3000,True,0,0.031154593468482157,-0.05937740813548799,8.902902609169566e-05,-0.13945854089759846,0.00020996918129920217,0.002916966808798389,0.02
scenario_0327,/home/simon/davide_fr3_ws/src/cbf_safety_filter/data/rollouts/fullpool_candidates_seed20260520_n1500/scenario_0327_offline_rollout.npz,/home/simon/davide_fr3_ws/src/cbf_safety_filter/config/generated_scenarios_fullpool_candidates/scenario_0327.yaml,good,ok,3000,True,0,0.049072257985947554,0.08008129829209121,0.04455192037587777,-0.09306197303968533,0.1275339119669804,0.0006495592167723102,0.02
scenario_0328,/home/simon/davide_fr3_ws/src/cbf_safety_filter/data/rollouts/fullpool_candidates_seed20260520_n1500/scenario_0328_offline_rollout.npz,/home/simon/davide_fr3_ws/src/cbf_safety_filter/config/generated_scenarios_fullpool_candidates/scenario_0328.yaml,good,ok,3000,True,0,0.021041555817110605,0.042425625681717795,0.01761806142894013,0.0343840037500664,0.059366704998267794,3.0943725591901147e-07,0.02
scenario_0329,/home/simon/davide_fr3_ws/src/cbf_safety_filter/data/rollouts/fullpool_candidates_seed20260520_n1500/scenario_0329_offline_rollout.npz,/home/simon/davide_fr3_ws/src/cbf_safety_filter/config/generated_scenarios_fullpool_candidates/scenario_0329.yaml,bad_qp,final_qp_solved_false,3000,False,2933,0.0033398520139948443,-0.014875579494338403,0.0033398520139948443,-0.07858154931934744,0.016957243859379828,0.49847543289655477,0.02
scenario_0330,/home/simon/davide_fr3_ws/src/cbf_safety_filter/data/rollouts/fullpool_candidates_seed20260520_n1500/scenario_0330_offline_rollout.npz,/home/simon/davide_fr3_ws/src/cbf_safety_filter/config/generated_scenarios_fullpool_candidates/scenario_0330.yaml,good,ok,3000,True,0,0.017093363360629346,0.007376739079102433,-0.008164378616673022,-0.052969664026985996,-0.02766301415342509,0.015972685749118795,0.02
scenario_0331,/home/simon/davide_fr3_ws/src/cbf_safety_filter/data/rollouts/fullpool_candidates_seed20260520_n1500/scenario_0331_offline_rollout.npz,/home/simon/davide_fr3_ws/src/cbf_safety_filter/config/generated_scenarios_fullpool_candidates/scenario_0331.yaml,good,ok,3000,True,0,0.05024990428024738,0.11590534668407314,0.038368199942292555,-0.045946432672889836,0.08510563347590375,0.0013771245215305759,0.02
scenario_0332,/home/simon/davide_fr3_ws/src/cbf_safety_filter/data/rollouts/fullpool_candidates_seed20260520_n1500/scenario_0332_offline_rollout.npz,/home/simon/davide_fr3_ws/src/cbf_safety_filter/config/generated_scenarios_fullpool_candidates/scenario_0332.yaml,bad_safety,final_min_h_negative,3000,True,0,-9.59314462967778e-05,-0.00161823454021099,-0.010644177192631561,-0.046193183114070474,-0.06126768893804524,0.010144745624281828,0.02
scenario_0333,/home/simon/davide_fr3_ws/src/cbf_safety_filter/data/rollouts/fullpool_candidates_seed20260520_n1500/scenario_0333_offline_rollout.npz,/home/simon/davide_fr3_ws/src/cbf_safety_filter/config/generated_scenarios_fullpool_candidates/scenario_0333.yaml,good,ok,3000,True,0,0.0345218471076435,0.06908957284951103,0.03205802184913137,0.06418883018997648,0.08272503450107427,1.8316813311909002e-07,0.02
scenario_0334,/home/simon/davide_fr3_ws/src/cbf_safety_filter/data/rollouts/fullpool_candidates_seed20260520_n1500/scenario_0334_offline_rollout.npz,/home/simon/davide_fr3_ws/src/cbf_safety_filter/config/generated_scenarios_fullpool_candidates/scenario_0334.yaml,good,ok,3000,True,0,0.07356513153865983,0.1466322182071479,0.0102257106193427,-0.1801485796546496,0.043746930125832695,0.0016177260836860005,0.02
scenario_0335,/home/simon/davide_fr3_ws/src/cbf_safety_filter/data/rollouts/fullpool_candidates_seed20260520_n1500/scenario_0335_offline_rollout.npz,/home/simon/davide_fr3_ws/src/cbf_safety_filter/config/generated_scenarios_fullpool_candidates/scenario_0335.yaml,bad_safety,final_min_h_negative,3000,True,0,-4.263276027448304e-06,-9.743160758165709e-06,-4.263276027448304e-06,-0.009360166947442086,-1.73739930035971e-05,1.0075877692400844e-06,0.02
scenario_0336,/home/simon/davide_fr3_ws/src/cbf_safety_filter/data/rollouts/fullpool_candidates_seed20260520_n1500/scenario_0336_offline_rollout.npz,/home/simon/davide_fr3_ws/src/cbf_safety_filter/config/generated_scenarios_fullpool_candidates/scenario_0336.yaml,good,ok,3000,True,0,0.043207344439633706,0.13715684896576222,0.002751704086141043,-0.0746185590755157,0.008170849960626808,0.0012883716794953562,0.02
scenario_0337,/home/simon/davide_fr3_ws/src/cbf_safety_filter/data/rollouts/fullpool_candidates_seed20260520_n1500/scenario_0337_offline_rollout.npz,/home/simon/davide_fr3_ws/src/cbf_safety_filter/config/generated_scenarios_fullpool_candidates/scenario_0337.yaml,good,ok,3000,True,0,0.053827611668391874,0.08267059092833132,0.02234174737070111,0.026469037251732427,0.04936674554749504,0.0010426385863153997,0.02
scenario_0338,/home/simon/davide_fr3_ws/src/cbf_safety_filter/data/rollouts/fullpool_candidates_seed20260520_n1500/scenario_0338_offline_rollout.npz,/home/simon/davide_fr3_ws/src/cbf_safety_filter/config/generated_scenarios_fullpool_candidates/scenario_0338.yaml,good,ok,3000,True,0,0.03786320118587777,0.08338149396442816,0.009182755957327007,-0.2653555243449013,0.02588955819310476,0.0015306780773634689,0.02
scenario_0339,/home/simon/davide_fr3_ws/src/cbf_safety_filter/data/rollouts/fullpool_candidates_seed20260520_n1500/scenario_0339_offline_rollout.npz,/home/simon/davide_fr3_ws/src/cbf_safety_filter/config/generated_scenarios_fullpool_candidates/scenario_0339.yaml,good,ok,3000,True,0,0.010809998943851661,0.021220753393689777,0.010809998943851661,0.021220753393689777,0.03754224695466035,3.407069662772965e-08,0.02
scenario_0340,/home/simon/davide_fr3_ws/src/cbf_safety_filter/data/rollouts/fullpool_candidates_seed20260520_n1500/scenario_0340_offline_rollout.npz,/home/simon/davide_fr3_ws/src/cbf_safety_filter/config/generated_scenarios_fullpool_candidates/scenario_0340.yaml,good,ok,3000,True,0,0.030528439317272345,0.053725433082925406,6.384432812277241e-06,-0.019926214460098485,2.2044015447725274e-05,0.0006568890642307218,0.02
scenario_0341,/home/simon/davide_fr3_ws/src/cbf_safety_filter/data/rollouts/fullpool_candidates_seed20260520_n1500/scenario_0341_offline_rollout.npz,/home/simon/davide_fr3_ws/src/cbf_safety_filter/config/generated_scenarios_fullpool_candidates/scenario_0341.yaml,good,ok,3000,True,0,0.05081904815882004,0.08004211608609595,0.009715188083545117,-0.04815969920250342,0.04189480663467521,0.0001394962943428643,0.02
scenario_0342,/home/simon/davide_fr3_ws/src/cbf_safety_filter/data/rollouts/fullpool_candidates_seed20260520_n1500/scenario_0342_offline_rollout.npz,/home/simon/davide_fr3_ws/src/cbf_safety_filter/config/generated_scenarios_fullpool_candidates/scenario_0342.yaml,bad_goal,final_dist_to_goal_above_tol,3000,True,0,0.023712585711110734,0.022233234732633465,2.0415622683622736e-05,-0.0423392317578179,4.923588642333221e-05,0.022935236553682264,0.02
scenario_0343,/home/simon/davide_fr3_ws/src/cbf_safety_filter/data/rollouts/fullpool_candidates_seed20260520_n1500/scenario_0343_offline_rollout.npz,/home/simon/davide_fr3_ws/src/cbf_safety_filter/config/generated_scenarios_fullpool_candidates/scenario_0343.yaml,good,ok,3000,True,0,0.013247769562499186,0.007162479613522184,1.9167419807120112e-05,-0.11986935037775387,5.444447615379766e-05,0.00010435341930154557,0.02
scenario_0344,/home/simon/davide_fr3_ws/src/cbf_safety_filter/data/rollouts/fullpool_candidates_seed20260520_n1500/scenario_0344_offline_rollout.npz,/home/simon/davide_fr3_ws/src/cbf_safety_filter/config/generated_scenarios_fullpool_candidates/scenario_0344.yaml,good,ok,3000,True,0,0.04564690990241667,0.09662296749736296,-0.007388579362065228,-0.08381479042921791,-0.02322149092856013,0.0013412472123737024,0.02
scenario_0345,/home/simon/davide_fr3_ws/src/cbf_safety_filter/data/rollouts/fullpool_candidates_seed20260520_n1500/scenario_0345_offline_rollout.npz,/home/simon/davide_fr3_ws/src/cbf_safety_filter/config/generated_scenarios_fullpool_candidates/scenario_0345.yaml,good,ok,3000,True,0,0.03969670526974149,0.0717030900890675,0.0035375609773253165,-0.043665289694363923,0.010536711812732885,0.0014049394801887132,0.02
scenario_0346,/home/simon/davide_fr3_ws/src/cbf_safety_filter/data/rollouts/fullpool_candidates_seed20260520_n1500/scenario_0346_offline_rollout.npz,/home/simon/davide_fr3_ws/src/cbf_safety_filter/config/generated_scenarios_fullpool_candidates/scenario_0346.yaml,bad_qp,final_qp_solved_false,3000,False,473,0.019301997025905453,0.03959992869191028,0.010248824475560811,0.01708829148958943,0.033923585192596695,0.0003076086951134314,0.02
scenario_0347,/home/simon/davide_fr3_ws/src/cbf_safety_filter/data/rollouts/fullpool_candidates_seed20260520_n1500/scenario_0347_offline_rollout.npz,/home/simon/davide_fr3_ws/src/cbf_safety_filter/config/generated_scenarios_fullpool_candidates/scenario_0347.yaml,good,ok,3000,True,0,0.0473583637218524,0.07480204101562671,0.0017418258824149872,-0.3674740446936725,0.005679626976168001,0.0009803884201667616,0.02
scenario_0348,/home/simon/davide_fr3_ws/src/cbf_safety_filter/data/rollouts/fullpool_candidates_seed20260520_n1500/scenario_0348_offline_rollout.npz,/home/simon/davide_fr3_ws/src/cbf_safety_filter/config/generated_scenarios_fullpool_candidates/scenario_0348.yaml,good,ok,3000,True,0,0.07031341000000002,0.14062682000000004,0.017891623679390005,0.029721213370196037,0.053187534712542645,0.00205007188257548,0.02
scenario_0349,/home/simon/davide_fr3_ws/src/cbf_safety_filter/data/rollouts/fullpool_candidates_seed20260520_n1500/scenario_0349_offline_rollout.npz,/home/simon/davide_fr3_ws/src/cbf_safety_filter/config/generated_scenarios_fullpool_candidates/scenario_0349.yaml,good,ok,3000,True,0,0.07370936921292774,0.11329754196087033,-0.0033262464657649454,-0.09727875440099124,-0.012539549168914976,6.387427971952943e-05,0.02
scenario_0350,/home/simon/davide_fr3_ws/src/cbf_safety_filter/data/rollouts/fullpool_candidates_seed20260520_n1500/scenario_0350_offline_rollout.npz,/home/simon/davide_fr3_ws/src/cbf_safety_filter/config/generated_scenarios_fullpool_candidates/scenario_0350.yaml,good,ok,3000,True,0,0.009657129280750762,0.0211359267432545,0.0013270350014662358,-0.03499205694719701,0.0070929194198332685,8.398268326428246e-05,0.02
scenario_0351,/home/simon/davide_fr3_ws/src/cbf_safety_filter/data/rollouts/fullpool_candidates_seed20260520_n1500/scenario_0351_offline_rollout.npz,/home/simon/davide_fr3_ws/src/cbf_safety_filter/config/generated_scenarios_fullpool_candidates/scenario_0351.yaml,good,ok,3000,True,0,0.010962183618374026,0.032993006972469555,-8.695077982341995e-05,-0.019462840028255768,-0.0004105529384481055,5.0677820177595866e-05,0.02
scenario_0352,/home/simon/davide_fr3_ws/src/cbf_safety_filter/data/rollouts/fullpool_candidates_seed20260520_n1500/scenario_0352_offline_rollout.npz,/home/simon/davide_fr3_ws/src/cbf_safety_filter/config/generated_scenarios_fullpool_candidates/scenario_0352.yaml,good,ok,3000,True,0,0.02438732651931113,0.04610906355058065,0.0023187228658856016,-0.17943310990750178,0.00620632655571432,0.0005339190847994395,0.02
scenario_0353,/home/simon/davide_fr3_ws/src/cbf_safety_filter/data/rollouts/fullpool_candidates_seed20260520_n1500/scenario_0353_offline_rollout.npz,/home/simon/davide_fr3_ws/src/cbf_safety_filter/config/generated_scenarios_fullpool_candidates/scenario_0353.yaml,bad_qp,final_qp_solved_false,3000,False,2102,0.012093074179713077,0.0347135238405228,0.003509406907624451,0.004005184027428808,0.011597603125014122,0.0025979929119241286,0.02
scenario_0354,/home/simon/davide_fr3_ws/src/cbf_safety_filter/data/rollouts/fullpool_candidates_seed20260520_n1500/scenario_0354_offline_rollout.npz,/home/simon/davide_fr3_ws/src/cbf_safety_filter/config/generated_scenarios_fullpool_candidates/scenario_0354.yaml,good,ok,3000,True,0,0.049762691791533364,0.0998923434064344,0.04522339380296661,0.08961820633187242,0.10077153019002283,6.777432339346927e-07,0.02
scenario_0355,/home/simon/davide_fr3_ws/src/cbf_safety_filter/data/rollouts/fullpool_candidates_seed20260520_n1500/scenario_0355_offline_rollout.npz,/home/simon/davide_fr3_ws/src/cbf_safety_filter/config/generated_scenarios_fullpool_candidates/scenario_0355.yaml,good,ok,3000,True,0,0.057367303695609245,0.0901919070577248,0.013917076623416347,-0.03340354363351966,0.03231180666094838,0.002054741179378843,0.02
scenario_0356,/home/simon/davide_fr3_ws/src/cbf_safety_filter/data/rollouts/fullpool_candidates_seed20260520_n1500/scenario_0356_offline_rollout.npz,/home/simon/davide_fr3_ws/src/cbf_safety_filter/config/generated_scenarios_fullpool_candidates/scenario_0356.yaml,bad_qp,final_qp_solved_false,3000,False,989,0.031776890619963916,0.052155208539663586,-0.006067737252509489,-0.18979185066306897,-0.021726894316047074,0.010173381187235013,0.02
scenario_0357,/home/simon/davide_fr3_ws/src/cbf_safety_filter/data/rollouts/fullpool_candidates_seed20260520_n1500/scenario_0357_offline_rollout.npz,/home/simon/davide_fr3_ws/src/cbf_safety_filter/config/generated_scenarios_fullpool_candidates/scenario_0357.yaml,good,ok,3000,True,0,1.6073915302984576e-06,2.990675590421629e-06,-0.0021179492130522573,-0.02684602351812962,-0.007809830332906997,3.3397305291433862e-06,0.02
scenario_0358,/home/simon/davide_fr3_ws/src/cbf_safety_filter/data/rollouts/fullpool_candidates_seed20260520_n1500/scenario_0358_offline_rollout.npz,/home/simon/davide_fr3_ws/src/cbf_safety_filter/config/generated_scenarios_fullpool_candidates/scenario_0358.yaml,bad_qp,final_qp_solved_false,3000,False,2919,0.017393317393697223,-0.04211779460523485,0.009594661986991295,-0.17256116863092275,0.03825505056206294,0.39457873292634077,0.02
scenario_0359,/home/simon/davide_fr3_ws/src/cbf_safety_filter/data/rollouts/fullpool_candidates_seed20260520_n1500/scenario_0359_offline_rollout.npz,/home/simon/davide_fr3_ws/src/cbf_safety_filter/config/generated_scenarios_fullpool_candidates/scenario_0359.yaml,bad_safety,final_min_psi_negative,3000,True,0,0.028675385984021265,-0.006255537674481795,-0.0012091330264704624,-0.05600174349997038,-0.006468315024435359,0.01225854244167052,0.02
scenario_0360,/home/simon/davide_fr3_ws/src/cbf_safety_filter/data/rollouts/fullpool_candidates_seed20260520_n1500/scenario_0360_offline_rollout.npz,/home/simon/davide_fr3_ws/src/cbf_safety_filter/config/generated_scenarios_fullpool_candidates/scenario_0360.yaml,good,ok,3000,True,0,0.025401896798035208,0.057065711106070977,0.005330105618634472,-0.04195984456985044,0.013787576084617392,6.0622996302170894e-05,0.02
scenario_0361,/home/simon/davide_fr3_ws/src/cbf_safety_filter/data/rollouts/fullpool_candidates_seed20260520_n1500/scenario_0361_offline_rollout.npz,/home/simon/davide_fr3_ws/src/cbf_safety_filter/config/generated_scenarios_fullpool_candidates/scenario_0361.yaml,good,ok,3000,True,0,0.005436511562060216,0.0008977754199882629,-0.0010735950709384254,-0.0038370467770219505,-0.0036598987536201333,0.0001313898302615077,0.02
scenario_0362,/home/simon/davide_fr3_ws/src/cbf_safety_filter/data/rollouts/fullpool_candidates_seed20260520_n1500/scenario_0362_offline_rollout.npz,/home/simon/davide_fr3_ws/src/cbf_safety_filter/config/generated_scenarios_fullpool_candidates/scenario_0362.yaml,good,ok,3000,True,0,0.02459829794214998,0.048782597777960617,0.02459829794214998,0.04871538145900155,0.07186843782225716,0.00011502220302205277,0.02
scenario_0363,/home/simon/davide_fr3_ws/src/cbf_safety_filter/data/rollouts/fullpool_candidates_seed20260520_n1500/scenario_0363_offline_rollout.npz,/home/simon/davide_fr3_ws/src/cbf_safety_filter/config/generated_scenarios_fullpool_candidates/scenario_0363.yaml,good,ok,3000,True,0,0.0020900192085557285,0.002555487439607872,-2.6753473307607537e-05,-0.07390192008985616,-0.00014875333812895686,0.0027832031934192504,0.02
scenario_0364,/home/simon/davide_fr3_ws/src/cbf_safety_filter/data/rollouts/fullpool_candidates_seed20260520_n1500/scenario_0364_offline_rollout.npz,/home/simon/davide_fr3_ws/src/cbf_safety_filter/config/generated_scenarios_fullpool_candidates/scenario_0364.yaml,bad_goal,final_dist_to_goal_above_tol,3000,True,0,0.029571790863667506,0.061198888502099605,0.0009469968998930822,-0.12312680991572728,0.002617334246479086,0.02753554680794915,0.02
scenario_0365,/home/simon/davide_fr3_ws/src/cbf_safety_filter/data/rollouts/fullpool_candidates_seed20260520_n1500/scenario_0365_offline_rollout.npz,/home/simon/davide_fr3_ws/src/cbf_safety_filter/config/generated_scenarios_fullpool_candidates/scenario_0365.yaml,good,ok,3000,True,0,0.043605740444489595,0.099943192501117,0.01591867201873894,-0.016159868966927074,0.04643276193575155,0.001185270960763,0.02
scenario_0366,/home/simon/davide_fr3_ws/src/cbf_safety_filter/data/rollouts/fullpool_candidates_seed20260520_n1500/scenario_0366_offline_rollout.npz,/home/simon/davide_fr3_ws/src/cbf_safety_filter/config/generated_scenarios_fullpool_candidates/scenario_0366.yaml,good,ok,3000,True,0,0.040380652503770854,0.08398550465924007,0.0014360532990752642,-0.009456824387210155,0.003759698483315227,0.0011209848248338737,0.02
scenario_0367,/home/simon/davide_fr3_ws/src/cbf_safety_filter/data/rollouts/fullpool_candidates_seed20260520_n1500/scenario_0367_offline_rollout.npz,/home/simon/davide_fr3_ws/src/cbf_safety_filter/config/generated_scenarios_fullpool_candidates/scenario_0367.yaml,good,ok,3000,True,0,0.028433710664536364,0.057346787637973774,-2.946644342503857e-05,-0.0001765189259789911,-7.556962613700091e-05,4.053977401697915e-06,0.02
scenario_0368,/home/simon/davide_fr3_ws/src/cbf_safety_filter/data/rollouts/fullpool_candidates_seed20260520_n1500/scenario_0368_offline_rollout.npz,/home/simon/davide_fr3_ws/src/cbf_safety_filter/config/generated_scenarios_fullpool_candidates/scenario_0368.yaml,good,ok,3000,True,0,4.278416797759421e-06,8.590670400984913e-06,-9.579851595957478e-05,-0.000547395064669904,-0.0003040296448462987,4.7390987596572975e-07,0.02
scenario_0369,/home/simon/davide_fr3_ws/src/cbf_safety_filter/data/rollouts/fullpool_candidates_seed20260520_n1500/scenario_0369_offline_rollout.npz,/home/simon/davide_fr3_ws/src/cbf_safety_filter/config/generated_scenarios_fullpool_candidates/scenario_0369.yaml,good,ok,3000,True,0,0.005137727142080736,0.0008414622534412067,-0.003987779248855157,-0.054634774497644006,-0.025322918109643766,0.0012853137519214116,0.02
scenario_0370,/home/simon/davide_fr3_ws/src/cbf_safety_filter/data/rollouts/fullpool_candidates_seed20260520_n1500/scenario_0370_offline_rollout.npz,/home/simon/davide_fr3_ws/src/cbf_safety_filter/config/generated_scenarios_fullpool_candidates/scenario_0370.yaml,good,ok,3000,True,0,0.05059996453998401,0.07677384868514348,0.007621109866601351,-0.03617192251279888,0.021204807786354557,0.0010097698810923267,0.02
scenario_0371,/home/simon/davide_fr3_ws/src/cbf_safety_filter/data/rollouts/fullpool_candidates_seed20260520_n1500/scenario_0371_offline_rollout.npz,/home/simon/davide_fr3_ws/src/cbf_safety_filter/config/generated_scenarios_fullpool_candidates/scenario_0371.yaml,good,ok,3000,True,0,0.03525125214576167,0.07856388000000002,0.022137999863855763,0.000914625889675974,0.060247983071750666,0.0016982899837527702,0.02
scenario_0372,/home/simon/davide_fr3_ws/src/cbf_safety_filter/data/rollouts/fullpool_candidates_seed20260520_n1500/scenario_0372_offline_rollout.npz,/home/simon/davide_fr3_ws/src/cbf_safety_filter/config/generated_scenarios_fullpool_candidates/scenario_0372.yaml,good,ok,3000,True,0,0.022094826479656073,0.04356924459407346,0.022094826479656073,0.04356924459407346,0.08376658620015551,1.9034741864381493e-07,0.02
scenario_0373,/home/simon/davide_fr3_ws/src/cbf_safety_filter/data/rollouts/fullpool_candidates_seed20260520_n1500/scenario_0373_offline_rollout.npz,/home/simon/davide_fr3_ws/src/cbf_safety_filter/config/generated_scenarios_fullpool_candidates/scenario_0373.yaml,good,ok,3000,True,0,0.03206896124736546,0.08745313609888056,-0.0017215682779499128,-0.1992729268238398,-0.004228111831823839,0.0020118061007038186,0.02
scenario_0374,/home/simon/davide_fr3_ws/src/cbf_safety_filter/data/rollouts/fullpool_candidates_seed20260520_n1500/scenario_0374_offline_rollout.npz,/home/simon/davide_fr3_ws/src/cbf_safety_filter/config/generated_scenarios_fullpool_candidates/scenario_0374.yaml,good,ok,3000,True,0,0.03300069524030136,0.038322824531141636,0.011700619075046926,0.019750097302283123,0.03614182136192498,0.0011298068333435952,0.02
scenario_0375,/home/simon/davide_fr3_ws/src/cbf_safety_filter/data/rollouts/fullpool_candidates_seed20260520_n1500/scenario_0375_offline_rollout.npz,/home/simon/davide_fr3_ws/src/cbf_safety_filter/config/generated_scenarios_fullpool_candidates/scenario_0375.yaml,good,ok,3000,True,0,0.02719647701860862,0.029360677618969714,-0.0007408644291939728,-0.04476694150438476,-0.002823670991948496,0.0029100126868030264,0.02
scenario_0376,/home/simon/davide_fr3_ws/src/cbf_safety_filter/data/rollouts/fullpool_candidates_seed20260520_n1500/scenario_0376_offline_rollout.npz,/home/simon/davide_fr3_ws/src/cbf_safety_filter/config/generated_scenarios_fullpool_candidates/scenario_0376.yaml,good,ok,3000,True,0,0.0025997313079826126,0.001051232414994583,0.0004124307126497258,-0.10412921746431753,0.001203812385443398,8.57925382064369e-05,0.02
scenario_0377,/home/simon/davide_fr3_ws/src/cbf_safety_filter/data/rollouts/fullpool_candidates_seed20260520_n1500/scenario_0377_offline_rollout.npz,/home/simon/davide_fr3_ws/src/cbf_safety_filter/config/generated_scenarios_fullpool_candidates/scenario_0377.yaml,good,ok,3000,True,0,0.03490489395274855,0.0710136833117887,6.959769969436258e-06,3.6183993499144026e-06,2.107609257345766e-05,4.616572683600126e-05,0.02
scenario_0378,/home/simon/davide_fr3_ws/src/cbf_safety_filter/data/rollouts/fullpool_candidates_seed20260520_n1500/scenario_0378_offline_rollout.npz,/home/simon/davide_fr3_ws/src/cbf_safety_filter/config/generated_scenarios_fullpool_candidates/scenario_0378.yaml,bad_goal,final_dist_to_goal_above_tol,3000,True,0,0.0003394146922281009,0.0008405720159627567,-0.00492077711351489,-0.05691361492081903,-0.016141166233288262,0.09682669159175401,0.02
scenario_0379,/home/simon/davide_fr3_ws/src/cbf_safety_filter/data/rollouts/fullpool_candidates_seed20260520_n1500/scenario_0379_offline_rollout.npz,/home/simon/davide_fr3_ws/src/cbf_safety_filter/config/generated_scenarios_fullpool_candidates/scenario_0379.yaml,good,ok,3000,True,0,0.004981941194070555,0.0009662797383389928,5.2882115162695975e-05,-0.1368539036272336,0.00014007020535311554,0.0011050125876357819,0.02
scenario_0380,/home/simon/davide_fr3_ws/src/cbf_safety_filter/data/rollouts/fullpool_candidates_seed20260520_n1500/scenario_0380_offline_rollout.npz,/home/simon/davide_fr3_ws/src/cbf_safety_filter/config/generated_scenarios_fullpool_candidates/scenario_0380.yaml,good,ok,3000,True,0,0.0004944775941496601,0.0010191743222152283,3.227943930900201e-08,-8.171198703062698e-08,8.122655437148296e-08,5.398785230155427e-08,0.02
scenario_0381,/home/simon/davide_fr3_ws/src/cbf_safety_filter/data/rollouts/fullpool_candidates_seed20260520_n1500/scenario_0381_offline_rollout.npz,/home/simon/davide_fr3_ws/src/cbf_safety_filter/config/generated_scenarios_fullpool_candidates/scenario_0381.yaml,good,ok,3000,True,0,0.01487256746368737,0.034196277695638926,-0.0012282003850662068,-0.07122622528748643,-0.0038048915642432957,6.030860858196395e-06,0.02
scenario_0382,/home/simon/davide_fr3_ws/src/cbf_safety_filter/data/rollouts/fullpool_candidates_seed20260520_n1500/scenario_0382_offline_rollout.npz,/home/simon/davide_fr3_ws/src/cbf_safety_filter/config/generated_scenarios_fullpool_candidates/scenario_0382.yaml,good,ok,3000,True,0,0.0074175035211861175,0.015156881433058239,7.054389339310185e-07,-0.034621765368343,3.1548702179029497e-06,0.0020380430888597956,0.02
scenario_0383,/home/simon/davide_fr3_ws/src/cbf_safety_filter/data/rollouts/fullpool_candidates_seed20260520_n1500/scenario_0383_offline_rollout.npz,/home/simon/davide_fr3_ws/src/cbf_safety_filter/config/generated_scenarios_fullpool_candidates/scenario_0383.yaml,good,ok,3000,True,0,0.012771868033984685,0.00457186592457607,2.8248296615445562e-05,-0.04155462498830406,8.61002541514555e-05,0.001407984322618576,0.02
scenario_0384,/home/simon/davide_fr3_ws/src/cbf_safety_filter/data/rollouts/fullpool_candidates_seed20260520_n1500/scenario_0384_offline_rollout.npz,/home/simon/davide_fr3_ws/src/cbf_safety_filter/config/generated_scenarios_fullpool_candidates/scenario_0384.yaml,bad_safety,final_min_h_negative,3000,True,0,-0.0002001988006645264,0.0005028444547739959,-0.0003260073311725162,-0.0017286190114221027,-0.0007878147207107666,3.519874324216558e-05,0.02
scenario_0385,/home/simon/davide_fr3_ws/src/cbf_safety_filter/data/rollouts/fullpool_candidates_seed20260520_n1500/scenario_0385_offline_rollout.npz,/home/simon/davide_fr3_ws/src/cbf_safety_filter/config/generated_scenarios_fullpool_candidates/scenario_0385.yaml,good,ok,3000,True,0,0.05171531625555398,0.12170208202924095,0.004021561207129341,-0.3088518326945796,0.010397082574566896,0.0005172303696374707,0.02
scenario_0386,/home/simon/davide_fr3_ws/src/cbf_safety_filter/data/rollouts/fullpool_candidates_seed20260520_n1500/scenario_0386_offline_rollout.npz,/home/simon/davide_fr3_ws/src/cbf_safety_filter/config/generated_scenarios_fullpool_candidates/scenario_0386.yaml,bad_safety,final_min_h_negative,3000,True,0,-2.467255560446857e-07,-4.923574708910006e-07,-2.708097969830736e-07,-0.001175595945479847,-1.0875942965671292e-06,1.975633370469372e-07,0.02
scenario_0387,/home/simon/davide_fr3_ws/src/cbf_safety_filter/data/rollouts/fullpool_candidates_seed20260520_n1500/scenario_0387_offline_rollout.npz,/home/simon/davide_fr3_ws/src/cbf_safety_filter/config/generated_scenarios_fullpool_candidates/scenario_0387.yaml,bad_goal,final_dist_to_goal_above_tol,3000,True,0,0.005134445567476914,0.008758012132343937,-0.007310329616558874,-0.16731701965791818,-0.02286361502838624,0.02304060832808146,0.02
scenario_0388,/home/simon/davide_fr3_ws/src/cbf_safety_filter/data/rollouts/fullpool_candidates_seed20260520_n1500/scenario_0388_offline_rollout.npz,/home/simon/davide_fr3_ws/src/cbf_safety_filter/config/generated_scenarios_fullpool_candidates/scenario_0388.yaml,bad_safety,final_min_psi_negative,3000,True,0,0.05904723042183128,-0.017844727617588013,0.0003174515221651651,-0.1895868729977189,0.0009021018076745269,0.0015188673321281858,0.02
scenario_0389,/home/simon/davide_fr3_ws/src/cbf_safety_filter/data/rollouts/fullpool_candidates_seed20260520_n1500/scenario_0389_offline_rollout.npz,/home/simon/davide_fr3_ws/src/cbf_safety_filter/config/generated_scenarios_fullpool_candidates/scenario_0389.yaml,good,ok,3000,True,0,0.0636505133388208,0.13427202723088127,0.024251766441853402,0.025521529613452887,0.05535033220211355,0.0034889146718727394,0.02
scenario_0390,/home/simon/davide_fr3_ws/src/cbf_safety_filter/data/rollouts/fullpool_candidates_seed20260520_n1500/scenario_0390_offline_rollout.npz,/home/simon/davide_fr3_ws/src/cbf_safety_filter/config/generated_scenarios_fullpool_candidates/scenario_0390.yaml,good,ok,3000,True,0,0.003525614099555433,0.007712124621645371,0.00024428866587405604,-0.28240981647513297,0.0007293736682409679,0.0003874729355038807,0.02
scenario_0391,/home/simon/davide_fr3_ws/src/cbf_safety_filter/data/rollouts/fullpool_candidates_seed20260520_n1500/scenario_0391_offline_rollout.npz,/home/simon/davide_fr3_ws/src/cbf_safety_filter/config/generated_scenarios_fullpool_candidates/scenario_0391.yaml,good,ok,3000,True,0,0.04099466156624687,0.11439925961442796,0.009894124115334168,-0.059804110014177764,0.03476882637300922,0.001813719498766328,0.02
scenario_0392,/home/simon/davide_fr3_ws/src/cbf_safety_filter/data/rollouts/fullpool_candidates_seed20260520_n1500/scenario_0392_offline_rollout.npz,/home/simon/davide_fr3_ws/src/cbf_safety_filter/config/generated_scenarios_fullpool_candidates/scenario_0392.yaml,good,ok,3000,True,0,0.011735506941741775,0.004650726337943084,0.007461452549856619,-0.01673190970036277,0.01894973358319757,0.0016796105383932722,0.02
scenario_0393,/home/simon/davide_fr3_ws/src/cbf_safety_filter/data/rollouts/fullpool_candidates_seed20260520_n1500/scenario_0393_offline_rollout.npz,/home/simon/davide_fr3_ws/src/cbf_safety_filter/config/generated_scenarios_fullpool_candidates/scenario_0393.yaml,bad_qp,final_qp_solved_false,3000,False,2922,0.008819915746666204,-0.0033361766138968463,0.008819915746666204,-0.05412620358305267,0.03858486346389026,0.4016538094502,0.02
scenario_0394,/home/simon/davide_fr3_ws/src/cbf_safety_filter/data/rollouts/fullpool_candidates_seed20260520_n1500/scenario_0394_offline_rollout.npz,/home/simon/davide_fr3_ws/src/cbf_safety_filter/config/generated_scenarios_fullpool_candidates/scenario_0394.yaml,bad_safety,final_min_h_negative,3000,True,0,-0.0026335403258252593,-0.0037417178172219727,-0.007229773123582459,-0.019031831144460994,-0.018818557607519132,0.021968934330571892,0.02
scenario_0395,/home/simon/davide_fr3_ws/src/cbf_safety_filter/data/rollouts/fullpool_candidates_seed20260520_n1500/scenario_0395_offline_rollout.npz,/home/simon/davide_fr3_ws/src/cbf_safety_filter/config/generated_scenarios_fullpool_candidates/scenario_0395.yaml,bad_qp,final_qp_solved_false,3000,False,2848,-0.015365636154656831,-0.021820799775807843,-0.015477146129573672,-0.07924850782630749,-0.0416058903276926,0.34213902224191084,0.02
scenario_0396,/home/simon/davide_fr3_ws/src/cbf_safety_filter/data/rollouts/fullpool_candidates_seed20260520_n1500/scenario_0396_offline_rollout.npz,/home/simon/davide_fr3_ws/src/cbf_safety_filter/config/generated_scenarios_fullpool_candidates/scenario_0396.yaml,good,ok,3000,True,0,0.0021575592023013665,0.0008402680412746581,-0.0067841802723229636,-0.10846702215136861,-0.02115812299935252,0.00019562207412255033,0.02
scenario_0397,/home/simon/davide_fr3_ws/src/cbf_safety_filter/data/rollouts/fullpool_candidates_seed20260520_n1500/scenario_0397_offline_rollout.npz,/home/simon/davide_fr3_ws/src/cbf_safety_filter/config/generated_scenarios_fullpool_candidates/scenario_0397.yaml,good,ok,3000,True,0,0.016844463790840383,0.03821347695975402,-0.007880201759167484,-0.16774693434443688,-0.028849280637269617,0.00011777384780525754,0.02
scenario_0398,/home/simon/davide_fr3_ws/src/cbf_safety_filter/data/rollouts/fullpool_candidates_seed20260520_n1500/scenario_0398_offline_rollout.npz,/home/simon/davide_fr3_ws/src/cbf_safety_filter/config/generated_scenarios_fullpool_candidates/scenario_0398.yaml,good,ok,3000,True,0,0.011936045445395976,0.03114499874483971,-0.00420295527491156,-0.020229853693508586,-0.014614635491242367,0.0012889948947337904,0.02
scenario_0399,/home/simon/davide_fr3_ws/src/cbf_safety_filter/data/rollouts/fullpool_candidates_seed20260520_n1500/scenario_0399_offline_rollout.npz,/home/simon/davide_fr3_ws/src/cbf_safety_filter/config/generated_scenarios_fullpool_candidates/scenario_0399.yaml,good,ok,3000,True,0,0.03818108433700944,0.07906980357327746,0.010967140017969113,-0.02501100140886567,0.03268782538577694,0.0005524587869008444,0.02
scenario_0400,/home/simon/davide_fr3_ws/src/cbf_safety_filter/data/rollouts/fullpool_candidates_seed20260520_n1500/scenario_0400_offline_rollout.npz,/home/simon/davide_fr3_ws/src/cbf_safety_filter/config/generated_scenarios_fullpool_candidates/scenario_0400.yaml,good,ok,3000,True,0,0.0466425714192577,0.07051370531486065,-0.0005943888720315108,-0.19952456949348074,-0.0014379376487784201,0.000594433173293047,0.02
scenario_0401,/home/simon/davide_fr3_ws/src/cbf_safety_filter/data/rollouts/fullpool_candidates_seed20260520_n1500/scenario_0401_offline_rollout.npz,/home/simon/davide_fr3_ws/src/cbf_safety_filter/config/generated_scenarios_fullpool_candidates/scenario_0401.yaml,good,ok,3000,True,0,0.029296533412185407,0.0448902603725508,0.009731639736853925,-0.016989969541524375,0.03247407906369351,0.0012225053139231787,0.02
scenario_0402,/home/simon/davide_fr3_ws/src/cbf_safety_filter/data/rollouts/fullpool_candidates_seed20260520_n1500/scenario_0402_offline_rollout.npz,/home/simon/davide_fr3_ws/src/cbf_safety_filter/config/generated_scenarios_fullpool_candidates/scenario_0402.yaml,good,ok,3000,True,0,0.06006385594675198,0.11973275906194855,-0.003442863572011859,-0.31129002356742774,-0.008511650777152713,0.0001805879693467995,0.02
scenario_0403,/home/simon/davide_fr3_ws/src/cbf_safety_filter/data/rollouts/fullpool_candidates_seed20260520_n1500/scenario_0403_offline_rollout.npz,/home/simon/davide_fr3_ws/src/cbf_safety_filter/config/generated_scenarios_fullpool_candidates/scenario_0403.yaml,good,ok,3000,True,0,0.035664175790976874,0.07172804892462187,-0.0005243044609281869,-0.06984745164837677,-0.0031155853742861894,0.002253600894730097,0.02
scenario_0404,/home/simon/davide_fr3_ws/src/cbf_safety_filter/data/rollouts/fullpool_candidates_seed20260520_n1500/scenario_0404_offline_rollout.npz,/home/simon/davide_fr3_ws/src/cbf_safety_filter/config/generated_scenarios_fullpool_candidates/scenario_0404.yaml,good,ok,3000,True,0,0.02623202091111916,0.0521095980621977,4.3192897637017724e-08,4.611592000072296e-08,1.6201377114888338e-07,2.86635508926771e-07,0.02
scenario_0405,/home/simon/davide_fr3_ws/src/cbf_safety_filter/data/rollouts/fullpool_candidates_seed20260520_n1500/scenario_0405_offline_rollout.npz,/home/simon/davide_fr3_ws/src/cbf_safety_filter/config/generated_scenarios_fullpool_candidates/scenario_0405.yaml,good,ok,3000,True,0,0.040928117745376136,0.08257864559134735,0.0317539797444468,0.06350124266179699,0.07357668091976899,5.752193178913106e-07,0.02
scenario_0406,/home/simon/davide_fr3_ws/src/cbf_safety_filter/data/rollouts/fullpool_candidates_seed20260520_n1500/scenario_0406_offline_rollout.npz,/home/simon/davide_fr3_ws/src/cbf_safety_filter/config/generated_scenarios_fullpool_candidates/scenario_0406.yaml,good,ok,3000,True,0,0.027883888503078113,0.05839630135361994,0.002196164999603914,0.0001985277463297649,0.005667990780808235,4.289289659860055e-05,0.02
scenario_0407,/home/simon/davide_fr3_ws/src/cbf_safety_filter/data/rollouts/fullpool_candidates_seed20260520_n1500/scenario_0407_offline_rollout.npz,/home/simon/davide_fr3_ws/src/cbf_safety_filter/config/generated_scenarios_fullpool_candidates/scenario_0407.yaml,good,ok,3000,True,0,0.02978155760028972,0.05861977751131984,0.02978155760028972,0.05861977751131984,0.06245421858426342,3.615323348129411e-07,0.02
scenario_0408,/home/simon/davide_fr3_ws/src/cbf_safety_filter/data/rollouts/fullpool_candidates_seed20260520_n1500/scenario_0408_offline_rollout.npz,/home/simon/davide_fr3_ws/src/cbf_safety_filter/config/generated_scenarios_fullpool_candidates/scenario_0408.yaml,good,ok,3000,True,0,0.017412783235129747,0.04035985361073629,2.7423016726174643e-07,-0.004167522905321845,7.567041795386587e-07,4.758468825055875e-06,0.02
scenario_0409,/home/simon/davide_fr3_ws/src/cbf_safety_filter/data/rollouts/fullpool_candidates_seed20260520_n1500/scenario_0409_offline_rollout.npz,/home/simon/davide_fr3_ws/src/cbf_safety_filter/config/generated_scenarios_fullpool_candidates/scenario_0409.yaml,good,ok,3000,True,0,0.0006249669047993442,0.00130991516487534,-0.00021490425076626032,-0.0004562947672138473,-0.0006147405961359209,7.97753021577431e-08,0.02
scenario_0410,/home/simon/davide_fr3_ws/src/cbf_safety_filter/data/rollouts/fullpool_candidates_seed20260520_n1500/scenario_0410_offline_rollout.npz,/home/simon/davide_fr3_ws/src/cbf_safety_filter/config/generated_scenarios_fullpool_candidates/scenario_0410.yaml,good,ok,3000,True,0,0.022968174518926996,0.05156988959598246,0.00019473470531942982,0.00013249089303771916,0.00046358387823466907,7.6811011498235e-05,0.02
scenario_0411,/home/simon/davide_fr3_ws/src/cbf_safety_filter/data/rollouts/fullpool_candidates_seed20260520_n1500/scenario_0411_offline_rollout.npz,/home/simon/davide_fr3_ws/src/cbf_safety_filter/config/generated_scenarios_fullpool_candidates/scenario_0411.yaml,good,ok,3000,True,0,0.04651194011372778,0.09490392698103932,0.03787301729635604,0.0361885543649689,0.12155950059130641,0.0019273396888057819,0.02
scenario_0412,/home/simon/davide_fr3_ws/src/cbf_safety_filter/data/rollouts/fullpool_candidates_seed20260520_n1500/scenario_0412_offline_rollout.npz,/home/simon/davide_fr3_ws/src/cbf_safety_filter/config/generated_scenarios_fullpool_candidates/scenario_0412.yaml,good,ok,3000,True,0,0.07928993661371211,0.06784884738424274,0.002211265595887071,-0.09576871191144842,0.011544402090351943,0.0007136134595704333,0.02
scenario_0413,/home/simon/davide_fr3_ws/src/cbf_safety_filter/data/rollouts/fullpool_candidates_seed20260520_n1500/scenario_0413_offline_rollout.npz,/home/simon/davide_fr3_ws/src/cbf_safety_filter/config/generated_scenarios_fullpool_candidates/scenario_0413.yaml,good,ok,3000,True,0,0.04486309739153861,0.09087865664617174,0.014676238251556083,-0.0906994951084597,0.03695356078985684,0.013230888389938512,0.02
scenario_0414,/home/simon/davide_fr3_ws/src/cbf_safety_filter/data/rollouts/fullpool_candidates_seed20260520_n1500/scenario_0414_offline_rollout.npz,/home/simon/davide_fr3_ws/src/cbf_safety_filter/config/generated_scenarios_fullpool_candidates/scenario_0414.yaml,good,ok,3000,True,0,0.02212190961871207,0.03360080826716218,-0.0005475403048752596,-0.12070186103571956,-0.0024404591973960083,0.008568986393940008,0.02
scenario_0415,/home/simon/davide_fr3_ws/src/cbf_safety_filter/data/rollouts/fullpool_candidates_seed20260520_n1500/scenario_0415_offline_rollout.npz,/home/simon/davide_fr3_ws/src/cbf_safety_filter/config/generated_scenarios_fullpool_candidates/scenario_0415.yaml,good,ok,3000,True,0,0.02548136669754067,0.03265144184044498,0.020692177915682147,-0.02202512876381585,0.05730274356633602,0.0026697889420888928,0.02
scenario_0416,/home/simon/davide_fr3_ws/src/cbf_safety_filter/data/rollouts/fullpool_candidates_seed20260520_n1500/scenario_0416_offline_rollout.npz,/home/simon/davide_fr3_ws/src/cbf_safety_filter/config/generated_scenarios_fullpool_candidates/scenario_0416.yaml,good,ok,3000,True,0,0.05396927885092967,0.10692415578348642,0.0006326308867902163,-0.15178094691767935,0.0017972608233101373,0.0010226338158590056,0.02
scenario_0417,/home/simon/davide_fr3_ws/src/cbf_safety_filter/data/rollouts/fullpool_candidates_seed20260520_n1500/scenario_0417_offline_rollout.npz,/home/simon/davide_fr3_ws/src/cbf_safety_filter/config/generated_scenarios_fullpool_candidates/scenario_0417.yaml,good,ok,3000,True,0,0.016892595853170593,0.009829232931740858,0.0006197959208299186,-0.03690339229690345,0.001454052851073917,0.000682983835012125,0.02
scenario_0418,/home/simon/davide_fr3_ws/src/cbf_safety_filter/data/rollouts/fullpool_candidates_seed20260520_n1500/scenario_0418_offline_rollout.npz,/home/simon/davide_fr3_ws/src/cbf_safety_filter/config/generated_scenarios_fullpool_candidates/scenario_0418.yaml,good,ok,3000,True,0,0.00024950967392151427,7.150550837033235e-05,0.00024950967392151427,7.150550837033235e-05,0.0008502622285176675,0.00013988124141487728,0.02
scenario_0419,/home/simon/davide_fr3_ws/src/cbf_safety_filter/data/rollouts/fullpool_candidates_seed20260520_n1500/scenario_0419_offline_rollout.npz,/home/simon/davide_fr3_ws/src/cbf_safety_filter/config/generated_scenarios_fullpool_candidates/scenario_0419.yaml,good,ok,3000,True,0,0.015010477602255233,0.009016303618176333,0.0002923037924512824,-0.027749371501862907,0.0009491948585400867,0.0010354922828328102,0.02
scenario_0420,/home/simon/davide_fr3_ws/src/cbf_safety_filter/data/rollouts/fullpool_candidates_seed20260520_n1500/scenario_0420_offline_rollout.npz,/home/simon/davide_fr3_ws/src/cbf_safety_filter/config/generated_scenarios_fullpool_candidates/scenario_0420.yaml,good,ok,3000,True,0,0.026012832979043717,0.05319420051015303,0.012343065982984427,0.024673797926853334,0.04153961728722674,1.461268673609387e-08,0.02
scenario_0421,/home/simon/davide_fr3_ws/src/cbf_safety_filter/data/rollouts/fullpool_candidates_seed20260520_n1500/scenario_0421_offline_rollout.npz,/home/simon/davide_fr3_ws/src/cbf_safety_filter/config/generated_scenarios_fullpool_candidates/scenario_0421.yaml,good,ok,3000,True,0,0.02789765701223108,0.05881200000000001,0.013786771720943204,0.005797013786213334,0.04326425536813397,0.0017034645194094178,0.02
scenario_0422,/home/simon/davide_fr3_ws/src/cbf_safety_filter/data/rollouts/fullpool_candidates_seed20260520_n1500/scenario_0422_offline_rollout.npz,/home/simon/davide_fr3_ws/src/cbf_safety_filter/config/generated_scenarios_fullpool_candidates/scenario_0422.yaml,good,ok,3000,True,0,0.01423795700098916,0.03410387428162058,0.007753157868147915,-0.0029009575918214625,0.030024834321319915,0.00098342688915666,0.02
scenario_0423,/home/simon/davide_fr3_ws/src/cbf_safety_filter/data/rollouts/fullpool_candidates_seed20260520_n1500/scenario_0423_offline_rollout.npz,/home/simon/davide_fr3_ws/src/cbf_safety_filter/config/generated_scenarios_fullpool_candidates/scenario_0423.yaml,bad_safety,final_min_psi_negative,3000,True,0,0.012564864896902388,-0.0052138131898496025,-0.0006397469915909622,-0.04997659432324,-0.002025964517996054,0.0007556846378005424,0.02
scenario_0424,/home/simon/davide_fr3_ws/src/cbf_safety_filter/data/rollouts/fullpool_candidates_seed20260520_n1500/scenario_0424_offline_rollout.npz,/home/simon/davide_fr3_ws/src/cbf_safety_filter/config/generated_scenarios_fullpool_candidates/scenario_0424.yaml,good,ok,3000,True,0,0.034822197935580515,0.07083276612940469,0.00018468013877886644,4.6032495583354406e-05,0.0007056787596438907,0.00024117333734797712,0.02
scenario_0425,/home/simon/davide_fr3_ws/src/cbf_safety_filter/data/rollouts/fullpool_candidates_seed20260520_n1500/scenario_0425_offline_rollout.npz,/home/simon/davide_fr3_ws/src/cbf_safety_filter/config/generated_scenarios_fullpool_candidates/scenario_0425.yaml,bad_goal,final_dist_to_goal_above_tol,3000,True,0,0.006057681410879031,0.006825906509487183,-0.008491923016946679,-0.0769903646229892,-0.05371871041212837,0.045339252673347305,0.02
scenario_0426,/home/simon/davide_fr3_ws/src/cbf_safety_filter/data/rollouts/fullpool_candidates_seed20260520_n1500/scenario_0426_offline_rollout.npz,/home/simon/davide_fr3_ws/src/cbf_safety_filter/config/generated_scenarios_fullpool_candidates/scenario_0426.yaml,good,ok,3000,True,0,0.022932659055724135,0.04670738824059592,0.016633470517327907,0.03320859047102286,0.041174550470910565,3.465565032109866e-05,0.02
scenario_0427,/home/simon/davide_fr3_ws/src/cbf_safety_filter/data/rollouts/fullpool_candidates_seed20260520_n1500/scenario_0427_offline_rollout.npz,/home/simon/davide_fr3_ws/src/cbf_safety_filter/config/generated_scenarios_fullpool_candidates/scenario_0427.yaml,good,ok,3000,True,0,0.0009576972063950334,0.0021555079840049935,-0.000664933927053829,-0.01782630160323416,-0.001777792638959469,0.0003686978246277297,0.02
scenario_0428,/home/simon/davide_fr3_ws/src/cbf_safety_filter/data/rollouts/fullpool_candidates_seed20260520_n1500/scenario_0428_offline_rollout.npz,/home/simon/davide_fr3_ws/src/cbf_safety_filter/config/generated_scenarios_fullpool_candidates/scenario_0428.yaml,good,ok,3000,True,0,0.013469332996539834,0.017056488300484132,-0.006975918447814793,-0.053785146212703444,-0.026719406247513802,5.627328813977588e-05,0.02
scenario_0429,/home/simon/davide_fr3_ws/src/cbf_safety_filter/data/rollouts/fullpool_candidates_seed20260520_n1500/scenario_0429_offline_rollout.npz,/home/simon/davide_fr3_ws/src/cbf_safety_filter/config/generated_scenarios_fullpool_candidates/scenario_0429.yaml,bad_qp,final_qp_solved_false,3000,False,2931,0.015192305650671553,0.018533341228139127,0.012224510352037655,-0.036825660476868735,0.05077211788280245,0.5126915047484755,0.02
scenario_0430,/home/simon/davide_fr3_ws/src/cbf_safety_filter/data/rollouts/fullpool_candidates_seed20260520_n1500/scenario_0430_offline_rollout.npz,/home/simon/davide_fr3_ws/src/cbf_safety_filter/config/generated_scenarios_fullpool_candidates/scenario_0430.yaml,good,ok,3000,True,0,0.05676969307398962,0.10534970391912041,-0.0003355714780941127,-0.10221029030395588,-0.0008411179527376966,0.000802748597176307,0.02
scenario_0431,/home/simon/davide_fr3_ws/src/cbf_safety_filter/data/rollouts/fullpool_candidates_seed20260520_n1500/scenario_0431_offline_rollout.npz,/home/simon/davide_fr3_ws/src/cbf_safety_filter/config/generated_scenarios_fullpool_candidates/scenario_0431.yaml,bad_qp,final_qp_solved_false,3000,False,2944,0.00668788375004138,-0.011414834791587548,0.00668788375004138,-0.04528606451087849,0.0316054429293417,0.5017603428344015,0.02
scenario_0432,/home/simon/davide_fr3_ws/src/cbf_safety_filter/data/rollouts/fullpool_candidates_seed20260520_n1500/scenario_0432_offline_rollout.npz,/home/simon/davide_fr3_ws/src/cbf_safety_filter/config/generated_scenarios_fullpool_candidates/scenario_0432.yaml,good,ok,3000,True,0,0.03216475107618061,0.043320099461924805,0.00482671851991983,-0.02717998940948116,0.011778837931894465,0.0008514448771067461,0.02
scenario_0433,/home/simon/davide_fr3_ws/src/cbf_safety_filter/data/rollouts/fullpool_candidates_seed20260520_n1500/scenario_0433_offline_rollout.npz,/home/simon/davide_fr3_ws/src/cbf_safety_filter/config/generated_scenarios_fullpool_candidates/scenario_0433.yaml,good,ok,3000,True,0,0.014565923256986472,0.03007048261722621,3.305742017864141e-05,-0.055378450426399106,0.00011651567093465265,0.001439013477078851,0.02
scenario_0434,/home/simon/davide_fr3_ws/src/cbf_safety_filter/data/rollouts/fullpool_candidates_seed20260520_n1500/scenario_0434_offline_rollout.npz,/home/simon/davide_fr3_ws/src/cbf_safety_filter/config/generated_scenarios_fullpool_candidates/scenario_0434.yaml,good,ok,3000,True,0,0.0032314081564914915,0.005426905350255327,0.0001409571848879701,4.357224445890166e-05,0.0003781262230060367,9.02403376801865e-08,0.02
scenario_0435,/home/simon/davide_fr3_ws/src/cbf_safety_filter/data/rollouts/fullpool_candidates_seed20260520_n1500/scenario_0435_offline_rollout.npz,/home/simon/davide_fr3_ws/src/cbf_safety_filter/config/generated_scenarios_fullpool_candidates/scenario_0435.yaml,good,ok,3000,True,0,0.00011483217816379149,0.000256636368496879,5.226271414977834e-07,-5.3760009797067644e-08,1.5443993981456572e-06,1.9994808888606452e-08,0.02
scenario_0436,/home/simon/davide_fr3_ws/src/cbf_safety_filter/data/rollouts/fullpool_candidates_seed20260520_n1500/scenario_0436_offline_rollout.npz,/home/simon/davide_fr3_ws/src/cbf_safety_filter/config/generated_scenarios_fullpool_candidates/scenario_0436.yaml,good,ok,3000,True,0,0.024070745891783908,0.040207025783009935,0.02006676973388933,-0.030388643951822086,0.05495423045939668,0.0015815779698464061,0.02
scenario_0437,/home/simon/davide_fr3_ws/src/cbf_safety_filter/data/rollouts/fullpool_candidates_seed20260520_n1500/scenario_0437_offline_rollout.npz,/home/simon/davide_fr3_ws/src/cbf_safety_filter/config/generated_scenarios_fullpool_candidates/scenario_0437.yaml,good,ok,3000,True,0,0.028802902526842485,0.05246549906487241,-0.0011139659203046742,-0.229856984192084,-0.0028641378404123397,0.0017487097170101678,0.02
scenario_0438,/home/simon/davide_fr3_ws/src/cbf_safety_filter/data/rollouts/fullpool_candidates_seed20260520_n1500/scenario_0438_offline_rollout.npz,/home/simon/davide_fr3_ws/src/cbf_safety_filter/config/generated_scenarios_fullpool_candidates/scenario_0438.yaml,good,ok,3000,True,0,0.007266667108926345,0.0036529886000707112,4.48486405063217e-06,-0.004232899993563521,1.5411087797262413e-05,8.975476133941909e-05,0.02
scenario_0439,/home/simon/davide_fr3_ws/src/cbf_safety_filter/data/rollouts/fullpool_candidates_seed20260520_n1500/scenario_0439_offline_rollout.npz,/home/simon/davide_fr3_ws/src/cbf_safety_filter/config/generated_scenarios_fullpool_candidates/scenario_0439.yaml,bad_safety,final_min_h_negative,3000,True,0,-8.945082966315722e-05,-0.00015916753275813165,-0.000849781508588679,-0.0023580862903962684,-0.003334231639085028,9.370357209706298e-06,0.02
scenario_0440,/home/simon/davide_fr3_ws/src/cbf_safety_filter/data/rollouts/fullpool_candidates_seed20260520_n1500/scenario_0440_offline_rollout.npz,/home/simon/davide_fr3_ws/src/cbf_safety_filter/config/generated_scenarios_fullpool_candidates/scenario_0440.yaml,good,ok,3000,True,0,0.047210068666874105,0.03649658920184229,0.00011842110340989573,-0.007466028652972682,0.00035695138539035276,0.0009594659798552115,0.02
scenario_0441,/home/simon/davide_fr3_ws/src/cbf_safety_filter/data/rollouts/fullpool_candidates_seed20260520_n1500/scenario_0441_offline_rollout.npz,/home/simon/davide_fr3_ws/src/cbf_safety_filter/config/generated_scenarios_fullpool_candidates/scenario_0441.yaml,bad_goal,final_dist_to_goal_above_tol,3000,True,0,0.0003631386759638394,0.00055694083468307,-0.0013058684799002185,-0.11292620362367636,-0.003571572618829344,0.06339040147341311,0.02
scenario_0442,/home/simon/davide_fr3_ws/src/cbf_safety_filter/data/rollouts/fullpool_candidates_seed20260520_n1500/scenario_0442_offline_rollout.npz,/home/simon/davide_fr3_ws/src/cbf_safety_filter/config/generated_scenarios_fullpool_candidates/scenario_0442.yaml,good,ok,3000,True,0,0.009236857824772921,0.03111896836449422,-1.2676177447473042e-05,-0.16765691206768263,-3.9767123185568964e-05,0.005511297696084348,0.02
scenario_0443,/home/simon/davide_fr3_ws/src/cbf_safety_filter/data/rollouts/fullpool_candidates_seed20260520_n1500/scenario_0443_offline_rollout.npz,/home/simon/davide_fr3_ws/src/cbf_safety_filter/config/generated_scenarios_fullpool_candidates/scenario_0443.yaml,good,ok,3000,True,0,0.04681614140521694,0.06803202805954581,0.009259702518756002,-0.07697082008871448,0.03050883964256504,0.0013689985631772487,0.02
scenario_0444,/home/simon/davide_fr3_ws/src/cbf_safety_filter/data/rollouts/fullpool_candidates_seed20260520_n1500/scenario_0444_offline_rollout.npz,/home/simon/davide_fr3_ws/src/cbf_safety_filter/config/generated_scenarios_fullpool_candidates/scenario_0444.yaml,good,ok,3000,True,0,0.03467744270979229,0.06865432962552784,0.03030881842998277,0.06061483966842865,0.07125154625711841,2.163546158154389e-07,0.02
scenario_0445,/home/simon/davide_fr3_ws/src/cbf_safety_filter/data/rollouts/fullpool_candidates_seed20260520_n1500/scenario_0445_offline_rollout.npz,/home/simon/davide_fr3_ws/src/cbf_safety_filter/config/generated_scenarios_fullpool_candidates/scenario_0445.yaml,good,ok,3000,True,0,0.0007313604621915631,0.001569363188265972,1.1323134902381515e-06,2.999319371384539e-07,3.835700466248149e-06,1.0493952670997108e-07,0.02
scenario_0446,/home/simon/davide_fr3_ws/src/cbf_safety_filter/data/rollouts/fullpool_candidates_seed20260520_n1500/scenario_0446_offline_rollout.npz,/home/simon/davide_fr3_ws/src/cbf_safety_filter/config/generated_scenarios_fullpool_candidates/scenario_0446.yaml,bad_goal,final_dist_to_goal_above_tol,3000,True,0,0.019858454461773208,0.050217346954471956,0.0007050678531439654,-0.21418428271236567,0.003835323056639847,0.021611764577822667,0.02
scenario_0447,/home/simon/davide_fr3_ws/src/cbf_safety_filter/data/rollouts/fullpool_candidates_seed20260520_n1500/scenario_0447_offline_rollout.npz,/home/simon/davide_fr3_ws/src/cbf_safety_filter/config/generated_scenarios_fullpool_candidates/scenario_0447.yaml,good,ok,3000,True,0,0.07451253440411477,0.1373628445942023,0.00896645536893216,-0.3746653389894343,0.023514587836282574,0.0011685520126986674,0.02
scenario_0448,/home/simon/davide_fr3_ws/src/cbf_safety_filter/data/rollouts/fullpool_candidates_seed20260520_n1500/scenario_0448_offline_rollout.npz,/home/simon/davide_fr3_ws/src/cbf_safety_filter/config/generated_scenarios_fullpool_candidates/scenario_0448.yaml,good,ok,3000,True,0,0.044520494209115594,0.0869765625120531,0.017733385307568406,0.01573368609031936,0.04761701194800483,0.00010508007775193089,0.02
scenario_0449,/home/simon/davide_fr3_ws/src/cbf_safety_filter/data/rollouts/fullpool_candidates_seed20260520_n1500/scenario_0449_offline_rollout.npz,/home/simon/davide_fr3_ws/src/cbf_safety_filter/config/generated_scenarios_fullpool_candidates/scenario_0449.yaml,good,ok,3000,True,0,0.002232799740667271,0.0059329953271453325,-0.0011162718972806546,-0.05596327147267138,-0.003124400035692837,1.3665706821348147e-05,0.02
scenario_0450,/home/simon/davide_fr3_ws/src/cbf_safety_filter/data/rollouts/fullpool_candidates_seed20260520_n1500/scenario_0450_offline_rollout.npz,/home/simon/davide_fr3_ws/src/cbf_safety_filter/config/generated_scenarios_fullpool_candidates/scenario_0450.yaml,good,ok,3000,True,0,0.019628293933803692,0.03516364464268278,-1.2986385750160534e-05,-0.061534327767482216,-4.488044230913091e-05,5.093654662955692e-06,0.02
scenario_0451,/home/simon/davide_fr3_ws/src/cbf_safety_filter/data/rollouts/fullpool_candidates_seed20260520_n1500/scenario_0451_offline_rollout.npz,/home/simon/davide_fr3_ws/src/cbf_safety_filter/config/generated_scenarios_fullpool_candidates/scenario_0451.yaml,good,ok,3000,True,0,0.06933045579888981,0.12199306439487642,0.0023862187748197664,-0.13115668414343484,0.006383951912884461,0.00034727559335073917,0.02
scenario_0452,/home/simon/davide_fr3_ws/src/cbf_safety_filter/data/rollouts/fullpool_candidates_seed20260520_n1500/scenario_0452_offline_rollout.npz,/home/simon/davide_fr3_ws/src/cbf_safety_filter/config/generated_scenarios_fullpool_candidates/scenario_0452.yaml,good,ok,3000,True,0,0.0473874395165885,0.09561994222932417,0.006641396563701642,-0.10272353799320622,0.016804943056475313,0.0005046791617115596,0.02
scenario_0453,/home/simon/davide_fr3_ws/src/cbf_safety_filter/data/rollouts/fullpool_candidates_seed20260520_n1500/scenario_0453_offline_rollout.npz,/home/simon/davide_fr3_ws/src/cbf_safety_filter/config/generated_scenarios_fullpool_candidates/scenario_0453.yaml,good,ok,3000,True,0,0.05376921330877487,0.06773718377157073,0.014644647772221001,-0.03901907141946395,0.054863619162032,0.0011196653260401141,0.02
scenario_0454,/home/simon/davide_fr3_ws/src/cbf_safety_filter/data/rollouts/fullpool_candidates_seed20260520_n1500/scenario_0454_offline_rollout.npz,/home/simon/davide_fr3_ws/src/cbf_safety_filter/config/generated_scenarios_fullpool_candidates/scenario_0454.yaml,bad_safety,final_min_h_negative,3000,True,0,-0.0001082500429650645,-0.0005071270005297685,-0.0008550355759683482,-0.010632076777515771,-0.003511607127890684,0.07640982427978527,0.02
scenario_0455,/home/simon/davide_fr3_ws/src/cbf_safety_filter/data/rollouts/fullpool_candidates_seed20260520_n1500/scenario_0455_offline_rollout.npz,/home/simon/davide_fr3_ws/src/cbf_safety_filter/config/generated_scenarios_fullpool_candidates/scenario_0455.yaml,good,ok,3000,True,0,0.009830701283569353,0.01773460012737661,-0.0015935989710244916,-0.005541290628340474,-0.005126192469162627,7.279147136529495e-06,0.02
scenario_0456,/home/simon/davide_fr3_ws/src/cbf_safety_filter/data/rollouts/fullpool_candidates_seed20260520_n1500/scenario_0456_offline_rollout.npz,/home/simon/davide_fr3_ws/src/cbf_safety_filter/config/generated_scenarios_fullpool_candidates/scenario_0456.yaml,good,ok,3000,True,0,0.0038184136570458688,0.00918444058796039,4.247282103202188e-05,-0.03946586775766986,0.00011167898168615298,1.714706138316915e-06,0.02
scenario_0457,/home/simon/davide_fr3_ws/src/cbf_safety_filter/data/rollouts/fullpool_candidates_seed20260520_n1500/scenario_0457_offline_rollout.npz,/home/simon/davide_fr3_ws/src/cbf_safety_filter/config/generated_scenarios_fullpool_candidates/scenario_0457.yaml,good,ok,3000,True,0,0.028154020022303224,0.06665451558439346,0.0009275326307736226,-0.09982586493011764,0.0032857928183810114,0.0015517347412885693,0.02
scenario_0458,/home/simon/davide_fr3_ws/src/cbf_safety_filter/data/rollouts/fullpool_candidates_seed20260520_n1500/scenario_0458_offline_rollout.npz,/home/simon/davide_fr3_ws/src/cbf_safety_filter/config/generated_scenarios_fullpool_candidates/scenario_0458.yaml,bad_qp,final_qp_solved_false,3000,False,2842,-0.0012516272623663872,-0.021239210713911397,-0.0018819591027787862,-0.08254025817252669,-0.011145444664108245,0.12144326617320027,0.02
scenario_0459,/home/simon/davide_fr3_ws/src/cbf_safety_filter/data/rollouts/fullpool_candidates_seed20260520_n1500/scenario_0459_offline_rollout.npz,/home/simon/davide_fr3_ws/src/cbf_safety_filter/config/generated_scenarios_fullpool_candidates/scenario_0459.yaml,bad_goal,final_dist_to_goal_above_tol,3000,True,0,0.045466771397933994,0.07200117806976435,7.553008600461042e-06,-0.04322815423426399,2.1815519016726848e-05,0.06606713548028892,0.02
scenario_0460,/home/simon/davide_fr3_ws/src/cbf_safety_filter/data/rollouts/fullpool_candidates_seed20260520_n1500/scenario_0460_offline_rollout.npz,/home/simon/davide_fr3_ws/src/cbf_safety_filter/config/generated_scenarios_fullpool_candidates/scenario_0460.yaml,good,ok,3000,True,0,0.0,3.941000051617666e-29,-0.0027644180281691175,-0.005196570492295143,-0.007291899122628648,7.801172077987098e-07,0.02
scenario_0461,/home/simon/davide_fr3_ws/src/cbf_safety_filter/data/rollouts/fullpool_candidates_seed20260520_n1500/scenario_0461_offline_rollout.npz,/home/simon/davide_fr3_ws/src/cbf_safety_filter/config/generated_scenarios_fullpool_candidates/scenario_0461.yaml,good,ok,3000,True,0,0.004128133839789364,0.009112098225707316,1.1751974107120436e-05,7.202262008313066e-06,5.292420331452774e-05,6.19155753935726e-07,0.02
scenario_0462,/home/simon/davide_fr3_ws/src/cbf_safety_filter/data/rollouts/fullpool_candidates_seed20260520_n1500/scenario_0462_offline_rollout.npz,/home/simon/davide_fr3_ws/src/cbf_safety_filter/config/generated_scenarios_fullpool_candidates/scenario_0462.yaml,good,ok,3000,True,0,0.020763741802604062,0.03992540803144175,0.020763741802604062,0.03992540803144175,0.053379976043501864,9.849201732988033e-08,0.02
scenario_0463,/home/simon/davide_fr3_ws/src/cbf_safety_filter/data/rollouts/fullpool_candidates_seed20260520_n1500/scenario_0463_offline_rollout.npz,/home/simon/davide_fr3_ws/src/cbf_safety_filter/config/generated_scenarios_fullpool_candidates/scenario_0463.yaml,good,ok,3000,True,0,0.00978546405232578,0.014979624841099383,0.00023816173933313353,-0.016323766357141944,0.0006857802791168655,3.82748996473987e-05,0.02
scenario_0464,/home/simon/davide_fr3_ws/src/cbf_safety_filter/data/rollouts/fullpool_candidates_seed20260520_n1500/scenario_0464_offline_rollout.npz,/home/simon/davide_fr3_ws/src/cbf_safety_filter/config/generated_scenarios_fullpool_candidates/scenario_0464.yaml,good,ok,3000,True,0,0.03209932631197197,0.06425426253509353,0.020850756680828426,0.043196882017959376,0.05659839218410201,1.0664548571355698e-09,0.02
scenario_0465,/home/simon/davide_fr3_ws/src/cbf_safety_filter/data/rollouts/fullpool_candidates_seed20260520_n1500/scenario_0465_offline_rollout.npz,/home/simon/davide_fr3_ws/src/cbf_safety_filter/config/generated_scenarios_fullpool_candidates/scenario_0465.yaml,good,ok,3000,True,0,0.03320246792776696,0.041911070123636346,-0.028149767610505264,-0.3239099506046962,-0.09430596300716317,0.0005000601943935681,0.02
scenario_0466,/home/simon/davide_fr3_ws/src/cbf_safety_filter/data/rollouts/fullpool_candidates_seed20260520_n1500/scenario_0466_offline_rollout.npz,/home/simon/davide_fr3_ws/src/cbf_safety_filter/config/generated_scenarios_fullpool_candidates/scenario_0466.yaml,good,ok,3000,True,0,0.00022283654816763684,3.320988774668126e-05,-2.3384758453457583e-05,-0.0035680264651596263,-7.564838658424833e-05,6.565507714447411e-05,0.02
scenario_0467,/home/simon/davide_fr3_ws/src/cbf_safety_filter/data/rollouts/fullpool_candidates_seed20260520_n1500/scenario_0467_offline_rollout.npz,/home/simon/davide_fr3_ws/src/cbf_safety_filter/config/generated_scenarios_fullpool_candidates/scenario_0467.yaml,good,ok,3000,True,0,0.025121642401325812,0.018207309846506564,0.0009797946847486735,-0.1257369680754059,0.002435870978797716,0.0029315682512445363,0.02
scenario_0468,/home/simon/davide_fr3_ws/src/cbf_safety_filter/data/rollouts/fullpool_candidates_seed20260520_n1500/scenario_0468_offline_rollout.npz,/home/simon/davide_fr3_ws/src/cbf_safety_filter/config/generated_scenarios_fullpool_candidates/scenario_0468.yaml,good,ok,3000,True,0,0.07278550297097955,0.06738810569323295,-0.0004417934358391072,-0.21178124833139178,-0.001339333484364269,0.000651798133601987,0.02
scenario_0469,/home/simon/davide_fr3_ws/src/cbf_safety_filter/data/rollouts/fullpool_candidates_seed20260520_n1500/scenario_0469_offline_rollout.npz,/home/simon/davide_fr3_ws/src/cbf_safety_filter/config/generated_scenarios_fullpool_candidates/scenario_0469.yaml,good,ok,3000,True,0,0.011340920991051474,0.010684639494273951,-0.0013472729998140233,-0.02269916814579847,-0.007825022055457917,4.6144066795504285e-05,0.02
scenario_0470,/home/simon/davide_fr3_ws/src/cbf_safety_filter/data/rollouts/fullpool_candidates_seed20260520_n1500/scenario_0470_offline_rollout.npz,/home/simon/davide_fr3_ws/src/cbf_safety_filter/config/generated_scenarios_fullpool_candidates/scenario_0470.yaml,good,ok,3000,True,0,0.06323380374934362,0.126508720149468,0.05318330453720051,0.1154986358354787,0.12127145960307703,1.4358747436665574e-09,0.02
scenario_0471,/home/simon/davide_fr3_ws/src/cbf_safety_filter/data/rollouts/fullpool_candidates_seed20260520_n1500/scenario_0471_offline_rollout.npz,/home/simon/davide_fr3_ws/src/cbf_safety_filter/config/generated_scenarios_fullpool_candidates/scenario_0471.yaml,good,ok,3000,True,0,0.051636301756199,0.11414980371644724,0.003036742235102044,0.0022549242082504917,0.008255263779299832,0.0023018245668982983,0.02
scenario_0472,/home/simon/davide_fr3_ws/src/cbf_safety_filter/data/rollouts/fullpool_candidates_seed20260520_n1500/scenario_0472_offline_rollout.npz,/home/simon/davide_fr3_ws/src/cbf_safety_filter/config/generated_scenarios_fullpool_candidates/scenario_0472.yaml,good,ok,3000,True,0,0.07184308794168794,0.17784737297391806,0.00014852661172844867,-0.06856126072191021,0.00039460345702169164,0.001000067428547466,0.02
scenario_0473,/home/simon/davide_fr3_ws/src/cbf_safety_filter/data/rollouts/fullpool_candidates_seed20260520_n1500/scenario_0473_offline_rollout.npz,/home/simon/davide_fr3_ws/src/cbf_safety_filter/config/generated_scenarios_fullpool_candidates/scenario_0473.yaml,good,ok,3000,True,0,0.048213575621067796,0.09335482532807513,0.0017297715199783969,0.0003912685656673777,0.007213001420815601,0.0004546612796782189,0.02
scenario_0474,/home/simon/davide_fr3_ws/src/cbf_safety_filter/data/rollouts/fullpool_candidates_seed20260520_n1500/scenario_0474_offline_rollout.npz,/home/simon/davide_fr3_ws/src/cbf_safety_filter/config/generated_scenarios_fullpool_candidates/scenario_0474.yaml,good,ok,3000,True,0,0.09269006909103769,0.18575297012806707,0.03897789721320936,0.03487748589610045,0.12409563485658348,0.0005511848763003358,0.02
scenario_0475,/home/simon/davide_fr3_ws/src/cbf_safety_filter/data/rollouts/fullpool_candidates_seed20260520_n1500/scenario_0475_offline_rollout.npz,/home/simon/davide_fr3_ws/src/cbf_safety_filter/config/generated_scenarios_fullpool_candidates/scenario_0475.yaml,good,ok,3000,True,0,0.0017289941315130862,0.003897818891526795,-0.0055533906876753004,-0.18360169636304718,-0.017363201196518657,1.0226662156756619e-07,0.02
scenario_0476,/home/simon/davide_fr3_ws/src/cbf_safety_filter/data/rollouts/fullpool_candidates_seed20260520_n1500/scenario_0476_offline_rollout.npz,/home/simon/davide_fr3_ws/src/cbf_safety_filter/config/generated_scenarios_fullpool_candidates/scenario_0476.yaml,bad_safety,final_min_psi_negative,3000,True,0,0.02004792549548723,-0.013508304288819342,0.004381774152546723,-0.0763758891776653,0.011150944448539313,0.0017249223854643879,0.02
scenario_0477,/home/simon/davide_fr3_ws/src/cbf_safety_filter/data/rollouts/fullpool_candidates_seed20260520_n1500/scenario_0477_offline_rollout.npz,/home/simon/davide_fr3_ws/src/cbf_safety_filter/config/generated_scenarios_fullpool_candidates/scenario_0477.yaml,good,ok,3000,True,0,0.0009867012461331898,0.003313069844575302,0.0007979439958577805,-0.09150573581942639,0.0018949266433069267,0.00019237074154243242,0.02
scenario_0478,/home/simon/davide_fr3_ws/src/cbf_safety_filter/data/rollouts/fullpool_candidates_seed20260520_n1500/scenario_0478_offline_rollout.npz,/home/simon/davide_fr3_ws/src/cbf_safety_filter/config/generated_scenarios_fullpool_candidates/scenario_0478.yaml,good,ok,3000,True,0,0.057366299072381964,0.006215715081423989,-0.01896721367940684,-0.3788029259249668,-0.05605192352871827,0.0008357712268409674,0.02
scenario_0479,/home/simon/davide_fr3_ws/src/cbf_safety_filter/data/rollouts/fullpool_candidates_seed20260520_n1500/scenario_0479_offline_rollout.npz,/home/simon/davide_fr3_ws/src/cbf_safety_filter/config/generated_scenarios_fullpool_candidates/scenario_0479.yaml,good,ok,3000,True,0,0.05131702670966456,0.09894414981119379,0.0014495852393744506,-0.07750289991305087,0.0046719823948833394,0.0005717685916450625,0.02
scenario_0480,/home/simon/davide_fr3_ws/src/cbf_safety_filter/data/rollouts/fullpool_candidates_seed20260520_n1500/scenario_0480_offline_rollout.npz,/home/simon/davide_fr3_ws/src/cbf_safety_filter/config/generated_scenarios_fullpool_candidates/scenario_0480.yaml,bad_safety,final_min_psi_negative,3000,True,0,0.01568360957050157,-0.1366612740380371,0.0036297229648407456,-0.21290268315661492,0.015223826487142184,0.005973173473229877,0.02
scenario_0481,/home/simon/davide_fr3_ws/src/cbf_safety_filter/data/rollouts/fullpool_candidates_seed20260520_n1500/scenario_0481_offline_rollout.npz,/home/simon/davide_fr3_ws/src/cbf_safety_filter/config/generated_scenarios_fullpool_candidates/scenario_0481.yaml,bad_qp,final_qp_solved_false,3000,False,2872,0.036240547133750495,0.04897642156495904,0.028180050335745433,0.03653163456498588,0.09028262958846378,0.16227346011102609,0.02
scenario_0482,/home/simon/davide_fr3_ws/src/cbf_safety_filter/data/rollouts/fullpool_candidates_seed20260520_n1500/scenario_0482_offline_rollout.npz,/home/simon/davide_fr3_ws/src/cbf_safety_filter/config/generated_scenarios_fullpool_candidates/scenario_0482.yaml,good,ok,3000,True,0,0.011934123896956441,0.021226528753851497,-4.012983623968153e-06,-0.09000084277289794,-1.2409207212099593e-05,3.143133643418839e-05,0.02
scenario_0483,/home/simon/davide_fr3_ws/src/cbf_safety_filter/data/rollouts/fullpool_candidates_seed20260520_n1500/scenario_0483_offline_rollout.npz,/home/simon/davide_fr3_ws/src/cbf_safety_filter/config/generated_scenarios_fullpool_candidates/scenario_0483.yaml,good,ok,3000,True,0,0.015419311627718185,0.030141155801415603,0.015419311627718185,-0.011419995752116503,0.048662473247978844,0.0013845767921303966,0.02
scenario_0484,/home/simon/davide_fr3_ws/src/cbf_safety_filter/data/rollouts/fullpool_candidates_seed20260520_n1500/scenario_0484_offline_rollout.npz,/home/simon/davide_fr3_ws/src/cbf_safety_filter/config/generated_scenarios_fullpool_candidates/scenario_0484.yaml,bad_safety,final_min_h_negative,3000,True,0,-0.00025368424425351553,-0.0006861463227506204,-0.0008500973324428313,-0.004356379924021703,-0.0029144305425325145,0.025392469769513336,0.02
scenario_0485,/home/simon/davide_fr3_ws/src/cbf_safety_filter/data/rollouts/fullpool_candidates_seed20260520_n1500/scenario_0485_offline_rollout.npz,/home/simon/davide_fr3_ws/src/cbf_safety_filter/config/generated_scenarios_fullpool_candidates/scenario_0485.yaml,good,ok,3000,True,0,0.02434637466476663,0.06949365579954048,0.00030794576494066334,-0.14437714023767756,0.0008897857654469044,0.0007763598812114836,0.02
scenario_0486,/home/simon/davide_fr3_ws/src/cbf_safety_filter/data/rollouts/fullpool_candidates_seed20260520_n1500/scenario_0486_offline_rollout.npz,/home/simon/davide_fr3_ws/src/cbf_safety_filter/config/generated_scenarios_fullpool_candidates/scenario_0486.yaml,good,ok,3000,True,0,0.011688082825707012,0.005351512178251201,0.011688082825707012,0.005351512178251201,0.039057006433984326,0.0006806036085761125,0.02
scenario_0487,/home/simon/davide_fr3_ws/src/cbf_safety_filter/data/rollouts/fullpool_candidates_seed20260520_n1500/scenario_0487_offline_rollout.npz,/home/simon/davide_fr3_ws/src/cbf_safety_filter/config/generated_scenarios_fullpool_candidates/scenario_0487.yaml,good,ok,3000,True,0,0.051397005970872385,0.029334129190151603,-8.252365678997758e-05,-0.058488076878292494,-0.0003139141294477288,0.004541918284519561,0.02
scenario_0488,/home/simon/davide_fr3_ws/src/cbf_safety_filter/data/rollouts/fullpool_candidates_seed20260520_n1500/scenario_0488_offline_rollout.npz,/home/simon/davide_fr3_ws/src/cbf_safety_filter/config/generated_scenarios_fullpool_candidates/scenario_0488.yaml,good,ok,3000,True,0,0.0387867401810538,0.08450060889560568,0.0002866092680806429,-0.1244064644918157,0.0015580145759957614,0.0004725211845400556,0.02
scenario_0489,/home/simon/davide_fr3_ws/src/cbf_safety_filter/data/rollouts/fullpool_candidates_seed20260520_n1500/scenario_0489_offline_rollout.npz,/home/simon/davide_fr3_ws/src/cbf_safety_filter/config/generated_scenarios_fullpool_candidates/scenario_0489.yaml,good,ok,3000,True,0,0.021486280049531015,0.09002695393387458,0.010307877236793375,-0.19003198385846448,0.03765174489839759,0.0008492234603323185,0.02
scenario_0490,/home/simon/davide_fr3_ws/src/cbf_safety_filter/data/rollouts/fullpool_candidates_seed20260520_n1500/scenario_0490_offline_rollout.npz,/home/simon/davide_fr3_ws/src/cbf_safety_filter/config/generated_scenarios_fullpool_candidates/scenario_0490.yaml,good,ok,3000,True,0,0.007354570944187039,0.005776689400347878,-1.40830172371334e-05,-0.006250456117786893,-4.768209485206398e-05,0.0011218510797190932,0.02
scenario_0491,/home/simon/davide_fr3_ws/src/cbf_safety_filter/data/rollouts/fullpool_candidates_seed20260520_n1500/scenario_0491_offline_rollout.npz,/home/simon/davide_fr3_ws/src/cbf_safety_filter/config/generated_scenarios_fullpool_candidates/scenario_0491.yaml,good,ok,3000,True,0,0.038431589999999995,0.06850683238731833,0.016022163481064566,-0.007730555151667956,0.050468512199953824,0.0012176023816121513,0.02
scenario_0492,/home/simon/davide_fr3_ws/src/cbf_safety_filter/data/rollouts/fullpool_candidates_seed20260520_n1500/scenario_0492_offline_rollout.npz,/home/simon/davide_fr3_ws/src/cbf_safety_filter/config/generated_scenarios_fullpool_candidates/scenario_0492.yaml,bad_safety,final_min_psi_negative,3000,True,0,0.011269461433482526,-0.01935953601259815,0.010298708728680515,-0.05737420874660537,0.0284313050401305,0.0006984461038801541,0.02
scenario_0493,/home/simon/davide_fr3_ws/src/cbf_safety_filter/data/rollouts/fullpool_candidates_seed20260520_n1500/scenario_0493_offline_rollout.npz,/home/simon/davide_fr3_ws/src/cbf_safety_filter/config/generated_scenarios_fullpool_candidates/scenario_0493.yaml,good,ok,3000,True,0,0.017959124030202986,0.0014114689816903045,-0.004997692112030109,-0.0726387517735275,-0.014831325553446323,0.0010454973945793317,0.02
scenario_0494,/home/simon/davide_fr3_ws/src/cbf_safety_filter/data/rollouts/fullpool_candidates_seed20260520_n1500/scenario_0494_offline_rollout.npz,/home/simon/davide_fr3_ws/src/cbf_safety_filter/config/generated_scenarios_fullpool_candidates/scenario_0494.yaml,good,ok,3000,True,0,0.056381893112382155,0.11400314360366504,0.03701924197616334,0.03299966184660676,0.07805729571416964,0.002210631241488759,0.02
scenario_0495,/home/simon/davide_fr3_ws/src/cbf_safety_filter/data/rollouts/fullpool_candidates_seed20260520_n1500/scenario_0495_offline_rollout.npz,/home/simon/davide_fr3_ws/src/cbf_safety_filter/config/generated_scenarios_fullpool_candidates/scenario_0495.yaml,good,ok,3000,True,0,2.5003610293339307e-13,5.438428172516901e-13,-0.0007542252054405906,-0.006933793373635963,-0.003179425763845223,5.088423137267221e-14,0.02
scenario_0496,/home/simon/davide_fr3_ws/src/cbf_safety_filter/data/rollouts/fullpool_candidates_seed20260520_n1500/scenario_0496_offline_rollout.npz,/home/simon/davide_fr3_ws/src/cbf_safety_filter/config/generated_scenarios_fullpool_candidates/scenario_0496.yaml,good,ok,3000,True,0,0.025551329898236292,0.05524173870158663,0.018299054373019347,-0.017881038909804137,0.046736519943662846,0.0010053394248996787,0.02
scenario_0497,/home/simon/davide_fr3_ws/src/cbf_safety_filter/data/rollouts/fullpool_candidates_seed20260520_n1500/scenario_0497_offline_rollout.npz,/home/simon/davide_fr3_ws/src/cbf_safety_filter/config/generated_scenarios_fullpool_candidates/scenario_0497.yaml,good,ok,3000,True,0,0.020159049600425607,0.022391704256500142,0.004933454816700555,0.002179955729663046,0.019407217706890578,0.0007850038738773356,0.02
scenario_0498,/home/simon/davide_fr3_ws/src/cbf_safety_filter/data/rollouts/fullpool_candidates_seed20260520_n1500/scenario_0498_offline_rollout.npz,/home/simon/davide_fr3_ws/src/cbf_safety_filter/config/generated_scenarios_fullpool_candidates/scenario_0498.yaml,good,ok,3000,True,0,4.2989535128046263e-05,0.00014768986420713327,-0.002799236608946166,-0.17014512274209304,-0.01103972871936236,1.0951465376448763e-06,0.02
scenario_0499,/home/simon/davide_fr3_ws/src/cbf_safety_filter/data/rollouts/fullpool_candidates_seed20260520_n1500/scenario_0499_offline_rollout.npz,/home/simon/davide_fr3_ws/src/cbf_safety_filter/config/generated_scenarios_fullpool_candidates/scenario_0499.yaml,good,ok,3000,True,0,0.0025838955741035174,0.04070476436145145,-0.01880563732313064,-0.2594634045541477,-0.05494651874434314,0.005586159943158969,0.02
scenario_0500,/home/simon/davide_fr3_ws/src/cbf_safety_filter/data/rollouts/fullpool_candidates_seed20260520_n1500/scenario_0500_offline_rollout.npz,/home/simon/davide_fr3_ws/src/cbf_safety_filter/config/generated_scenarios_fullpool_candidates/scenario_0500.yaml,good,ok,3000,True,0,0.013434705256585855,0.0011087098205810782,-0.0012983842026247916,-0.08462950539685099,-0.0030787736578652414,0.0004416984793781499,0.02
scenario_0501,/home/simon/davide_fr3_ws/src/cbf_safety_filter/data/rollouts/fullpool_candidates_seed20260520_n1500/scenario_0501_offline_rollout.npz,/home/simon/davide_fr3_ws/src/cbf_safety_filter/config/generated_scenarios_fullpool_candidates/scenario_0501.yaml,good,ok,3000,True,0,0.0016072427825097775,0.00043840513983122494,-0.0007399927940578907,-0.010082328096948992,-0.0022236943601953996,0.0014027460309783267,0.02
scenario_0502,/home/simon/davide_fr3_ws/src/cbf_safety_filter/data/rollouts/fullpool_candidates_seed20260520_n1500/scenario_0502_offline_rollout.npz,/home/simon/davide_fr3_ws/src/cbf_safety_filter/config/generated_scenarios_fullpool_candidates/scenario_0502.yaml,good,ok,3000,True,0,0.0002538258409506538,0.0005134028928802444,4.3359128404016345e-07,-3.366365769359714e-09,2.205424314061233e-06,1.0688076206240165e-10,0.02
scenario_0503,/home/simon/davide_fr3_ws/src/cbf_safety_filter/data/rollouts/fullpool_candidates_seed20260520_n1500/scenario_0503_offline_rollout.npz,/home/simon/davide_fr3_ws/src/cbf_safety_filter/config/generated_scenarios_fullpool_candidates/scenario_0503.yaml,good,ok,3000,True,0,0.07292259455884725,0.15616521032486577,0.03754519984087878,0.03379281043504287,0.07846466995977391,0.0010571343757809731,0.02
scenario_0504,/home/simon/davide_fr3_ws/src/cbf_safety_filter/data/rollouts/fullpool_candidates_seed20260520_n1500/scenario_0504_offline_rollout.npz,/home/simon/davide_fr3_ws/src/cbf_safety_filter/config/generated_scenarios_fullpool_candidates/scenario_0504.yaml,good,ok,3000,True,0,0.04587867976843538,0.07153521518536862,0.010296146514304777,-0.07948638933323197,0.044000527028874165,0.0010881406584993712,0.02
scenario_0505,/home/simon/davide_fr3_ws/src/cbf_safety_filter/data/rollouts/fullpool_candidates_seed20260520_n1500/scenario_0505_offline_rollout.npz,/home/simon/davide_fr3_ws/src/cbf_safety_filter/config/generated_scenarios_fullpool_candidates/scenario_0505.yaml,good,ok,3000,True,0,0.021104447627140047,0.001891889483614545,-0.0007324212720095464,-0.07499759019542804,-0.0040706037323668814,0.0004124155995364964,0.02
scenario_0506,/home/simon/davide_fr3_ws/src/cbf_safety_filter/data/rollouts/fullpool_candidates_seed20260520_n1500/scenario_0506_offline_rollout.npz,/home/simon/davide_fr3_ws/src/cbf_safety_filter/config/generated_scenarios_fullpool_candidates/scenario_0506.yaml,good,ok,3000,True,0,0.04097637468582607,0.0423992583737782,0.001155781975012829,-0.1753330127177995,0.004227021775347589,0.005150158871255641,0.02
scenario_0507,/home/simon/davide_fr3_ws/src/cbf_safety_filter/data/rollouts/fullpool_candidates_seed20260520_n1500/scenario_0507_offline_rollout.npz,/home/simon/davide_fr3_ws/src/cbf_safety_filter/config/generated_scenarios_fullpool_candidates/scenario_0507.yaml,good,ok,3000,True,0,0.06765058658923495,0.14844348724191508,0.009222549486511002,-0.28695819448298326,0.025432238265992807,0.0008492675178226999,0.02
scenario_0508,/home/simon/davide_fr3_ws/src/cbf_safety_filter/data/rollouts/fullpool_candidates_seed20260520_n1500/scenario_0508_offline_rollout.npz,/home/simon/davide_fr3_ws/src/cbf_safety_filter/config/generated_scenarios_fullpool_candidates/scenario_0508.yaml,good,ok,3000,True,0,0.01344510781097306,0.026901112580906137,0.00041951285114055076,-0.09075250052074077,0.0016461416618080982,0.0008494270862636605,0.02
scenario_0509,/home/simon/davide_fr3_ws/src/cbf_safety_filter/data/rollouts/fullpool_candidates_seed20260520_n1500/scenario_0509_offline_rollout.npz,/home/simon/davide_fr3_ws/src/cbf_safety_filter/config/generated_scenarios_fullpool_candidates/scenario_0509.yaml,good,ok,3000,True,0,0.0025364152494130043,0.009423857707626859,0.000267804838264267,-0.11334776490090945,0.0006369678661309885,0.00020013940886721136,0.02
scenario_0510,/home/simon/davide_fr3_ws/src/cbf_safety_filter/data/rollouts/fullpool_candidates_seed20260520_n1500/scenario_0510_offline_rollout.npz,/home/simon/davide_fr3_ws/src/cbf_safety_filter/config/generated_scenarios_fullpool_candidates/scenario_0510.yaml,good,ok,3000,True,0,0.003930507106507247,0.00855378666590892,-0.0002651999991041057,-0.013456174431768109,-0.0006481701406425566,0.00047873266244740276,0.02
scenario_0511,/home/simon/davide_fr3_ws/src/cbf_safety_filter/data/rollouts/fullpool_candidates_seed20260520_n1500/scenario_0511_offline_rollout.npz,/home/simon/davide_fr3_ws/src/cbf_safety_filter/config/generated_scenarios_fullpool_candidates/scenario_0511.yaml,good,ok,3000,True,0,0.00010330917758978597,4.717313000341392e-05,3.0885621699200394e-06,1.3294825878295682e-06,7.435018994722542e-06,0.0003494979480347866,0.02
scenario_0512,/home/simon/davide_fr3_ws/src/cbf_safety_filter/data/rollouts/fullpool_candidates_seed20260520_n1500/scenario_0512_offline_rollout.npz,/home/simon/davide_fr3_ws/src/cbf_safety_filter/config/generated_scenarios_fullpool_candidates/scenario_0512.yaml,bad_qp,final_qp_solved_false,3000,False,2896,0.005607290479711502,0.007952918457365326,0.0047670362173415914,-0.006403091268410398,0.017440211027061975,0.20864726772056955,0.02
scenario_0513,/home/simon/davide_fr3_ws/src/cbf_safety_filter/data/rollouts/fullpool_candidates_seed20260520_n1500/scenario_0513_offline_rollout.npz,/home/simon/davide_fr3_ws/src/cbf_safety_filter/config/generated_scenarios_fullpool_candidates/scenario_0513.yaml,good,ok,3000,True,0,0.017951907681424496,0.035185087481599105,0.000149428448490075,-0.08954546770870497,0.00045439091773433193,2.5177162963348738e-05,0.02
scenario_0514,/home/simon/davide_fr3_ws/src/cbf_safety_filter/data/rollouts/fullpool_candidates_seed20260520_n1500/scenario_0514_offline_rollout.npz,/home/simon/davide_fr3_ws/src/cbf_safety_filter/config/generated_scenarios_fullpool_candidates/scenario_0514.yaml,bad_safety,final_min_psi_negative,3000,True,0,0.0008788577506438355,-0.01376614718780495,-0.006470044244370664,-0.028772672971293548,-0.01780441048559908,0.0019248903446202447,0.02
scenario_0515,/home/simon/davide_fr3_ws/src/cbf_safety_filter/data/rollouts/fullpool_candidates_seed20260520_n1500/scenario_0515_offline_rollout.npz,/home/simon/davide_fr3_ws/src/cbf_safety_filter/config/generated_scenarios_fullpool_candidates/scenario_0515.yaml,good,ok,3000,True,0,0.04851595957808975,0.0807221187283905,0.01838018768439212,-0.0020959274609359257,0.0584829329214242,0.0016050953751527623,0.02
scenario_0516,/home/simon/davide_fr3_ws/src/cbf_safety_filter/data/rollouts/fullpool_candidates_seed20260520_n1500/scenario_0516_offline_rollout.npz,/home/simon/davide_fr3_ws/src/cbf_safety_filter/config/generated_scenarios_fullpool_candidates/scenario_0516.yaml,good,ok,3000,True,0,0.06252546664539305,0.09865366326901676,0.0076682599151468404,-0.00024068149753581763,0.02091091278652718,0.0007973646924616196,0.02
scenario_0517,/home/simon/davide_fr3_ws/src/cbf_safety_filter/data/rollouts/fullpool_candidates_seed20260520_n1500/scenario_0517_offline_rollout.npz,/home/simon/davide_fr3_ws/src/cbf_safety_filter/config/generated_scenarios_fullpool_candidates/scenario_0517.yaml,bad_qp,final_qp_solved_false,3000,False,2884,0.023380100672899015,0.0163111246853621,0.016407590407075876,0.0163111246853621,0.04600991134833843,0.22625793954943227,0.02
scenario_0518,/home/simon/davide_fr3_ws/src/cbf_safety_filter/data/rollouts/fullpool_candidates_seed20260520_n1500/scenario_0518_offline_rollout.npz,/home/simon/davide_fr3_ws/src/cbf_safety_filter/config/generated_scenarios_fullpool_candidates/scenario_0518.yaml,bad_qp,final_qp_solved_false,3000,False,2823,0.033532297237522705,0.038246883255249914,0.013052054652559944,-0.08389016656998582,0.04771900464316153,0.14383857612309528,0.02
scenario_0519,/home/simon/davide_fr3_ws/src/cbf_safety_filter/data/rollouts/fullpool_candidates_seed20260520_n1500/scenario_0519_offline_rollout.npz,/home/simon/davide_fr3_ws/src/cbf_safety_filter/config/generated_scenarios_fullpool_candidates/scenario_0519.yaml,good,ok,3000,True,0,0.01868588927118163,0.040330673067818824,0.003828083024787189,-0.20987523405474873,0.009137597222514143,0.0004254378017704963,0.02
scenario_0520,/home/simon/davide_fr3_ws/src/cbf_safety_filter/data/rollouts/fullpool_candidates_seed20260520_n1500/scenario_0520_offline_rollout.npz,/home/simon/davide_fr3_ws/src/cbf_safety_filter/config/generated_scenarios_fullpool_candidates/scenario_0520.yaml,bad_qp,final_qp_solved_false,3000,False,2924,0.010552983812956565,0.004636174505427235,0.00644712842299155,-0.04351919616785835,0.023662447713765536,0.3980117523256196,0.02
scenario_0521,/home/simon/davide_fr3_ws/src/cbf_safety_filter/data/rollouts/fullpool_candidates_seed20260520_n1500/scenario_0521_offline_rollout.npz,/home/simon/davide_fr3_ws/src/cbf_safety_filter/config/generated_scenarios_fullpool_candidates/scenario_0521.yaml,good,ok,3000,True,0,0.006960104024210028,0.009479114143585916,2.215690115296362e-05,-0.04373808020732234,8.782390212205837e-05,0.003827394103732069,0.02
scenario_0522,/home/simon/davide_fr3_ws/src/cbf_safety_filter/data/rollouts/fullpool_candidates_seed20260520_n1500/scenario_0522_offline_rollout.npz,/home/simon/davide_fr3_ws/src/cbf_safety_filter/config/generated_scenarios_fullpool_candidates/scenario_0522.yaml,good,ok,3000,True,0,0.030457176084867338,0.009211022837763115,0.00950965119773824,-0.18550269617941711,0.031651230642046835,0.0019458547374174209,0.02
scenario_0523,/home/simon/davide_fr3_ws/src/cbf_safety_filter/data/rollouts/fullpool_candidates_seed20260520_n1500/scenario_0523_offline_rollout.npz,/home/simon/davide_fr3_ws/src/cbf_safety_filter/config/generated_scenarios_fullpool_candidates/scenario_0523.yaml,good,ok,3000,True,0,0.012189107163192853,0.02616222495380568,3.6726828374862575e-05,-0.006684831776738537,0.00010114765159074945,6.810796305762319e-06,0.02
scenario_0524,/home/simon/davide_fr3_ws/src/cbf_safety_filter/data/rollouts/fullpool_candidates_seed20260520_n1500/scenario_0524_offline_rollout.npz,/home/simon/davide_fr3_ws/src/cbf_safety_filter/config/generated_scenarios_fullpool_candidates/scenario_0524.yaml,good,ok,3000,True,0,0.035541691021861166,0.06400596313749726,0.0015974167016049642,-0.07492222965661172,0.006622180022806914,0.00044060451158777235,0.02
scenario_0525,/home/simon/davide_fr3_ws/src/cbf_safety_filter/data/rollouts/fullpool_candidates_seed20260520_n1500/scenario_0525_offline_rollout.npz,/home/simon/davide_fr3_ws/src/cbf_safety_filter/config/generated_scenarios_fullpool_candidates/scenario_0525.yaml,good,ok,3000,True,0,0.037637664115767536,0.06234140279293516,0.010773565627420685,-0.20770005448292278,0.04570737588136836,5.562448061856956e-05,0.02
scenario_0526,/home/simon/davide_fr3_ws/src/cbf_safety_filter/data/rollouts/fullpool_candidates_seed20260520_n1500/scenario_0526_offline_rollout.npz,/home/simon/davide_fr3_ws/src/cbf_safety_filter/config/generated_scenarios_fullpool_candidates/scenario_0526.yaml,good,ok,3000,True,0,0.0036412458381330504,0.007283468540203603,2.47651628659043e-05,-0.03157647905648872,0.00013747923514338678,2.0421030003687617e-05,0.02
scenario_0527,/home/simon/davide_fr3_ws/src/cbf_safety_filter/data/rollouts/fullpool_candidates_seed20260520_n1500/scenario_0527_offline_rollout.npz,/home/simon/davide_fr3_ws/src/cbf_safety_filter/config/generated_scenarios_fullpool_candidates/scenario_0527.yaml,good,ok,3000,True,0,0.0927271795684765,0.051251899878982876,-0.0010582959823459415,-0.0783039758893273,-0.0035531549177691135,0.0034112605834492895,0.02
scenario_0528,/home/simon/davide_fr3_ws/src/cbf_safety_filter/data/rollouts/fullpool_candidates_seed20260520_n1500/scenario_0528_offline_rollout.npz,/home/simon/davide_fr3_ws/src/cbf_safety_filter/config/generated_scenarios_fullpool_candidates/scenario_0528.yaml,good,ok,3000,True,0,0.01986609604439141,0.03513561191810271,-0.00031532225640507755,-0.03422979185270324,-0.0012053851206013932,0.00019273248788057422,0.02
scenario_0529,/home/simon/davide_fr3_ws/src/cbf_safety_filter/data/rollouts/fullpool_candidates_seed20260520_n1500/scenario_0529_offline_rollout.npz,/home/simon/davide_fr3_ws/src/cbf_safety_filter/config/generated_scenarios_fullpool_candidates/scenario_0529.yaml,good,ok,3000,True,0,0.05505703956048872,0.07175232246608346,-0.0006806534096365745,-0.003998258244256175,-0.0026140170912157534,0.0003092001816299537,0.02
scenario_0530,/home/simon/davide_fr3_ws/src/cbf_safety_filter/data/rollouts/fullpool_candidates_seed20260520_n1500/scenario_0530_offline_rollout.npz,/home/simon/davide_fr3_ws/src/cbf_safety_filter/config/generated_scenarios_fullpool_candidates/scenario_0530.yaml,good,ok,3000,True,0,0.0074740455982201266,0.014943571694401183,-0.00023585340375663344,-0.07452641532919396,-0.0006996534003471111,0.00017333869403417655,0.02
scenario_0531,/home/simon/davide_fr3_ws/src/cbf_safety_filter/data/rollouts/fullpool_candidates_seed20260520_n1500/scenario_0531_offline_rollout.npz,/home/simon/davide_fr3_ws/src/cbf_safety_filter/config/generated_scenarios_fullpool_candidates/scenario_0531.yaml,good,ok,3000,True,0,0.008128989742623301,0.012560431757718937,0.006210958127509164,-0.2469517978614592,0.02518763051694281,0.018774498258178635,0.02
scenario_0532,/home/simon/davide_fr3_ws/src/cbf_safety_filter/data/rollouts/fullpool_candidates_seed20260520_n1500/scenario_0532_offline_rollout.npz,/home/simon/davide_fr3_ws/src/cbf_safety_filter/config/generated_scenarios_fullpool_candidates/scenario_0532.yaml,good,ok,3000,True,0,0.007939835125081653,0.002408964440231639,-0.0027463967528726166,-0.043631994948122796,-0.006653962739659985,0.0013681810124119157,0.02
scenario_0533,/home/simon/davide_fr3_ws/src/cbf_safety_filter/data/rollouts/fullpool_candidates_seed20260520_n1500/scenario_0533_offline_rollout.npz,/home/simon/davide_fr3_ws/src/cbf_safety_filter/config/generated_scenarios_fullpool_candidates/scenario_0533.yaml,good,ok,3000,True,0,0.03213274838800985,0.06418642454146638,0.03213274838800985,0.06418642454146638,0.10787372522830513,3.424799495422935e-07,0.02
scenario_0534,/home/simon/davide_fr3_ws/src/cbf_safety_filter/data/rollouts/fullpool_candidates_seed20260520_n1500/scenario_0534_offline_rollout.npz,/home/simon/davide_fr3_ws/src/cbf_safety_filter/config/generated_scenarios_fullpool_candidates/scenario_0534.yaml,bad_safety,final_min_psi_negative,3000,True,0,0.02459416775923382,-0.010342959656733729,0.001374988360548935,-0.09020257449201957,0.004008611776329246,0.00030673684452572707,0.02
scenario_0535,/home/simon/davide_fr3_ws/src/cbf_safety_filter/data/rollouts/fullpool_candidates_seed20260520_n1500/scenario_0535_offline_rollout.npz,/home/simon/davide_fr3_ws/src/cbf_safety_filter/config/generated_scenarios_fullpool_candidates/scenario_0535.yaml,good,ok,3000,True,0,0.0031217827847162746,0.010973008183538639,-0.003124706308049308,-0.0781246977791232,-0.019464238205356477,6.280953294333961e-05,0.02
scenario_0536,/home/simon/davide_fr3_ws/src/cbf_safety_filter/data/rollouts/fullpool_candidates_seed20260520_n1500/scenario_0536_offline_rollout.npz,/home/simon/davide_fr3_ws/src/cbf_safety_filter/config/generated_scenarios_fullpool_candidates/scenario_0536.yaml,good,ok,3000,True,0,0.01194325708965882,0.011043762849815073,7.828121790403458e-05,-0.05671716006875957,0.00019828155683795923,8.264120638451736e-05,0.02
scenario_0537,/home/simon/davide_fr3_ws/src/cbf_safety_filter/data/rollouts/fullpool_candidates_seed20260520_n1500/scenario_0537_offline_rollout.npz,/home/simon/davide_fr3_ws/src/cbf_safety_filter/config/generated_scenarios_fullpool_candidates/scenario_0537.yaml,good,ok,3000,True,0,0.06199137697698185,0.12267789739515428,0.025590670082945494,-0.01418914016418571,0.06348675505254364,0.0015198708285701346,0.02
scenario_0538,/home/simon/davide_fr3_ws/src/cbf_safety_filter/data/rollouts/fullpool_candidates_seed20260520_n1500/scenario_0538_offline_rollout.npz,/home/simon/davide_fr3_ws/src/cbf_safety_filter/config/generated_scenarios_fullpool_candidates/scenario_0538.yaml,good,ok,3000,True,0,0.058156348633111164,0.1057192776557374,0.0024800542414194493,-0.008601750877122505,0.006554836887565502,0.017015418576650482,0.02
scenario_0539,/home/simon/davide_fr3_ws/src/cbf_safety_filter/data/rollouts/fullpool_candidates_seed20260520_n1500/scenario_0539_offline_rollout.npz,/home/simon/davide_fr3_ws/src/cbf_safety_filter/config/generated_scenarios_fullpool_candidates/scenario_0539.yaml,good,ok,3000,True,0,0.028874145611259755,0.03684309518938965,0.014833820039936437,-0.012340184444336488,0.03959917923530368,0.000923794551313299,0.02
scenario_0540,/home/simon/davide_fr3_ws/src/cbf_safety_filter/data/rollouts/fullpool_candidates_seed20260520_n1500/scenario_0540_offline_rollout.npz,/home/simon/davide_fr3_ws/src/cbf_safety_filter/config/generated_scenarios_fullpool_candidates/scenario_0540.yaml,good,ok,3000,True,0,0.0843055899562965,0.19249955747636655,0.0007478376066522782,-0.06411705379484992,0.0018804985644301497,0.000847772797243464,0.02
scenario_0541,/home/simon/davide_fr3_ws/src/cbf_safety_filter/data/rollouts/fullpool_candidates_seed20260520_n1500/scenario_0541_offline_rollout.npz,/home/simon/davide_fr3_ws/src/cbf_safety_filter/config/generated_scenarios_fullpool_candidates/scenario_0541.yaml,bad_qp,final_qp_solved_false,3000,False,2910,0.01698335151944601,0.03072820328030575,0.012463968106290647,-0.023779869696014228,0.05314178150416049,0.27149941115156,0.02
scenario_0542,/home/simon/davide_fr3_ws/src/cbf_safety_filter/data/rollouts/fullpool_candidates_seed20260520_n1500/scenario_0542_offline_rollout.npz,/home/simon/davide_fr3_ws/src/cbf_safety_filter/config/generated_scenarios_fullpool_candidates/scenario_0542.yaml,good,ok,3000,True,0,0.005326755546304591,0.004984060297822435,-0.0025636264631254957,-0.006704065334808733,-0.008668771562163169,0.00022073178735938645,0.02
scenario_0543,/home/simon/davide_fr3_ws/src/cbf_safety_filter/data/rollouts/fullpool_candidates_seed20260520_n1500/scenario_0543_offline_rollout.npz,/home/simon/davide_fr3_ws/src/cbf_safety_filter/config/generated_scenarios_fullpool_candidates/scenario_0543.yaml,good,ok,3000,True,0,0.00037222008450894795,0.0012067591559684636,6.57331947531703e-05,8.257256802802191e-05,0.00018159264473341374,2.719509031089694e-06,0.02
scenario_0544,/home/simon/davide_fr3_ws/src/cbf_safety_filter/data/rollouts/fullpool_candidates_seed20260520_n1500/scenario_0544_offline_rollout.npz,/home/simon/davide_fr3_ws/src/cbf_safety_filter/config/generated_scenarios_fullpool_candidates/scenario_0544.yaml,bad_safety,final_min_psi_negative,3000,True,0,0.0041886013428520524,-0.0041761918438706705,0.0041886013428520524,-0.08467075583684155,0.009867887457727154,0.0003054199418188207,0.02
scenario_0545,/home/simon/davide_fr3_ws/src/cbf_safety_filter/data/rollouts/fullpool_candidates_seed20260520_n1500/scenario_0545_offline_rollout.npz,/home/simon/davide_fr3_ws/src/cbf_safety_filter/config/generated_scenarios_fullpool_candidates/scenario_0545.yaml,good,ok,3000,True,0,0.024264251944028828,0.04886616549034933,-0.0003266880066262884,-0.017462592521724135,-0.0008007072866565434,0.00010130248480924075,0.02
scenario_0546,/home/simon/davide_fr3_ws/src/cbf_safety_filter/data/rollouts/fullpool_candidates_seed20260520_n1500/scenario_0546_offline_rollout.npz,/home/simon/davide_fr3_ws/src/cbf_safety_filter/config/generated_scenarios_fullpool_candidates/scenario_0546.yaml,good,ok,3000,True,0,0.08783544146776906,0.1592427815921249,0.005857567784679232,-0.05610285170936907,0.016648006189155906,0.000983658185415092,0.02
scenario_0547,/home/simon/davide_fr3_ws/src/cbf_safety_filter/data/rollouts/fullpool_candidates_seed20260520_n1500/scenario_0547_offline_rollout.npz,/home/simon/davide_fr3_ws/src/cbf_safety_filter/config/generated_scenarios_fullpool_candidates/scenario_0547.yaml,good,ok,3000,True,0,0.018035065834895735,0.037904168142670336,0.004166929837751184,-0.0488393970087119,0.011804193585978673,0.0005148308346113039,0.02
scenario_0548,/home/simon/davide_fr3_ws/src/cbf_safety_filter/data/rollouts/fullpool_candidates_seed20260520_n1500/scenario_0548_offline_rollout.npz,/home/simon/davide_fr3_ws/src/cbf_safety_filter/config/generated_scenarios_fullpool_candidates/scenario_0548.yaml,good,ok,3000,True,0,0.05479968864045016,0.11004979132988241,0.021947666679349366,0.043212763652413784,0.060719646684380124,3.841219456281721e-06,0.02
scenario_0549,/home/simon/davide_fr3_ws/src/cbf_safety_filter/data/rollouts/fullpool_candidates_seed20260520_n1500/scenario_0549_offline_rollout.npz,/home/simon/davide_fr3_ws/src/cbf_safety_filter/config/generated_scenarios_fullpool_candidates/scenario_0549.yaml,good,ok,3000,True,0,0.031124171728587665,0.0875441919493315,0.012573960147449093,0.024665500232177343,0.0537844224784072,0.00019832577488251903,0.02
scenario_0550,/home/simon/davide_fr3_ws/src/cbf_safety_filter/data/rollouts/fullpool_candidates_seed20260520_n1500/scenario_0550_offline_rollout.npz,/home/simon/davide_fr3_ws/src/cbf_safety_filter/config/generated_scenarios_fullpool_candidates/scenario_0550.yaml,good,ok,3000,True,0,0.026122527891857428,0.05258363754478091,-0.014953303785385398,-0.18347065519823394,-0.05461744566485684,0.0001435822981688052,0.02
scenario_0551,/home/simon/davide_fr3_ws/src/cbf_safety_filter/data/rollouts/fullpool_candidates_seed20260520_n1500/scenario_0551_offline_rollout.npz,/home/simon/davide_fr3_ws/src/cbf_safety_filter/config/generated_scenarios_fullpool_candidates/scenario_0551.yaml,good,ok,3000,True,0,0.05531681823163908,0.12939583861648402,0.0016420010150189623,-0.02908491521566195,0.004037992137400054,0.0002779145883512787,0.02
scenario_0552,/home/simon/davide_fr3_ws/src/cbf_safety_filter/data/rollouts/fullpool_candidates_seed20260520_n1500/scenario_0552_offline_rollout.npz,/home/simon/davide_fr3_ws/src/cbf_safety_filter/config/generated_scenarios_fullpool_candidates/scenario_0552.yaml,good,ok,3000,True,0,0.06879284911703828,0.12260400659943621,-0.002953129550946884,-0.2047381913750923,-0.009568463362897545,0.0002774072874057147,0.02
scenario_0553,/home/simon/davide_fr3_ws/src/cbf_safety_filter/data/rollouts/fullpool_candidates_seed20260520_n1500/scenario_0553_offline_rollout.npz,/home/simon/davide_fr3_ws/src/cbf_safety_filter/config/generated_scenarios_fullpool_candidates/scenario_0553.yaml,good,ok,3000,True,0,0.005414590783411716,0.003898179338070403,-0.002095370575120468,-0.04643594121285771,-0.010695899524483618,0.00029951986227622415,0.02
scenario_0554,/home/simon/davide_fr3_ws/src/cbf_safety_filter/data/rollouts/fullpool_candidates_seed20260520_n1500/scenario_0554_offline_rollout.npz,/home/simon/davide_fr3_ws/src/cbf_safety_filter/config/generated_scenarios_fullpool_candidates/scenario_0554.yaml,good,ok,3000,True,0,0.018342826742664693,0.0014707273458886283,-0.00816972442249056,-0.07550237553140347,-0.024292418205045435,0.0012568383103112107,0.02
scenario_0555,/home/simon/davide_fr3_ws/src/cbf_safety_filter/data/rollouts/fullpool_candidates_seed20260520_n1500/scenario_0555_offline_rollout.npz,/home/simon/davide_fr3_ws/src/cbf_safety_filter/config/generated_scenarios_fullpool_candidates/scenario_0555.yaml,good,ok,3000,True,0,0.024180485735098983,0.013544945398065972,0.00041610796359031754,-0.0030815470057657356,0.001497344153675001,0.01437644746343736,0.02
scenario_0556,/home/simon/davide_fr3_ws/src/cbf_safety_filter/data/rollouts/fullpool_candidates_seed20260520_n1500/scenario_0556_offline_rollout.npz,/home/simon/davide_fr3_ws/src/cbf_safety_filter/config/generated_scenarios_fullpool_candidates/scenario_0556.yaml,good,ok,3000,True,2,0.021381858728359716,0.039621160782187685,0.0013268597631964849,-0.2983672576345609,0.0032532771891425893,0.0003369526659857362,0.02
scenario_0557,/home/simon/davide_fr3_ws/src/cbf_safety_filter/data/rollouts/fullpool_candidates_seed20260520_n1500/scenario_0557_offline_rollout.npz,/home/simon/davide_fr3_ws/src/cbf_safety_filter/config/generated_scenarios_fullpool_candidates/scenario_0557.yaml,good,ok,3000,True,0,0.002451098359576992,0.005408293246727534,0.0009447348722763163,0.0014185518454358644,0.00264892115533652,5.461637631374933e-06,0.02
scenario_0558,/home/simon/davide_fr3_ws/src/cbf_safety_filter/data/rollouts/fullpool_candidates_seed20260520_n1500/scenario_0558_offline_rollout.npz,/home/simon/davide_fr3_ws/src/cbf_safety_filter/config/generated_scenarios_fullpool_candidates/scenario_0558.yaml,good,ok,3000,True,0,0.006225728806991598,0.006835643974471212,-0.00011824259270900098,-0.014745364862778665,-0.0003424765129366736,3.000868670704609e-05,0.02
scenario_0559,/home/simon/davide_fr3_ws/src/cbf_safety_filter/data/rollouts/fullpool_candidates_seed20260520_n1500/scenario_0559_offline_rollout.npz,/home/simon/davide_fr3_ws/src/cbf_safety_filter/config/generated_scenarios_fullpool_candidates/scenario_0559.yaml,good,ok,3000,True,0,0.01867335313236785,0.03734670628672889,0.018673352058562034,0.03734670410820662,0.06385944921496767,7.803460398162284e-08,0.02
scenario_0560,/home/simon/davide_fr3_ws/src/cbf_safety_filter/data/rollouts/fullpool_candidates_seed20260520_n1500/scenario_0560_offline_rollout.npz,/home/simon/davide_fr3_ws/src/cbf_safety_filter/config/generated_scenarios_fullpool_candidates/scenario_0560.yaml,good,ok,3000,True,0,0.04954728350011738,0.09922012525433958,0.032597568874085055,0.06794036683115225,0.08930506525989229,3.479749867933963e-06,0.02
scenario_0561,/home/simon/davide_fr3_ws/src/cbf_safety_filter/data/rollouts/fullpool_candidates_seed20260520_n1500/scenario_0561_offline_rollout.npz,/home/simon/davide_fr3_ws/src/cbf_safety_filter/config/generated_scenarios_fullpool_candidates/scenario_0561.yaml,good,ok,3000,True,0,0.06145492471174637,0.1305149002964619,4.942430736237097e-05,-0.054674190684894125,0.00012086521272683393,0.00043843905621329053,0.02
scenario_0562,/home/simon/davide_fr3_ws/src/cbf_safety_filter/data/rollouts/fullpool_candidates_seed20260520_n1500/scenario_0562_offline_rollout.npz,/home/simon/davide_fr3_ws/src/cbf_safety_filter/config/generated_scenarios_fullpool_candidates/scenario_0562.yaml,good,ok,3000,True,0,0.03325889889365238,0.07851539194362193,0.006199539103612227,-0.07186616446950428,0.013970157739300354,0.0006258696323169482,0.02
scenario_0563,/home/simon/davide_fr3_ws/src/cbf_safety_filter/data/rollouts/fullpool_candidates_seed20260520_n1500/scenario_0563_offline_rollout.npz,/home/simon/davide_fr3_ws/src/cbf_safety_filter/config/generated_scenarios_fullpool_candidates/scenario_0563.yaml,good,ok,3000,True,0,0.03593428070143325,0.035000433720371406,0.0014459976237090957,-0.0009457782401644556,0.003641926774474974,0.00043971670821215693,0.02
scenario_0564,/home/simon/davide_fr3_ws/src/cbf_safety_filter/data/rollouts/fullpool_candidates_seed20260520_n1500/scenario_0564_offline_rollout.npz,/home/simon/davide_fr3_ws/src/cbf_safety_filter/config/generated_scenarios_fullpool_candidates/scenario_0564.yaml,good,ok,3000,True,0,0.032216221175756066,0.06240435354795687,-0.0015024667155415818,-0.3354364201601244,-0.008774798957106797,0.000585700525020645,0.02
scenario_0565,/home/simon/davide_fr3_ws/src/cbf_safety_filter/data/rollouts/fullpool_candidates_seed20260520_n1500/scenario_0565_offline_rollout.npz,/home/simon/davide_fr3_ws/src/cbf_safety_filter/config/generated_scenarios_fullpool_candidates/scenario_0565.yaml,good,ok,3000,True,0,0.04860943247119989,0.11945750766732849,0.0058135371866897614,-0.11167104631502456,0.01426748726792798,0.0006596340648604503,0.02
scenario_0566,/home/simon/davide_fr3_ws/src/cbf_safety_filter/data/rollouts/fullpool_candidates_seed20260520_n1500/scenario_0566_offline_rollout.npz,/home/simon/davide_fr3_ws/src/cbf_safety_filter/config/generated_scenarios_fullpool_candidates/scenario_0566.yaml,bad_safety,final_min_psi_negative,3000,True,0,0.002636324266935086,-0.00044080577407727,0.002636324266935086,-0.0006433171754555937,0.012613195364699625,0.000994434021410869,0.02
scenario_0567,/home/simon/davide_fr3_ws/src/cbf_safety_filter/data/rollouts/fullpool_candidates_seed20260520_n1500/scenario_0567_offline_rollout.npz,/home/simon/davide_fr3_ws/src/cbf_safety_filter/config/generated_scenarios_fullpool_candidates/scenario_0567.yaml,good,ok,3000,True,0,0.017280593794964078,0.010625972960785733,-9.67522058924735e-05,-0.2183924790317761,-0.0005391270213199462,0.002208722760284293,0.02
scenario_0568,/home/simon/davide_fr3_ws/src/cbf_safety_filter/data/rollouts/fullpool_candidates_seed20260520_n1500/scenario_0568_offline_rollout.npz,/home/simon/davide_fr3_ws/src/cbf_safety_filter/config/generated_scenarios_fullpool_candidates/scenario_0568.yaml,good,ok,3000,True,0,0.0009557394947036432,0.0016680268402108145,0.00013086914459985166,-0.12936496467678887,0.0004273594131192493,0.0009725880050877802,0.02
scenario_0569,/home/simon/davide_fr3_ws/src/cbf_safety_filter/data/rollouts/fullpool_candidates_seed20260520_n1500/scenario_0569_offline_rollout.npz,/home/simon/davide_fr3_ws/src/cbf_safety_filter/config/generated_scenarios_fullpool_candidates/scenario_0569.yaml,bad_qp,final_qp_solved_false,3000,False,1294,-0.004863046562795476,-0.026413529723666264,-0.004863046562795476,-0.10751887922056508,-0.015277086098489628,0.0029171122535328925,0.02
scenario_0570,/home/simon/davide_fr3_ws/src/cbf_safety_filter/data/rollouts/fullpool_candidates_seed20260520_n1500/scenario_0570_offline_rollout.npz,/home/simon/davide_fr3_ws/src/cbf_safety_filter/config/generated_scenarios_fullpool_candidates/scenario_0570.yaml,bad_goal,final_dist_to_goal_above_tol,3000,True,0,0.0038947516303151734,0.005990504481688939,0.0013285973671370438,0.0012036114084667503,0.004365142979679992,0.030576728902625767,0.02
scenario_0571,/home/simon/davide_fr3_ws/src/cbf_safety_filter/data/rollouts/fullpool_candidates_seed20260520_n1500/scenario_0571_offline_rollout.npz,/home/simon/davide_fr3_ws/src/cbf_safety_filter/config/generated_scenarios_fullpool_candidates/scenario_0571.yaml,good,ok,3000,True,0,0.02152802348099543,0.043774728078250454,0.00016851446473564388,1.6583495154962578e-05,0.0005046783578008807,2.6234659693475184e-07,0.02
scenario_0572,/home/simon/davide_fr3_ws/src/cbf_safety_filter/data/rollouts/fullpool_candidates_seed20260520_n1500/scenario_0572_offline_rollout.npz,/home/simon/davide_fr3_ws/src/cbf_safety_filter/config/generated_scenarios_fullpool_candidates/scenario_0572.yaml,good,ok,3000,True,0,0.015516433980771273,0.019622029210662105,0.00019689851116259233,-0.022381888190438792,0.0005597528130718843,6.0205836296011124e-05,0.02
scenario_0573,/home/simon/davide_fr3_ws/src/cbf_safety_filter/data/rollouts/fullpool_candidates_seed20260520_n1500/scenario_0573_offline_rollout.npz,/home/simon/davide_fr3_ws/src/cbf_safety_filter/config/generated_scenarios_fullpool_candidates/scenario_0573.yaml,bad_safety,final_min_psi_negative,3000,True,0,0.003940752953739895,-0.0014177503826106226,-0.0018578302422416187,-0.02730871725957494,-0.007752340438634195,6.354419430703907e-05,0.02
scenario_0574,/home/simon/davide_fr3_ws/src/cbf_safety_filter/data/rollouts/fullpool_candidates_seed20260520_n1500/scenario_0574_offline_rollout.npz,/home/simon/davide_fr3_ws/src/cbf_safety_filter/config/generated_scenarios_fullpool_candidates/scenario_0574.yaml,good,ok,3000,True,0,0.039353332405147774,0.0730562855612133,0.02263531401686377,0.036971512405235045,0.049615408816591794,0.0010887764313119227,0.02
scenario_0575,/home/simon/davide_fr3_ws/src/cbf_safety_filter/data/rollouts/fullpool_candidates_seed20260520_n1500/scenario_0575_offline_rollout.npz,/home/simon/davide_fr3_ws/src/cbf_safety_filter/config/generated_scenarios_fullpool_candidates/scenario_0575.yaml,bad_safety,final_min_h_negative,3000,True,0,-1.9744658762491096e-07,-4.433816034368472e-07,-0.0005601117415670008,-0.009303843159304392,-0.001958146103224201,4.857821719699231e-07,0.02
scenario_0576,/home/simon/davide_fr3_ws/src/cbf_safety_filter/data/rollouts/fullpool_candidates_seed20260520_n1500/scenario_0576_offline_rollout.npz,/home/simon/davide_fr3_ws/src/cbf_safety_filter/config/generated_scenarios_fullpool_candidates/scenario_0576.yaml,bad_qp,final_qp_solved_false,3000,False,2441,0.0014327540729547963,0.00424373212695346,-0.0089052708258788,-0.055462759026667516,-0.0261746225155908,0.18103264460638768,0.02
scenario_0577,/home/simon/davide_fr3_ws/src/cbf_safety_filter/data/rollouts/fullpool_candidates_seed20260520_n1500/scenario_0577_offline_rollout.npz,/home/simon/davide_fr3_ws/src/cbf_safety_filter/config/generated_scenarios_fullpool_candidates/scenario_0577.yaml,good,ok,3000,True,0,0.04144398392564888,0.05283681282560439,0.022750764663801833,-0.03380003311260166,0.052896841933392225,0.0008597594940930415,0.02
scenario_0578,/home/simon/davide_fr3_ws/src/cbf_safety_filter/data/rollouts/fullpool_candidates_seed20260520_n1500/scenario_0578_offline_rollout.npz,/home/simon/davide_fr3_ws/src/cbf_safety_filter/config/generated_scenarios_fullpool_candidates/scenario_0578.yaml,good,ok,3000,True,0,0.018870018680003837,0.04727677432420575,0.011984643375099548,-0.029916510409607522,0.04227726475815938,0.001983473697937731,0.02
scenario_0579,/home/simon/davide_fr3_ws/src/cbf_safety_filter/data/rollouts/fullpool_candidates_seed20260520_n1500/scenario_0579_offline_rollout.npz,/home/simon/davide_fr3_ws/src/cbf_safety_filter/config/generated_scenarios_fullpool_candidates/scenario_0579.yaml,bad_safety,final_min_h_negative,3000,True,0,-7.498937824857582e-06,-1.5135211587655054e-05,-7.498937824857582e-06,-0.006781087106765178,-2.460480059407466e-05,8.004444713642198e-07,0.02
scenario_0580,/home/simon/davide_fr3_ws/src/cbf_safety_filter/data/rollouts/fullpool_candidates_seed20260520_n1500/scenario_0580_offline_rollout.npz,/home/simon/davide_fr3_ws/src/cbf_safety_filter/config/generated_scenarios_fullpool_candidates/scenario_0580.yaml,good,ok,3000,True,0,0.02340047763550731,0.027905581743309968,0.00037215318200418956,0.0001147684048565913,0.0011860094802207677,0.0002714834536274066,0.02
scenario_0581,/home/simon/davide_fr3_ws/src/cbf_safety_filter/data/rollouts/fullpool_candidates_seed20260520_n1500/scenario_0581_offline_rollout.npz,/home/simon/davide_fr3_ws/src/cbf_safety_filter/config/generated_scenarios_fullpool_candidates/scenario_0581.yaml,good,ok,3000,True,0,0.03162088994473444,0.047235322951726486,0.001847871788777728,-0.041231570013182645,0.006473017331209974,0.0006486326716285463,0.02
scenario_0582,/home/simon/davide_fr3_ws/src/cbf_safety_filter/data/rollouts/fullpool_candidates_seed20260520_n1500/scenario_0582_offline_rollout.npz,/home/simon/davide_fr3_ws/src/cbf_safety_filter/config/generated_scenarios_fullpool_candidates/scenario_0582.yaml,bad_safety,final_min_h_negative,3000,True,0,-3.1101075486598267e-06,-6.0565002597417185e-06,-9.195797795388816e-06,-1.8802632152364977e-05,-4.016336633792805e-05,3.3678518949521457e-06,0.02
scenario_0583,/home/simon/davide_fr3_ws/src/cbf_safety_filter/data/rollouts/fullpool_candidates_seed20260520_n1500/scenario_0583_offline_rollout.npz,/home/simon/davide_fr3_ws/src/cbf_safety_filter/config/generated_scenarios_fullpool_candidates/scenario_0583.yaml,bad_qp,final_qp_solved_false,3000,False,2869,-4.544395373815187e-05,-0.0009571881818648698,-4.544395373815187e-05,-0.007496217019927524,-0.000252821513643961,0.15537157866759843,0.02
scenario_0584,/home/simon/davide_fr3_ws/src/cbf_safety_filter/data/rollouts/fullpool_candidates_seed20260520_n1500/scenario_0584_offline_rollout.npz,/home/simon/davide_fr3_ws/src/cbf_safety_filter/config/generated_scenarios_fullpool_candidates/scenario_0584.yaml,good,ok,3000,True,0,0.060503096673370095,0.15915648407476446,0.01363376137152102,-0.025098361737672353,0.05742374765118752,0.0008094372387319099,0.02
scenario_0585,/home/simon/davide_fr3_ws/src/cbf_safety_filter/data/rollouts/fullpool_candidates_seed20260520_n1500/scenario_0585_offline_rollout.npz,/home/simon/davide_fr3_ws/src/cbf_safety_filter/config/generated_scenarios_fullpool_candidates/scenario_0585.yaml,good,ok,3000,True,0,0.021361328316155052,0.042949969674021295,0.016797413882315385,0.033593742255223075,0.051426913116400935,1.241938286455501e-07,0.02
scenario_0586,/home/simon/davide_fr3_ws/src/cbf_safety_filter/data/rollouts/fullpool_candidates_seed20260520_n1500/scenario_0586_offline_rollout.npz,/home/simon/davide_fr3_ws/src/cbf_safety_filter/config/generated_scenarios_fullpool_candidates/scenario_0586.yaml,good,ok,3000,True,0,0.05327487942980194,0.14198894775456866,0.02199230201618727,-0.2537388440005033,0.05986348737144878,0.0030306807386582288,0.02
scenario_0587,/home/simon/davide_fr3_ws/src/cbf_safety_filter/data/rollouts/fullpool_candidates_seed20260520_n1500/scenario_0587_offline_rollout.npz,/home/simon/davide_fr3_ws/src/cbf_safety_filter/config/generated_scenarios_fullpool_candidates/scenario_0587.yaml,bad_safety,final_min_psi_negative,3000,True,0,0.014780841615278366,-0.007189470658223861,0.0017315403643706102,-0.24994341504011894,0.005434256761866901,0.0006696356315188642,0.02
scenario_0588,/home/simon/davide_fr3_ws/src/cbf_safety_filter/data/rollouts/fullpool_candidates_seed20260520_n1500/scenario_0588_offline_rollout.npz,/home/simon/davide_fr3_ws/src/cbf_safety_filter/config/generated_scenarios_fullpool_candidates/scenario_0588.yaml,good,ok,3000,True,0,0.0869712330934365,0.14552966106822046,0.00840854268645361,-0.040268248636553844,0.024113070052648428,0.0010579978712275911,0.02
scenario_0589,/home/simon/davide_fr3_ws/src/cbf_safety_filter/data/rollouts/fullpool_candidates_seed20260520_n1500/scenario_0589_offline_rollout.npz,/home/simon/davide_fr3_ws/src/cbf_safety_filter/config/generated_scenarios_fullpool_candidates/scenario_0589.yaml,good,ok,3000,True,0,0.02238074557298246,0.012826714057351037,7.266815684853732e-05,-0.0011016444438405274,0.0003039187196832577,0.0002806770742154797,0.02
scenario_0590,/home/simon/davide_fr3_ws/src/cbf_safety_filter/data/rollouts/fullpool_candidates_seed20260520_n1500/scenario_0590_offline_rollout.npz,/home/simon/davide_fr3_ws/src/cbf_safety_filter/config/generated_scenarios_fullpool_candidates/scenario_0590.yaml,good,ok,3000,True,0,0.0043141997270613325,0.017801649900327024,-0.00022102333261574125,-0.05318031455820452,-0.0007803955982588762,0.00011958298928186958,0.02
scenario_0591,/home/simon/davide_fr3_ws/src/cbf_safety_filter/data/rollouts/fullpool_candidates_seed20260520_n1500/scenario_0591_offline_rollout.npz,/home/simon/davide_fr3_ws/src/cbf_safety_filter/config/generated_scenarios_fullpool_candidates/scenario_0591.yaml,good,ok,3000,True,0,0.006149587569392073,0.012728903997270807,3.225195521198987e-06,-1.303584999905313e-07,8.702427924833778e-06,3.634416131957136e-08,0.02
scenario_0592,/home/simon/davide_fr3_ws/src/cbf_safety_filter/data/rollouts/fullpool_candidates_seed20260520_n1500/scenario_0592_offline_rollout.npz,/home/simon/davide_fr3_ws/src/cbf_safety_filter/config/generated_scenarios_fullpool_candidates/scenario_0592.yaml,good,ok,3000,True,0,0.006597499267583046,0.016676922223865295,0.0002857688147724774,0.00018373256078536328,0.0009268373044358791,1.0844158308637434e-05,0.02
scenario_0593,/home/simon/davide_fr3_ws/src/cbf_safety_filter/data/rollouts/fullpool_candidates_seed20260520_n1500/scenario_0593_offline_rollout.npz,/home/simon/davide_fr3_ws/src/cbf_safety_filter/config/generated_scenarios_fullpool_candidates/scenario_0593.yaml,good,ok,3000,True,0,0.011078461045339178,0.025748662407811474,-0.0026341329493701597,-0.051547008514550796,-0.00931156097597341,0.0003805946780610706,0.02
scenario_0594,/home/simon/davide_fr3_ws/src/cbf_safety_filter/data/rollouts/fullpool_candidates_seed20260520_n1500/scenario_0594_offline_rollout.npz,/home/simon/davide_fr3_ws/src/cbf_safety_filter/config/generated_scenarios_fullpool_candidates/scenario_0594.yaml,good,ok,3000,True,0,0.0743991674259912,0.2220412360781635,0.013378630285839292,-0.024185085961853925,0.03183599334141299,0.0017021319171957117,0.02
scenario_0595,/home/simon/davide_fr3_ws/src/cbf_safety_filter/data/rollouts/fullpool_candidates_seed20260520_n1500/scenario_0595_offline_rollout.npz,/home/simon/davide_fr3_ws/src/cbf_safety_filter/config/generated_scenarios_fullpool_candidates/scenario_0595.yaml,good,ok,3000,True,0,0.08575649675872249,0.1989206026928077,0.0018679482528082478,-0.036354058264217254,0.0047945948874061894,0.00041692637202677476,0.02
scenario_0596,/home/simon/davide_fr3_ws/src/cbf_safety_filter/data/rollouts/fullpool_candidates_seed20260520_n1500/scenario_0596_offline_rollout.npz,/home/simon/davide_fr3_ws/src/cbf_safety_filter/config/generated_scenarios_fullpool_candidates/scenario_0596.yaml,good,ok,3000,True,0,0.010517579095174989,0.013093483600716464,-0.006327417849078018,-0.2203181694086187,-0.022034008316906634,1.4363173828935862e-05,0.02
scenario_0597,/home/simon/davide_fr3_ws/src/cbf_safety_filter/data/rollouts/fullpool_candidates_seed20260520_n1500/scenario_0597_offline_rollout.npz,/home/simon/davide_fr3_ws/src/cbf_safety_filter/config/generated_scenarios_fullpool_candidates/scenario_0597.yaml,good,ok,3000,True,0,0.006237193854196563,0.0010560224195353667,-1.921490475251253e-05,-0.03352968936554554,-6.359678790185397e-05,3.288557224029983e-05,0.02
scenario_0598,/home/simon/davide_fr3_ws/src/cbf_safety_filter/data/rollouts/fullpool_candidates_seed20260520_n1500/scenario_0598_offline_rollout.npz,/home/simon/davide_fr3_ws/src/cbf_safety_filter/config/generated_scenarios_fullpool_candidates/scenario_0598.yaml,good,ok,3000,True,0,0.010436734404774878,0.01628502044538134,0.008635430131777111,-0.16313173164723943,0.03172421336438694,0.014580631056757649,0.02
scenario_0599,/home/simon/davide_fr3_ws/src/cbf_safety_filter/data/rollouts/fullpool_candidates_seed20260520_n1500/scenario_0599_offline_rollout.npz,/home/simon/davide_fr3_ws/src/cbf_safety_filter/config/generated_scenarios_fullpool_candidates/scenario_0599.yaml,bad_qp,final_qp_solved_false,3000,False,2723,0.005373445774487898,0.010317872150680436,0.0030462279122792056,-0.2750354082035351,0.00841919919954065,0.09047307642096328,0.02
scenario_0600,/home/simon/davide_fr3_ws/src/cbf_safety_filter/data/rollouts/fullpool_candidates_seed20260520_n1500/scenario_0600_offline_rollout.npz,/home/simon/davide_fr3_ws/src/cbf_safety_filter/config/generated_scenarios_fullpool_candidates/scenario_0600.yaml,good,ok,3000,True,0,0.021615864629775598,0.04549957028794572,0.01413551202329167,0.028270626254642835,0.04843642180112895,0.00015877767245550244,0.02
scenario_0601,/home/simon/davide_fr3_ws/src/cbf_safety_filter/data/rollouts/fullpool_candidates_seed20260520_n1500/scenario_0601_offline_rollout.npz,/home/simon/davide_fr3_ws/src/cbf_safety_filter/config/generated_scenarios_fullpool_candidates/scenario_0601.yaml,good,ok,3000,True,0,0.031082867204596503,0.02726964951224526,-0.0006548534459810303,-0.04967727900090166,-0.0037147373300691067,0.0012059607171074225,0.02
scenario_0602,/home/simon/davide_fr3_ws/src/cbf_safety_filter/data/rollouts/fullpool_candidates_seed20260520_n1500/scenario_0602_offline_rollout.npz,/home/simon/davide_fr3_ws/src/cbf_safety_filter/config/generated_scenarios_fullpool_candidates/scenario_0602.yaml,good,ok,3000,True,0,0.08015637816422669,0.173271581393842,8.754061227846804e-05,-0.05648677855351275,0.00021476310527021591,0.0016194738069083645,0.02
scenario_0603,/home/simon/davide_fr3_ws/src/cbf_safety_filter/data/rollouts/fullpool_candidates_seed20260520_n1500/scenario_0603_offline_rollout.npz,/home/simon/davide_fr3_ws/src/cbf_safety_filter/config/generated_scenarios_fullpool_candidates/scenario_0603.yaml,good,ok,3000,True,0,0.06782007011851252,0.13750956480675244,0.0024766316490993194,-0.0711065568596585,0.0078028033248483675,0.001509899930194167,0.02
scenario_0604,/home/simon/davide_fr3_ws/src/cbf_safety_filter/data/rollouts/fullpool_candidates_seed20260520_n1500/scenario_0604_offline_rollout.npz,/home/simon/davide_fr3_ws/src/cbf_safety_filter/config/generated_scenarios_fullpool_candidates/scenario_0604.yaml,bad_safety,final_min_psi_negative,3000,True,0,0.030005172672459147,-0.02296906748589117,-0.008392859634961815,-0.1128122473979788,-0.027932687833662068,0.0007078105565414171,0.02
scenario_0605,/home/simon/davide_fr3_ws/src/cbf_safety_filter/data/rollouts/fullpool_candidates_seed20260520_n1500/scenario_0605_offline_rollout.npz,/home/simon/davide_fr3_ws/src/cbf_safety_filter/config/generated_scenarios_fullpool_candidates/scenario_0605.yaml,good,ok,3000,True,0,0.011247950354690815,0.010882972321514452,-0.0018313081280932307,-0.10293256348478524,-0.005369931561991059,0.010323685241356977,0.02
scenario_0606,/home/simon/davide_fr3_ws/src/cbf_safety_filter/data/rollouts/fullpool_candidates_seed20260520_n1500/scenario_0606_offline_rollout.npz,/home/simon/davide_fr3_ws/src/cbf_safety_filter/config/generated_scenarios_fullpool_candidates/scenario_0606.yaml,bad_qp,final_qp_solved_false,3000,False,2913,0.01033845370275234,0.006688457742568654,0.01033845370275234,-0.01901665740586258,0.029794303795927818,0.32316270962860977,0.02
scenario_0607,/home/simon/davide_fr3_ws/src/cbf_safety_filter/data/rollouts/fullpool_candidates_seed20260520_n1500/scenario_0607_offline_rollout.npz,/home/simon/davide_fr3_ws/src/cbf_safety_filter/config/generated_scenarios_fullpool_candidates/scenario_0607.yaml,good,ok,3000,True,0,0.03845649065274918,0.0744487419651359,0.02020543195225511,-0.05450036084738746,0.04590996266049488,0.0023220591183097735,0.02
scenario_0608,/home/simon/davide_fr3_ws/src/cbf_safety_filter/data/rollouts/fullpool_candidates_seed20260520_n1500/scenario_0608_offline_rollout.npz,/home/simon/davide_fr3_ws/src/cbf_safety_filter/config/generated_scenarios_fullpool_candidates/scenario_0608.yaml,good,ok,3000,True,0,0.00010962222785005846,0.0003169427439773883,-0.0025813011664656896,-0.05036817475697822,-0.007946035601710755,1.748178869125117e-05,0.02
scenario_0609,/home/simon/davide_fr3_ws/src/cbf_safety_filter/data/rollouts/fullpool_candidates_seed20260520_n1500/scenario_0609_offline_rollout.npz,/home/simon/davide_fr3_ws/src/cbf_safety_filter/config/generated_scenarios_fullpool_candidates/scenario_0609.yaml,bad_safety,final_min_psi_negative,3000,True,0,0.03155858915592388,-0.019565740247366598,0.00012879320472801437,-0.4479942711472156,0.0007126959401384664,0.0020917299452957146,0.02
scenario_0610,/home/simon/davide_fr3_ws/src/cbf_safety_filter/data/rollouts/fullpool_candidates_seed20260520_n1500/scenario_0610_offline_rollout.npz,/home/simon/davide_fr3_ws/src/cbf_safety_filter/config/generated_scenarios_fullpool_candidates/scenario_0610.yaml,bad_safety,final_min_psi_negative,3000,True,0,0.00028052773626462135,-0.00026287001657802564,-0.000758133692440795,-0.02661914154076983,-0.004073211044444705,0.0006245907897646376,0.02
scenario_0611,/home/simon/davide_fr3_ws/src/cbf_safety_filter/data/rollouts/fullpool_candidates_seed20260520_n1500/scenario_0611_offline_rollout.npz,/home/simon/davide_fr3_ws/src/cbf_safety_filter/config/generated_scenarios_fullpool_candidates/scenario_0611.yaml,bad_qp,final_qp_solved_false,3000,False,2909,0.047039494095643244,0.0790590779309407,0.03887923542179153,0.016302917097377023,0.09526331701939489,0.33247669357538145,0.02
scenario_0612,/home/simon/davide_fr3_ws/src/cbf_safety_filter/data/rollouts/fullpool_candidates_seed20260520_n1500/scenario_0612_offline_rollout.npz,/home/simon/davide_fr3_ws/src/cbf_safety_filter/config/generated_scenarios_fullpool_candidates/scenario_0612.yaml,good,ok,3000,True,0,0.02590087448524664,0.050831272903666715,0.0006919624343145574,-0.05721000565411288,0.0022815840810486987,0.0013119949594003408,0.02
scenario_0613,/home/simon/davide_fr3_ws/src/cbf_safety_filter/data/rollouts/fullpool_candidates_seed20260520_n1500/scenario_0613_offline_rollout.npz,/home/simon/davide_fr3_ws/src/cbf_safety_filter/config/generated_scenarios_fullpool_candidates/scenario_0613.yaml,bad_goal,final_dist_to_goal_above_tol,3000,True,0,0.06280680190778588,0.043688976461316725,-0.003320396541925355,-0.2020235837129674,-0.008516378631843041,0.021243988400836935,0.02
scenario_0614,/home/simon/davide_fr3_ws/src/cbf_safety_filter/data/rollouts/fullpool_candidates_seed20260520_n1500/scenario_0614_offline_rollout.npz,/home/simon/davide_fr3_ws/src/cbf_safety_filter/config/generated_scenarios_fullpool_candidates/scenario_0614.yaml,good,ok,3000,True,0,0.003629594468769773,0.0056591293785845445,0.00010640088311796372,3.322475622328581e-05,0.00033466273291299364,6.234062628390095e-05,0.02
scenario_0615,/home/simon/davide_fr3_ws/src/cbf_safety_filter/data/rollouts/fullpool_candidates_seed20260520_n1500/scenario_0615_offline_rollout.npz,/home/simon/davide_fr3_ws/src/cbf_safety_filter/config/generated_scenarios_fullpool_candidates/scenario_0615.yaml,good,ok,3000,True,0,0.00037905348042194253,0.0008009737226681182,1.8665231570069718e-07,2.710870802793129e-08,4.810620728989967e-07,5.335701993870488e-07,0.02
scenario_0616,/home/simon/davide_fr3_ws/src/cbf_safety_filter/data/rollouts/fullpool_candidates_seed20260520_n1500/scenario_0616_offline_rollout.npz,/home/simon/davide_fr3_ws/src/cbf_safety_filter/config/generated_scenarios_fullpool_candidates/scenario_0616.yaml,good,ok,3000,True,0,0.056627647901548436,0.10658174942970261,0.0011244666478758963,-0.023038501877699458,0.00453891805416716,0.00012172323964316436,0.02
scenario_0617,/home/simon/davide_fr3_ws/src/cbf_safety_filter/data/rollouts/fullpool_candidates_seed20260520_n1500/scenario_0617_offline_rollout.npz,/home/simon/davide_fr3_ws/src/cbf_safety_filter/config/generated_scenarios_fullpool_candidates/scenario_0617.yaml,bad_safety,final_min_psi_negative,3000,True,0,0.015724005535197122,-0.008432342522709552,0.005877993731586767,-0.04620064774450014,0.022167128222105037,0.0014248744024602676,0.02
scenario_0618,/home/simon/davide_fr3_ws/src/cbf_safety_filter/data/rollouts/fullpool_candidates_seed20260520_n1500/scenario_0618_offline_rollout.npz,/home/simon/davide_fr3_ws/src/cbf_safety_filter/config/generated_scenarios_fullpool_candidates/scenario_0618.yaml,good,ok,3000,True,0,0.010265488612831221,0.020495841807236216,-2.2964218011085197e-06,-7.735516795851616e-06,-1.0134706590406162e-05,3.2603045442598184e-07,0.02
scenario_0619,/home/simon/davide_fr3_ws/src/cbf_safety_filter/data/rollouts/fullpool_candidates_seed20260520_n1500/scenario_0619_offline_rollout.npz,/home/simon/davide_fr3_ws/src/cbf_safety_filter/config/generated_scenarios_fullpool_candidates/scenario_0619.yaml,good,ok,3000,True,0,0.031685634276372825,0.0630410173125831,0.0284652904672004,0.025016265159937268,0.06266262876323223,0.007668507132909169,0.02
scenario_0620,/home/simon/davide_fr3_ws/src/cbf_safety_filter/data/rollouts/fullpool_candidates_seed20260520_n1500/scenario_0620_offline_rollout.npz,/home/simon/davide_fr3_ws/src/cbf_safety_filter/config/generated_scenarios_fullpool_candidates/scenario_0620.yaml,good,ok,3000,True,0,0.06068178140408823,0.032805248774279996,0.005757202363586053,0.0031263853119780777,0.018906655285384127,0.0008714621652809674,0.02
scenario_0621,/home/simon/davide_fr3_ws/src/cbf_safety_filter/data/rollouts/fullpool_candidates_seed20260520_n1500/scenario_0621_offline_rollout.npz,/home/simon/davide_fr3_ws/src/cbf_safety_filter/config/generated_scenarios_fullpool_candidates/scenario_0621.yaml,good,ok,3000,True,0,0.016326503835079383,0.03206472436594343,0.0007109077859022688,-0.1398999505966167,0.0038664358857960907,0.00036955529183616145,0.02
scenario_0622,/home/simon/davide_fr3_ws/src/cbf_safety_filter/data/rollouts/fullpool_candidates_seed20260520_n1500/scenario_0622_offline_rollout.npz,/home/simon/davide_fr3_ws/src/cbf_safety_filter/config/generated_scenarios_fullpool_candidates/scenario_0622.yaml,good,ok,3000,True,0,0.014334639397987313,0.04634488324792228,0.007128347494899889,-0.01650374259928207,0.02264109604627998,0.0007341248476975834,0.02
scenario_0623,/home/simon/davide_fr3_ws/src/cbf_safety_filter/data/rollouts/fullpool_candidates_seed20260520_n1500/scenario_0623_offline_rollout.npz,/home/simon/davide_fr3_ws/src/cbf_safety_filter/config/generated_scenarios_fullpool_candidates/scenario_0623.yaml,good,ok,3000,True,1,0.00037099837243589374,0.001217022307508339,0.00034560220635924607,-0.015468393385272394,0.0015323839543557177,0.0008280472224803784,0.02
scenario_0624,/home/simon/davide_fr3_ws/src/cbf_safety_filter/data/rollouts/fullpool_candidates_seed20260520_n1500/scenario_0624_offline_rollout.npz,/home/simon/davide_fr3_ws/src/cbf_safety_filter/config/generated_scenarios_fullpool_candidates/scenario_0624.yaml,good,ok,3000,True,0,0.035245462231431504,0.04017290365433206,-0.00709865751688119,-0.21833391831817567,-0.025793975754501694,0.001060711208126834,0.02
scenario_0625,/home/simon/davide_fr3_ws/src/cbf_safety_filter/data/rollouts/fullpool_candidates_seed20260520_n1500/scenario_0625_offline_rollout.npz,/home/simon/davide_fr3_ws/src/cbf_safety_filter/config/generated_scenarios_fullpool_candidates/scenario_0625.yaml,good,ok,3000,True,0,0.015174853589543718,0.032578985194178754,0.006701697532443113,0.007012359274061367,0.02405054520034977,1.0548453896939794e-05,0.02
scenario_0626,/home/simon/davide_fr3_ws/src/cbf_safety_filter/data/rollouts/fullpool_candidates_seed20260520_n1500/scenario_0626_offline_rollout.npz,/home/simon/davide_fr3_ws/src/cbf_safety_filter/config/generated_scenarios_fullpool_candidates/scenario_0626.yaml,good,ok,3000,True,0,5.551183718598834e-06,1.2592415948031082e-05,5.326775030404379e-06,-0.016496812810103928,1.8571932056288265e-05,0.00016633157998470512,0.02
scenario_0627,/home/simon/davide_fr3_ws/src/cbf_safety_filter/data/rollouts/fullpool_candidates_seed20260520_n1500/scenario_0627_offline_rollout.npz,/home/simon/davide_fr3_ws/src/cbf_safety_filter/config/generated_scenarios_fullpool_candidates/scenario_0627.yaml,good,ok,3000,True,0,0.002146379166887112,0.0016524799305307567,-0.0018361502837669248,-0.004038207544887769,-0.006937710263114294,0.0003499494246102287,0.02
scenario_0628,/home/simon/davide_fr3_ws/src/cbf_safety_filter/data/rollouts/fullpool_candidates_seed20260520_n1500/scenario_0628_offline_rollout.npz,/home/simon/davide_fr3_ws/src/cbf_safety_filter/config/generated_scenarios_fullpool_candidates/scenario_0628.yaml,good,ok,3000,True,0,0.014267236821878707,0.024690794081271943,-0.0022467938087951615,-0.08479595645596136,-0.009793961044007968,3.2896946227740725e-05,0.02
scenario_0629,/home/simon/davide_fr3_ws/src/cbf_safety_filter/data/rollouts/fullpool_candidates_seed20260520_n1500/scenario_0629_offline_rollout.npz,/home/simon/davide_fr3_ws/src/cbf_safety_filter/config/generated_scenarios_fullpool_candidates/scenario_0629.yaml,good,ok,3000,True,0,0.04084640511704693,0.08475392943312027,-0.0001926755156350865,-0.16413300332737635,-0.000596512183002329,0.0012598507607740903,0.02
scenario_0630,/home/simon/davide_fr3_ws/src/cbf_safety_filter/data/rollouts/fullpool_candidates_seed20260520_n1500/scenario_0630_offline_rollout.npz,/home/simon/davide_fr3_ws/src/cbf_safety_filter/config/generated_scenarios_fullpool_candidates/scenario_0630.yaml,good,ok,3000,True,0,0.023444656643557542,0.04194894975701732,0.02151502098723094,0.04194894975701732,0.05377187987694104,0.00011458422432278057,0.02
scenario_0631,/home/simon/davide_fr3_ws/src/cbf_safety_filter/data/rollouts/fullpool_candidates_seed20260520_n1500/scenario_0631_offline_rollout.npz,/home/simon/davide_fr3_ws/src/cbf_safety_filter/config/generated_scenarios_fullpool_candidates/scenario_0631.yaml,good,ok,3000,True,0,0.01593760944276884,0.04957976680078091,-3.714488879288762e-05,-0.0003180566270708611,-0.00015474118912781054,0.00405813091141426,0.02
scenario_0632,/home/simon/davide_fr3_ws/src/cbf_safety_filter/data/rollouts/fullpool_candidates_seed20260520_n1500/scenario_0632_offline_rollout.npz,/home/simon/davide_fr3_ws/src/cbf_safety_filter/config/generated_scenarios_fullpool_candidates/scenario_0632.yaml,bad_safety,final_min_psi_negative,3000,True,0,0.002426850916856668,-0.0020635264748357935,0.00016213930279370542,-0.03877845680563935,0.0006000712806079056,0.0005578445113110864,0.02
scenario_0633,/home/simon/davide_fr3_ws/src/cbf_safety_filter/data/rollouts/fullpool_candidates_seed20260520_n1500/scenario_0633_offline_rollout.npz,/home/simon/davide_fr3_ws/src/cbf_safety_filter/config/generated_scenarios_fullpool_candidates/scenario_0633.yaml,good,ok,3000,True,0,0.014134159020296824,0.03924846395898045,-0.0016384456229020412,-0.030397943584650727,-0.0064001827841965175,0.018736821122970326,0.02
scenario_0634,/home/simon/davide_fr3_ws/src/cbf_safety_filter/data/rollouts/fullpool_candidates_seed20260520_n1500/scenario_0634_offline_rollout.npz,/home/simon/davide_fr3_ws/src/cbf_safety_filter/config/generated_scenarios_fullpool_candidates/scenario_0634.yaml,good,ok,3000,True,0,0.027874615511675287,0.049576727194329234,0.0005775474333243359,-0.0642660430956237,0.0020476942203720983,0.0017587728436538866,0.02
scenario_0635,/home/simon/davide_fr3_ws/src/cbf_safety_filter/data/rollouts/fullpool_candidates_seed20260520_n1500/scenario_0635_offline_rollout.npz,/home/simon/davide_fr3_ws/src/cbf_safety_filter/config/generated_scenarios_fullpool_candidates/scenario_0635.yaml,good,ok,3000,True,0,0.0223630856032338,0.044533544408352735,0.004911854360733683,-0.047724577131268875,0.024069515475142106,0.0003942704696162353,0.02
scenario_0636,/home/simon/davide_fr3_ws/src/cbf_safety_filter/data/rollouts/fullpool_candidates_seed20260520_n1500/scenario_0636_offline_rollout.npz,/home/simon/davide_fr3_ws/src/cbf_safety_filter/config/generated_scenarios_fullpool_candidates/scenario_0636.yaml,good,ok,3000,True,0,0.004155968180388752,0.013946238169975603,-0.0016763400135262792,-0.01369416289999402,-0.005934675400975087,0.0005159530869723689,0.02
scenario_0637,/home/simon/davide_fr3_ws/src/cbf_safety_filter/data/rollouts/fullpool_candidates_seed20260520_n1500/scenario_0637_offline_rollout.npz,/home/simon/davide_fr3_ws/src/cbf_safety_filter/config/generated_scenarios_fullpool_candidates/scenario_0637.yaml,good,ok,3000,True,0,0.00011508370253022343,0.00024266859217111968,2.733433097992788e-07,4.56320837967821e-07,7.673855163259358e-07,2.3624003086471636e-08,0.02
scenario_0638,/home/simon/davide_fr3_ws/src/cbf_safety_filter/data/rollouts/fullpool_candidates_seed20260520_n1500/scenario_0638_offline_rollout.npz,/home/simon/davide_fr3_ws/src/cbf_safety_filter/config/generated_scenarios_fullpool_candidates/scenario_0638.yaml,good,ok,3000,True,0,0.03968247026767575,0.07560652769220864,0.010736969420490537,-0.10334147601410779,0.024872927480440704,0.00040241146690760614,0.02
scenario_0639,/home/simon/davide_fr3_ws/src/cbf_safety_filter/data/rollouts/fullpool_candidates_seed20260520_n1500/scenario_0639_offline_rollout.npz,/home/simon/davide_fr3_ws/src/cbf_safety_filter/config/generated_scenarios_fullpool_candidates/scenario_0639.yaml,good,ok,3000,True,0,0.026904664569106562,0.05378748282279794,-0.002643632763368556,-0.10202530670875909,-0.006555912019966054,0.0001388607358930328,0.02
scenario_0640,/home/simon/davide_fr3_ws/src/cbf_safety_filter/data/rollouts/fullpool_candidates_seed20260520_n1500/scenario_0640_offline_rollout.npz,/home/simon/davide_fr3_ws/src/cbf_safety_filter/config/generated_scenarios_fullpool_candidates/scenario_0640.yaml,good,ok,3000,True,0,0.020780061937050388,0.07955205125231193,0.001794493024631763,-0.24170198074892177,0.005893373004879826,0.0006390161776748014,0.02
scenario_0641,/home/simon/davide_fr3_ws/src/cbf_safety_filter/data/rollouts/fullpool_candidates_seed20260520_n1500/scenario_0641_offline_rollout.npz,/home/simon/davide_fr3_ws/src/cbf_safety_filter/config/generated_scenarios_fullpool_candidates/scenario_0641.yaml,good,ok,3000,True,0,0.007692209657351639,0.009700560785242193,-0.005793904645081451,-0.04470520678408138,-0.027319345342660895,0.016603515919409853,0.02
scenario_0642,/home/simon/davide_fr3_ws/src/cbf_safety_filter/data/rollouts/fullpool_candidates_seed20260520_n1500/scenario_0642_offline_rollout.npz,/home/simon/davide_fr3_ws/src/cbf_safety_filter/config/generated_scenarios_fullpool_candidates/scenario_0642.yaml,good,ok,3000,True,0,0.025352070404460424,0.052002175920056244,0.0002868993840410422,-0.025613426162982844,0.0008572930874870821,0.002069978009347452,0.02
scenario_0643,/home/simon/davide_fr3_ws/src/cbf_safety_filter/data/rollouts/fullpool_candidates_seed20260520_n1500/scenario_0643_offline_rollout.npz,/home/simon/davide_fr3_ws/src/cbf_safety_filter/config/generated_scenarios_fullpool_candidates/scenario_0643.yaml,bad_goal,final_dist_to_goal_above_tol,3000,True,0,0.04333327456081987,0.06734748678573008,6.252398319215452e-05,-0.2500942260118656,0.00017056465854095593,0.027941711092509817,0.02
scenario_0644,/home/simon/davide_fr3_ws/src/cbf_safety_filter/data/rollouts/fullpool_candidates_seed20260520_n1500/scenario_0644_offline_rollout.npz,/home/simon/davide_fr3_ws/src/cbf_safety_filter/config/generated_scenarios_fullpool_candidates/scenario_0644.yaml,bad_safety,final_min_psi_negative,3000,True,0,0.006094097122805356,-0.0003570639049250042,-0.0002002430952799776,-0.2585506896474701,-0.0009505989300843815,0.0003870674813276029,0.02
scenario_0645,/home/simon/davide_fr3_ws/src/cbf_safety_filter/data/rollouts/fullpool_candidates_seed20260520_n1500/scenario_0645_offline_rollout.npz,/home/simon/davide_fr3_ws/src/cbf_safety_filter/config/generated_scenarios_fullpool_candidates/scenario_0645.yaml,good,ok,3000,True,0,0.005731112198021332,0.008364908036495507,0.00010768245775628904,-0.0038469849643175957,0.00028739279683925867,0.0017434994324799775,0.02
scenario_0646,/home/simon/davide_fr3_ws/src/cbf_safety_filter/data/rollouts/fullpool_candidates_seed20260520_n1500/scenario_0646_offline_rollout.npz,/home/simon/davide_fr3_ws/src/cbf_safety_filter/config/generated_scenarios_fullpool_candidates/scenario_0646.yaml,good,ok,3000,True,0,0.019898392274573108,0.03249443803846443,0.01651382881589688,-0.06415645815414764,0.035519741059527266,0.0009098842992209663,0.02
scenario_0647,/home/simon/davide_fr3_ws/src/cbf_safety_filter/data/rollouts/fullpool_candidates_seed20260520_n1500/scenario_0647_offline_rollout.npz,/home/simon/davide_fr3_ws/src/cbf_safety_filter/config/generated_scenarios_fullpool_candidates/scenario_0647.yaml,good,ok,3000,True,0,0.02858435555751733,0.047700089663612055,-0.0006408573879565921,-0.028213471798383405,-0.0020256299136420797,5.752278738920343e-05,0.02
scenario_0648,/home/simon/davide_fr3_ws/src/cbf_safety_filter/data/rollouts/fullpool_candidates_seed20260520_n1500/scenario_0648_offline_rollout.npz,/home/simon/davide_fr3_ws/src/cbf_safety_filter/config/generated_scenarios_fullpool_candidates/scenario_0648.yaml,good,ok,3000,True,0,0.0724479890371882,0.09447497058887468,0.0008458157616640233,-0.38379703114875835,0.0025164367734686888,0.002026620800191212,0.02
scenario_0649,/home/simon/davide_fr3_ws/src/cbf_safety_filter/data/rollouts/fullpool_candidates_seed20260520_n1500/scenario_0649_offline_rollout.npz,/home/simon/davide_fr3_ws/src/cbf_safety_filter/config/generated_scenarios_fullpool_candidates/scenario_0649.yaml,good,ok,3000,True,0,0.03427058624868557,0.06773029918738091,2.6291238225568947e-05,2.4575108596094276e-05,0.00010100321512721,6.412685820895211e-06,0.02
scenario_0650,/home/simon/davide_fr3_ws/src/cbf_safety_filter/data/rollouts/fullpool_candidates_seed20260520_n1500/scenario_0650_offline_rollout.npz,/home/simon/davide_fr3_ws/src/cbf_safety_filter/config/generated_scenarios_fullpool_candidates/scenario_0650.yaml,good,ok,3000,True,0,0.008661073255493812,0.005612075402063824,-0.000761615569441685,-0.012258238382645253,-0.0021414233182493747,0.0013684885720909752,0.02
scenario_0651,/home/simon/davide_fr3_ws/src/cbf_safety_filter/data/rollouts/fullpool_candidates_seed20260520_n1500/scenario_0651_offline_rollout.npz,/home/simon/davide_fr3_ws/src/cbf_safety_filter/config/generated_scenarios_fullpool_candidates/scenario_0651.yaml,good,ok,3000,True,0,0.03305437513294649,0.06610764906800738,0.02554945447939536,0.05702198922464828,0.06921889721624394,1.8799596096953164e-10,0.02
scenario_0652,/home/simon/davide_fr3_ws/src/cbf_safety_filter/data/rollouts/fullpool_candidates_seed20260520_n1500/scenario_0652_offline_rollout.npz,/home/simon/davide_fr3_ws/src/cbf_safety_filter/config/generated_scenarios_fullpool_candidates/scenario_0652.yaml,good,ok,3000,True,0,0.025668297176221738,0.056943209582256064,0.009467508802569977,-0.019959210331326707,0.04098716410959519,0.0014354417141842445,0.02
scenario_0653,/home/simon/davide_fr3_ws/src/cbf_safety_filter/data/rollouts/fullpool_candidates_seed20260520_n1500/scenario_0653_offline_rollout.npz,/home/simon/davide_fr3_ws/src/cbf_safety_filter/config/generated_scenarios_fullpool_candidates/scenario_0653.yaml,good,ok,3000,True,0,0.006298284336634444,0.017221084698224205,0.0003332841221884361,-0.15661857022308073,0.0008632888229403446,6.920461317711375e-05,0.02
scenario_0654,/home/simon/davide_fr3_ws/src/cbf_safety_filter/data/rollouts/fullpool_candidates_seed20260520_n1500/scenario_0654_offline_rollout.npz,/home/simon/davide_fr3_ws/src/cbf_safety_filter/config/generated_scenarios_fullpool_candidates/scenario_0654.yaml,good,ok,3000,True,0,0.08539646647225746,0.12472266422360778,0.025657296238603557,-0.06800227170648998,0.05593102463287156,0.0008761343930776936,0.02
scenario_0655,/home/simon/davide_fr3_ws/src/cbf_safety_filter/data/rollouts/fullpool_candidates_seed20260520_n1500/scenario_0655_offline_rollout.npz,/home/simon/davide_fr3_ws/src/cbf_safety_filter/config/generated_scenarios_fullpool_candidates/scenario_0655.yaml,good,ok,3000,True,0,0.06768154835596381,0.12233938061229192,0.017412229307517874,-0.05682236582729769,0.06972548108400825,0.0004980614916358633,0.02
scenario_0656,/home/simon/davide_fr3_ws/src/cbf_safety_filter/data/rollouts/fullpool_candidates_seed20260520_n1500/scenario_0656_offline_rollout.npz,/home/simon/davide_fr3_ws/src/cbf_safety_filter/config/generated_scenarios_fullpool_candidates/scenario_0656.yaml,good,ok,3000,True,0,0.011610798537611475,0.016106296070640576,0.0038987791257804535,-0.08707819476720985,0.00954769471276884,0.00034019217817017703,0.02
scenario_0657,/home/simon/davide_fr3_ws/src/cbf_safety_filter/data/rollouts/fullpool_candidates_seed20260520_n1500/scenario_0657_offline_rollout.npz,/home/simon/davide_fr3_ws/src/cbf_safety_filter/config/generated_scenarios_fullpool_candidates/scenario_0657.yaml,good,ok,3000,True,0,0.01632512560294834,0.06220122926463885,-0.0009415068906319657,-0.22720731785736809,-0.0028378976500420816,0.0003340309209557009,0.02
scenario_0658,/home/simon/davide_fr3_ws/src/cbf_safety_filter/data/rollouts/fullpool_candidates_seed20260520_n1500/scenario_0658_offline_rollout.npz,/home/simon/davide_fr3_ws/src/cbf_safety_filter/config/generated_scenarios_fullpool_candidates/scenario_0658.yaml,good,ok,3000,True,0,0.06405299107818047,0.12049020368725218,0.03262630874115255,-0.03489405021115277,0.06872653300911294,0.0016419052674503261,0.02
scenario_0659,/home/simon/davide_fr3_ws/src/cbf_safety_filter/data/rollouts/fullpool_candidates_seed20260520_n1500/scenario_0659_offline_rollout.npz,/home/simon/davide_fr3_ws/src/cbf_safety_filter/config/generated_scenarios_fullpool_candidates/scenario_0659.yaml,bad_goal,final_dist_to_goal_above_tol,3000,True,0,0.001865255917553977,0.008243532979312532,-0.0062316876516111544,-0.06037622413255107,-0.05142877477935647,0.022998506404371975,0.02
scenario_0660,/home/simon/davide_fr3_ws/src/cbf_safety_filter/data/rollouts/fullpool_candidates_seed20260520_n1500/scenario_0660_offline_rollout.npz,/home/simon/davide_fr3_ws/src/cbf_safety_filter/config/generated_scenarios_fullpool_candidates/scenario_0660.yaml,good,ok,3000,True,0,0.02605989905705894,0.08412730552555678,-7.011446511068914e-05,-0.16001894066257538,-0.00016975624950371637,0.0012861770257714545,0.02
scenario_0661,/home/simon/davide_fr3_ws/src/cbf_safety_filter/data/rollouts/fullpool_candidates_seed20260520_n1500/scenario_0661_offline_rollout.npz,/home/simon/davide_fr3_ws/src/cbf_safety_filter/config/generated_scenarios_fullpool_candidates/scenario_0661.yaml,good,ok,3000,True,0,0.027832660713827652,0.050561422821022155,6.847830877215744e-05,2.3265867708648655e-05,0.00019780110836326026,9.468636419429165e-06,0.02
scenario_0662,/home/simon/davide_fr3_ws/src/cbf_safety_filter/data/rollouts/fullpool_candidates_seed20260520_n1500/scenario_0662_offline_rollout.npz,/home/simon/davide_fr3_ws/src/cbf_safety_filter/config/generated_scenarios_fullpool_candidates/scenario_0662.yaml,good,ok,3000,True,0,0.049679191959095155,0.11679782035890443,0.014828998736393845,-0.08743792203060613,0.034302376191057776,0.0014453051454171551,0.02
scenario_0663,/home/simon/davide_fr3_ws/src/cbf_safety_filter/data/rollouts/fullpool_candidates_seed20260520_n1500/scenario_0663_offline_rollout.npz,/home/simon/davide_fr3_ws/src/cbf_safety_filter/config/generated_scenarios_fullpool_candidates/scenario_0663.yaml,bad_safety,final_min_h_negative,3000,True,0,-0.00010345741965943692,0.0013470924921693864,-0.0009792419197420642,-0.004192626740180699,-0.005243413020002044,0.0005051928510351948,0.02
scenario_0664,/home/simon/davide_fr3_ws/src/cbf_safety_filter/data/rollouts/fullpool_candidates_seed20260520_n1500/scenario_0664_offline_rollout.npz,/home/simon/davide_fr3_ws/src/cbf_safety_filter/config/generated_scenarios_fullpool_candidates/scenario_0664.yaml,bad_safety,final_min_psi_negative,3000,True,0,0.00046034347284092114,-0.0004014866993401287,-0.0036147550155606334,-0.21616818009227998,-0.009449082059510172,0.00019101403111592755,0.02
scenario_0665,/home/simon/davide_fr3_ws/src/cbf_safety_filter/data/rollouts/fullpool_candidates_seed20260520_n1500/scenario_0665_offline_rollout.npz,/home/simon/davide_fr3_ws/src/cbf_safety_filter/config/generated_scenarios_fullpool_candidates/scenario_0665.yaml,good,ok,3000,True,0,0.04688301990113879,0.09971592807855557,0.011395105368299418,-0.04691570541178977,0.029988061526273813,0.00032089449922601356,0.02
scenario_0666,/home/simon/davide_fr3_ws/src/cbf_safety_filter/data/rollouts/fullpool_candidates_seed20260520_n1500/scenario_0666_offline_rollout.npz,/home/simon/davide_fr3_ws/src/cbf_safety_filter/config/generated_scenarios_fullpool_candidates/scenario_0666.yaml,good,ok,3000,True,0,0.00966771612348085,0.019292478398439186,0.009468355240594147,-0.09870665480168975,0.028652680961867433,2.1764640812614e-05,0.02
scenario_0667,/home/simon/davide_fr3_ws/src/cbf_safety_filter/data/rollouts/fullpool_candidates_seed20260520_n1500/scenario_0667_offline_rollout.npz,/home/simon/davide_fr3_ws/src/cbf_safety_filter/config/generated_scenarios_fullpool_candidates/scenario_0667.yaml,bad_safety,final_min_h_negative,3000,True,0,-4.696461409460159e-05,-0.0008737645284959774,-0.008186983752292392,-0.13367048466906417,-0.053461197368841126,0.026961585437570965,0.02
scenario_0668,/home/simon/davide_fr3_ws/src/cbf_safety_filter/data/rollouts/fullpool_candidates_seed20260520_n1500/scenario_0668_offline_rollout.npz,/home/simon/davide_fr3_ws/src/cbf_safety_filter/config/generated_scenarios_fullpool_candidates/scenario_0668.yaml,good,ok,3000,True,0,0.031530690000000014,0.06306138000000003,0.02522859770586843,0.03383077755751531,0.06374898847626823,0.0010034547625702246,0.02
scenario_0669,/home/simon/davide_fr3_ws/src/cbf_safety_filter/data/rollouts/fullpool_candidates_seed20260520_n1500/scenario_0669_offline_rollout.npz,/home/simon/davide_fr3_ws/src/cbf_safety_filter/config/generated_scenarios_fullpool_candidates/scenario_0669.yaml,bad_safety,final_min_psi_negative,3000,True,0,0.009332531192464119,-0.0005473841347023896,0.005348605518433747,-0.0008039138004971857,0.014008603952515797,0.00018542362810569963,0.02
scenario_0670,/home/simon/davide_fr3_ws/src/cbf_safety_filter/data/rollouts/fullpool_candidates_seed20260520_n1500/scenario_0670_offline_rollout.npz,/home/simon/davide_fr3_ws/src/cbf_safety_filter/config/generated_scenarios_fullpool_candidates/scenario_0670.yaml,bad_qp,final_qp_solved_false,3000,False,2937,0.0010842655704714523,-0.006287225849087608,0.0010842655704714523,-0.08048408157062448,0.005834573982834879,0.5827259133419634,0.02
scenario_0671,/home/simon/davide_fr3_ws/src/cbf_safety_filter/data/rollouts/fullpool_candidates_seed20260520_n1500/scenario_0671_offline_rollout.npz,/home/simon/davide_fr3_ws/src/cbf_safety_filter/config/generated_scenarios_fullpool_candidates/scenario_0671.yaml,good,ok,3000,True,0,0.0003420096364772224,0.001629028088155521,4.7300068519162686e-06,-0.06431439162297328,1.9905768570263604e-05,2.9433248571392085e-05,0.02
scenario_0672,/home/simon/davide_fr3_ws/src/cbf_safety_filter/data/rollouts/fullpool_candidates_seed20260520_n1500/scenario_0672_offline_rollout.npz,/home/simon/davide_fr3_ws/src/cbf_safety_filter/config/generated_scenarios_fullpool_candidates/scenario_0672.yaml,bad_safety,final_min_psi_negative,3000,True,0,0.020389479943283155,-0.008898313591613638,0.009523036587505763,-0.05126067664114299,0.04119117661400007,0.0013578504902998529,0.02
scenario_0673,/home/simon/davide_fr3_ws/src/cbf_safety_filter/data/rollouts/fullpool_candidates_seed20260520_n1500/scenario_0673_offline_rollout.npz,/home/simon/davide_fr3_ws/src/cbf_safety_filter/config/generated_scenarios_fullpool_candidates/scenario_0673.yaml,good,ok,3000,True,0,0.018196598473979635,0.023197364643778112,0.01817105170535733,-0.0007826057652317309,0.05423610072480728,0.002121039411727053,0.02
scenario_0674,/home/simon/davide_fr3_ws/src/cbf_safety_filter/data/rollouts/fullpool_candidates_seed20260520_n1500/scenario_0674_offline_rollout.npz,/home/simon/davide_fr3_ws/src/cbf_safety_filter/config/generated_scenarios_fullpool_candidates/scenario_0674.yaml,good,ok,3000,True,0,0.008654354719048338,0.02064678272469378,-0.002185522798888194,-0.06110425575527628,-0.005707934416339239,0.0002639542775177459,0.02
scenario_0675,/home/simon/davide_fr3_ws/src/cbf_safety_filter/data/rollouts/fullpool_candidates_seed20260520_n1500/scenario_0675_offline_rollout.npz,/home/simon/davide_fr3_ws/src/cbf_safety_filter/config/generated_scenarios_fullpool_candidates/scenario_0675.yaml,good,ok,3000,True,0,0.012087565384175637,0.008458213875647574,2.6881286985164232e-05,-0.02868042184926095,6.736027463299932e-05,0.006337121803791975,0.02
scenario_0676,/home/simon/davide_fr3_ws/src/cbf_safety_filter/data/rollouts/fullpool_candidates_seed20260520_n1500/scenario_0676_offline_rollout.npz,/home/simon/davide_fr3_ws/src/cbf_safety_filter/config/generated_scenarios_fullpool_candidates/scenario_0676.yaml,bad_safety,final_min_psi_negative,3000,True,0,0.00017870485280981063,-3.329679528906002e-05,0.00017783817609378152,-0.00567275722746613,0.0006782527625566748,2.3373478640682042e-05,0.02
scenario_0677,/home/simon/davide_fr3_ws/src/cbf_safety_filter/data/rollouts/fullpool_candidates_seed20260520_n1500/scenario_0677_offline_rollout.npz,/home/simon/davide_fr3_ws/src/cbf_safety_filter/config/generated_scenarios_fullpool_candidates/scenario_0677.yaml,good,ok,3000,True,0,0.061798537509101095,0.1117878327495004,0.0002932169781511215,-0.1208972505745615,0.0010761199118878295,0.0005837748214295554,0.02
scenario_0678,/home/simon/davide_fr3_ws/src/cbf_safety_filter/data/rollouts/fullpool_candidates_seed20260520_n1500/scenario_0678_offline_rollout.npz,/home/simon/davide_fr3_ws/src/cbf_safety_filter/config/generated_scenarios_fullpool_candidates/scenario_0678.yaml,good,ok,3000,True,0,0.03215463765398592,0.06407129348317539,9.760793978789983e-06,1.5301747765346287e-06,2.749306509905458e-05,2.5825811579214005e-07,0.02
scenario_0679,/home/simon/davide_fr3_ws/src/cbf_safety_filter/data/rollouts/fullpool_candidates_seed20260520_n1500/scenario_0679_offline_rollout.npz,/home/simon/davide_fr3_ws/src/cbf_safety_filter/config/generated_scenarios_fullpool_candidates/scenario_0679.yaml,good,ok,3000,True,0,0.025316871982701376,0.049705649827066774,0.0011112941630395112,-0.09764477049821196,0.0030642506424903015,0.0022102095845150296,0.02
scenario_0680,/home/simon/davide_fr3_ws/src/cbf_safety_filter/data/rollouts/fullpool_candidates_seed20260520_n1500/scenario_0680_offline_rollout.npz,/home/simon/davide_fr3_ws/src/cbf_safety_filter/config/generated_scenarios_fullpool_candidates/scenario_0680.yaml,good,ok,3000,True,0,0.04334857051132043,0.08756900000000004,-0.0001228793996772247,-0.0015524267552435448,-0.00036179498614477557,0.0004925581330656517,0.02
scenario_0681,/home/simon/davide_fr3_ws/src/cbf_safety_filter/data/rollouts/fullpool_candidates_seed20260520_n1500/scenario_0681_offline_rollout.npz,/home/simon/davide_fr3_ws/src/cbf_safety_filter/config/generated_scenarios_fullpool_candidates/scenario_0681.yaml,bad_qp,final_qp_solved_false,3000,False,2895,-0.0018330452799911329,-0.08712399480792543,-0.0020535127995445785,-0.09470322496057831,-0.012240838478958502,0.26620514216596125,0.02
scenario_0682,/home/simon/davide_fr3_ws/src/cbf_safety_filter/data/rollouts/fullpool_candidates_seed20260520_n1500/scenario_0682_offline_rollout.npz,/home/simon/davide_fr3_ws/src/cbf_safety_filter/config/generated_scenarios_fullpool_candidates/scenario_0682.yaml,good,ok,3000,True,0,0.06774004760724762,0.16097389844547086,0.001316438055754269,-0.1461741395252465,0.004087209969863281,0.0005810224718788931,0.02
scenario_0683,/home/simon/davide_fr3_ws/src/cbf_safety_filter/data/rollouts/fullpool_candidates_seed20260520_n1500/scenario_0683_offline_rollout.npz,/home/simon/davide_fr3_ws/src/cbf_safety_filter/config/generated_scenarios_fullpool_candidates/scenario_0683.yaml,bad_safety,final_min_psi_negative,3000,True,0,0.0011706861096749937,-0.00015355858779349946,-0.0010441952194051394,-0.01275230352469528,-0.00426311961582658,1.5840542106350804e-05,0.02
scenario_0684,/home/simon/davide_fr3_ws/src/cbf_safety_filter/data/rollouts/fullpool_candidates_seed20260520_n1500/scenario_0684_offline_rollout.npz,/home/simon/davide_fr3_ws/src/cbf_safety_filter/config/generated_scenarios_fullpool_candidates/scenario_0684.yaml,good,ok,3000,True,0,0.07964354889339637,0.0780313415389583,-0.001860614839247026,-0.11050054991344505,-0.007831922795090832,0.001265733556272816,0.02
scenario_0685,/home/simon/davide_fr3_ws/src/cbf_safety_filter/data/rollouts/fullpool_candidates_seed20260520_n1500/scenario_0685_offline_rollout.npz,/home/simon/davide_fr3_ws/src/cbf_safety_filter/config/generated_scenarios_fullpool_candidates/scenario_0685.yaml,good,ok,3000,True,0,0.05329903669471164,0.0955031766210645,0.0018201509910360236,-0.079541934878463,0.004350777124277505,0.0010381745779394064,0.02
scenario_0686,/home/simon/davide_fr3_ws/src/cbf_safety_filter/data/rollouts/fullpool_candidates_seed20260520_n1500/scenario_0686_offline_rollout.npz,/home/simon/davide_fr3_ws/src/cbf_safety_filter/config/generated_scenarios_fullpool_candidates/scenario_0686.yaml,good,ok,3000,True,0,0.0030601783910771084,0.0002472941611727708,-0.0014116282701691837,-0.003789685186169606,-0.004882542487452235,0.005789417833164967,0.02
scenario_0687,/home/simon/davide_fr3_ws/src/cbf_safety_filter/data/rollouts/fullpool_candidates_seed20260520_n1500/scenario_0687_offline_rollout.npz,/home/simon/davide_fr3_ws/src/cbf_safety_filter/config/generated_scenarios_fullpool_candidates/scenario_0687.yaml,bad_safety,final_min_h_negative,3000,True,0,-0.00019774607445229887,-0.00041050703782366245,-0.006525753830022343,-0.053266416990585014,-0.03720632322724707,0.006348747109014777,0.02
scenario_0688,/home/simon/davide_fr3_ws/src/cbf_safety_filter/data/rollouts/fullpool_candidates_seed20260520_n1500/scenario_0688_offline_rollout.npz,/home/simon/davide_fr3_ws/src/cbf_safety_filter/config/generated_scenarios_fullpool_candidates/scenario_0688.yaml,good,ok,3000,True,0,0.004134583593498784,0.006251423440930189,-0.0017539729090979145,-0.00435829665229322,-0.007194137546349441,4.700354883855406e-05,0.02
scenario_0689,/home/simon/davide_fr3_ws/src/cbf_safety_filter/data/rollouts/fullpool_candidates_seed20260520_n1500/scenario_0689_offline_rollout.npz,/home/simon/davide_fr3_ws/src/cbf_safety_filter/config/generated_scenarios_fullpool_candidates/scenario_0689.yaml,bad_safety,final_min_psi_negative,3000,True,0,0.042559009193507434,-0.032839911523169715,-0.0055735417155689665,-0.1460613841765495,-0.015625351485265143,0.002295929209236772,0.02
scenario_0690,/home/simon/davide_fr3_ws/src/cbf_safety_filter/data/rollouts/fullpool_candidates_seed20260520_n1500/scenario_0690_offline_rollout.npz,/home/simon/davide_fr3_ws/src/cbf_safety_filter/config/generated_scenarios_fullpool_candidates/scenario_0690.yaml,good,ok,3000,True,0,0.03188693860110275,0.040570554227782135,-0.008910752009972081,-0.18335787453999122,-0.03446653183076086,0.0002612193055392731,0.02
scenario_0691,/home/simon/davide_fr3_ws/src/cbf_safety_filter/data/rollouts/fullpool_candidates_seed20260520_n1500/scenario_0691_offline_rollout.npz,/home/simon/davide_fr3_ws/src/cbf_safety_filter/config/generated_scenarios_fullpool_candidates/scenario_0691.yaml,good,ok,3000,True,0,0.055374493543044065,0.10442549656558407,0.006971066756853009,-0.07430816491661174,0.017654761779826583,0.00034534214504737315,0.02
scenario_0692,/home/simon/davide_fr3_ws/src/cbf_safety_filter/data/rollouts/fullpool_candidates_seed20260520_n1500/scenario_0692_offline_rollout.npz,/home/simon/davide_fr3_ws/src/cbf_safety_filter/config/generated_scenarios_fullpool_candidates/scenario_0692.yaml,good,ok,3000,True,0,0.046629841808453254,0.09596673499983158,0.0008099024086956532,-0.18964215445253269,0.003439953150927072,6.790635582275727e-05,0.02
scenario_0693,/home/simon/davide_fr3_ws/src/cbf_safety_filter/data/rollouts/fullpool_candidates_seed20260520_n1500/scenario_0693_offline_rollout.npz,/home/simon/davide_fr3_ws/src/cbf_safety_filter/config/generated_scenarios_fullpool_candidates/scenario_0693.yaml,good,ok,3000,True,0,0.003541249742406178,0.0014044596961213674,-0.0025937838948432122,-0.022418313248738934,-0.007915491353424786,0.00022581072427216043,0.02
scenario_0694,/home/simon/davide_fr3_ws/src/cbf_safety_filter/data/rollouts/fullpool_candidates_seed20260520_n1500/scenario_0694_offline_rollout.npz,/home/simon/davide_fr3_ws/src/cbf_safety_filter/config/generated_scenarios_fullpool_candidates/scenario_0694.yaml,bad_qp,final_qp_solved_false,3000,False,2805,0.0062427850688368085,0.009274589570102493,0.0014620011624595398,-0.08897701380673326,0.004094161484970327,0.1303297751493252,0.02
scenario_0695,/home/simon/davide_fr3_ws/src/cbf_safety_filter/data/rollouts/fullpool_candidates_seed20260520_n1500/scenario_0695_offline_rollout.npz,/home/simon/davide_fr3_ws/src/cbf_safety_filter/config/generated_scenarios_fullpool_candidates/scenario_0695.yaml,good,ok,3000,True,0,0.04034279353649292,0.06607726564205456,0.01811344949865238,0.012432375695078601,0.04330229526296392,0.002621848850843189,0.02
scenario_0696,/home/simon/davide_fr3_ws/src/cbf_safety_filter/data/rollouts/fullpool_candidates_seed20260520_n1500/scenario_0696_offline_rollout.npz,/home/simon/davide_fr3_ws/src/cbf_safety_filter/config/generated_scenarios_fullpool_candidates/scenario_0696.yaml,good,ok,3000,True,0,0.014684402341249323,0.02772974861304781,-0.00014974495341133973,-0.08108530486426027,-0.0005091792836191544,0.00800424947390591,0.02
scenario_0697,/home/simon/davide_fr3_ws/src/cbf_safety_filter/data/rollouts/fullpool_candidates_seed20260520_n1500/scenario_0697_offline_rollout.npz,/home/simon/davide_fr3_ws/src/cbf_safety_filter/config/generated_scenarios_fullpool_candidates/scenario_0697.yaml,good,ok,3000,True,0,0.02017675091165437,0.030504885425298348,-4.483697399971717e-05,-0.00032945024392323774,-0.0001446095613312215,0.00013029255582448876,0.02
scenario_0698,/home/simon/davide_fr3_ws/src/cbf_safety_filter/data/rollouts/fullpool_candidates_seed20260520_n1500/scenario_0698_offline_rollout.npz,/home/simon/davide_fr3_ws/src/cbf_safety_filter/config/generated_scenarios_fullpool_candidates/scenario_0698.yaml,good,ok,3000,True,0,0.022536508668801317,0.043437625839624,-0.007627730814505098,-0.014336053833937023,-0.023759395905779163,0.0007845066260742938,0.02
scenario_0699,/home/simon/davide_fr3_ws/src/cbf_safety_filter/data/rollouts/fullpool_candidates_seed20260520_n1500/scenario_0699_offline_rollout.npz,/home/simon/davide_fr3_ws/src/cbf_safety_filter/config/generated_scenarios_fullpool_candidates/scenario_0699.yaml,good,ok,3000,True,0,0.036053467798625734,0.06638591846271256,0.00041141988008358554,-0.06649741503767659,0.000995221663250695,0.0017600271438618592,0.02
scenario_0700,/home/simon/davide_fr3_ws/src/cbf_safety_filter/data/rollouts/fullpool_candidates_seed20260520_n1500/scenario_0700_offline_rollout.npz,/home/simon/davide_fr3_ws/src/cbf_safety_filter/config/generated_scenarios_fullpool_candidates/scenario_0700.yaml,good,ok,3000,True,0,0.028074896738050997,0.08768309104152311,-0.00010274923777880973,-0.10349325510307394,-0.00028018458086692677,0.0018295063059351594,0.02
scenario_0701,/home/simon/davide_fr3_ws/src/cbf_safety_filter/data/rollouts/fullpool_candidates_seed20260520_n1500/scenario_0701_offline_rollout.npz,/home/simon/davide_fr3_ws/src/cbf_safety_filter/config/generated_scenarios_fullpool_candidates/scenario_0701.yaml,good,ok,3000,True,0,0.0019095183433212246,0.0021696294269804356,0.0019095183433212246,-0.14286845132625992,0.010047580397135172,6.908547485398013e-05,0.02
scenario_0702,/home/simon/davide_fr3_ws/src/cbf_safety_filter/data/rollouts/fullpool_candidates_seed20260520_n1500/scenario_0702_offline_rollout.npz,/home/simon/davide_fr3_ws/src/cbf_safety_filter/config/generated_scenarios_fullpool_candidates/scenario_0702.yaml,good,ok,3000,True,0,0.04734937098846869,0.10937935035722897,0.002413424529314666,-0.017507129418437822,0.006548459149401359,0.0007713323939060109,0.02
scenario_0703,/home/simon/davide_fr3_ws/src/cbf_safety_filter/data/rollouts/fullpool_candidates_seed20260520_n1500/scenario_0703_offline_rollout.npz,/home/simon/davide_fr3_ws/src/cbf_safety_filter/config/generated_scenarios_fullpool_candidates/scenario_0703.yaml,good,ok,3000,True,0,0.008554795375942767,0.014856377308482814,4.7739353565327824e-05,-0.06228372798574955,0.00012746556115397767,0.0196407928517711,0.02
scenario_0704,/home/simon/davide_fr3_ws/src/cbf_safety_filter/data/rollouts/fullpool_candidates_seed20260520_n1500/scenario_0704_offline_rollout.npz,/home/simon/davide_fr3_ws/src/cbf_safety_filter/config/generated_scenarios_fullpool_candidates/scenario_0704.yaml,bad_safety,final_min_psi_negative,3000,True,0,0.011430509969416448,-0.028467710120326978,-0.0020607383132432043,-0.2719746985798323,-0.012287313218774923,0.002314652134044819,0.02
scenario_0705,/home/simon/davide_fr3_ws/src/cbf_safety_filter/data/rollouts/fullpool_candidates_seed20260520_n1500/scenario_0705_offline_rollout.npz,/home/simon/davide_fr3_ws/src/cbf_safety_filter/config/generated_scenarios_fullpool_candidates/scenario_0705.yaml,good,ok,3000,True,0,0.04783186866171139,0.09914518024642724,0.00030270972427548157,-0.09909135726688101,0.000956258850715791,5.2343161941435376e-05,0.02
scenario_0706,/home/simon/davide_fr3_ws/src/cbf_safety_filter/data/rollouts/fullpool_candidates_seed20260520_n1500/scenario_0706_offline_rollout.npz,/home/simon/davide_fr3_ws/src/cbf_safety_filter/config/generated_scenarios_fullpool_candidates/scenario_0706.yaml,good,ok,3000,True,0,0.007967068931865965,0.016663861290155253,-0.0005885182599175247,-0.08068194534511361,-0.0016665605524023297,3.4678208925015115e-05,0.02
scenario_0707,/home/simon/davide_fr3_ws/src/cbf_safety_filter/data/rollouts/fullpool_candidates_seed20260520_n1500/scenario_0707_offline_rollout.npz,/home/simon/davide_fr3_ws/src/cbf_safety_filter/config/generated_scenarios_fullpool_candidates/scenario_0707.yaml,good,ok,3000,True,0,0.015000454336497472,0.04759214594310067,0.0001969403302249026,-0.07864647404172154,0.0007051082290389366,0.00047252701707643677,0.02
scenario_0708,/home/simon/davide_fr3_ws/src/cbf_safety_filter/data/rollouts/fullpool_candidates_seed20260520_n1500/scenario_0708_offline_rollout.npz,/home/simon/davide_fr3_ws/src/cbf_safety_filter/config/generated_scenarios_fullpool_candidates/scenario_0708.yaml,good,ok,3000,True,0,0.03746563401793883,0.08175032678523039,0.007111829291331508,0.00038136958817636124,0.018785276986825333,0.0002947294319585882,0.02
scenario_0709,/home/simon/davide_fr3_ws/src/cbf_safety_filter/data/rollouts/fullpool_candidates_seed20260520_n1500/scenario_0709_offline_rollout.npz,/home/simon/davide_fr3_ws/src/cbf_safety_filter/config/generated_scenarios_fullpool_candidates/scenario_0709.yaml,good,ok,3000,True,0,0.035934034453934977,0.07979806939333742,5.222820227889988e-05,-0.04760588546000569,0.00027023407163434543,0.00015601036366309827,0.02
scenario_0710,/home/simon/davide_fr3_ws/src/cbf_safety_filter/data/rollouts/fullpool_candidates_seed20260520_n1500/scenario_0710_offline_rollout.npz,/home/simon/davide_fr3_ws/src/cbf_safety_filter/config/generated_scenarios_fullpool_candidates/scenario_0710.yaml,good,ok,3000,True,0,0.060885033848102156,0.1618775404789966,0.0435477318951499,-0.10145706971171031,0.12242718227769242,0.001847848830355549,0.02
scenario_0711,/home/simon/davide_fr3_ws/src/cbf_safety_filter/data/rollouts/fullpool_candidates_seed20260520_n1500/scenario_0711_offline_rollout.npz,/home/simon/davide_fr3_ws/src/cbf_safety_filter/config/generated_scenarios_fullpool_candidates/scenario_0711.yaml,good,ok,3000,True,0,0.058128120000000005,0.11590609275999429,0.0013259118284361417,-0.05038786182285937,0.00453252784638164,0.0012445814555471536,0.02
scenario_0712,/home/simon/davide_fr3_ws/src/cbf_safety_filter/data/rollouts/fullpool_candidates_seed20260520_n1500/scenario_0712_offline_rollout.npz,/home/simon/davide_fr3_ws/src/cbf_safety_filter/config/generated_scenarios_fullpool_candidates/scenario_0712.yaml,good,ok,3000,True,0,0.0027381051295660465,0.0043264293353764294,0.00021912183028491988,-0.1424432650020992,0.0006069739536750385,0.0008533249184823202,0.02
scenario_0713,/home/simon/davide_fr3_ws/src/cbf_safety_filter/data/rollouts/fullpool_candidates_seed20260520_n1500/scenario_0713_offline_rollout.npz,/home/simon/davide_fr3_ws/src/cbf_safety_filter/config/generated_scenarios_fullpool_candidates/scenario_0713.yaml,good,ok,3000,True,0,0.008738035771461636,0.012743032340911372,1.9601005969921773e-05,-0.10210091036472213,0.00010398192001184747,0.0001502798707754175,0.02
scenario_0714,/home/simon/davide_fr3_ws/src/cbf_safety_filter/data/rollouts/fullpool_candidates_seed20260520_n1500/scenario_0714_offline_rollout.npz,/home/simon/davide_fr3_ws/src/cbf_safety_filter/config/generated_scenarios_fullpool_candidates/scenario_0714.yaml,good,ok,3000,True,0,0.04726288155926547,0.09937439983595621,0.006930986478060869,-0.0027633543654323953,0.019824109087202973,0.0005242758160112622,0.02
scenario_0715,/home/simon/davide_fr3_ws/src/cbf_safety_filter/data/rollouts/fullpool_candidates_seed20260520_n1500/scenario_0715_offline_rollout.npz,/home/simon/davide_fr3_ws/src/cbf_safety_filter/config/generated_scenarios_fullpool_candidates/scenario_0715.yaml,good,ok,3000,True,0,0.014801437647862521,0.026532167660215607,9.527190935455093e-05,-0.07325617041726881,0.0002591310844736183,4.6964132142978085e-05,0.02
scenario_0716,/home/simon/davide_fr3_ws/src/cbf_safety_filter/data/rollouts/fullpool_candidates_seed20260520_n1500/scenario_0716_offline_rollout.npz,/home/simon/davide_fr3_ws/src/cbf_safety_filter/config/generated_scenarios_fullpool_candidates/scenario_0716.yaml,good,ok,3000,True,0,0.015569605097886154,0.04369704505447574,0.0018680258138929207,-0.16871279266943928,0.005389732126317298,5.0321649003921814e-05,0.02
scenario_0717,/home/simon/davide_fr3_ws/src/cbf_safety_filter/data/rollouts/fullpool_candidates_seed20260520_n1500/scenario_0717_offline_rollout.npz,/home/simon/davide_fr3_ws/src/cbf_safety_filter/config/generated_scenarios_fullpool_candidates/scenario_0717.yaml,good,ok,3000,True,0,0.019366374043898505,0.03884854679554265,-0.003991539748991101,-0.033484719585033906,-0.010763614091459567,0.00026075992243090277,0.02
scenario_0718,/home/simon/davide_fr3_ws/src/cbf_safety_filter/data/rollouts/fullpool_candidates_seed20260520_n1500/scenario_0718_offline_rollout.npz,/home/simon/davide_fr3_ws/src/cbf_safety_filter/config/generated_scenarios_fullpool_candidates/scenario_0718.yaml,good,ok,3000,True,0,0.06546658630937563,0.11018974272558885,0.0073743984012863365,-0.08689932945093012,0.02683235197160566,0.004172439684881438,0.02
scenario_0719,/home/simon/davide_fr3_ws/src/cbf_safety_filter/data/rollouts/fullpool_candidates_seed20260520_n1500/scenario_0719_offline_rollout.npz,/home/simon/davide_fr3_ws/src/cbf_safety_filter/config/generated_scenarios_fullpool_candidates/scenario_0719.yaml,bad_qp,final_qp_solved_false,3000,False,2922,0.008417816818404651,0.02277767350628576,0.006510879808995068,-0.026201791554667356,0.030875472321704164,0.3441765185572524,0.02
scenario_0720,/home/simon/davide_fr3_ws/src/cbf_safety_filter/data/rollouts/fullpool_candidates_seed20260520_n1500/scenario_0720_offline_rollout.npz,/home/simon/davide_fr3_ws/src/cbf_safety_filter/config/generated_scenarios_fullpool_candidates/scenario_0720.yaml,good,ok,3000,True,0,0.021231394224497283,0.038121173684849075,-0.0086468553328833,-0.21718890037645,-0.025257940384525418,0.0006724323885647937,0.02
scenario_0721,/home/simon/davide_fr3_ws/src/cbf_safety_filter/data/rollouts/fullpool_candidates_seed20260520_n1500/scenario_0721_offline_rollout.npz,/home/simon/davide_fr3_ws/src/cbf_safety_filter/config/generated_scenarios_fullpool_candidates/scenario_0721.yaml,good,ok,3000,True,0,0.07444688596656833,0.14936238860337273,0.0324006886791255,0.07747630285846865,0.07294989591783924,3.448434326782161e-07,0.02
scenario_0722,/home/simon/davide_fr3_ws/src/cbf_safety_filter/data/rollouts/fullpool_candidates_seed20260520_n1500/scenario_0722_offline_rollout.npz,/home/simon/davide_fr3_ws/src/cbf_safety_filter/config/generated_scenarios_fullpool_candidates/scenario_0722.yaml,good,ok,3000,True,0,0.04500643223852759,0.09082362894347804,0.0015729028598207122,-0.04359469048609596,0.00535806388355467,0.0017885583349587706,0.02
scenario_0723,/home/simon/davide_fr3_ws/src/cbf_safety_filter/data/rollouts/fullpool_candidates_seed20260520_n1500/scenario_0723_offline_rollout.npz,/home/simon/davide_fr3_ws/src/cbf_safety_filter/config/generated_scenarios_fullpool_candidates/scenario_0723.yaml,good,ok,3000,True,0,0.010182748813900988,0.0043817337119039165,-0.0001521785025097363,-0.007698036488079436,-0.0007306813287749209,0.0020177583580124094,0.02
scenario_0724,/home/simon/davide_fr3_ws/src/cbf_safety_filter/data/rollouts/fullpool_candidates_seed20260520_n1500/scenario_0724_offline_rollout.npz,/home/simon/davide_fr3_ws/src/cbf_safety_filter/config/generated_scenarios_fullpool_candidates/scenario_0724.yaml,good,ok,3000,True,0,0.0495565676406175,0.037244186113567446,0.00995826170359611,-0.03463077913404872,0.042779757960290044,0.0006244804692024269,0.02
scenario_0725,/home/simon/davide_fr3_ws/src/cbf_safety_filter/data/rollouts/fullpool_candidates_seed20260520_n1500/scenario_0725_offline_rollout.npz,/home/simon/davide_fr3_ws/src/cbf_safety_filter/config/generated_scenarios_fullpool_candidates/scenario_0725.yaml,good,ok,3000,True,0,0.03357897819791799,0.06664979283016012,0.03183194557520989,0.05630275044177814,0.07414134657463378,1.4872568627994415e-07,0.02
scenario_0726,/home/simon/davide_fr3_ws/src/cbf_safety_filter/data/rollouts/fullpool_candidates_seed20260520_n1500/scenario_0726_offline_rollout.npz,/home/simon/davide_fr3_ws/src/cbf_safety_filter/config/generated_scenarios_fullpool_candidates/scenario_0726.yaml,bad_safety,final_min_h_negative,3000,True,0,-0.00024840568405354313,0.00042260145839113396,-0.00048651500676439793,-0.011149443878971321,-0.0014630404011369835,0.000643288594812795,0.02
scenario_0727,/home/simon/davide_fr3_ws/src/cbf_safety_filter/data/rollouts/fullpool_candidates_seed20260520_n1500/scenario_0727_offline_rollout.npz,/home/simon/davide_fr3_ws/src/cbf_safety_filter/config/generated_scenarios_fullpool_candidates/scenario_0727.yaml,good,ok,3000,True,0,0.029381561989519488,0.06869890305341099,0.007279345093579723,0.014193513189535923,0.025431656262711017,0.0007145457503338576,0.02
scenario_0728,/home/simon/davide_fr3_ws/src/cbf_safety_filter/data/rollouts/fullpool_candidates_seed20260520_n1500/scenario_0728_offline_rollout.npz,/home/simon/davide_fr3_ws/src/cbf_safety_filter/config/generated_scenarios_fullpool_candidates/scenario_0728.yaml,good,ok,3000,True,0,0.0420090127121439,0.0800001906458311,-0.011392635354348361,-0.032534097430760814,-0.03856182559047469,0.00011059719919888331,0.02
scenario_0729,/home/simon/davide_fr3_ws/src/cbf_safety_filter/data/rollouts/fullpool_candidates_seed20260520_n1500/scenario_0729_offline_rollout.npz,/home/simon/davide_fr3_ws/src/cbf_safety_filter/config/generated_scenarios_fullpool_candidates/scenario_0729.yaml,good,ok,3000,True,0,0.01852180412416998,0.03703966966410448,-0.019007374560940746,-0.08238185287137818,-0.0654676406052988,0.00026773621966436073,0.02
scenario_0730,/home/simon/davide_fr3_ws/src/cbf_safety_filter/data/rollouts/fullpool_candidates_seed20260520_n1500/scenario_0730_offline_rollout.npz,/home/simon/davide_fr3_ws/src/cbf_safety_filter/config/generated_scenarios_fullpool_candidates/scenario_0730.yaml,bad_qp,final_qp_solved_false,3000,False,1632,0.008714841112312268,0.02434519017117635,-0.005537128788248042,-0.035367214910179134,-0.01649398127967744,0.002413261924548925,0.02
scenario_0731,/home/simon/davide_fr3_ws/src/cbf_safety_filter/data/rollouts/fullpool_candidates_seed20260520_n1500/scenario_0731_offline_rollout.npz,/home/simon/davide_fr3_ws/src/cbf_safety_filter/config/generated_scenarios_fullpool_candidates/scenario_0731.yaml,good,ok,3000,True,0,0.008539079418757145,0.01745387121238082,3.481392552903001e-06,-6.889445920687495e-06,1.1339622038669672e-05,8.142823360884835e-08,0.02
scenario_0732,/home/simon/davide_fr3_ws/src/cbf_safety_filter/data/rollouts/fullpool_candidates_seed20260520_n1500/scenario_0732_offline_rollout.npz,/home/simon/davide_fr3_ws/src/cbf_safety_filter/config/generated_scenarios_fullpool_candidates/scenario_0732.yaml,bad_qp,final_qp_solved_false,3000,False,2887,-0.00245560149020305,-0.024598336989379875,-0.00245560149020305,-0.10263534077038158,-0.0075026625931596536,0.366408831319808,0.02
scenario_0733,/home/simon/davide_fr3_ws/src/cbf_safety_filter/data/rollouts/fullpool_candidates_seed20260520_n1500/scenario_0733_offline_rollout.npz,/home/simon/davide_fr3_ws/src/cbf_safety_filter/config/generated_scenarios_fullpool_candidates/scenario_0733.yaml,good,ok,3000,True,0,0.02611271006446092,0.04537066662736114,0.00029029004711959155,0.000172597302385107,0.0010447921118590664,8.54151393729423e-05,0.02
scenario_0734,/home/simon/davide_fr3_ws/src/cbf_safety_filter/data/rollouts/fullpool_candidates_seed20260520_n1500/scenario_0734_offline_rollout.npz,/home/simon/davide_fr3_ws/src/cbf_safety_filter/config/generated_scenarios_fullpool_candidates/scenario_0734.yaml,good,ok,3000,True,0,0.007746511477728271,0.018185011161014397,-0.0012054606965890835,-0.10121773484163482,-0.0031321417749679836,0.00010386869418869199,0.02
scenario_0735,/home/simon/davide_fr3_ws/src/cbf_safety_filter/data/rollouts/fullpool_candidates_seed20260520_n1500/scenario_0735_offline_rollout.npz,/home/simon/davide_fr3_ws/src/cbf_safety_filter/config/generated_scenarios_fullpool_candidates/scenario_0735.yaml,bad_qp,final_qp_solved_false,3000,False,2915,-0.0024186804345746535,-0.012407142276894705,-0.0024186804345746535,-0.06173788099610142,-0.014625471375103463,0.4301081974327039,0.02
scenario_0736,/home/simon/davide_fr3_ws/src/cbf_safety_filter/data/rollouts/fullpool_candidates_seed20260520_n1500/scenario_0736_offline_rollout.npz,/home/simon/davide_fr3_ws/src/cbf_safety_filter/config/generated_scenarios_fullpool_candidates/scenario_0736.yaml,good,ok,3000,True,0,0.035525688113428724,0.033509550688195736,-0.012137859175318216,-0.5198256297156164,-0.03662924026564232,0.0005100242373373999,0.02
scenario_0737,/home/simon/davide_fr3_ws/src/cbf_safety_filter/data/rollouts/fullpool_candidates_seed20260520_n1500/scenario_0737_offline_rollout.npz,/home/simon/davide_fr3_ws/src/cbf_safety_filter/config/generated_scenarios_fullpool_candidates/scenario_0737.yaml,good,ok,3000,True,0,6.262237200960197e-06,1.2593710896551891e-05,-9.83123330111288e-06,-0.0007498881119965134,-2.8123639130989142e-05,7.505226475082686e-06,0.02
scenario_0738,/home/simon/davide_fr3_ws/src/cbf_safety_filter/data/rollouts/fullpool_candidates_seed20260520_n1500/scenario_0738_offline_rollout.npz,/home/simon/davide_fr3_ws/src/cbf_safety_filter/config/generated_scenarios_fullpool_candidates/scenario_0738.yaml,good,ok,3000,True,0,0.022365429747328535,0.027000143774214468,-0.00335282707519095,-0.027574117328764768,-0.010146127349948075,0.00022335178303251255,0.02
scenario_0739,/home/simon/davide_fr3_ws/src/cbf_safety_filter/data/rollouts/fullpool_candidates_seed20260520_n1500/scenario_0739_offline_rollout.npz,/home/simon/davide_fr3_ws/src/cbf_safety_filter/config/generated_scenarios_fullpool_candidates/scenario_0739.yaml,bad_qp,final_qp_solved_false,3000,False,2881,-0.003817588435441591,-0.018567403322903443,-0.003817588435441591,-0.09891209041066792,-0.028513649162630286,0.31021645927582203,0.02
scenario_0740,/home/simon/davide_fr3_ws/src/cbf_safety_filter/data/rollouts/fullpool_candidates_seed20260520_n1500/scenario_0740_offline_rollout.npz,/home/simon/davide_fr3_ws/src/cbf_safety_filter/config/generated_scenarios_fullpool_candidates/scenario_0740.yaml,good,ok,3000,True,0,0.08565278568510287,0.1935892714850169,0.010518752938593116,-0.053585306902120294,0.03082632324107551,0.0003535214798284103,0.02
scenario_0741,/home/simon/davide_fr3_ws/src/cbf_safety_filter/data/rollouts/fullpool_candidates_seed20260520_n1500/scenario_0741_offline_rollout.npz,/home/simon/davide_fr3_ws/src/cbf_safety_filter/config/generated_scenarios_fullpool_candidates/scenario_0741.yaml,good,ok,3000,True,0,0.014455823122106718,0.033737491065498414,-0.0008219433200125255,-0.006205807196820814,-0.0024219103859867697,0.0001835442428395065,0.02
scenario_0742,/home/simon/davide_fr3_ws/src/cbf_safety_filter/data/rollouts/fullpool_candidates_seed20260520_n1500/scenario_0742_offline_rollout.npz,/home/simon/davide_fr3_ws/src/cbf_safety_filter/config/generated_scenarios_fullpool_candidates/scenario_0742.yaml,good,ok,3000,True,0,0.00690199306840774,0.013061219583640453,-0.0006259561903245447,-0.008715526853857639,-0.001673112012052752,0.008775449454316046,0.02
scenario_0743,/home/simon/davide_fr3_ws/src/cbf_safety_filter/data/rollouts/fullpool_candidates_seed20260520_n1500/scenario_0743_offline_rollout.npz,/home/simon/davide_fr3_ws/src/cbf_safety_filter/config/generated_scenarios_fullpool_candidates/scenario_0743.yaml,good,ok,3000,True,0,0.045297168728983275,0.09292591153208722,0.0382503829099186,0.04587438769218397,0.09553627823128769,0.001087096236597341,0.02
scenario_0744,/home/simon/davide_fr3_ws/src/cbf_safety_filter/data/rollouts/fullpool_candidates_seed20260520_n1500/scenario_0744_offline_rollout.npz,/home/simon/davide_fr3_ws/src/cbf_safety_filter/config/generated_scenarios_fullpool_candidates/scenario_0744.yaml,bad_qp,final_qp_solved_false,3000,False,2926,0.004492478624906655,-0.0015747781683511652,0.004235964360036544,-0.06442792761318483,0.011863341507293929,0.3978085947740921,0.02
scenario_0745,/home/simon/davide_fr3_ws/src/cbf_safety_filter/data/rollouts/fullpool_candidates_seed20260520_n1500/scenario_0745_offline_rollout.npz,/home/simon/davide_fr3_ws/src/cbf_safety_filter/config/generated_scenarios_fullpool_candidates/scenario_0745.yaml,good,ok,3000,True,0,0.07524878590235785,0.13906957562610056,-0.005803355477867422,-0.22586818190160507,-0.01684294485090801,0.00038422301464456345,0.02
scenario_0746,/home/simon/davide_fr3_ws/src/cbf_safety_filter/data/rollouts/fullpool_candidates_seed20260520_n1500/scenario_0746_offline_rollout.npz,/home/simon/davide_fr3_ws/src/cbf_safety_filter/config/generated_scenarios_fullpool_candidates/scenario_0746.yaml,good,ok,3000,True,0,0.02014782519304365,0.046471295171327295,-1.602358457602343e-05,-0.16281517802404114,-4.2462606383047996e-05,0.0002260652824198581,0.02
scenario_0747,/home/simon/davide_fr3_ws/src/cbf_safety_filter/data/rollouts/fullpool_candidates_seed20260520_n1500/scenario_0747_offline_rollout.npz,/home/simon/davide_fr3_ws/src/cbf_safety_filter/config/generated_scenarios_fullpool_candidates/scenario_0747.yaml,good,ok,3000,True,0,0.056570428347282466,0.11651616087853656,0.0008931365936639679,-0.0656876908456378,0.0022676061188804386,0.0003567650054458818,0.02
scenario_0748,/home/simon/davide_fr3_ws/src/cbf_safety_filter/data/rollouts/fullpool_candidates_seed20260520_n1500/scenario_0748_offline_rollout.npz,/home/simon/davide_fr3_ws/src/cbf_safety_filter/config/generated_scenarios_fullpool_candidates/scenario_0748.yaml,good,ok,3000,True,0,0.006289260398826303,0.01249194327936844,0.006289260398826303,0.01249194327936844,0.019066101001960545,5.261690934040362e-07,0.02
scenario_0749,/home/simon/davide_fr3_ws/src/cbf_safety_filter/data/rollouts/fullpool_candidates_seed20260520_n1500/scenario_0749_offline_rollout.npz,/home/simon/davide_fr3_ws/src/cbf_safety_filter/config/generated_scenarios_fullpool_candidates/scenario_0749.yaml,good,ok,3000,True,0,0.02072618417681415,0.032960901577215526,1.8782982114107227e-11,-0.010752418388091087,6.558303899950602e-11,0.0005439710483761474,0.02
scenario_0750,/home/simon/davide_fr3_ws/src/cbf_safety_filter/data/rollouts/fullpool_candidates_seed20260520_n1500/scenario_0750_offline_rollout.npz,/home/simon/davide_fr3_ws/src/cbf_safety_filter/config/generated_scenarios_fullpool_candidates/scenario_0750.yaml,good,ok,3000,True,0,0.06100765152246564,0.12403897938679918,0.021061475847974725,-0.05393228588585819,0.058489550259860634,0.0007538390056240817,0.02
scenario_0751,/home/simon/davide_fr3_ws/src/cbf_safety_filter/data/rollouts/fullpool_candidates_seed20260520_n1500/scenario_0751_offline_rollout.npz,/home/simon/davide_fr3_ws/src/cbf_safety_filter/config/generated_scenarios_fullpool_candidates/scenario_0751.yaml,good,ok,3000,True,0,0.013824323220265423,0.02997238388948665,-0.00039985037453068445,-0.006310866200968039,-0.0010279668986549195,2.991227706957807e-06,0.02
scenario_0752,/home/simon/davide_fr3_ws/src/cbf_safety_filter/data/rollouts/fullpool_candidates_seed20260520_n1500/scenario_0752_offline_rollout.npz,/home/simon/davide_fr3_ws/src/cbf_safety_filter/config/generated_scenarios_fullpool_candidates/scenario_0752.yaml,good,ok,3000,True,0,0.01250277083131953,0.038661827370352994,-0.0067430140182432735,-0.1378510764797718,-0.017210822571733397,3.143845571781473e-05,0.02
scenario_0753,/home/simon/davide_fr3_ws/src/cbf_safety_filter/data/rollouts/fullpool_candidates_seed20260520_n1500/scenario_0753_offline_rollout.npz,/home/simon/davide_fr3_ws/src/cbf_safety_filter/config/generated_scenarios_fullpool_candidates/scenario_0753.yaml,good,ok,3000,True,0,0.03273279285617554,0.022874001148889572,-0.0007662041183093653,-0.06433028749248368,-0.0027617100671097072,4.68488508158722e-05,0.02
scenario_0754,/home/simon/davide_fr3_ws/src/cbf_safety_filter/data/rollouts/fullpool_candidates_seed20260520_n1500/scenario_0754_offline_rollout.npz,/home/simon/davide_fr3_ws/src/cbf_safety_filter/config/generated_scenarios_fullpool_candidates/scenario_0754.yaml,good,ok,3000,True,0,0.017325990992185288,0.03526619248767761,-0.0028347638104701655,-0.05173914565709764,-0.010916214121253598,6.253391470044556e-05,0.02
scenario_0755,/home/simon/davide_fr3_ws/src/cbf_safety_filter/data/rollouts/fullpool_candidates_seed20260520_n1500/scenario_0755_offline_rollout.npz,/home/simon/davide_fr3_ws/src/cbf_safety_filter/config/generated_scenarios_fullpool_candidates/scenario_0755.yaml,good,ok,3000,True,0,0.044249967578002286,0.07637943089834143,0.0013452173138549725,-0.05587230303525442,0.004650696881147776,0.0018324481380623157,0.02
scenario_0756,/home/simon/davide_fr3_ws/src/cbf_safety_filter/data/rollouts/fullpool_candidates_seed20260520_n1500/scenario_0756_offline_rollout.npz,/home/simon/davide_fr3_ws/src/cbf_safety_filter/config/generated_scenarios_fullpool_candidates/scenario_0756.yaml,good,ok,3000,True,0,0.031589599077573915,0.06634079309645934,0.0008229405942176242,-0.04809797135975294,0.0030318497806454126,0.001082618237487805,0.02
scenario_0757,/home/simon/davide_fr3_ws/src/cbf_safety_filter/data/rollouts/fullpool_candidates_seed20260520_n1500/scenario_0757_offline_rollout.npz,/home/simon/davide_fr3_ws/src/cbf_safety_filter/config/generated_scenarios_fullpool_candidates/scenario_0757.yaml,good,ok,3000,True,0,0.05735204378997082,0.11433093993118125,0.009453334880232247,-0.1297786918581607,0.040935039192373956,0.0011638524030727672,0.02
scenario_0758,/home/simon/davide_fr3_ws/src/cbf_safety_filter/data/rollouts/fullpool_candidates_seed20260520_n1500/scenario_0758_offline_rollout.npz,/home/simon/davide_fr3_ws/src/cbf_safety_filter/config/generated_scenarios_fullpool_candidates/scenario_0758.yaml,good,ok,3000,True,0,0.014702872439287015,0.025055788914233802,-0.0004234787742411483,-0.07350058957243233,-0.001037525005813389,0.0006120931300926432,0.02
scenario_0759,/home/simon/davide_fr3_ws/src/cbf_safety_filter/data/rollouts/fullpool_candidates_seed20260520_n1500/scenario_0759_offline_rollout.npz,/home/simon/davide_fr3_ws/src/cbf_safety_filter/config/generated_scenarios_fullpool_candidates/scenario_0759.yaml,good,ok,3000,True,0,0.044913587890779705,0.09076485461242909,0.009146575575953199,-0.016524595682028437,0.023783093266688454,0.0003548068952367427,0.02
scenario_0760,/home/simon/davide_fr3_ws/src/cbf_safety_filter/data/rollouts/fullpool_candidates_seed20260520_n1500/scenario_0760_offline_rollout.npz,/home/simon/davide_fr3_ws/src/cbf_safety_filter/config/generated_scenarios_fullpool_candidates/scenario_0760.yaml,good,ok,3000,True,0,0.030942959288894966,0.0369361634915575,1.063334958903428e-07,-0.056082236459629425,3.4059378567485865e-07,0.00014154580092701763,0.02
scenario_0761,/home/simon/davide_fr3_ws/src/cbf_safety_filter/data/rollouts/fullpool_candidates_seed20260520_n1500/scenario_0761_offline_rollout.npz,/home/simon/davide_fr3_ws/src/cbf_safety_filter/config/generated_scenarios_fullpool_candidates/scenario_0761.yaml,good,ok,3000,True,0,0.056737036413079894,0.08414746748074128,-0.0003665165265232598,-0.12112840900244978,-0.0010576384511409298,0.0004692690912972073,0.02
scenario_0762,/home/simon/davide_fr3_ws/src/cbf_safety_filter/data/rollouts/fullpool_candidates_seed20260520_n1500/scenario_0762_offline_rollout.npz,/home/simon/davide_fr3_ws/src/cbf_safety_filter/config/generated_scenarios_fullpool_candidates/scenario_0762.yaml,good,ok,3000,True,0,0.04610854035819946,0.0936380038926279,-5.7252606308316745e-05,-0.00019906484245356626,-0.00014023573057897476,0.00028344665764085147,0.02
scenario_0763,/home/simon/davide_fr3_ws/src/cbf_safety_filter/data/rollouts/fullpool_candidates_seed20260520_n1500/scenario_0763_offline_rollout.npz,/home/simon/davide_fr3_ws/src/cbf_safety_filter/config/generated_scenarios_fullpool_candidates/scenario_0763.yaml,good,ok,3000,True,0,0.0370977970858718,0.03468398373595985,4.262558176858916e-05,-0.07989122463430931,0.00018421991691523754,0.0017145682569137887,0.02
scenario_0764,/home/simon/davide_fr3_ws/src/cbf_safety_filter/data/rollouts/fullpool_candidates_seed20260520_n1500/scenario_0764_offline_rollout.npz,/home/simon/davide_fr3_ws/src/cbf_safety_filter/config/generated_scenarios_fullpool_candidates/scenario_0764.yaml,good,ok,3000,True,0,0.03701084074322332,0.07870264746806252,0.036747649140039765,0.0641443236205595,0.11071427685542512,0.00017166299264522632,0.02
scenario_0765,/home/simon/davide_fr3_ws/src/cbf_safety_filter/data/rollouts/fullpool_candidates_seed20260520_n1500/scenario_0765_offline_rollout.npz,/home/simon/davide_fr3_ws/src/cbf_safety_filter/config/generated_scenarios_fullpool_candidates/scenario_0765.yaml,good,ok,3000,True,0,0.02665319000000001,0.05330638000000002,-0.00022514438857491187,-0.05291230789367334,-0.000719125334037507,8.377356771205061e-05,0.02
scenario_0766,/home/simon/davide_fr3_ws/src/cbf_safety_filter/data/rollouts/fullpool_candidates_seed20260520_n1500/scenario_0766_offline_rollout.npz,/home/simon/davide_fr3_ws/src/cbf_safety_filter/config/generated_scenarios_fullpool_candidates/scenario_0766.yaml,bad_safety,final_min_psi_negative,3000,True,0,0.00034168597252491606,-0.0032755120633898172,-0.002534482887082308,-0.02414846896603702,-0.008224144900195046,0.001078673148322865,0.02
scenario_0767,/home/simon/davide_fr3_ws/src/cbf_safety_filter/data/rollouts/fullpool_candidates_seed20260520_n1500/scenario_0767_offline_rollout.npz,/home/simon/davide_fr3_ws/src/cbf_safety_filter/config/generated_scenarios_fullpool_candidates/scenario_0767.yaml,good,ok,3000,True,0,0.02177179898772247,0.030175355725599463,-7.267826884549237e-05,-0.0046931435715589775,-0.0002967632024625938,0.0059888408730481854,0.02
scenario_0768,/home/simon/davide_fr3_ws/src/cbf_safety_filter/data/rollouts/fullpool_candidates_seed20260520_n1500/scenario_0768_offline_rollout.npz,/home/simon/davide_fr3_ws/src/cbf_safety_filter/config/generated_scenarios_fullpool_candidates/scenario_0768.yaml,good,ok,3000,True,0,1.6102776385258644e-06,3.2072351193398283e-06,-0.001396988989031964,-0.010914393866253588,-0.006420593812202002,6.945225522008559e-07,0.02
scenario_0769,/home/simon/davide_fr3_ws/src/cbf_safety_filter/data/rollouts/fullpool_candidates_seed20260520_n1500/scenario_0769_offline_rollout.npz,/home/simon/davide_fr3_ws/src/cbf_safety_filter/config/generated_scenarios_fullpool_candidates/scenario_0769.yaml,good,ok,3000,True,0,0.03093266592207325,0.07154734212987454,0.02477023219169345,0.04280350984894844,0.07337662200769568,0.0005487586863934118,0.02
scenario_0770,/home/simon/davide_fr3_ws/src/cbf_safety_filter/data/rollouts/fullpool_candidates_seed20260520_n1500/scenario_0770_offline_rollout.npz,/home/simon/davide_fr3_ws/src/cbf_safety_filter/config/generated_scenarios_fullpool_candidates/scenario_0770.yaml,bad_goal,final_dist_to_goal_above_tol,3000,True,0,0.00403055716552057,0.005365038597705702,6.017768370003562e-06,-0.2251896472011229,2.0621463760223113e-05,0.060181747495495715,0.02
scenario_0771,/home/simon/davide_fr3_ws/src/cbf_safety_filter/data/rollouts/fullpool_candidates_seed20260520_n1500/scenario_0771_offline_rollout.npz,/home/simon/davide_fr3_ws/src/cbf_safety_filter/config/generated_scenarios_fullpool_candidates/scenario_0771.yaml,good,ok,3000,True,0,0.014752880938041677,0.040248632207629365,-0.005276313790467088,-0.03261795205605818,-0.036861631474678185,0.0002085559746293707,0.02
scenario_0772,/home/simon/davide_fr3_ws/src/cbf_safety_filter/data/rollouts/fullpool_candidates_seed20260520_n1500/scenario_0772_offline_rollout.npz,/home/simon/davide_fr3_ws/src/cbf_safety_filter/config/generated_scenarios_fullpool_candidates/scenario_0772.yaml,bad_qp,final_qp_solved_false,3000,False,2946,0.004988083361437107,-0.005340205856220944,0.004988083361437107,-0.06490306950783056,0.02440316150105777,0.5581483268965658,0.02
scenario_0773,/home/simon/davide_fr3_ws/src/cbf_safety_filter/data/rollouts/fullpool_candidates_seed20260520_n1500/scenario_0773_offline_rollout.npz,/home/simon/davide_fr3_ws/src/cbf_safety_filter/config/generated_scenarios_fullpool_candidates/scenario_0773.yaml,bad_goal,final_dist_to_goal_above_tol,3000,True,0,0.000993148399768922,0.002235867301524457,-0.005375179539002642,-0.11546768672310312,-0.02537564448601773,0.06337652822003181,0.02
scenario_0774,/home/simon/davide_fr3_ws/src/cbf_safety_filter/data/rollouts/fullpool_candidates_seed20260520_n1500/scenario_0774_offline_rollout.npz,/home/simon/davide_fr3_ws/src/cbf_safety_filter/config/generated_scenarios_fullpool_candidates/scenario_0774.yaml,good,ok,3000,True,0,0.03541709780725937,0.07633008128209579,-0.0023949633799818897,-0.08031318336029253,-0.009146184782500094,0.010974730175738969,0.02
scenario_0775,/home/simon/davide_fr3_ws/src/cbf_safety_filter/data/rollouts/fullpool_candidates_seed20260520_n1500/scenario_0775_offline_rollout.npz,/home/simon/davide_fr3_ws/src/cbf_safety_filter/config/generated_scenarios_fullpool_candidates/scenario_0775.yaml,good,ok,3000,True,0,0.0661007127779453,0.14367706972688335,0.024381643634929635,0.04737750581665015,0.07581098015693455,0.00010877695664370459,0.02
scenario_0776,/home/simon/davide_fr3_ws/src/cbf_safety_filter/data/rollouts/fullpool_candidates_seed20260520_n1500/scenario_0776_offline_rollout.npz,/home/simon/davide_fr3_ws/src/cbf_safety_filter/config/generated_scenarios_fullpool_candidates/scenario_0776.yaml,good,ok,3000,True,0,0.0002498898788753784,4.985360310335229e-05,0.0002498898788753784,-7.048206750746508e-05,0.0007532402056434351,0.0002013762953309749,0.02
scenario_0777,/home/simon/davide_fr3_ws/src/cbf_safety_filter/data/rollouts/fullpool_candidates_seed20260520_n1500/scenario_0777_offline_rollout.npz,/home/simon/davide_fr3_ws/src/cbf_safety_filter/config/generated_scenarios_fullpool_candidates/scenario_0777.yaml,good,ok,3000,True,0,0.015679445713130447,0.03230835781095061,0.0018734861328039351,-0.1479347087275863,0.005389932100400369,0.0010657728845826794,0.02
scenario_0778,/home/simon/davide_fr3_ws/src/cbf_safety_filter/data/rollouts/fullpool_candidates_seed20260520_n1500/scenario_0778_offline_rollout.npz,/home/simon/davide_fr3_ws/src/cbf_safety_filter/config/generated_scenarios_fullpool_candidates/scenario_0778.yaml,good,ok,3000,True,0,0.0019083561507618405,0.0026119398992208494,6.867282360507182e-06,-0.0817430551278355,1.9812146103220796e-05,0.00028356993110637495,0.02
scenario_0779,/home/simon/davide_fr3_ws/src/cbf_safety_filter/data/rollouts/fullpool_candidates_seed20260520_n1500/scenario_0779_offline_rollout.npz,/home/simon/davide_fr3_ws/src/cbf_safety_filter/config/generated_scenarios_fullpool_candidates/scenario_0779.yaml,good,ok,3000,True,0,0.0635083030608016,0.12829147728928372,0.0008072004028487866,-0.012607214059768501,0.002324055561152061,0.0012281739040798235,0.02
scenario_0780,/home/simon/davide_fr3_ws/src/cbf_safety_filter/data/rollouts/fullpool_candidates_seed20260520_n1500/scenario_0780_offline_rollout.npz,/home/simon/davide_fr3_ws/src/cbf_safety_filter/config/generated_scenarios_fullpool_candidates/scenario_0780.yaml,good,ok,3000,True,0,0.044397031741331985,0.08436826071571543,-0.0008909244473412209,-0.013305414221814457,-0.00298552693571702,0.001242624094390894,0.02
scenario_0781,/home/simon/davide_fr3_ws/src/cbf_safety_filter/data/rollouts/fullpool_candidates_seed20260520_n1500/scenario_0781_offline_rollout.npz,/home/simon/davide_fr3_ws/src/cbf_safety_filter/config/generated_scenarios_fullpool_candidates/scenario_0781.yaml,good,ok,3000,True,0,0.019927872388376344,0.039873494392475006,0.019850830086305477,0.03970118560919106,0.044300000175275134,3.204401850967792e-07,0.02
scenario_0782,/home/simon/davide_fr3_ws/src/cbf_safety_filter/data/rollouts/fullpool_candidates_seed20260520_n1500/scenario_0782_offline_rollout.npz,/home/simon/davide_fr3_ws/src/cbf_safety_filter/config/generated_scenarios_fullpool_candidates/scenario_0782.yaml,good,ok,3000,True,0,0.0017113455907115677,0.003986686542290124,-0.00040087563827339093,-0.0464676227776436,-0.001628440094490452,2.463706837675372e-06,0.02
scenario_0783,/home/simon/davide_fr3_ws/src/cbf_safety_filter/data/rollouts/fullpool_candidates_seed20260520_n1500/scenario_0783_offline_rollout.npz,/home/simon/davide_fr3_ws/src/cbf_safety_filter/config/generated_scenarios_fullpool_candidates/scenario_0783.yaml,good,ok,3000,True,0,0.004630316661775883,0.011028503832130263,-0.0016405008949463493,-0.12285650349668722,-0.004348561000313944,0.00017163228656036809,0.02
scenario_0784,/home/simon/davide_fr3_ws/src/cbf_safety_filter/data/rollouts/fullpool_candidates_seed20260520_n1500/scenario_0784_offline_rollout.npz,/home/simon/davide_fr3_ws/src/cbf_safety_filter/config/generated_scenarios_fullpool_candidates/scenario_0784.yaml,good,ok,3000,True,0,0.05276430906155089,0.10489711143493066,0.020101744726774645,0.04131662843668462,0.0648366685757476,8.066460800917762e-07,0.02
scenario_0785,/home/simon/davide_fr3_ws/src/cbf_safety_filter/data/rollouts/fullpool_candidates_seed20260520_n1500/scenario_0785_offline_rollout.npz,/home/simon/davide_fr3_ws/src/cbf_safety_filter/config/generated_scenarios_fullpool_candidates/scenario_0785.yaml,good,ok,3000,True,0,0.023450711519921667,0.046892277991818145,0.023450711519921667,0.046892277991818145,0.05759137574342485,2.7705720295338402e-08,0.02
scenario_0786,/home/simon/davide_fr3_ws/src/cbf_safety_filter/data/rollouts/fullpool_candidates_seed20260520_n1500/scenario_0786_offline_rollout.npz,/home/simon/davide_fr3_ws/src/cbf_safety_filter/config/generated_scenarios_fullpool_candidates/scenario_0786.yaml,bad_safety,final_min_psi_negative,3000,True,0,3.310316298417611e-05,-0.0002423968121563272,-0.0011840736876921124,-0.004301105619708288,-0.0039649521929426,0.0003475213572269865,0.02
scenario_0787,/home/simon/davide_fr3_ws/src/cbf_safety_filter/data/rollouts/fullpool_candidates_seed20260520_n1500/scenario_0787_offline_rollout.npz,/home/simon/davide_fr3_ws/src/cbf_safety_filter/config/generated_scenarios_fullpool_candidates/scenario_0787.yaml,good,ok,3000,True,0,0.015229871872919645,0.03331685959239937,-0.0006152920972594088,-0.015318033858216618,-0.0018303020797710845,3.377844805824775e-05,0.02
scenario_0788,/home/simon/davide_fr3_ws/src/cbf_safety_filter/data/rollouts/fullpool_candidates_seed20260520_n1500/scenario_0788_offline_rollout.npz,/home/simon/davide_fr3_ws/src/cbf_safety_filter/config/generated_scenarios_fullpool_candidates/scenario_0788.yaml,good,ok,3000,True,0,0.01900755212803016,0.037928933304799496,0.01900755212803016,0.037928933304799496,0.05580522729744078,1.4539395876776004e-09,0.02
scenario_0789,/home/simon/davide_fr3_ws/src/cbf_safety_filter/data/rollouts/fullpool_candidates_seed20260520_n1500/scenario_0789_offline_rollout.npz,/home/simon/davide_fr3_ws/src/cbf_safety_filter/config/generated_scenarios_fullpool_candidates/scenario_0789.yaml,good,ok,3000,True,0,0.00030676358958958184,0.00044189997497556116,-0.004827014666564211,-0.015424219748152399,-0.013965669014417315,0.0011443708589519324,0.02
scenario_0790,/home/simon/davide_fr3_ws/src/cbf_safety_filter/data/rollouts/fullpool_candidates_seed20260520_n1500/scenario_0790_offline_rollout.npz,/home/simon/davide_fr3_ws/src/cbf_safety_filter/config/generated_scenarios_fullpool_candidates/scenario_0790.yaml,bad_safety,final_min_h_negative,3000,True,0,-0.0004634110984957987,-0.002707224344838416,-0.009954694400839174,-0.032108105764830065,-0.03327992777928224,0.0006424864468715264,0.02
scenario_0791,/home/simon/davide_fr3_ws/src/cbf_safety_filter/data/rollouts/fullpool_candidates_seed20260520_n1500/scenario_0791_offline_rollout.npz,/home/simon/davide_fr3_ws/src/cbf_safety_filter/config/generated_scenarios_fullpool_candidates/scenario_0791.yaml,good,ok,3000,True,0,0.0696226060382865,0.1423047701954226,1.3731839513905775e-05,6.480341068965069e-06,3.51886244864541e-05,1.3078929869219018e-07,0.02
scenario_0792,/home/simon/davide_fr3_ws/src/cbf_safety_filter/data/rollouts/fullpool_candidates_seed20260520_n1500/scenario_0792_offline_rollout.npz,/home/simon/davide_fr3_ws/src/cbf_safety_filter/config/generated_scenarios_fullpool_candidates/scenario_0792.yaml,good,ok,3000,True,0,0.0012007981154304667,0.002625280107951905,-0.0027306184109286633,-0.01112737334483126,-0.009573509117182633,1.4331721247161549e-05,0.02
scenario_0793,/home/simon/davide_fr3_ws/src/cbf_safety_filter/data/rollouts/fullpool_candidates_seed20260520_n1500/scenario_0793_offline_rollout.npz,/home/simon/davide_fr3_ws/src/cbf_safety_filter/config/generated_scenarios_fullpool_candidates/scenario_0793.yaml,good,ok,3000,True,0,0.012198374430581329,0.02420416767140484,0.012198374430581329,0.02420416767140484,0.03926532350892084,8.489750108822919e-08,0.02
scenario_0794,/home/simon/davide_fr3_ws/src/cbf_safety_filter/data/rollouts/fullpool_candidates_seed20260520_n1500/scenario_0794_offline_rollout.npz,/home/simon/davide_fr3_ws/src/cbf_safety_filter/config/generated_scenarios_fullpool_candidates/scenario_0794.yaml,good,ok,3000,True,0,0.017220586962901775,0.04956861613184879,1.3856016956321354e-06,-0.059493579361541704,5.851213931276633e-06,0.0004348356145894041,0.02
scenario_0795,/home/simon/davide_fr3_ws/src/cbf_safety_filter/data/rollouts/fullpool_candidates_seed20260520_n1500/scenario_0795_offline_rollout.npz,/home/simon/davide_fr3_ws/src/cbf_safety_filter/config/generated_scenarios_fullpool_candidates/scenario_0795.yaml,good,ok,3000,True,0,0.04838792700676157,0.09627090742711587,0.04449063566636532,0.09626181612471281,0.1277267330918217,9.65100649464024e-08,0.02
scenario_0796,/home/simon/davide_fr3_ws/src/cbf_safety_filter/data/rollouts/fullpool_candidates_seed20260520_n1500/scenario_0796_offline_rollout.npz,/home/simon/davide_fr3_ws/src/cbf_safety_filter/config/generated_scenarios_fullpool_candidates/scenario_0796.yaml,good,ok,3000,True,0,0.016630276813123915,0.08558153913303802,0.007557477015614517,-0.19979437992113636,0.02709766996792637,0.0021052162148936285,0.02
scenario_0797,/home/simon/davide_fr3_ws/src/cbf_safety_filter/data/rollouts/fullpool_candidates_seed20260520_n1500/scenario_0797_offline_rollout.npz,/home/simon/davide_fr3_ws/src/cbf_safety_filter/config/generated_scenarios_fullpool_candidates/scenario_0797.yaml,bad_qp,final_qp_solved_false,3000,False,2935,-0.0008527400925653263,-0.010645919734090563,-0.0008527400925653263,-0.06815271398808218,-0.004869160068546999,0.4819746046217196,0.02
scenario_0798,/home/simon/davide_fr3_ws/src/cbf_safety_filter/data/rollouts/fullpool_candidates_seed20260520_n1500/scenario_0798_offline_rollout.npz,/home/simon/davide_fr3_ws/src/cbf_safety_filter/config/generated_scenarios_fullpool_candidates/scenario_0798.yaml,bad_qp,final_qp_solved_false,3000,False,2934,0.009498055046431145,0.03058913064563408,0.0071668288605690154,-0.063643465004778,0.03355900962928206,0.467737242738072,0.02
scenario_0799,/home/simon/davide_fr3_ws/src/cbf_safety_filter/data/rollouts/fullpool_candidates_seed20260520_n1500/scenario_0799_offline_rollout.npz,/home/simon/davide_fr3_ws/src/cbf_safety_filter/config/generated_scenarios_fullpool_candidates/scenario_0799.yaml,good,ok,3000,True,0,0.022989040867143148,0.042268771155349334,-0.008345634079598901,-0.21760635780507454,-0.024841246082385,0.0006299344619270809,0.02
scenario_0800,/home/simon/davide_fr3_ws/src/cbf_safety_filter/data/rollouts/fullpool_candidates_seed20260520_n1500/scenario_0800_offline_rollout.npz,/home/simon/davide_fr3_ws/src/cbf_safety_filter/config/generated_scenarios_fullpool_candidates/scenario_0800.yaml,good,ok,3000,True,0,0.02101462242119111,0.042018291669926836,8.576167333788909e-06,-0.0002122515142952185,2.198893287339021e-05,0.00011335848979923537,0.02
scenario_0801,/home/simon/davide_fr3_ws/src/cbf_safety_filter/data/rollouts/fullpool_candidates_seed20260520_n1500/scenario_0801_offline_rollout.npz,/home/simon/davide_fr3_ws/src/cbf_safety_filter/config/generated_scenarios_fullpool_candidates/scenario_0801.yaml,good,ok,3000,True,0,0.031047081912735003,0.027230607324711623,-4.0748382253846804e-07,-0.05811389042117965,-1.4460110485670086e-06,0.001585703406014526,0.02
scenario_0802,/home/simon/davide_fr3_ws/src/cbf_safety_filter/data/rollouts/fullpool_candidates_seed20260520_n1500/scenario_0802_offline_rollout.npz,/home/simon/davide_fr3_ws/src/cbf_safety_filter/config/generated_scenarios_fullpool_candidates/scenario_0802.yaml,good,ok,3000,True,0,0.041957700886835016,0.08338885581880445,0.0009331415107871333,-0.03531710034656646,0.003586434142360262,0.0010056012313793127,0.02
scenario_0803,/home/simon/davide_fr3_ws/src/cbf_safety_filter/data/rollouts/fullpool_candidates_seed20260520_n1500/scenario_0803_offline_rollout.npz,/home/simon/davide_fr3_ws/src/cbf_safety_filter/config/generated_scenarios_fullpool_candidates/scenario_0803.yaml,good,ok,3000,True,0,0.06793102471879166,0.10037634311531307,0.009111023739871103,-0.28255082923139235,0.03906740984622023,0.0016075251524555762,0.02
scenario_0804,/home/simon/davide_fr3_ws/src/cbf_safety_filter/data/rollouts/fullpool_candidates_seed20260520_n1500/scenario_0804_offline_rollout.npz,/home/simon/davide_fr3_ws/src/cbf_safety_filter/config/generated_scenarios_fullpool_candidates/scenario_0804.yaml,good,ok,3000,True,0,0.023960998291634693,0.04717015445603677,0.02362618184822919,0.032798722094821604,0.057278568303345184,2.1580428668580965e-07,0.02
scenario_0805,/home/simon/davide_fr3_ws/src/cbf_safety_filter/data/rollouts/fullpool_candidates_seed20260520_n1500/scenario_0805_offline_rollout.npz,/home/simon/davide_fr3_ws/src/cbf_safety_filter/config/generated_scenarios_fullpool_candidates/scenario_0805.yaml,bad_safety,final_min_psi_negative,3000,True,0,0.0017484479576841544,-0.001524092269294718,-0.003384939647096699,-0.026138928228245456,-0.011734287654407316,0.008811176161064301,0.02
scenario_0806,/home/simon/davide_fr3_ws/src/cbf_safety_filter/data/rollouts/fullpool_candidates_seed20260520_n1500/scenario_0806_offline_rollout.npz,/home/simon/davide_fr3_ws/src/cbf_safety_filter/config/generated_scenarios_fullpool_candidates/scenario_0806.yaml,good,ok,3000,True,0,0.08860536959768893,0.16674907956468413,-0.0022483619633093914,-0.11716906234989766,-0.008249335844685929,0.0010740974015652981,0.02
scenario_0807,/home/simon/davide_fr3_ws/src/cbf_safety_filter/data/rollouts/fullpool_candidates_seed20260520_n1500/scenario_0807_offline_rollout.npz,/home/simon/davide_fr3_ws/src/cbf_safety_filter/config/generated_scenarios_fullpool_candidates/scenario_0807.yaml,good,ok,3000,True,0,0.0186631353540503,0.03205032522942261,-0.00014872605487022302,-0.046077737178906036,-0.0008462182342594271,7.876380152217664e-05,0.02
scenario_0808,/home/simon/davide_fr3_ws/src/cbf_safety_filter/data/rollouts/fullpool_candidates_seed20260520_n1500/scenario_0808_offline_rollout.npz,/home/simon/davide_fr3_ws/src/cbf_safety_filter/config/generated_scenarios_fullpool_candidates/scenario_0808.yaml,good,ok,3000,True,0,0.015433313211473999,0.025662982597186128,0.00452021685843066,-0.08575683536132167,0.012140024080394524,0.00015762332331424361,0.02
scenario_0809,/home/simon/davide_fr3_ws/src/cbf_safety_filter/data/rollouts/fullpool_candidates_seed20260520_n1500/scenario_0809_offline_rollout.npz,/home/simon/davide_fr3_ws/src/cbf_safety_filter/config/generated_scenarios_fullpool_candidates/scenario_0809.yaml,good,ok,3000,True,0,0.024746758587003086,0.04649667863874905,0.014657205566976958,-0.09545484679400926,0.03363051690604049,0.0021851604412108454,0.02
scenario_0810,/home/simon/davide_fr3_ws/src/cbf_safety_filter/data/rollouts/fullpool_candidates_seed20260520_n1500/scenario_0810_offline_rollout.npz,/home/simon/davide_fr3_ws/src/cbf_safety_filter/config/generated_scenarios_fullpool_candidates/scenario_0810.yaml,good,ok,3000,True,0,0.019678307850645158,0.039104033719275955,0.019678307850645158,0.039104033719275955,0.07442050599217664,2.589858008146589e-07,0.02
scenario_0811,/home/simon/davide_fr3_ws/src/cbf_safety_filter/data/rollouts/fullpool_candidates_seed20260520_n1500/scenario_0811_offline_rollout.npz,/home/simon/davide_fr3_ws/src/cbf_safety_filter/config/generated_scenarios_fullpool_candidates/scenario_0811.yaml,good,ok,3000,True,0,0.032331782681611354,0.06331548456874553,0.013842015287138616,-0.06418672880467158,0.05621843567217133,0.0002887088493983834,0.02
scenario_0812,/home/simon/davide_fr3_ws/src/cbf_safety_filter/data/rollouts/fullpool_candidates_seed20260520_n1500/scenario_0812_offline_rollout.npz,/home/simon/davide_fr3_ws/src/cbf_safety_filter/config/generated_scenarios_fullpool_candidates/scenario_0812.yaml,good,ok,3000,True,0,0.003634061877655099,0.0035768118941722727,-0.0008351663462038347,-0.08937452581130462,-0.0025442550789313845,0.0009836707688187455,0.02
scenario_0813,/home/simon/davide_fr3_ws/src/cbf_safety_filter/data/rollouts/fullpool_candidates_seed20260520_n1500/scenario_0813_offline_rollout.npz,/home/simon/davide_fr3_ws/src/cbf_safety_filter/config/generated_scenarios_fullpool_candidates/scenario_0813.yaml,bad_goal,final_dist_to_goal_above_tol,3000,True,0,0.0070666881345839705,0.015463101583495169,0.005245285433111726,-0.24474376629640887,0.021107178715051106,0.18076928341599957,0.02
scenario_0814,/home/simon/davide_fr3_ws/src/cbf_safety_filter/data/rollouts/fullpool_candidates_seed20260520_n1500/scenario_0814_offline_rollout.npz,/home/simon/davide_fr3_ws/src/cbf_safety_filter/config/generated_scenarios_fullpool_candidates/scenario_0814.yaml,good,ok,3000,True,0,0.061516600814285734,0.14157975205462606,0.019216381629230454,-0.02594287387410965,0.06377655084320694,0.003426440052934844,0.02
scenario_0815,/home/simon/davide_fr3_ws/src/cbf_safety_filter/data/rollouts/fullpool_candidates_seed20260520_n1500/scenario_0815_offline_rollout.npz,/home/simon/davide_fr3_ws/src/cbf_safety_filter/config/generated_scenarios_fullpool_candidates/scenario_0815.yaml,good,ok,3000,True,0,0.05526050096574881,0.0752074693868732,0.022789251889764585,-0.02979134203509695,0.0688067296111923,0.0006624569640547508,0.02
scenario_0816,/home/simon/davide_fr3_ws/src/cbf_safety_filter/data/rollouts/fullpool_candidates_seed20260520_n1500/scenario_0816_offline_rollout.npz,/home/simon/davide_fr3_ws/src/cbf_safety_filter/config/generated_scenarios_fullpool_candidates/scenario_0816.yaml,good,ok,3000,True,0,0.0460887918399424,0.04037266317009919,0.02599646847909067,0.013520866360218903,0.05500657398762959,0.0023918586050900212,0.02
scenario_0817,/home/simon/davide_fr3_ws/src/cbf_safety_filter/data/rollouts/fullpool_candidates_seed20260520_n1500/scenario_0817_offline_rollout.npz,/home/simon/davide_fr3_ws/src/cbf_safety_filter/config/generated_scenarios_fullpool_candidates/scenario_0817.yaml,good,ok,3000,True,0,0.06180957317606835,0.06934855265062191,-0.0022571825522823977,-0.1738434479444642,-0.013561675530414707,0.00016677885823956708,0.02
scenario_0818,/home/simon/davide_fr3_ws/src/cbf_safety_filter/data/rollouts/fullpool_candidates_seed20260520_n1500/scenario_0818_offline_rollout.npz,/home/simon/davide_fr3_ws/src/cbf_safety_filter/config/generated_scenarios_fullpool_candidates/scenario_0818.yaml,good,ok,3000,True,0,0.04397575459602421,0.08425249969690171,0.03966773010538108,0.00792606056080361,0.10056218864622449,0.000416615026472601,0.02
scenario_0819,/home/simon/davide_fr3_ws/src/cbf_safety_filter/data/rollouts/fullpool_candidates_seed20260520_n1500/scenario_0819_offline_rollout.npz,/home/simon/davide_fr3_ws/src/cbf_safety_filter/config/generated_scenarios_fullpool_candidates/scenario_0819.yaml,bad_safety,final_min_psi_negative,3000,True,0,0.0017891902741933724,-0.0012441533906026436,-0.001759084123748339,-0.08063472523607815,-0.004585552328452647,0.00011146889382869178,0.02
scenario_0820,/home/simon/davide_fr3_ws/src/cbf_safety_filter/data/rollouts/fullpool_candidates_seed20260520_n1500/scenario_0820_offline_rollout.npz,/home/simon/davide_fr3_ws/src/cbf_safety_filter/config/generated_scenarios_fullpool_candidates/scenario_0820.yaml,good,ok,3000,True,0,0.034292280760717345,0.058194465927521734,-0.001210832012205544,-0.007864596302259289,-0.004509780711620698,0.0004389070837787147,0.02
scenario_0821,/home/simon/davide_fr3_ws/src/cbf_safety_filter/data/rollouts/fullpool_candidates_seed20260520_n1500/scenario_0821_offline_rollout.npz,/home/simon/davide_fr3_ws/src/cbf_safety_filter/config/generated_scenarios_fullpool_candidates/scenario_0821.yaml,good,ok,3000,True,0,0.007166615089024346,0.02340341486184284,-7.219337282999422e-07,-7.320372854102523e-06,-3.748430836100769e-06,0.0001812237980215347,0.02
scenario_0822,/home/simon/davide_fr3_ws/src/cbf_safety_filter/data/rollouts/fullpool_candidates_seed20260520_n1500/scenario_0822_offline_rollout.npz,/home/simon/davide_fr3_ws/src/cbf_safety_filter/config/generated_scenarios_fullpool_candidates/scenario_0822.yaml,good,ok,3000,True,0,0.0318099691782461,0.06349034315925724,0.02642953946723467,0.009053547203106124,0.07361650299326372,0.006076336841147369,0.02
scenario_0823,/home/simon/davide_fr3_ws/src/cbf_safety_filter/data/rollouts/fullpool_candidates_seed20260520_n1500/scenario_0823_offline_rollout.npz,/home/simon/davide_fr3_ws/src/cbf_safety_filter/config/generated_scenarios_fullpool_candidates/scenario_0823.yaml,good,ok,3000,True,0,0.06728368387212286,0.12164148523897933,0.01244699550967861,-0.02099745539856354,0.03156246258717241,0.002457014343116724,0.02
scenario_0824,/home/simon/davide_fr3_ws/src/cbf_safety_filter/data/rollouts/fullpool_candidates_seed20260520_n1500/scenario_0824_offline_rollout.npz,/home/simon/davide_fr3_ws/src/cbf_safety_filter/config/generated_scenarios_fullpool_candidates/scenario_0824.yaml,good,ok,3000,True,0,0.024331488478642985,0.036441987719355654,0.013665337196289352,-0.022421017503369334,0.04172325746310879,0.010782794304297981,0.02
scenario_0825,/home/simon/davide_fr3_ws/src/cbf_safety_filter/data/rollouts/fullpool_candidates_seed20260520_n1500/scenario_0825_offline_rollout.npz,/home/simon/davide_fr3_ws/src/cbf_safety_filter/config/generated_scenarios_fullpool_candidates/scenario_0825.yaml,good,ok,3000,True,0,0.0323175614025194,0.04010423242306921,0.007280259123559001,-0.07157918706038158,0.019065007229588593,0.00022304087541916409,0.02
scenario_0826,/home/simon/davide_fr3_ws/src/cbf_safety_filter/data/rollouts/fullpool_candidates_seed20260520_n1500/scenario_0826_offline_rollout.npz,/home/simon/davide_fr3_ws/src/cbf_safety_filter/config/generated_scenarios_fullpool_candidates/scenario_0826.yaml,bad_qp,final_qp_solved_false,3000,False,2019,0.014561921935983338,0.02243298826636316,0.00018045698683936615,0.00024527599115797057,0.0005142481042427205,5.51094896515876e-05,0.02
scenario_0827,/home/simon/davide_fr3_ws/src/cbf_safety_filter/data/rollouts/fullpool_candidates_seed20260520_n1500/scenario_0827_offline_rollout.npz,/home/simon/davide_fr3_ws/src/cbf_safety_filter/config/generated_scenarios_fullpool_candidates/scenario_0827.yaml,good,ok,3000,True,0,0.021079483338371306,0.04559465052472257,-0.00016004286990018227,-0.04074126066090639,-0.0008885770110762109,0.0002865158799664111,0.02
scenario_0828,/home/simon/davide_fr3_ws/src/cbf_safety_filter/data/rollouts/fullpool_candidates_seed20260520_n1500/scenario_0828_offline_rollout.npz,/home/simon/davide_fr3_ws/src/cbf_safety_filter/config/generated_scenarios_fullpool_candidates/scenario_0828.yaml,good,ok,3000,True,0,0.06929086895001903,0.1541587384739369,0.00022306947019609669,-0.15594908759479087,0.0006051718403254636,0.0012645844074611456,0.02
scenario_0829,/home/simon/davide_fr3_ws/src/cbf_safety_filter/data/rollouts/fullpool_candidates_seed20260520_n1500/scenario_0829_offline_rollout.npz,/home/simon/davide_fr3_ws/src/cbf_safety_filter/config/generated_scenarios_fullpool_candidates/scenario_0829.yaml,good,ok,3000,True,0,0.008548539139992723,0.02289733360767315,-0.00024566958395169647,-0.08071787990086476,-0.0008039028844626095,0.0001435214151925025,0.02
scenario_0830,/home/simon/davide_fr3_ws/src/cbf_safety_filter/data/rollouts/fullpool_candidates_seed20260520_n1500/scenario_0830_offline_rollout.npz,/home/simon/davide_fr3_ws/src/cbf_safety_filter/config/generated_scenarios_fullpool_candidates/scenario_0830.yaml,good,ok,3000,True,0,0.01751806568373769,0.036714911037909526,0.00035253314557868315,-0.00027587213478579703,0.0008267144941818405,0.0005070380659797315,0.02
scenario_0831,/home/simon/davide_fr3_ws/src/cbf_safety_filter/data/rollouts/fullpool_candidates_seed20260520_n1500/scenario_0831_offline_rollout.npz,/home/simon/davide_fr3_ws/src/cbf_safety_filter/config/generated_scenarios_fullpool_candidates/scenario_0831.yaml,good,ok,3000,True,0,0.0039008614990552262,0.0014984074962853672,-0.0022746782357632063,-0.019114038678976375,-0.007649829947504738,0.0003608826594467998,0.02
scenario_0832,/home/simon/davide_fr3_ws/src/cbf_safety_filter/data/rollouts/fullpool_candidates_seed20260520_n1500/scenario_0832_offline_rollout.npz,/home/simon/davide_fr3_ws/src/cbf_safety_filter/config/generated_scenarios_fullpool_candidates/scenario_0832.yaml,good,ok,3000,True,0,0.010810682589010155,0.04349847636724898,-0.0018253039787202475,-0.06422685882274742,-0.005623650589563128,9.35815991852961e-05,0.02
scenario_0833,/home/simon/davide_fr3_ws/src/cbf_safety_filter/data/rollouts/fullpool_candidates_seed20260520_n1500/scenario_0833_offline_rollout.npz,/home/simon/davide_fr3_ws/src/cbf_safety_filter/config/generated_scenarios_fullpool_candidates/scenario_0833.yaml,good,ok,3000,True,0,0.0164723408619544,0.03590508201284652,-0.00032588869250952095,-0.15462028244076237,-0.0018290790141643198,0.0002672555917266988,0.02
scenario_0834,/home/simon/davide_fr3_ws/src/cbf_safety_filter/data/rollouts/fullpool_candidates_seed20260520_n1500/scenario_0834_offline_rollout.npz,/home/simon/davide_fr3_ws/src/cbf_safety_filter/config/generated_scenarios_fullpool_candidates/scenario_0834.yaml,good,ok,3000,True,0,0.008407712644104844,0.01976075435623697,0.0029223332071456713,-0.00018467911221798847,0.009948421813154418,0.003583005424199219,0.02
scenario_0835,/home/simon/davide_fr3_ws/src/cbf_safety_filter/data/rollouts/fullpool_candidates_seed20260520_n1500/scenario_0835_offline_rollout.npz,/home/simon/davide_fr3_ws/src/cbf_safety_filter/config/generated_scenarios_fullpool_candidates/scenario_0835.yaml,good,ok,3000,True,0,0.0003141600099499219,3.767985247148174e-05,-0.001362728400401858,-0.01103900026569948,-0.0054654618264450006,4.499400059749102e-05,0.02
scenario_0836,/home/simon/davide_fr3_ws/src/cbf_safety_filter/data/rollouts/fullpool_candidates_seed20260520_n1500/scenario_0836_offline_rollout.npz,/home/simon/davide_fr3_ws/src/cbf_safety_filter/config/generated_scenarios_fullpool_candidates/scenario_0836.yaml,good,ok,3000,True,0,0.0004761043153509101,0.0005315958818392164,-0.0011359286776390642,-0.020312484721731083,-0.003698875012869668,0.0004635067395557689,0.02
scenario_0837,/home/simon/davide_fr3_ws/src/cbf_safety_filter/data/rollouts/fullpool_candidates_seed20260520_n1500/scenario_0837_offline_rollout.npz,/home/simon/davide_fr3_ws/src/cbf_safety_filter/config/generated_scenarios_fullpool_candidates/scenario_0837.yaml,good,ok,3000,True,0,0.013542189099260579,0.03894134066662375,0.0008409219341489194,-0.007376126711240091,0.003652177979501181,0.00012441148830574862,0.02
scenario_0838,/home/simon/davide_fr3_ws/src/cbf_safety_filter/data/rollouts/fullpool_candidates_seed20260520_n1500/scenario_0838_offline_rollout.npz,/home/simon/davide_fr3_ws/src/cbf_safety_filter/config/generated_scenarios_fullpool_candidates/scenario_0838.yaml,good,ok,3000,True,0,0.02966611331678335,0.055739413405202526,0.02939675428614396,-0.016953820561745797,0.0825047678771964,0.0012233477135539744,0.02
scenario_0839,/home/simon/davide_fr3_ws/src/cbf_safety_filter/data/rollouts/fullpool_candidates_seed20260520_n1500/scenario_0839_offline_rollout.npz,/home/simon/davide_fr3_ws/src/cbf_safety_filter/config/generated_scenarios_fullpool_candidates/scenario_0839.yaml,good,ok,3000,True,0,0.055474879610702944,0.04328340393021944,0.0077490668134170895,-0.12932772687193758,0.019808045617238756,0.007181490903821041,0.02
scenario_0840,/home/simon/davide_fr3_ws/src/cbf_safety_filter/data/rollouts/fullpool_candidates_seed20260520_n1500/scenario_0840_offline_rollout.npz,/home/simon/davide_fr3_ws/src/cbf_safety_filter/config/generated_scenarios_fullpool_candidates/scenario_0840.yaml,bad_safety,final_min_h_negative,3000,True,0,-2.0597045866481423e-06,-2.2182853626652585e-06,-1.9416508443823033e-05,-3.9522364304746694e-05,-5.6387014922387735e-05,8.807352063512348e-07,0.02
scenario_0841,/home/simon/davide_fr3_ws/src/cbf_safety_filter/data/rollouts/fullpool_candidates_seed20260520_n1500/scenario_0841_offline_rollout.npz,/home/simon/davide_fr3_ws/src/cbf_safety_filter/config/generated_scenarios_fullpool_candidates/scenario_0841.yaml,good,ok,3000,True,0,0.010307564207217082,0.019799309186475992,0.010307564207217082,0.019799309186475992,0.024522962409947863,2.1271894324618927e-07,0.02
scenario_0842,/home/simon/davide_fr3_ws/src/cbf_safety_filter/data/rollouts/fullpool_candidates_seed20260520_n1500/scenario_0842_offline_rollout.npz,/home/simon/davide_fr3_ws/src/cbf_safety_filter/config/generated_scenarios_fullpool_candidates/scenario_0842.yaml,good,ok,3000,True,0,0.0053399430501083756,0.008603936029116294,0.003920664594478637,-0.07352557761993256,0.009937371903608938,0.009172132433317685,0.02
scenario_0843,/home/simon/davide_fr3_ws/src/cbf_safety_filter/data/rollouts/fullpool_candidates_seed20260520_n1500/scenario_0843_offline_rollout.npz,/home/simon/davide_fr3_ws/src/cbf_safety_filter/config/generated_scenarios_fullpool_candidates/scenario_0843.yaml,bad_safety,final_min_h_negative,3000,True,0,-0.0015225358254083408,-0.0013941287443954113,-0.0026402361312485596,-0.09778431220799164,-0.010812323406662008,8.334173375984736e-05,0.02
scenario_0844,/home/simon/davide_fr3_ws/src/cbf_safety_filter/data/rollouts/fullpool_candidates_seed20260520_n1500/scenario_0844_offline_rollout.npz,/home/simon/davide_fr3_ws/src/cbf_safety_filter/config/generated_scenarios_fullpool_candidates/scenario_0844.yaml,good,ok,3000,True,0,0.012930136714173073,0.004960358371996095,-0.001493508542324093,-0.07981896724448312,-0.004527533191151539,0.0023489616157130713,0.02
scenario_0845,/home/simon/davide_fr3_ws/src/cbf_safety_filter/data/rollouts/fullpool_candidates_seed20260520_n1500/scenario_0845_offline_rollout.npz,/home/simon/davide_fr3_ws/src/cbf_safety_filter/config/generated_scenarios_fullpool_candidates/scenario_0845.yaml,good,ok,3000,True,0,0.028351390269137862,0.05652009556446862,0.017940045732203275,0.04069633849654522,0.050295173731966625,9.872864661907149e-07,0.02
scenario_0846,/home/simon/davide_fr3_ws/src/cbf_safety_filter/data/rollouts/fullpool_candidates_seed20260520_n1500/scenario_0846_offline_rollout.npz,/home/simon/davide_fr3_ws/src/cbf_safety_filter/config/generated_scenarios_fullpool_candidates/scenario_0846.yaml,good,ok,3000,True,0,0.01109101005033043,0.022138454831088384,-0.0022524748055106807,-0.2519056838988594,-0.013530887317235604,1.4583398226322382e-05,0.02
scenario_0847,/home/simon/davide_fr3_ws/src/cbf_safety_filter/data/rollouts/fullpool_candidates_seed20260520_n1500/scenario_0847_offline_rollout.npz,/home/simon/davide_fr3_ws/src/cbf_safety_filter/config/generated_scenarios_fullpool_candidates/scenario_0847.yaml,good,ok,3000,True,0,0.03669158280228453,0.08423514058377188,0.001298205162620622,-0.1584523026929794,0.005197039819050786,3.393957343430777e-05,0.02
scenario_0848,/home/simon/davide_fr3_ws/src/cbf_safety_filter/data/rollouts/fullpool_candidates_seed20260520_n1500/scenario_0848_offline_rollout.npz,/home/simon/davide_fr3_ws/src/cbf_safety_filter/config/generated_scenarios_fullpool_candidates/scenario_0848.yaml,good,ok,3000,True,0,0.04524950707520568,0.08850193189447197,-0.000868351004606284,-0.05100227843866331,-0.0031947544010521023,3.111138213663449e-05,0.02
scenario_0849,/home/simon/davide_fr3_ws/src/cbf_safety_filter/data/rollouts/fullpool_candidates_seed20260520_n1500/scenario_0849_offline_rollout.npz,/home/simon/davide_fr3_ws/src/cbf_safety_filter/config/generated_scenarios_fullpool_candidates/scenario_0849.yaml,good,ok,3000,True,0,0.006968229368490238,0.007036453715509292,-0.001974433265959849,-0.051152266550307884,-0.005982819633101405,0.0017045128050671575,0.02
scenario_0850,/home/simon/davide_fr3_ws/src/cbf_safety_filter/data/rollouts/fullpool_candidates_seed20260520_n1500/scenario_0850_offline_rollout.npz,/home/simon/davide_fr3_ws/src/cbf_safety_filter/config/generated_scenarios_fullpool_candidates/scenario_0850.yaml,bad_qp,final_qp_solved_false,3000,False,2914,0.00433343278710533,-0.08934506466988422,0.00433343278710533,-0.12976357391106585,0.02238515077132286,0.431781211082943,0.02
scenario_0851,/home/simon/davide_fr3_ws/src/cbf_safety_filter/data/rollouts/fullpool_candidates_seed20260520_n1500/scenario_0851_offline_rollout.npz,/home/simon/davide_fr3_ws/src/cbf_safety_filter/config/generated_scenarios_fullpool_candidates/scenario_0851.yaml,good,ok,3000,True,0,0.04556533956539203,0.11485650475726232,-0.0038508849724213055,-0.25125387646293584,-0.01139989268514957,0.00020506957612581998,0.02
scenario_0852,/home/simon/davide_fr3_ws/src/cbf_safety_filter/data/rollouts/fullpool_candidates_seed20260520_n1500/scenario_0852_offline_rollout.npz,/home/simon/davide_fr3_ws/src/cbf_safety_filter/config/generated_scenarios_fullpool_candidates/scenario_0852.yaml,good,ok,3000,True,0,0.023684425654632996,0.01811966147363324,0.003500137492129244,-0.061607346914979766,0.009745730479534948,0.005997905107945151,0.02
scenario_0853,/home/simon/davide_fr3_ws/src/cbf_safety_filter/data/rollouts/fullpool_candidates_seed20260520_n1500/scenario_0853_offline_rollout.npz,/home/simon/davide_fr3_ws/src/cbf_safety_filter/config/generated_scenarios_fullpool_candidates/scenario_0853.yaml,good,ok,3000,True,0,0.016517058199768394,0.03222171201421237,-0.002172881656611173,-0.10380859549916086,-0.013012219519011811,0.00029969258462131637,0.02
scenario_0854,/home/simon/davide_fr3_ws/src/cbf_safety_filter/data/rollouts/fullpool_candidates_seed20260520_n1500/scenario_0854_offline_rollout.npz,/home/simon/davide_fr3_ws/src/cbf_safety_filter/config/generated_scenarios_fullpool_candidates/scenario_0854.yaml,good,ok,3000,True,0,0.05830739798165068,0.12466438170546253,0.015997303995192502,-0.031681607164464304,0.05444187892403282,0.00016734780634087684,0.02
scenario_0855,/home/simon/davide_fr3_ws/src/cbf_safety_filter/data/rollouts/fullpool_candidates_seed20260520_n1500/scenario_0855_offline_rollout.npz,/home/simon/davide_fr3_ws/src/cbf_safety_filter/config/generated_scenarios_fullpool_candidates/scenario_0855.yaml,good,ok,3000,True,0,0.029403039840609366,0.03052300326931033,-0.002088919295906575,-0.01689687607325348,-0.006568273289950882,0.003232248140488507,0.02
scenario_0856,/home/simon/davide_fr3_ws/src/cbf_safety_filter/data/rollouts/fullpool_candidates_seed20260520_n1500/scenario_0856_offline_rollout.npz,/home/simon/davide_fr3_ws/src/cbf_safety_filter/config/generated_scenarios_fullpool_candidates/scenario_0856.yaml,good,ok,3000,True,0,0.003942217385881174,0.0014726213334120119,0.00010431444498712125,1.9697455600992234e-05,0.00048319853372390253,0.0003669615294051096,0.02
scenario_0857,/home/simon/davide_fr3_ws/src/cbf_safety_filter/data/rollouts/fullpool_candidates_seed20260520_n1500/scenario_0857_offline_rollout.npz,/home/simon/davide_fr3_ws/src/cbf_safety_filter/config/generated_scenarios_fullpool_candidates/scenario_0857.yaml,bad_safety,final_min_psi_negative,3000,True,0,0.005881637928699852,-2.8201995805849506e-05,0.00012676635222971452,-0.01516584602009452,0.0003912647223324184,0.003036645904629458,0.02
scenario_0858,/home/simon/davide_fr3_ws/src/cbf_safety_filter/data/rollouts/fullpool_candidates_seed20260520_n1500/scenario_0858_offline_rollout.npz,/home/simon/davide_fr3_ws/src/cbf_safety_filter/config/generated_scenarios_fullpool_candidates/scenario_0858.yaml,good,ok,3000,True,0,0.02865541264230055,0.024960500580003077,0.0017778365032060095,-0.13919270033933667,0.006628077564979462,0.002205622331816956,0.02
scenario_0859,/home/simon/davide_fr3_ws/src/cbf_safety_filter/data/rollouts/fullpool_candidates_seed20260520_n1500/scenario_0859_offline_rollout.npz,/home/simon/davide_fr3_ws/src/cbf_safety_filter/config/generated_scenarios_fullpool_candidates/scenario_0859.yaml,good,ok,3000,True,0,0.03980212621850531,0.14302043607733175,0.008308944383658826,-0.21997172974656656,0.026962837119866245,0.0005965969607795343,0.02
scenario_0860,/home/simon/davide_fr3_ws/src/cbf_safety_filter/data/rollouts/fullpool_candidates_seed20260520_n1500/scenario_0860_offline_rollout.npz,/home/simon/davide_fr3_ws/src/cbf_safety_filter/config/generated_scenarios_fullpool_candidates/scenario_0860.yaml,bad_safety,final_min_psi_negative,3000,True,0,0.022421946459494548,-0.04665021057895924,-0.003529375605480292,-0.39586874012800044,-0.011376894709955565,0.0005040478646414403,0.02
scenario_0861,/home/simon/davide_fr3_ws/src/cbf_safety_filter/data/rollouts/fullpool_candidates_seed20260520_n1500/scenario_0861_offline_rollout.npz,/home/simon/davide_fr3_ws/src/cbf_safety_filter/config/generated_scenarios_fullpool_candidates/scenario_0861.yaml,good,ok,3000,True,0,0.009799833061361493,0.017482618329933156,-0.005301874495767259,-0.16503866368411801,-0.02416295718892414,5.001180126726873e-06,0.02
scenario_0862,/home/simon/davide_fr3_ws/src/cbf_safety_filter/data/rollouts/fullpool_candidates_seed20260520_n1500/scenario_0862_offline_rollout.npz,/home/simon/davide_fr3_ws/src/cbf_safety_filter/config/generated_scenarios_fullpool_candidates/scenario_0862.yaml,good,ok,3000,True,0,0.01542366411089761,0.05535241798117944,0.00010875877958967106,-0.06772896084697005,0.0002902631594229321,0.0004318463299153097,0.02
scenario_0863,/home/simon/davide_fr3_ws/src/cbf_safety_filter/data/rollouts/fullpool_candidates_seed20260520_n1500/scenario_0863_offline_rollout.npz,/home/simon/davide_fr3_ws/src/cbf_safety_filter/config/generated_scenarios_fullpool_candidates/scenario_0863.yaml,bad_goal,final_dist_to_goal_above_tol,3000,True,0,6.573948125965928e-05,0.00012076346349470911,-0.0007115549861496755,-0.02002680785132324,-0.002917615337966001,0.029063770692173134,0.02
scenario_0864,/home/simon/davide_fr3_ws/src/cbf_safety_filter/data/rollouts/fullpool_candidates_seed20260520_n1500/scenario_0864_offline_rollout.npz,/home/simon/davide_fr3_ws/src/cbf_safety_filter/config/generated_scenarios_fullpool_candidates/scenario_0864.yaml,bad_safety,final_min_psi_negative,3000,True,0,0.058637548704331674,-0.005983547121550914,0.0010248580625338202,-0.0812728509299182,0.004240088308918838,0.001541138073145291,0.02
scenario_0865,/home/simon/davide_fr3_ws/src/cbf_safety_filter/data/rollouts/fullpool_candidates_seed20260520_n1500/scenario_0865_offline_rollout.npz,/home/simon/davide_fr3_ws/src/cbf_safety_filter/config/generated_scenarios_fullpool_candidates/scenario_0865.yaml,good,ok,3000,True,0,0.010309618945187326,0.019995229457903666,0.010309618945187326,0.019995229457903666,0.03165945613982851,2.2389171496504224e-07,0.02
scenario_0866,/home/simon/davide_fr3_ws/src/cbf_safety_filter/data/rollouts/fullpool_candidates_seed20260520_n1500/scenario_0866_offline_rollout.npz,/home/simon/davide_fr3_ws/src/cbf_safety_filter/config/generated_scenarios_fullpool_candidates/scenario_0866.yaml,bad_safety,final_min_psi_negative,3000,True,0,0.026134152537947417,-0.037744435045389046,-9.585371417850444e-05,-0.048141182068752814,-0.0003160527124359269,0.0015496988496191068,0.02
scenario_0867,/home/simon/davide_fr3_ws/src/cbf_safety_filter/data/rollouts/fullpool_candidates_seed20260520_n1500/scenario_0867_offline_rollout.npz,/home/simon/davide_fr3_ws/src/cbf_safety_filter/config/generated_scenarios_fullpool_candidates/scenario_0867.yaml,good,ok,3000,True,0,0.03662775036805649,0.018515867542534648,-0.0034785364384349628,-0.32609297871505505,-0.013175028158005808,0.0008825339236523199,0.02
scenario_0868,/home/simon/davide_fr3_ws/src/cbf_safety_filter/data/rollouts/fullpool_candidates_seed20260520_n1500/scenario_0868_offline_rollout.npz,/home/simon/davide_fr3_ws/src/cbf_safety_filter/config/generated_scenarios_fullpool_candidates/scenario_0868.yaml,good,ok,3000,True,0,0.0032371292731666335,0.00606824911395924,0.0032371292731666335,0.00606824911395924,0.009611111864010147,1.564870405690465e-07,0.02
scenario_0869,/home/simon/davide_fr3_ws/src/cbf_safety_filter/data/rollouts/fullpool_candidates_seed20260520_n1500/scenario_0869_offline_rollout.npz,/home/simon/davide_fr3_ws/src/cbf_safety_filter/config/generated_scenarios_fullpool_candidates/scenario_0869.yaml,bad_safety,final_min_psi_negative,3000,True,0,0.010699848069104952,-0.07587186406213164,0.0019309360951121624,-0.16172405738094253,0.004979469637516248,0.00166712511518072,0.02
scenario_0870,/home/simon/davide_fr3_ws/src/cbf_safety_filter/data/rollouts/fullpool_candidates_seed20260520_n1500/scenario_0870_offline_rollout.npz,/home/simon/davide_fr3_ws/src/cbf_safety_filter/config/generated_scenarios_fullpool_candidates/scenario_0870.yaml,good,ok,3000,True,0,0.04992059503669388,0.10002068951495821,0.002552031826291358,-0.10409108373148657,0.009456979153536604,0.0004472551532936905,0.02
scenario_0871,/home/simon/davide_fr3_ws/src/cbf_safety_filter/data/rollouts/fullpool_candidates_seed20260520_n1500/scenario_0871_offline_rollout.npz,/home/simon/davide_fr3_ws/src/cbf_safety_filter/config/generated_scenarios_fullpool_candidates/scenario_0871.yaml,good,ok,3000,True,0,0.017810607874243992,0.008712922475537656,0.0001908223790120199,-0.10250815393652282,0.0007335554181209236,0.0013158452511492149,0.02
scenario_0872,/home/simon/davide_fr3_ws/src/cbf_safety_filter/data/rollouts/fullpool_candidates_seed20260520_n1500/scenario_0872_offline_rollout.npz,/home/simon/davide_fr3_ws/src/cbf_safety_filter/config/generated_scenarios_fullpool_candidates/scenario_0872.yaml,good,ok,3000,True,0,0.0004615546914152162,0.0008067048272261345,-0.0004019979184546017,-0.04172176759199575,-0.0013756482512457813,0.00017242292738904727,0.02
scenario_0873,/home/simon/davide_fr3_ws/src/cbf_safety_filter/data/rollouts/fullpool_candidates_seed20260520_n1500/scenario_0873_offline_rollout.npz,/home/simon/davide_fr3_ws/src/cbf_safety_filter/config/generated_scenarios_fullpool_candidates/scenario_0873.yaml,good,ok,3000,True,0,0.026194257377871573,0.022431420027684765,0.00011658244926646133,-0.00764732034254309,0.0003091477625461192,0.00010268438973690827,0.02
scenario_0874,/home/simon/davide_fr3_ws/src/cbf_safety_filter/data/rollouts/fullpool_candidates_seed20260520_n1500/scenario_0874_offline_rollout.npz,/home/simon/davide_fr3_ws/src/cbf_safety_filter/config/generated_scenarios_fullpool_candidates/scenario_0874.yaml,good,ok,3000,True,0,0.0007682657546998831,0.0014508305160781832,-3.2114265006953635e-06,-0.022722610642665057,-9.924366482533253e-06,7.80875288901821e-06,0.02
scenario_0875,/home/simon/davide_fr3_ws/src/cbf_safety_filter/data/rollouts/fullpool_candidates_seed20260520_n1500/scenario_0875_offline_rollout.npz,/home/simon/davide_fr3_ws/src/cbf_safety_filter/config/generated_scenarios_fullpool_candidates/scenario_0875.yaml,bad_safety,final_min_psi_negative,3000,True,0,0.01845896655804365,-0.0020108390253029684,-0.00518963633352398,-0.1499792682252021,-0.018817885810996943,0.0038273094605148906,0.02
scenario_0876,/home/simon/davide_fr3_ws/src/cbf_safety_filter/data/rollouts/fullpool_candidates_seed20260520_n1500/scenario_0876_offline_rollout.npz,/home/simon/davide_fr3_ws/src/cbf_safety_filter/config/generated_scenarios_fullpool_candidates/scenario_0876.yaml,good,ok,3000,True,0,0.03365309299501146,0.07329298000000001,0.0234172038322373,-0.3044233773414967,0.06192912041872389,0.004588781850098114,0.02
scenario_0877,/home/simon/davide_fr3_ws/src/cbf_safety_filter/data/rollouts/fullpool_candidates_seed20260520_n1500/scenario_0877_offline_rollout.npz,/home/simon/davide_fr3_ws/src/cbf_safety_filter/config/generated_scenarios_fullpool_candidates/scenario_0877.yaml,good,ok,3000,True,0,0.04377568754661253,0.027866158039668257,0.013644447941542456,-0.03344304074287971,0.04022268694476802,0.0017353280930535284,0.02
scenario_0878,/home/simon/davide_fr3_ws/src/cbf_safety_filter/data/rollouts/fullpool_candidates_seed20260520_n1500/scenario_0878_offline_rollout.npz,/home/simon/davide_fr3_ws/src/cbf_safety_filter/config/generated_scenarios_fullpool_candidates/scenario_0878.yaml,good,ok,3000,True,0,0.00112689239878044,0.003932594893107186,-0.0037367297642702524,-0.16501723446947075,-0.009345217124574007,1.7599452917193074e-05,0.02
scenario_0879,/home/simon/davide_fr3_ws/src/cbf_safety_filter/data/rollouts/fullpool_candidates_seed20260520_n1500/scenario_0879_offline_rollout.npz,/home/simon/davide_fr3_ws/src/cbf_safety_filter/config/generated_scenarios_fullpool_candidates/scenario_0879.yaml,good,ok,3000,True,0,0.02421884387394169,0.0485757932101898,0.006483369624523212,-0.2117877480853484,0.03076162314461997,0.0004700189079108911,0.02
scenario_0880,/home/simon/davide_fr3_ws/src/cbf_safety_filter/data/rollouts/fullpool_candidates_seed20260520_n1500/scenario_0880_offline_rollout.npz,/home/simon/davide_fr3_ws/src/cbf_safety_filter/config/generated_scenarios_fullpool_candidates/scenario_0880.yaml,good,ok,3000,True,0,0.00013048695786371106,2.5082758957982237e-05,-3.3210093439151045e-06,-6.666777624918566e-06,-9.349934586677655e-06,1.0613907685200307e-06,0.02
scenario_0881,/home/simon/davide_fr3_ws/src/cbf_safety_filter/data/rollouts/fullpool_candidates_seed20260520_n1500/scenario_0881_offline_rollout.npz,/home/simon/davide_fr3_ws/src/cbf_safety_filter/config/generated_scenarios_fullpool_candidates/scenario_0881.yaml,good,ok,3000,True,0,0.0023561721953308697,0.004599030081692655,0.002354026632819875,-0.0670932171204486,0.01029337484906799,0.002047961828448192,0.02
scenario_0882,/home/simon/davide_fr3_ws/src/cbf_safety_filter/data/rollouts/fullpool_candidates_seed20260520_n1500/scenario_0882_offline_rollout.npz,/home/simon/davide_fr3_ws/src/cbf_safety_filter/config/generated_scenarios_fullpool_candidates/scenario_0882.yaml,good,ok,3000,True,0,0.020848094174671747,0.049596557864571025,0.013409145890652813,-0.05198148945405562,0.03304043813903765,0.0010049713409627673,0.02
scenario_0883,/home/simon/davide_fr3_ws/src/cbf_safety_filter/data/rollouts/fullpool_candidates_seed20260520_n1500/scenario_0883_offline_rollout.npz,/home/simon/davide_fr3_ws/src/cbf_safety_filter/config/generated_scenarios_fullpool_candidates/scenario_0883.yaml,good,ok,3000,True,0,0.005972170466653062,0.011947092658219933,-0.008160686162258863,-0.031417405060848114,-0.027063693441782194,8.537582053385464e-05,0.02
scenario_0884,/home/simon/davide_fr3_ws/src/cbf_safety_filter/data/rollouts/fullpool_candidates_seed20260520_n1500/scenario_0884_offline_rollout.npz,/home/simon/davide_fr3_ws/src/cbf_safety_filter/config/generated_scenarios_fullpool_candidates/scenario_0884.yaml,good,ok,3000,True,0,0.054652643149474565,0.104794712797998,0.03628563586464643,-0.048552063193537665,0.08680641011005727,0.0008358228272603288,0.02
scenario_0885,/home/simon/davide_fr3_ws/src/cbf_safety_filter/data/rollouts/fullpool_candidates_seed20260520_n1500/scenario_0885_offline_rollout.npz,/home/simon/davide_fr3_ws/src/cbf_safety_filter/config/generated_scenarios_fullpool_candidates/scenario_0885.yaml,good,ok,3000,True,0,4.609111246941383e-06,2.198559957694155e-05,-0.001403395992304119,-0.0079590688284613,-0.005595579167405704,3.0891854495546144e-06,0.02
scenario_0886,/home/simon/davide_fr3_ws/src/cbf_safety_filter/data/rollouts/fullpool_candidates_seed20260520_n1500/scenario_0886_offline_rollout.npz,/home/simon/davide_fr3_ws/src/cbf_safety_filter/config/generated_scenarios_fullpool_candidates/scenario_0886.yaml,good,ok,3000,True,0,0.02241964678091376,0.04394857649707123,0.0007473651110808319,-0.27087069323323804,0.001799149353684637,4.562502953692146e-05,0.02
scenario_0887,/home/simon/davide_fr3_ws/src/cbf_safety_filter/data/rollouts/fullpool_candidates_seed20260520_n1500/scenario_0887_offline_rollout.npz,/home/simon/davide_fr3_ws/src/cbf_safety_filter/config/generated_scenarios_fullpool_candidates/scenario_0887.yaml,good,ok,3000,True,0,0.04301554354644567,0.060702319060672194,-0.002779464619010621,-0.1555679260433772,-0.01705799988354187,0.00014090129255996136,0.02
scenario_0888,/home/simon/davide_fr3_ws/src/cbf_safety_filter/data/rollouts/fullpool_candidates_seed20260520_n1500/scenario_0888_offline_rollout.npz,/home/simon/davide_fr3_ws/src/cbf_safety_filter/config/generated_scenarios_fullpool_candidates/scenario_0888.yaml,good,ok,3000,True,0,0.03182639431521606,0.059632429066118015,-0.0017249390247865912,-0.09250663019219096,-0.005683174304535327,0.004941847781726013,0.02
scenario_0889,/home/simon/davide_fr3_ws/src/cbf_safety_filter/data/rollouts/fullpool_candidates_seed20260520_n1500/scenario_0889_offline_rollout.npz,/home/simon/davide_fr3_ws/src/cbf_safety_filter/config/generated_scenarios_fullpool_candidates/scenario_0889.yaml,bad_safety,final_min_h_negative,3000,True,0,-2.4626362721616446e-07,-4.954218063916689e-07,-2.4626362721616446e-07,-4.954218063916689e-07,-8.782610504964872e-07,7.663252743137746e-08,0.02
scenario_0890,/home/simon/davide_fr3_ws/src/cbf_safety_filter/data/rollouts/fullpool_candidates_seed20260520_n1500/scenario_0890_offline_rollout.npz,/home/simon/davide_fr3_ws/src/cbf_safety_filter/config/generated_scenarios_fullpool_candidates/scenario_0890.yaml,bad_qp,final_qp_solved_false,3000,False,2922,-0.0003908449194387504,-0.00048796006957199135,-0.0008482559316710919,-0.04712047306586703,-0.004842827264352492,0.3665789451629585,0.02
scenario_0891,/home/simon/davide_fr3_ws/src/cbf_safety_filter/data/rollouts/fullpool_candidates_seed20260520_n1500/scenario_0891_offline_rollout.npz,/home/simon/davide_fr3_ws/src/cbf_safety_filter/config/generated_scenarios_fullpool_candidates/scenario_0891.yaml,good,ok,3000,True,0,0.04851216512601768,0.09443468455965355,0.00613424967324052,-0.0924851884045585,0.0142700107471527,0.0017090221237900354,0.02
scenario_0892,/home/simon/davide_fr3_ws/src/cbf_safety_filter/data/rollouts/fullpool_candidates_seed20260520_n1500/scenario_0892_offline_rollout.npz,/home/simon/davide_fr3_ws/src/cbf_safety_filter/config/generated_scenarios_fullpool_candidates/scenario_0892.yaml,bad_qp,final_qp_solved_false,3000,False,2749,-0.00018455619556297619,0.0010535578089215904,-0.003972906656108917,-0.3274898080133032,-0.01877317103683704,0.08753467972171723,0.02
scenario_0893,/home/simon/davide_fr3_ws/src/cbf_safety_filter/data/rollouts/fullpool_candidates_seed20260520_n1500/scenario_0893_offline_rollout.npz,/home/simon/davide_fr3_ws/src/cbf_safety_filter/config/generated_scenarios_fullpool_candidates/scenario_0893.yaml,bad_safety,final_min_psi_negative,3000,True,0,0.033086114352934445,-0.0011975732298496744,0.003501978032478599,-0.05670627080468185,0.017712478536512186,0.0016516339400182813,0.02
scenario_0894,/home/simon/davide_fr3_ws/src/cbf_safety_filter/data/rollouts/fullpool_candidates_seed20260520_n1500/scenario_0894_offline_rollout.npz,/home/simon/davide_fr3_ws/src/cbf_safety_filter/config/generated_scenarios_fullpool_candidates/scenario_0894.yaml,good,ok,3000,True,0,0.023857758453041354,0.047746864830610886,0.022936168212494022,0.04587316592106591,0.05132046927640052,2.2393380579089913e-07,0.02
scenario_0895,/home/simon/davide_fr3_ws/src/cbf_safety_filter/data/rollouts/fullpool_candidates_seed20260520_n1500/scenario_0895_offline_rollout.npz,/home/simon/davide_fr3_ws/src/cbf_safety_filter/config/generated_scenarios_fullpool_candidates/scenario_0895.yaml,good,ok,3000,True,0,0.005583488604770695,0.011799773455794986,0.0033386956212975716,-0.00014434601492045382,0.017490141670397835,1.4576012590836132e-07,0.02
scenario_0896,/home/simon/davide_fr3_ws/src/cbf_safety_filter/data/rollouts/fullpool_candidates_seed20260520_n1500/scenario_0896_offline_rollout.npz,/home/simon/davide_fr3_ws/src/cbf_safety_filter/config/generated_scenarios_fullpool_candidates/scenario_0896.yaml,good,ok,3000,True,0,0.00164633733135406,0.0032648448494482533,-0.0026946063777951064,-0.023551549943204683,-0.007474099287937658,8.380794450679617e-07,0.02
scenario_0897,/home/simon/davide_fr3_ws/src/cbf_safety_filter/data/rollouts/fullpool_candidates_seed20260520_n1500/scenario_0897_offline_rollout.npz,/home/simon/davide_fr3_ws/src/cbf_safety_filter/config/generated_scenarios_fullpool_candidates/scenario_0897.yaml,good,ok,3000,True,0,0.020316188830157907,0.03881679360599826,0.016012954301818025,-0.01871188437035251,0.04545802549009187,0.0011346237643253927,0.02
scenario_0898,/home/simon/davide_fr3_ws/src/cbf_safety_filter/data/rollouts/fullpool_candidates_seed20260520_n1500/scenario_0898_offline_rollout.npz,/home/simon/davide_fr3_ws/src/cbf_safety_filter/config/generated_scenarios_fullpool_candidates/scenario_0898.yaml,good,ok,3000,True,0,0.003548762266873111,0.015875348855668648,-0.00076669232700231,-0.014340486003897757,-0.0023128872815441626,3.1188794654843556e-05,0.02
scenario_0899,/home/simon/davide_fr3_ws/src/cbf_safety_filter/data/rollouts/fullpool_candidates_seed20260520_n1500/scenario_0899_offline_rollout.npz,/home/simon/davide_fr3_ws/src/cbf_safety_filter/config/generated_scenarios_fullpool_candidates/scenario_0899.yaml,good,ok,3000,True,0,0.01919359298686537,0.060820790283009116,-0.00027632902177469193,-0.12408289948188017,-0.000753666398516456,0.0062534402631778865,0.02
scenario_0900,/home/simon/davide_fr3_ws/src/cbf_safety_filter/data/rollouts/fullpool_candidates_seed20260520_n1500/scenario_0900_offline_rollout.npz,/home/simon/davide_fr3_ws/src/cbf_safety_filter/config/generated_scenarios_fullpool_candidates/scenario_0900.yaml,good,ok,3000,True,0,0.01697049078377228,0.008352181977491754,5.2883438370145835e-05,-0.06787868116015006,0.00015042916743235324,0.0017216950026233936,0.02
scenario_0901,/home/simon/davide_fr3_ws/src/cbf_safety_filter/data/rollouts/fullpool_candidates_seed20260520_n1500/scenario_0901_offline_rollout.npz,/home/simon/davide_fr3_ws/src/cbf_safety_filter/config/generated_scenarios_fullpool_candidates/scenario_0901.yaml,bad_safety,final_min_psi_negative,3000,True,0,0.017790269439146043,-0.004901725279545147,0.009164327508261232,-0.07519164080665869,0.022893992136500008,0.0014151013072101002,0.02
scenario_0902,/home/simon/davide_fr3_ws/src/cbf_safety_filter/data/rollouts/fullpool_candidates_seed20260520_n1500/scenario_0902_offline_rollout.npz,/home/simon/davide_fr3_ws/src/cbf_safety_filter/config/generated_scenarios_fullpool_candidates/scenario_0902.yaml,good,ok,3000,True,0,0.04147865446115498,0.08853441103792513,0.00031414795075741277,-0.17287047683897405,0.0012976086484751403,0.000469542361970282,0.02
scenario_0903,/home/simon/davide_fr3_ws/src/cbf_safety_filter/data/rollouts/fullpool_candidates_seed20260520_n1500/scenario_0903_offline_rollout.npz,/home/simon/davide_fr3_ws/src/cbf_safety_filter/config/generated_scenarios_fullpool_candidates/scenario_0903.yaml,bad_qp,final_qp_solved_false,3000,False,2809,-0.0024315350506962027,-0.00593453326453968,-0.011483488351617228,-0.032277599239879884,-0.03270790959227035,0.15814545508058403,0.02
scenario_0904,/home/simon/davide_fr3_ws/src/cbf_safety_filter/data/rollouts/fullpool_candidates_seed20260520_n1500/scenario_0904_offline_rollout.npz,/home/simon/davide_fr3_ws/src/cbf_safety_filter/config/generated_scenarios_fullpool_candidates/scenario_0904.yaml,good,ok,3000,True,0,0.03979002423335738,0.08113870435633364,0.011178611115371254,-0.033022052708101185,0.03728633241449411,0.00020535081028450535,0.02
scenario_0905,/home/simon/davide_fr3_ws/src/cbf_safety_filter/data/rollouts/fullpool_candidates_seed20260520_n1500/scenario_0905_offline_rollout.npz,/home/simon/davide_fr3_ws/src/cbf_safety_filter/config/generated_scenarios_fullpool_candidates/scenario_0905.yaml,good,ok,3000,True,0,0.0011109650052931637,0.00033505950846194786,-0.0014085087069824788,-0.013759347938208894,-0.004245637331344587,0.0007682046353504055,0.02
scenario_0906,/home/simon/davide_fr3_ws/src/cbf_safety_filter/data/rollouts/fullpool_candidates_seed20260520_n1500/scenario_0906_offline_rollout.npz,/home/simon/davide_fr3_ws/src/cbf_safety_filter/config/generated_scenarios_fullpool_candidates/scenario_0906.yaml,good,ok,3000,True,0,0.0014129829026100736,0.0015090188091018907,-0.000588153690671403,-0.0030201123101471173,-0.0022821613503869187,5.509720492032411e-06,0.02
scenario_0907,/home/simon/davide_fr3_ws/src/cbf_safety_filter/data/rollouts/fullpool_candidates_seed20260520_n1500/scenario_0907_offline_rollout.npz,/home/simon/davide_fr3_ws/src/cbf_safety_filter/config/generated_scenarios_fullpool_candidates/scenario_0907.yaml,good,ok,3000,True,0,0.04218791306349598,0.07083788622787798,-0.003001125134723729,-0.19099505047245385,-0.00885429461729012,0.0015754738022829597,0.02
scenario_0908,/home/simon/davide_fr3_ws/src/cbf_safety_filter/data/rollouts/fullpool_candidates_seed20260520_n1500/scenario_0908_offline_rollout.npz,/home/simon/davide_fr3_ws/src/cbf_safety_filter/config/generated_scenarios_fullpool_candidates/scenario_0908.yaml,good,ok,3000,True,0,0.019174676924241688,0.024903667374052415,-0.0001862857437301968,-0.0992984810071714,-0.0005553397200442067,0.00017121074708277226,0.02
scenario_0909,/home/simon/davide_fr3_ws/src/cbf_safety_filter/data/rollouts/fullpool_candidates_seed20260520_n1500/scenario_0909_offline_rollout.npz,/home/simon/davide_fr3_ws/src/cbf_safety_filter/config/generated_scenarios_fullpool_candidates/scenario_0909.yaml,bad_qp,final_qp_solved_false,3000,False,2921,0.014080887779808728,-0.04174940590129583,0.012648942090591534,-0.04174940590129583,0.05404493080491077,0.3303508362212147,0.02
scenario_0910,/home/simon/davide_fr3_ws/src/cbf_safety_filter/data/rollouts/fullpool_candidates_seed20260520_n1500/scenario_0910_offline_rollout.npz,/home/simon/davide_fr3_ws/src/cbf_safety_filter/config/generated_scenarios_fullpool_candidates/scenario_0910.yaml,good,ok,3000,True,0,0.039584018859936385,0.0810346175508809,0.026012730994545902,-0.015214417544419045,0.09218368250076153,0.0011001635016299482,0.02
scenario_0911,/home/simon/davide_fr3_ws/src/cbf_safety_filter/data/rollouts/fullpool_candidates_seed20260520_n1500/scenario_0911_offline_rollout.npz,/home/simon/davide_fr3_ws/src/cbf_safety_filter/config/generated_scenarios_fullpool_candidates/scenario_0911.yaml,good,ok,3000,True,0,0.035594756901589655,0.06495740417374965,-0.0007988682130297131,-0.07491442372081011,-0.002239226598295896,0.0003426761845174535,0.02
scenario_0912,/home/simon/davide_fr3_ws/src/cbf_safety_filter/data/rollouts/fullpool_candidates_seed20260520_n1500/scenario_0912_offline_rollout.npz,/home/simon/davide_fr3_ws/src/cbf_safety_filter/config/generated_scenarios_fullpool_candidates/scenario_0912.yaml,good,ok,3000,True,0,0.013369732840781478,0.025129359279888734,0.002414418272315479,-0.017403308541611595,0.010406675857047895,8.843764579440722e-05,0.02
scenario_0913,/home/simon/davide_fr3_ws/src/cbf_safety_filter/data/rollouts/fullpool_candidates_seed20260520_n1500/scenario_0913_offline_rollout.npz,/home/simon/davide_fr3_ws/src/cbf_safety_filter/config/generated_scenarios_fullpool_candidates/scenario_0913.yaml,good,ok,3000,True,0,0.0188779208745469,0.05349812205810141,-0.0012114088648774654,-0.01580772131747906,-0.0028453213212757122,0.004569324611246045,0.02
scenario_0914,/home/simon/davide_fr3_ws/src/cbf_safety_filter/data/rollouts/fullpool_candidates_seed20260520_n1500/scenario_0914_offline_rollout.npz,/home/simon/davide_fr3_ws/src/cbf_safety_filter/config/generated_scenarios_fullpool_candidates/scenario_0914.yaml,good,ok,3000,True,0,0.016938352622293,0.03177763713412997,0.001239392583086179,-0.13771062473937443,0.0034825884249394257,2.0247115973225385e-05,0.02
scenario_0915,/home/simon/davide_fr3_ws/src/cbf_safety_filter/data/rollouts/fullpool_candidates_seed20260520_n1500/scenario_0915_offline_rollout.npz,/home/simon/davide_fr3_ws/src/cbf_safety_filter/config/generated_scenarios_fullpool_candidates/scenario_0915.yaml,good,ok,3000,True,0,0.022419454339210186,0.04483422663997394,-0.0013731904465761786,-0.20697934845857402,-0.004586264027317238,3.6455518592038584e-05,0.02
scenario_0916,/home/simon/davide_fr3_ws/src/cbf_safety_filter/data/rollouts/fullpool_candidates_seed20260520_n1500/scenario_0916_offline_rollout.npz,/home/simon/davide_fr3_ws/src/cbf_safety_filter/config/generated_scenarios_fullpool_candidates/scenario_0916.yaml,good,ok,3000,True,0,0.0009703799896554656,0.000702975903597238,-0.00029582823174020834,-0.0029664755927329613,-0.0010237110901250013,0.00026849764268124045,0.02
scenario_0917,/home/simon/davide_fr3_ws/src/cbf_safety_filter/data/rollouts/fullpool_candidates_seed20260520_n1500/scenario_0917_offline_rollout.npz,/home/simon/davide_fr3_ws/src/cbf_safety_filter/config/generated_scenarios_fullpool_candidates/scenario_0917.yaml,good,ok,3000,True,0,0.022277808619861107,0.044557777883914976,-0.0008897087675628287,-0.1618890087762912,-0.002700179827402588,5.694217260225561e-05,0.02
scenario_0918,/home/simon/davide_fr3_ws/src/cbf_safety_filter/data/rollouts/fullpool_candidates_seed20260520_n1500/scenario_0918_offline_rollout.npz,/home/simon/davide_fr3_ws/src/cbf_safety_filter/config/generated_scenarios_fullpool_candidates/scenario_0918.yaml,good,ok,3000,True,0,0.01798593035720998,0.03926641055758401,-2.8061009039483803e-05,-0.015791083028387297,-9.66609930684037e-05,3.95712112100028e-05,0.02
scenario_0919,/home/simon/davide_fr3_ws/src/cbf_safety_filter/data/rollouts/fullpool_candidates_seed20260520_n1500/scenario_0919_offline_rollout.npz,/home/simon/davide_fr3_ws/src/cbf_safety_filter/config/generated_scenarios_fullpool_candidates/scenario_0919.yaml,good,ok,3000,True,0,0.0521355068236336,0.10456187767779866,0.03604830376002424,0.07255502923651161,0.10736250531176128,3.0044283747717715e-07,0.02
scenario_0920,/home/simon/davide_fr3_ws/src/cbf_safety_filter/data/rollouts/fullpool_candidates_seed20260520_n1500/scenario_0920_offline_rollout.npz,/home/simon/davide_fr3_ws/src/cbf_safety_filter/config/generated_scenarios_fullpool_candidates/scenario_0920.yaml,good,ok,3000,True,0,0.02186162281153929,0.04972208484090667,-0.0011543529012679795,-0.08016775476026544,-0.005243324550161049,0.0011627207716050007,0.02
scenario_0921,/home/simon/davide_fr3_ws/src/cbf_safety_filter/data/rollouts/fullpool_candidates_seed20260520_n1500/scenario_0921_offline_rollout.npz,/home/simon/davide_fr3_ws/src/cbf_safety_filter/config/generated_scenarios_fullpool_candidates/scenario_0921.yaml,good,ok,3000,True,0,0.028144251444797465,0.06933767675023506,0.017565266442655665,0.024563728885189914,0.04036464506451681,0.002702637065736281,0.02
scenario_0922,/home/simon/davide_fr3_ws/src/cbf_safety_filter/data/rollouts/fullpool_candidates_seed20260520_n1500/scenario_0922_offline_rollout.npz,/home/simon/davide_fr3_ws/src/cbf_safety_filter/config/generated_scenarios_fullpool_candidates/scenario_0922.yaml,good,ok,3000,True,0,0.009858948006061366,0.012351533117777248,-0.0012873556917189777,-0.10049227412754383,-0.0033626702299175415,0.0006338233209435888,0.02
scenario_0923,/home/simon/davide_fr3_ws/src/cbf_safety_filter/data/rollouts/fullpool_candidates_seed20260520_n1500/scenario_0923_offline_rollout.npz,/home/simon/davide_fr3_ws/src/cbf_safety_filter/config/generated_scenarios_fullpool_candidates/scenario_0923.yaml,good,ok,3000,True,0,0.022595226389438266,0.04470510452822346,2.9214865207367186e-05,-0.04628154350375016,9.613437586947216e-05,6.354708733226649e-05,0.02
scenario_0924,/home/simon/davide_fr3_ws/src/cbf_safety_filter/data/rollouts/fullpool_candidates_seed20260520_n1500/scenario_0924_offline_rollout.npz,/home/simon/davide_fr3_ws/src/cbf_safety_filter/config/generated_scenarios_fullpool_candidates/scenario_0924.yaml,good,ok,3000,True,0,0.0006244200402579156,0.0002804902939887397,5.797032992527207e-11,3.855205862313433e-12,1.571863472715762e-10,0.0006284939235739176,0.02
scenario_0925,/home/simon/davide_fr3_ws/src/cbf_safety_filter/data/rollouts/fullpool_candidates_seed20260520_n1500/scenario_0925_offline_rollout.npz,/home/simon/davide_fr3_ws/src/cbf_safety_filter/config/generated_scenarios_fullpool_candidates/scenario_0925.yaml,good,ok,3000,True,0,0.008086655308207843,0.019654382816615412,-7.641370145882592e-05,-0.0023617742269308696,-0.00023837445086549724,1.8100454233501476e-05,0.02
scenario_0926,/home/simon/davide_fr3_ws/src/cbf_safety_filter/data/rollouts/fullpool_candidates_seed20260520_n1500/scenario_0926_offline_rollout.npz,/home/simon/davide_fr3_ws/src/cbf_safety_filter/config/generated_scenarios_fullpool_candidates/scenario_0926.yaml,good,ok,3000,True,0,0.0010632694556670444,0.0025392559291301433,-0.0015112976987912766,-0.0035294857162529282,-0.005100575889845221,3.5490141780146096e-05,0.02
scenario_0927,/home/simon/davide_fr3_ws/src/cbf_safety_filter/data/rollouts/fullpool_candidates_seed20260520_n1500/scenario_0927_offline_rollout.npz,/home/simon/davide_fr3_ws/src/cbf_safety_filter/config/generated_scenarios_fullpool_candidates/scenario_0927.yaml,good,ok,3000,True,0,0.0016369154543434405,0.004073899040864736,7.940135682708155e-05,-0.12005006918496103,0.00022986245677300565,3.678195911847757e-06,0.02
scenario_0928,/home/simon/davide_fr3_ws/src/cbf_safety_filter/data/rollouts/fullpool_candidates_seed20260520_n1500/scenario_0928_offline_rollout.npz,/home/simon/davide_fr3_ws/src/cbf_safety_filter/config/generated_scenarios_fullpool_candidates/scenario_0928.yaml,good,ok,3000,True,0,0.012997135301559099,0.02616650004497026,-0.0005718973814631302,-0.04733043326754183,-0.0017871073151617123,0.00030054257264290537,0.02
scenario_0929,/home/simon/davide_fr3_ws/src/cbf_safety_filter/data/rollouts/fullpool_candidates_seed20260520_n1500/scenario_0929_offline_rollout.npz,/home/simon/davide_fr3_ws/src/cbf_safety_filter/config/generated_scenarios_fullpool_candidates/scenario_0929.yaml,good,ok,3000,True,0,0.001865305505196077,0.0036962982019802075,0.001865305505196077,0.0036962982019802075,0.004854351031263443,4.501956055909527e-10,0.02
scenario_0930,/home/simon/davide_fr3_ws/src/cbf_safety_filter/data/rollouts/fullpool_candidates_seed20260520_n1500/scenario_0930_offline_rollout.npz,/home/simon/davide_fr3_ws/src/cbf_safety_filter/config/generated_scenarios_fullpool_candidates/scenario_0930.yaml,good,ok,3000,True,0,0.008715210844861654,0.013838318013268814,0.008715210844861654,0.013838318013268814,0.02915249417446128,0.0003246315442490117,0.02
scenario_0931,/home/simon/davide_fr3_ws/src/cbf_safety_filter/data/rollouts/fullpool_candidates_seed20260520_n1500/scenario_0931_offline_rollout.npz,/home/simon/davide_fr3_ws/src/cbf_safety_filter/config/generated_scenarios_fullpool_candidates/scenario_0931.yaml,good,ok,3000,True,0,0.007950164961073779,0.01918063925802057,0.002483367254289763,-0.10035418041984864,0.006061990884071361,0.012311845659636384,0.02
scenario_0932,/home/simon/davide_fr3_ws/src/cbf_safety_filter/data/rollouts/fullpool_candidates_seed20260520_n1500/scenario_0932_offline_rollout.npz,/home/simon/davide_fr3_ws/src/cbf_safety_filter/config/generated_scenarios_fullpool_candidates/scenario_0932.yaml,good,ok,3000,True,0,0.04858514160849484,0.09680088716469294,0.013162444072650579,-0.011093484242377216,0.037801254070149976,0.0009860832383884808,0.02
scenario_0933,/home/simon/davide_fr3_ws/src/cbf_safety_filter/data/rollouts/fullpool_candidates_seed20260520_n1500/scenario_0933_offline_rollout.npz,/home/simon/davide_fr3_ws/src/cbf_safety_filter/config/generated_scenarios_fullpool_candidates/scenario_0933.yaml,bad_qp,final_qp_solved_false,3000,False,2888,0.004759734398270519,-0.08059503483963959,0.0004200066384361864,-0.08059503483963959,0.0011739441769645365,0.2604880671235927,0.02
scenario_0934,/home/simon/davide_fr3_ws/src/cbf_safety_filter/data/rollouts/fullpool_candidates_seed20260520_n1500/scenario_0934_offline_rollout.npz,/home/simon/davide_fr3_ws/src/cbf_safety_filter/config/generated_scenarios_fullpool_candidates/scenario_0934.yaml,good,ok,3000,True,0,0.0245330154666462,0.0575082231623323,0.009062827858533566,-0.1452983916348522,0.0236590859994546,0.0010167459397796398,0.02
scenario_0935,/home/simon/davide_fr3_ws/src/cbf_safety_filter/data/rollouts/fullpool_candidates_seed20260520_n1500/scenario_0935_offline_rollout.npz,/home/simon/davide_fr3_ws/src/cbf_safety_filter/config/generated_scenarios_fullpool_candidates/scenario_0935.yaml,good,ok,3000,True,0,0.054140252234956505,0.08625843986618813,0.020530028355150616,0.0041245950504663065,0.06167490553831376,0.001261923009334862,0.02
scenario_0936,/home/simon/davide_fr3_ws/src/cbf_safety_filter/data/rollouts/fullpool_candidates_seed20260520_n1500/scenario_0936_offline_rollout.npz,/home/simon/davide_fr3_ws/src/cbf_safety_filter/config/generated_scenarios_fullpool_candidates/scenario_0936.yaml,good,ok,3000,True,0,0.011272027398611446,0.03936956441174802,0.0005467922999146876,-0.09854698109818671,0.0013773890277575807,0.0011057996134655117,0.02
scenario_0937,/home/simon/davide_fr3_ws/src/cbf_safety_filter/data/rollouts/fullpool_candidates_seed20260520_n1500/scenario_0937_offline_rollout.npz,/home/simon/davide_fr3_ws/src/cbf_safety_filter/config/generated_scenarios_fullpool_candidates/scenario_0937.yaml,bad_qp,final_qp_solved_false,3000,False,2896,0.016172184212250938,0.032591188317826994,0.014225252144819529,-0.022932598873850525,0.043527738877745636,0.21890877807821685,0.02
scenario_0938,/home/simon/davide_fr3_ws/src/cbf_safety_filter/data/rollouts/fullpool_candidates_seed20260520_n1500/scenario_0938_offline_rollout.npz,/home/simon/davide_fr3_ws/src/cbf_safety_filter/config/generated_scenarios_fullpool_candidates/scenario_0938.yaml,good,ok,3000,True,0,0.0265658688212851,0.018342817824251414,0.0001971647380891138,-0.028986935929015162,0.0006773619794692987,0.001352564974349602,0.02
scenario_0939,/home/simon/davide_fr3_ws/src/cbf_safety_filter/data/rollouts/fullpool_candidates_seed20260520_n1500/scenario_0939_offline_rollout.npz,/home/simon/davide_fr3_ws/src/cbf_safety_filter/config/generated_scenarios_fullpool_candidates/scenario_0939.yaml,good,ok,3000,True,0,0.012146568359697331,0.02384509188023708,0.0018636040724993932,-0.06648011386288719,0.004679140539410154,0.0010357589034495184,0.02
scenario_0940,/home/simon/davide_fr3_ws/src/cbf_safety_filter/data/rollouts/fullpool_candidates_seed20260520_n1500/scenario_0940_offline_rollout.npz,/home/simon/davide_fr3_ws/src/cbf_safety_filter/config/generated_scenarios_fullpool_candidates/scenario_0940.yaml,bad_qp,final_qp_solved_false,3000,False,2884,-0.0020059147902055235,-0.00033874113209615003,-0.002423516956554829,-0.18352453276495262,-0.006360273717918641,0.2593792575428512,0.02
scenario_0941,/home/simon/davide_fr3_ws/src/cbf_safety_filter/data/rollouts/fullpool_candidates_seed20260520_n1500/scenario_0941_offline_rollout.npz,/home/simon/davide_fr3_ws/src/cbf_safety_filter/config/generated_scenarios_fullpool_candidates/scenario_0941.yaml,good,ok,3000,True,0,0.0009056310126929253,0.002368418674104,-7.397417779113e-05,-0.17637580917287599,-0.00030913916868424707,8.086917002292923e-07,0.02
scenario_0942,/home/simon/davide_fr3_ws/src/cbf_safety_filter/data/rollouts/fullpool_candidates_seed20260520_n1500/scenario_0942_offline_rollout.npz,/home/simon/davide_fr3_ws/src/cbf_safety_filter/config/generated_scenarios_fullpool_candidates/scenario_0942.yaml,good,ok,3000,True,0,0.0385536486207909,0.040147547843675,0.000595156604386457,-0.40798294529993395,0.0016566335837684132,0.0011560925270113866,0.02
scenario_0943,/home/simon/davide_fr3_ws/src/cbf_safety_filter/data/rollouts/fullpool_candidates_seed20260520_n1500/scenario_0943_offline_rollout.npz,/home/simon/davide_fr3_ws/src/cbf_safety_filter/config/generated_scenarios_fullpool_candidates/scenario_0943.yaml,good,ok,3000,True,0,0.0355898656478828,0.071638221282119,0.023183461257892765,0.046316526637897225,0.05574326375321431,1.0690848105039491e-08,0.02
scenario_0944,/home/simon/davide_fr3_ws/src/cbf_safety_filter/data/rollouts/fullpool_candidates_seed20260520_n1500/scenario_0944_offline_rollout.npz,/home/simon/davide_fr3_ws/src/cbf_safety_filter/config/generated_scenarios_fullpool_candidates/scenario_0944.yaml,good,ok,3000,True,0,0.0059227479889788145,0.01578773700538575,1.459864429317892e-05,-0.003060952966666558,4.754522392463878e-05,0.000502742104011125,0.02
scenario_0945,/home/simon/davide_fr3_ws/src/cbf_safety_filter/data/rollouts/fullpool_candidates_seed20260520_n1500/scenario_0945_offline_rollout.npz,/home/simon/davide_fr3_ws/src/cbf_safety_filter/config/generated_scenarios_fullpool_candidates/scenario_0945.yaml,good,ok,3000,True,0,0.01198237026678808,0.03804707520604926,0.0002473079661548909,-0.02183068836204405,0.0008651211632553779,0.0015307218249748706,0.02
scenario_0946,/home/simon/davide_fr3_ws/src/cbf_safety_filter/data/rollouts/fullpool_candidates_seed20260520_n1500/scenario_0946_offline_rollout.npz,/home/simon/davide_fr3_ws/src/cbf_safety_filter/config/generated_scenarios_fullpool_candidates/scenario_0946.yaml,bad_safety,final_min_psi_negative,3000,True,0,0.00013348525126553185,-0.004671493090314404,-0.01033499849019441,-0.2000745205065273,-0.025923253838346066,0.00013529901279127799,0.02
scenario_0947,/home/simon/davide_fr3_ws/src/cbf_safety_filter/data/rollouts/fullpool_candidates_seed20260520_n1500/scenario_0947_offline_rollout.npz,/home/simon/davide_fr3_ws/src/cbf_safety_filter/config/generated_scenarios_fullpool_candidates/scenario_0947.yaml,good,ok,3000,True,0,0.0165883763883488,0.0412560237263527,-0.0018640024159747096,-0.02834226802282895,-0.004732562888788372,0.0002343735702899321,0.02
scenario_0948,/home/simon/davide_fr3_ws/src/cbf_safety_filter/data/rollouts/fullpool_candidates_seed20260520_n1500/scenario_0948_offline_rollout.npz,/home/simon/davide_fr3_ws/src/cbf_safety_filter/config/generated_scenarios_fullpool_candidates/scenario_0948.yaml,good,ok,3000,True,0,0.041282590110133896,0.08274982054597572,0.010109294942550778,0.022210060982972974,0.025679028380405228,5.131748539307834e-07,0.02
scenario_0949,/home/simon/davide_fr3_ws/src/cbf_safety_filter/data/rollouts/fullpool_candidates_seed20260520_n1500/scenario_0949_offline_rollout.npz,/home/simon/davide_fr3_ws/src/cbf_safety_filter/config/generated_scenarios_fullpool_candidates/scenario_0949.yaml,good,ok,3000,True,0,0.07531529812465157,0.15531843845375448,-0.012900377600072035,-0.18508550764454404,-0.046687664426125514,0.0009611564119445531,0.02
scenario_0950,/home/simon/davide_fr3_ws/src/cbf_safety_filter/data/rollouts/fullpool_candidates_seed20260520_n1500/scenario_0950_offline_rollout.npz,/home/simon/davide_fr3_ws/src/cbf_safety_filter/config/generated_scenarios_fullpool_candidates/scenario_0950.yaml,good,ok,3000,True,0,0.02883741052236483,0.08640659526691664,0.00898629606430017,-0.02388442928240886,0.025120965581882315,0.0008487597209960495,0.02
scenario_0951,/home/simon/davide_fr3_ws/src/cbf_safety_filter/data/rollouts/fullpool_candidates_seed20260520_n1500/scenario_0951_offline_rollout.npz,/home/simon/davide_fr3_ws/src/cbf_safety_filter/config/generated_scenarios_fullpool_candidates/scenario_0951.yaml,good,ok,3000,True,0,0.03846736300157952,0.077156700600145,0.0010331969967452732,-0.3030264064395669,0.0034848225546347533,0.001046354726742391,0.02
scenario_0952,/home/simon/davide_fr3_ws/src/cbf_safety_filter/data/rollouts/fullpool_candidates_seed20260520_n1500/scenario_0952_offline_rollout.npz,/home/simon/davide_fr3_ws/src/cbf_safety_filter/config/generated_scenarios_fullpool_candidates/scenario_0952.yaml,bad_qp,final_qp_solved_false,3000,False,2856,0.0366129744198969,0.07131500475350715,0.02403075956214494,0.033268078664744384,0.07217077667359856,0.14269652135783714,0.02
scenario_0953,/home/simon/davide_fr3_ws/src/cbf_safety_filter/data/rollouts/fullpool_candidates_seed20260520_n1500/scenario_0953_offline_rollout.npz,/home/simon/davide_fr3_ws/src/cbf_safety_filter/config/generated_scenarios_fullpool_candidates/scenario_0953.yaml,good,ok,3000,True,0,0.02846429224968083,0.04232103640759914,-0.010041507560800633,-0.30989064531743216,-0.02761829730830989,0.01886259370003838,0.02
scenario_0954,/home/simon/davide_fr3_ws/src/cbf_safety_filter/data/rollouts/fullpool_candidates_seed20260520_n1500/scenario_0954_offline_rollout.npz,/home/simon/davide_fr3_ws/src/cbf_safety_filter/config/generated_scenarios_fullpool_candidates/scenario_0954.yaml,bad_qp,final_qp_solved_false,3000,False,2929,0.009701628047738674,-0.0669110071334915,0.005251298779484019,-0.07099997648998904,0.02554782031472519,0.4392675986230631,0.02
scenario_0955,/home/simon/davide_fr3_ws/src/cbf_safety_filter/data/rollouts/fullpool_candidates_seed20260520_n1500/scenario_0955_offline_rollout.npz,/home/simon/davide_fr3_ws/src/cbf_safety_filter/config/generated_scenarios_fullpool_candidates/scenario_0955.yaml,good,ok,3000,True,0,9.772487704555466e-06,2.861060748304443e-06,-0.00018823654885046642,-0.0007954993469692535,-0.0004471677927987139,3.637910565991841e-05,0.02
scenario_0956,/home/simon/davide_fr3_ws/src/cbf_safety_filter/data/rollouts/fullpool_candidates_seed20260520_n1500/scenario_0956_offline_rollout.npz,/home/simon/davide_fr3_ws/src/cbf_safety_filter/config/generated_scenarios_fullpool_candidates/scenario_0956.yaml,good,ok,3000,True,0,0.021143486097978,0.031614879561584916,0.0017549862464090737,-0.08526934009863649,0.00475407523348903,0.0001797677266599353,0.02
scenario_0957,/home/simon/davide_fr3_ws/src/cbf_safety_filter/data/rollouts/fullpool_candidates_seed20260520_n1500/scenario_0957_offline_rollout.npz,/home/simon/davide_fr3_ws/src/cbf_safety_filter/config/generated_scenarios_fullpool_candidates/scenario_0957.yaml,good,ok,3000,True,0,0.027389710865536057,0.07460495011713382,-0.0014381300664864944,-0.014753808995109974,-0.007567824022916642,0.00043217511483174,0.02
scenario_0958,/home/simon/davide_fr3_ws/src/cbf_safety_filter/data/rollouts/fullpool_candidates_seed20260520_n1500/scenario_0958_offline_rollout.npz,/home/simon/davide_fr3_ws/src/cbf_safety_filter/config/generated_scenarios_fullpool_candidates/scenario_0958.yaml,good,ok,3000,True,0,0.058884148159659554,0.14709848002540393,0.02107678187262655,0.004834594650834051,0.047444141424249825,0.0006607079231300191,0.02
scenario_0959,/home/simon/davide_fr3_ws/src/cbf_safety_filter/data/rollouts/fullpool_candidates_seed20260520_n1500/scenario_0959_offline_rollout.npz,/home/simon/davide_fr3_ws/src/cbf_safety_filter/config/generated_scenarios_fullpool_candidates/scenario_0959.yaml,good,ok,3000,True,0,0.027944207979893984,0.05460031436143199,0.027944207979893984,0.05460031436143199,0.06139018173344099,1.3540753087286664e-07,0.02
scenario_0960,/home/simon/davide_fr3_ws/src/cbf_safety_filter/data/rollouts/fullpool_candidates_seed20260520_n1500/scenario_0960_offline_rollout.npz,/home/simon/davide_fr3_ws/src/cbf_safety_filter/config/generated_scenarios_fullpool_candidates/scenario_0960.yaml,bad_qp,final_qp_solved_false,3000,False,119,0.019916249493716072,0.04224598314383249,-0.0008956771592365,-0.21043236530920462,-0.0037404104844943054,0.011298342279397782,0.02
scenario_0961,/home/simon/davide_fr3_ws/src/cbf_safety_filter/data/rollouts/fullpool_candidates_seed20260520_n1500/scenario_0961_offline_rollout.npz,/home/simon/davide_fr3_ws/src/cbf_safety_filter/config/generated_scenarios_fullpool_candidates/scenario_0961.yaml,good,ok,3000,True,15,0.005533700333397659,0.00681792139945879,0.00016920265919325578,-0.10287820816432919,0.0004442830488059768,0.0001184001988956838,0.02
scenario_0962,/home/simon/davide_fr3_ws/src/cbf_safety_filter/data/rollouts/fullpool_candidates_seed20260520_n1500/scenario_0962_offline_rollout.npz,/home/simon/davide_fr3_ws/src/cbf_safety_filter/config/generated_scenarios_fullpool_candidates/scenario_0962.yaml,bad_safety,final_min_psi_negative,3000,True,0,0.02539736430408212,-0.14960760832085201,-0.0006740741061476655,-0.17369430203005903,-0.0028471638058643056,0.004023846283443331,0.02
scenario_0963,/home/simon/davide_fr3_ws/src/cbf_safety_filter/data/rollouts/fullpool_candidates_seed20260520_n1500/scenario_0963_offline_rollout.npz,/home/simon/davide_fr3_ws/src/cbf_safety_filter/config/generated_scenarios_fullpool_candidates/scenario_0963.yaml,good,ok,3000,True,0,0.0106683289003595,0.003960418085740269,-0.0001869749380455088,-0.0022933336770575713,-0.0005019487683957102,0.0015067966915790873,0.02
scenario_0964,/home/simon/davide_fr3_ws/src/cbf_safety_filter/data/rollouts/fullpool_candidates_seed20260520_n1500/scenario_0964_offline_rollout.npz,/home/simon/davide_fr3_ws/src/cbf_safety_filter/config/generated_scenarios_fullpool_candidates/scenario_0964.yaml,good,ok,3000,True,0,0.04086037416849016,0.07965897999053088,0.03454464000158655,0.027169993651531915,0.07680000000301285,0.0009061151524620149,0.02
scenario_0965,/home/simon/davide_fr3_ws/src/cbf_safety_filter/data/rollouts/fullpool_candidates_seed20260520_n1500/scenario_0965_offline_rollout.npz,/home/simon/davide_fr3_ws/src/cbf_safety_filter/config/generated_scenarios_fullpool_candidates/scenario_0965.yaml,bad_qp,final_qp_solved_false,3000,False,2924,0.020208553749874347,-0.007148821305599393,0.018632278797669266,-0.007148821305599393,0.04530045533102772,0.36908026507153324,0.02
scenario_0966,/home/simon/davide_fr3_ws/src/cbf_safety_filter/data/rollouts/fullpool_candidates_seed20260520_n1500/scenario_0966_offline_rollout.npz,/home/simon/davide_fr3_ws/src/cbf_safety_filter/config/generated_scenarios_fullpool_candidates/scenario_0966.yaml,good,ok,3000,True,0,0.03895171367694866,0.03985011364065239,0.03760979953011568,-0.17518670213087734,0.10618958673227655,0.0007502271704342335,0.02
scenario_0967,/home/simon/davide_fr3_ws/src/cbf_safety_filter/data/rollouts/fullpool_candidates_seed20260520_n1500/scenario_0967_offline_rollout.npz,/home/simon/davide_fr3_ws/src/cbf_safety_filter/config/generated_scenarios_fullpool_candidates/scenario_0967.yaml,good,ok,3000,True,0,0.03508491321749182,0.07012362112992958,0.016029613750480183,-0.037907829457623776,0.0632864926343375,0.00026847766769425615,0.02
scenario_0968,/home/simon/davide_fr3_ws/src/cbf_safety_filter/data/rollouts/fullpool_candidates_seed20260520_n1500/scenario_0968_offline_rollout.npz,/home/simon/davide_fr3_ws/src/cbf_safety_filter/config/generated_scenarios_fullpool_candidates/scenario_0968.yaml,good,ok,3000,True,0,0.008203008152389805,0.018347717260151712,-0.00034488211304476227,-0.03421959651194978,-0.001848725580232316,4.251226025509878e-06,0.02
scenario_0969,/home/simon/davide_fr3_ws/src/cbf_safety_filter/data/rollouts/fullpool_candidates_seed20260520_n1500/scenario_0969_offline_rollout.npz,/home/simon/davide_fr3_ws/src/cbf_safety_filter/config/generated_scenarios_fullpool_candidates/scenario_0969.yaml,good,ok,3000,True,0,0.036099526847311166,0.06689066498638206,0.024548989544813257,-0.07591447012941999,0.05572647892720611,0.0009390938069195489,0.02
scenario_0970,/home/simon/davide_fr3_ws/src/cbf_safety_filter/data/rollouts/fullpool_candidates_seed20260520_n1500/scenario_0970_offline_rollout.npz,/home/simon/davide_fr3_ws/src/cbf_safety_filter/config/generated_scenarios_fullpool_candidates/scenario_0970.yaml,good,ok,3000,True,0,0.006069142443422125,0.012374697785328797,0.0049199140260212035,0.009834257512872906,0.011683927374519204,2.932533462994626e-07,0.02
scenario_0971,/home/simon/davide_fr3_ws/src/cbf_safety_filter/data/rollouts/fullpool_candidates_seed20260520_n1500/scenario_0971_offline_rollout.npz,/home/simon/davide_fr3_ws/src/cbf_safety_filter/config/generated_scenarios_fullpool_candidates/scenario_0971.yaml,good,ok,3000,True,0,0.03278357540249524,0.0711777386596889,0.01728856133120006,-0.06502686184072959,0.044978017810860305,0.002616135613567542,0.02
scenario_0972,/home/simon/davide_fr3_ws/src/cbf_safety_filter/data/rollouts/fullpool_candidates_seed20260520_n1500/scenario_0972_offline_rollout.npz,/home/simon/davide_fr3_ws/src/cbf_safety_filter/config/generated_scenarios_fullpool_candidates/scenario_0972.yaml,good,ok,3000,True,0,0.01350510684259241,0.007157818491229782,-0.002631903614643289,-0.18484775213251275,-0.011100414224844563,0.00019046305542802828,0.02
scenario_0973,/home/simon/davide_fr3_ws/src/cbf_safety_filter/data/rollouts/fullpool_candidates_seed20260520_n1500/scenario_0973_offline_rollout.npz,/home/simon/davide_fr3_ws/src/cbf_safety_filter/config/generated_scenarios_fullpool_candidates/scenario_0973.yaml,good,ok,3000,True,0,0.04820252284503566,0.07942666298587399,-0.003194235262715117,-0.1374944075617176,-0.014310606628119699,0.0016465193742767642,0.02
scenario_0974,/home/simon/davide_fr3_ws/src/cbf_safety_filter/data/rollouts/fullpool_candidates_seed20260520_n1500/scenario_0974_offline_rollout.npz,/home/simon/davide_fr3_ws/src/cbf_safety_filter/config/generated_scenarios_fullpool_candidates/scenario_0974.yaml,good,ok,3000,True,0,0.029851510992788217,0.060942236439100045,0.005094733673628678,-0.016872945341383783,0.012126661181883519,0.0005203407336721195,0.02
scenario_0975,/home/simon/davide_fr3_ws/src/cbf_safety_filter/data/rollouts/fullpool_candidates_seed20260520_n1500/scenario_0975_offline_rollout.npz,/home/simon/davide_fr3_ws/src/cbf_safety_filter/config/generated_scenarios_fullpool_candidates/scenario_0975.yaml,good,ok,3000,True,0,0.06932038252647363,0.12697440347142938,-0.0005301729904758079,-0.06377564329296889,-0.0014392766570343052,0.0005681622015145701,0.02
scenario_0976,/home/simon/davide_fr3_ws/src/cbf_safety_filter/data/rollouts/fullpool_candidates_seed20260520_n1500/scenario_0976_offline_rollout.npz,/home/simon/davide_fr3_ws/src/cbf_safety_filter/config/generated_scenarios_fullpool_candidates/scenario_0976.yaml,good,ok,3000,True,0,0.0021338947011740883,0.005651330708945947,0.0010985814193009424,0.0016870943342930968,0.003098969290376341,0.012645264896987142,0.02
scenario_0977,/home/simon/davide_fr3_ws/src/cbf_safety_filter/data/rollouts/fullpool_candidates_seed20260520_n1500/scenario_0977_offline_rollout.npz,/home/simon/davide_fr3_ws/src/cbf_safety_filter/config/generated_scenarios_fullpool_candidates/scenario_0977.yaml,good,ok,3000,True,0,0.012909447524398973,0.019568374203124704,0.00366724247688327,0.0026512421323719518,0.0090362612391654,0.0019055748788349305,0.02
scenario_0978,/home/simon/davide_fr3_ws/src/cbf_safety_filter/data/rollouts/fullpool_candidates_seed20260520_n1500/scenario_0978_offline_rollout.npz,/home/simon/davide_fr3_ws/src/cbf_safety_filter/config/generated_scenarios_fullpool_candidates/scenario_0978.yaml,good,ok,3000,True,0,0.0882177019718648,0.18233049675862076,0.0037107709613245082,-0.10708051130986362,0.009297896564397806,0.000625141569965859,0.02
scenario_0979,/home/simon/davide_fr3_ws/src/cbf_safety_filter/data/rollouts/fullpool_candidates_seed20260520_n1500/scenario_0979_offline_rollout.npz,/home/simon/davide_fr3_ws/src/cbf_safety_filter/config/generated_scenarios_fullpool_candidates/scenario_0979.yaml,good,ok,3000,True,0,0.03483920719529675,0.06251405214612024,0.03278569967411109,0.02159302028585433,0.07129026652742962,0.0012229064424499623,0.02
scenario_0980,/home/simon/davide_fr3_ws/src/cbf_safety_filter/data/rollouts/fullpool_candidates_seed20260520_n1500/scenario_0980_offline_rollout.npz,/home/simon/davide_fr3_ws/src/cbf_safety_filter/config/generated_scenarios_fullpool_candidates/scenario_0980.yaml,good,ok,3000,True,0,0.03906767605207798,0.08177158120340969,0.018077754301565864,-0.004466215364389847,0.06028274293103675,0.0013043981015360652,0.02
scenario_0981,/home/simon/davide_fr3_ws/src/cbf_safety_filter/data/rollouts/fullpool_candidates_seed20260520_n1500/scenario_0981_offline_rollout.npz,/home/simon/davide_fr3_ws/src/cbf_safety_filter/config/generated_scenarios_fullpool_candidates/scenario_0981.yaml,good,ok,3000,True,0,0.0030871802432539813,0.009118495916664802,-0.001862245679996155,-0.17351479183668628,-0.004595820512891313,1.3677712219201982e-05,0.02
scenario_0982,/home/simon/davide_fr3_ws/src/cbf_safety_filter/data/rollouts/fullpool_candidates_seed20260520_n1500/scenario_0982_offline_rollout.npz,/home/simon/davide_fr3_ws/src/cbf_safety_filter/config/generated_scenarios_fullpool_candidates/scenario_0982.yaml,good,ok,3000,True,0,0.008155908505871723,0.024132835175203697,0.00015640521645509525,-0.0476557253109592,0.00036444122911757915,0.00014072632501918852,0.02
scenario_0983,/home/simon/davide_fr3_ws/src/cbf_safety_filter/data/rollouts/fullpool_candidates_seed20260520_n1500/scenario_0983_offline_rollout.npz,/home/simon/davide_fr3_ws/src/cbf_safety_filter/config/generated_scenarios_fullpool_candidates/scenario_0983.yaml,good,ok,3000,True,0,0.0475409691756543,0.07701671627586744,-0.0011066647271717744,-0.12209224085117698,-0.003219098919379021,0.00019917401736852937,0.02
scenario_0984,/home/simon/davide_fr3_ws/src/cbf_safety_filter/data/rollouts/fullpool_candidates_seed20260520_n1500/scenario_0984_offline_rollout.npz,/home/simon/davide_fr3_ws/src/cbf_safety_filter/config/generated_scenarios_fullpool_candidates/scenario_0984.yaml,good,ok,3000,True,0,0.06206932387547409,0.1077202832180059,0.009257077183697462,-0.028671895648060386,0.021370515429735087,0.002232901000608172,0.02
scenario_0985,/home/simon/davide_fr3_ws/src/cbf_safety_filter/data/rollouts/fullpool_candidates_seed20260520_n1500/scenario_0985_offline_rollout.npz,/home/simon/davide_fr3_ws/src/cbf_safety_filter/config/generated_scenarios_fullpool_candidates/scenario_0985.yaml,good,ok,3000,True,0,0.01508766042655578,0.01777694923372966,0.0008891425983223282,-0.07106945385707103,0.002985845737962761,0.00045295724117964514,0.02
scenario_0986,/home/simon/davide_fr3_ws/src/cbf_safety_filter/data/rollouts/fullpool_candidates_seed20260520_n1500/scenario_0986_offline_rollout.npz,/home/simon/davide_fr3_ws/src/cbf_safety_filter/config/generated_scenarios_fullpool_candidates/scenario_0986.yaml,bad_qp,final_qp_solved_false,3000,False,1260,0.026217890688448136,-0.17205876598279318,-0.002190254585136178,-0.35156686206630927,-0.009767796745269564,0.00167766252234257,0.02
scenario_0987,/home/simon/davide_fr3_ws/src/cbf_safety_filter/data/rollouts/fullpool_candidates_seed20260520_n1500/scenario_0987_offline_rollout.npz,/home/simon/davide_fr3_ws/src/cbf_safety_filter/config/generated_scenarios_fullpool_candidates/scenario_0987.yaml,bad_safety,final_min_h_negative,3000,True,0,-2.877154534399254e-05,-0.000123256460977402,-2.877154534399254e-05,-0.008443160530653554,-8.380480078226671e-05,2.417140281044305e-06,0.02
scenario_0988,/home/simon/davide_fr3_ws/src/cbf_safety_filter/data/rollouts/fullpool_candidates_seed20260520_n1500/scenario_0988_offline_rollout.npz,/home/simon/davide_fr3_ws/src/cbf_safety_filter/config/generated_scenarios_fullpool_candidates/scenario_0988.yaml,good,ok,3000,True,0,0.016960409790919943,0.033444272858986254,0.016960409790919943,0.033444272858986254,0.05383635702030104,1.1047434971616289e-07,0.02
scenario_0989,/home/simon/davide_fr3_ws/src/cbf_safety_filter/data/rollouts/fullpool_candidates_seed20260520_n1500/scenario_0989_offline_rollout.npz,/home/simon/davide_fr3_ws/src/cbf_safety_filter/config/generated_scenarios_fullpool_candidates/scenario_0989.yaml,good,ok,3000,True,0,0.03106120920474191,0.05425185555762685,-0.0012714705223212663,-0.3407516518345151,-0.007365083181026105,0.0008001173811114458,0.02
scenario_0990,/home/simon/davide_fr3_ws/src/cbf_safety_filter/data/rollouts/fullpool_candidates_seed20260520_n1500/scenario_0990_offline_rollout.npz,/home/simon/davide_fr3_ws/src/cbf_safety_filter/config/generated_scenarios_fullpool_candidates/scenario_0990.yaml,good,ok,3000,True,0,0.029709668866960345,0.06008308518233956,-0.0002317743371568204,-0.01332636175424181,-0.0009396497528874059,8.08701937556197e-05,0.02
scenario_0991,/home/simon/davide_fr3_ws/src/cbf_safety_filter/data/rollouts/fullpool_candidates_seed20260520_n1500/scenario_0991_offline_rollout.npz,/home/simon/davide_fr3_ws/src/cbf_safety_filter/config/generated_scenarios_fullpool_candidates/scenario_0991.yaml,good,ok,3000,True,0,0.021810190379737915,0.044493618446657,-0.007836625335549144,-0.04649713834852859,-0.022362398626257468,0.007925393500944433,0.02
scenario_0992,/home/simon/davide_fr3_ws/src/cbf_safety_filter/data/rollouts/fullpool_candidates_seed20260520_n1500/scenario_0992_offline_rollout.npz,/home/simon/davide_fr3_ws/src/cbf_safety_filter/config/generated_scenarios_fullpool_candidates/scenario_0992.yaml,good,ok,3000,True,0,0.04297908584564014,0.11231877208834784,0.00018749354074930683,-0.03471302638233345,0.0006130984633797854,0.001289657580429913,0.02
scenario_0993,/home/simon/davide_fr3_ws/src/cbf_safety_filter/data/rollouts/fullpool_candidates_seed20260520_n1500/scenario_0993_offline_rollout.npz,/home/simon/davide_fr3_ws/src/cbf_safety_filter/config/generated_scenarios_fullpool_candidates/scenario_0993.yaml,good,ok,3000,True,0,0.04281462583671614,0.07477257431462385,0.008486972714280477,0.011732006623898322,0.020438776883915877,0.0025396431730300233,0.02
scenario_0994,/home/simon/davide_fr3_ws/src/cbf_safety_filter/data/rollouts/fullpool_candidates_seed20260520_n1500/scenario_0994_offline_rollout.npz,/home/simon/davide_fr3_ws/src/cbf_safety_filter/config/generated_scenarios_fullpool_candidates/scenario_0994.yaml,good,ok,3000,True,0,0.009636955740426969,0.019628496265527522,6.401328241705667e-05,-0.04825215576135988,0.0002531638577916162,0.0026508601129875274,0.02
scenario_0995,/home/simon/davide_fr3_ws/src/cbf_safety_filter/data/rollouts/fullpool_candidates_seed20260520_n1500/scenario_0995_offline_rollout.npz,/home/simon/davide_fr3_ws/src/cbf_safety_filter/config/generated_scenarios_fullpool_candidates/scenario_0995.yaml,good,ok,3000,True,0,0.04327531362937205,0.09077966823923783,0.0006398559598027181,-0.1937146509208103,0.0015457483555384732,0.0025731183161791884,0.02
scenario_0996,/home/simon/davide_fr3_ws/src/cbf_safety_filter/data/rollouts/fullpool_candidates_seed20260520_n1500/scenario_0996_offline_rollout.npz,/home/simon/davide_fr3_ws/src/cbf_safety_filter/config/generated_scenarios_fullpool_candidates/scenario_0996.yaml,good,ok,3000,True,0,0.049043020108590955,0.09749742975091891,0.031716729957360676,0.07825701669468092,0.09541217584565104,1.364090547692085e-08,0.02
scenario_0997,/home/simon/davide_fr3_ws/src/cbf_safety_filter/data/rollouts/fullpool_candidates_seed20260520_n1500/scenario_0997_offline_rollout.npz,/home/simon/davide_fr3_ws/src/cbf_safety_filter/config/generated_scenarios_fullpool_candidates/scenario_0997.yaml,bad_qp,final_qp_solved_false,3000,False,2725,0.004486285426348838,-0.08980419810811496,-0.002460433537082078,-0.08980419810811496,-0.007461778392220286,0.187495459249222,0.02
scenario_0998,/home/simon/davide_fr3_ws/src/cbf_safety_filter/data/rollouts/fullpool_candidates_seed20260520_n1500/scenario_0998_offline_rollout.npz,/home/simon/davide_fr3_ws/src/cbf_safety_filter/config/generated_scenarios_fullpool_candidates/scenario_0998.yaml,good,ok,3000,True,0,0.04883279980301715,0.09161967611759926,-0.00021023978920924058,-0.014635677702024341,-0.0007144073459838529,0.0017089050619065163,0.02
scenario_0999,/home/simon/davide_fr3_ws/src/cbf_safety_filter/data/rollouts/fullpool_candidates_seed20260520_n1500/scenario_0999_offline_rollout.npz,/home/simon/davide_fr3_ws/src/cbf_safety_filter/config/generated_scenarios_fullpool_candidates/scenario_0999.yaml,good,ok,3000,True,0,0.009332441672858297,0.019098981304424004,8.897079146058529e-07,-0.04894408832728657,3.564484010648572e-06,1.5676015905068103e-07,0.02
scenario_1000,/home/simon/davide_fr3_ws/src/cbf_safety_filter/data/rollouts/fullpool_candidates_seed20260520_n1500/scenario_1000_offline_rollout.npz,/home/simon/davide_fr3_ws/src/cbf_safety_filter/config/generated_scenarios_fullpool_candidates/scenario_1000.yaml,good,ok,3000,True,0,0.016855051345224803,0.03336916526612498,0.01609260772067037,0.032173054939115805,0.04887312797082077,3.50981777753169e-07,0.02
scenario_1001,/home/simon/davide_fr3_ws/src/cbf_safety_filter/data/rollouts/fullpool_candidates_seed20260520_n1500/scenario_1001_offline_rollout.npz,/home/simon/davide_fr3_ws/src/cbf_safety_filter/config/generated_scenarios_fullpool_candidates/scenario_1001.yaml,good,ok,3000,True,0,0.03346939382873902,0.06696420808221999,-5.805485882777808e-05,-0.0438143357839485,-0.0001941596149192537,7.791514645976566e-05,0.02
scenario_1002,/home/simon/davide_fr3_ws/src/cbf_safety_filter/data/rollouts/fullpool_candidates_seed20260520_n1500/scenario_1002_offline_rollout.npz,/home/simon/davide_fr3_ws/src/cbf_safety_filter/config/generated_scenarios_fullpool_candidates/scenario_1002.yaml,good,ok,3000,True,0,0.07772293991687597,0.15346048767583334,1.4214393010117746e-05,-0.012194177179898041,5.986019278617083e-05,0.00019811277384987162,0.02
scenario_1003,/home/simon/davide_fr3_ws/src/cbf_safety_filter/data/rollouts/fullpool_candidates_seed20260520_n1500/scenario_1003_offline_rollout.npz,/home/simon/davide_fr3_ws/src/cbf_safety_filter/config/generated_scenarios_fullpool_candidates/scenario_1003.yaml,bad_safety,final_min_psi_negative,3000,True,0,0.002504398655713138,-0.003487212570542353,-0.0006265407991959612,-0.20260218768557126,-0.0018056223372150682,0.0008571360425984321,0.02
scenario_1004,/home/simon/davide_fr3_ws/src/cbf_safety_filter/data/rollouts/fullpool_candidates_seed20260520_n1500/scenario_1004_offline_rollout.npz,/home/simon/davide_fr3_ws/src/cbf_safety_filter/config/generated_scenarios_fullpool_candidates/scenario_1004.yaml,good,ok,3000,True,0,0.013289090277472373,0.032189609786447096,-0.003406373387527341,-0.23633112707034268,-0.014243267820585062,0.002605147100855409,0.02
scenario_1005,/home/simon/davide_fr3_ws/src/cbf_safety_filter/data/rollouts/fullpool_candidates_seed20260520_n1500/scenario_1005_offline_rollout.npz,/home/simon/davide_fr3_ws/src/cbf_safety_filter/config/generated_scenarios_fullpool_candidates/scenario_1005.yaml,good,ok,3000,True,0,7.00818669527193e-05,3.2905482461883335e-06,-0.0009243848601954915,-0.024433313326518727,-0.004502663681726554,8.619061757232782e-05,0.02
scenario_1006,/home/simon/davide_fr3_ws/src/cbf_safety_filter/data/rollouts/fullpool_candidates_seed20260520_n1500/scenario_1006_offline_rollout.npz,/home/simon/davide_fr3_ws/src/cbf_safety_filter/config/generated_scenarios_fullpool_candidates/scenario_1006.yaml,good,ok,3000,True,0,0.04389945647825302,0.08736484676822492,0.03236315866081621,0.06471101024660122,0.09320935189227592,4.648607066924866e-08,0.02
scenario_1007,/home/simon/davide_fr3_ws/src/cbf_safety_filter/data/rollouts/fullpool_candidates_seed20260520_n1500/scenario_1007_offline_rollout.npz,/home/simon/davide_fr3_ws/src/cbf_safety_filter/config/generated_scenarios_fullpool_candidates/scenario_1007.yaml,good,ok,3000,True,0,0.03152962868402369,0.06442674184812366,0.024668592407289566,-0.06337703198144207,0.08248925196502813,0.0004860722188211996,0.02
scenario_1008,/home/simon/davide_fr3_ws/src/cbf_safety_filter/data/rollouts/fullpool_candidates_seed20260520_n1500/scenario_1008_offline_rollout.npz,/home/simon/davide_fr3_ws/src/cbf_safety_filter/config/generated_scenarios_fullpool_candidates/scenario_1008.yaml,good,ok,3000,True,0,0.04273236260953332,0.09303996998533984,0.027603654069335154,0.01889855258547947,0.06021537569017221,0.0020074779539068525,0.02
scenario_1009,/home/simon/davide_fr3_ws/src/cbf_safety_filter/data/rollouts/fullpool_candidates_seed20260520_n1500/scenario_1009_offline_rollout.npz,/home/simon/davide_fr3_ws/src/cbf_safety_filter/config/generated_scenarios_fullpool_candidates/scenario_1009.yaml,good,ok,3000,True,0,0.08525559256249049,0.17281760693375983,0.005009403807436226,-0.03990595490788115,0.024496304776338643,0.0017145574964652732,0.02
scenario_1010,/home/simon/davide_fr3_ws/src/cbf_safety_filter/data/rollouts/fullpool_candidates_seed20260520_n1500/scenario_1010_offline_rollout.npz,/home/simon/davide_fr3_ws/src/cbf_safety_filter/config/generated_scenarios_fullpool_candidates/scenario_1010.yaml,good,ok,3000,True,0,0.028331324187668604,0.03753023392945419,0.0026390201006349125,-0.00821970205849127,0.008634560490793725,0.0010552614157243896,0.02
scenario_1011,/home/simon/davide_fr3_ws/src/cbf_safety_filter/data/rollouts/fullpool_candidates_seed20260520_n1500/scenario_1011_offline_rollout.npz,/home/simon/davide_fr3_ws/src/cbf_safety_filter/config/generated_scenarios_fullpool_candidates/scenario_1011.yaml,good,ok,3000,True,0,0.015978125889348604,0.0071292467771704345,-0.012038179061040696,-0.2517178418408211,-0.031168281879098286,0.0030428051778508824,0.02
scenario_1012,/home/simon/davide_fr3_ws/src/cbf_safety_filter/data/rollouts/fullpool_candidates_seed20260520_n1500/scenario_1012_offline_rollout.npz,/home/simon/davide_fr3_ws/src/cbf_safety_filter/config/generated_scenarios_fullpool_candidates/scenario_1012.yaml,good,ok,3000,True,0,0.030730383493454014,0.061169601728320776,0.027089327710249474,0.055814845420439185,0.06765071085063942,5.285061406176278e-07,0.02
scenario_1013,/home/simon/davide_fr3_ws/src/cbf_safety_filter/data/rollouts/fullpool_candidates_seed20260520_n1500/scenario_1013_offline_rollout.npz,/home/simon/davide_fr3_ws/src/cbf_safety_filter/config/generated_scenarios_fullpool_candidates/scenario_1013.yaml,good,ok,3000,True,0,0.05621462992532506,0.02268818200896351,0.00038378420303136936,-0.040186856626719863,0.0021686563649995216,0.0006221856987487133,0.02
scenario_1014,/home/simon/davide_fr3_ws/src/cbf_safety_filter/data/rollouts/fullpool_candidates_seed20260520_n1500/scenario_1014_offline_rollout.npz,/home/simon/davide_fr3_ws/src/cbf_safety_filter/config/generated_scenarios_fullpool_candidates/scenario_1014.yaml,good,ok,3000,True,0,0.049398486028391905,0.022784646210668363,0.0012735723418676112,-0.07231289597178939,0.003037827832597567,0.0005971786700192352,0.02
scenario_1015,/home/simon/davide_fr3_ws/src/cbf_safety_filter/data/rollouts/fullpool_candidates_seed20260520_n1500/scenario_1015_offline_rollout.npz,/home/simon/davide_fr3_ws/src/cbf_safety_filter/config/generated_scenarios_fullpool_candidates/scenario_1015.yaml,good,ok,3000,True,0,0.011417259435676869,0.01906271579955881,0.005598515863356988,-0.023985912556250932,0.013576233095049794,0.004049645391442095,0.02
scenario_1016,/home/simon/davide_fr3_ws/src/cbf_safety_filter/data/rollouts/fullpool_candidates_seed20260520_n1500/scenario_1016_offline_rollout.npz,/home/simon/davide_fr3_ws/src/cbf_safety_filter/config/generated_scenarios_fullpool_candidates/scenario_1016.yaml,bad_safety,final_min_psi_negative,3000,True,0,0.01596114699697629,-0.009331698341540517,-0.0009465568853491667,-0.021305174359787973,-0.003832721858837221,0.013691389338313653,0.02
scenario_1017,/home/simon/davide_fr3_ws/src/cbf_safety_filter/data/rollouts/fullpool_candidates_seed20260520_n1500/scenario_1017_offline_rollout.npz,/home/simon/davide_fr3_ws/src/cbf_safety_filter/config/generated_scenarios_fullpool_candidates/scenario_1017.yaml,bad_safety,final_min_h_negative,3000,True,0,-0.0003434753870501586,-0.007144779142912762,-0.012469116900317021,-0.25931015267104746,-0.042481542792771,0.00023507781777405923,0.02
scenario_1018,/home/simon/davide_fr3_ws/src/cbf_safety_filter/data/rollouts/fullpool_candidates_seed20260520_n1500/scenario_1018_offline_rollout.npz,/home/simon/davide_fr3_ws/src/cbf_safety_filter/config/generated_scenarios_fullpool_candidates/scenario_1018.yaml,good,ok,3000,True,0,0.04494164163335317,0.1463444300472196,0.032352361519252235,0.03287312687509365,0.08000074632265738,0.001398010499546135,0.02
scenario_1019,/home/simon/davide_fr3_ws/src/cbf_safety_filter/data/rollouts/fullpool_candidates_seed20260520_n1500/scenario_1019_offline_rollout.npz,/home/simon/davide_fr3_ws/src/cbf_safety_filter/config/generated_scenarios_fullpool_candidates/scenario_1019.yaml,bad_safety,final_min_psi_negative,3000,True,0,0.004910686811977278,-0.002655452962093345,-0.011767440358430015,-0.02902990935253675,-0.05081194967491563,0.0018533630275117884,0.02
scenario_1020,/home/simon/davide_fr3_ws/src/cbf_safety_filter/data/rollouts/fullpool_candidates_seed20260520_n1500/scenario_1020_offline_rollout.npz,/home/simon/davide_fr3_ws/src/cbf_safety_filter/config/generated_scenarios_fullpool_candidates/scenario_1020.yaml,good,ok,3000,True,0,0.02758306927449392,0.054665438398994196,-0.0005526247143942016,-0.004755210716012245,-0.001851035441409965,0.0003248329306919818,0.02
scenario_1021,/home/simon/davide_fr3_ws/src/cbf_safety_filter/data/rollouts/fullpool_candidates_seed20260520_n1500/scenario_1021_offline_rollout.npz,/home/simon/davide_fr3_ws/src/cbf_safety_filter/config/generated_scenarios_fullpool_candidates/scenario_1021.yaml,good,ok,3000,True,0,0.04636031707521595,0.09238110825159397,0.040053926397894735,0.08578403929996226,0.1209529504295282,3.842145751109712e-08,0.02
scenario_1022,/home/simon/davide_fr3_ws/src/cbf_safety_filter/data/rollouts/fullpool_candidates_seed20260520_n1500/scenario_1022_offline_rollout.npz,/home/simon/davide_fr3_ws/src/cbf_safety_filter/config/generated_scenarios_fullpool_candidates/scenario_1022.yaml,bad_qp,final_qp_solved_false,3000,False,1010,0.006717428776549385,0.020193249631816693,-0.002181383903368573,-0.1416723727229327,-0.013067457492739604,0.0037168688836542343,0.02
scenario_1023,/home/simon/davide_fr3_ws/src/cbf_safety_filter/data/rollouts/fullpool_candidates_seed20260520_n1500/scenario_1023_offline_rollout.npz,/home/simon/davide_fr3_ws/src/cbf_safety_filter/config/generated_scenarios_fullpool_candidates/scenario_1023.yaml,good,ok,3000,True,0,4.710738214282889e-06,5.300064484951877e-06,4.710738214282889e-06,5.2056314725097415e-06,1.6458655929169064e-05,6.979862029106879e-05,0.02
scenario_1024,/home/simon/davide_fr3_ws/src/cbf_safety_filter/data/rollouts/fullpool_candidates_seed20260520_n1500/scenario_1024_offline_rollout.npz,/home/simon/davide_fr3_ws/src/cbf_safety_filter/config/generated_scenarios_fullpool_candidates/scenario_1024.yaml,good,ok,3000,True,0,0.03309410526200975,0.05293360969934546,0.0019200915611757435,-0.08411507466463666,0.0047370248544778,0.0009837239434164276,0.02
scenario_1025,/home/simon/davide_fr3_ws/src/cbf_safety_filter/data/rollouts/fullpool_candidates_seed20260520_n1500/scenario_1025_offline_rollout.npz,/home/simon/davide_fr3_ws/src/cbf_safety_filter/config/generated_scenarios_fullpool_candidates/scenario_1025.yaml,good,ok,3000,True,0,0.00039051524399543944,0.00011787911041536824,1.6802630266564422e-06,-4.580539368413954e-05,5.327313400083078e-06,1.749114770856649e-05,0.02
scenario_1026,/home/simon/davide_fr3_ws/src/cbf_safety_filter/data/rollouts/fullpool_candidates_seed20260520_n1500/scenario_1026_offline_rollout.npz,/home/simon/davide_fr3_ws/src/cbf_safety_filter/config/generated_scenarios_fullpool_candidates/scenario_1026.yaml,good,ok,3000,True,0,0.0033858760046935124,0.006616867478031694,0.0033858760046935124,0.006616867478031694,0.013474793690844006,2.8437059858836544e-07,0.02
scenario_1027,/home/simon/davide_fr3_ws/src/cbf_safety_filter/data/rollouts/fullpool_candidates_seed20260520_n1500/scenario_1027_offline_rollout.npz,/home/simon/davide_fr3_ws/src/cbf_safety_filter/config/generated_scenarios_fullpool_candidates/scenario_1027.yaml,good,ok,3000,True,0,0.01918840732597908,0.038842352219531126,3.480328857563553e-05,1.5638719263741233e-05,0.00011481882908292995,6.754444186087617e-07,0.02
scenario_1028,/home/simon/davide_fr3_ws/src/cbf_safety_filter/data/rollouts/fullpool_candidates_seed20260520_n1500/scenario_1028_offline_rollout.npz,/home/simon/davide_fr3_ws/src/cbf_safety_filter/config/generated_scenarios_fullpool_candidates/scenario_1028.yaml,good,ok,3000,True,0,0.04167791312215786,0.0959645983287541,0.00906030661652509,0.008997310780649612,0.032570996703133404,0.0005825511231964103,0.02
scenario_1029,/home/simon/davide_fr3_ws/src/cbf_safety_filter/data/rollouts/fullpool_candidates_seed20260520_n1500/scenario_1029_offline_rollout.npz,/home/simon/davide_fr3_ws/src/cbf_safety_filter/config/generated_scenarios_fullpool_candidates/scenario_1029.yaml,good,ok,3000,True,0,0.02330996380658482,0.02863049018934491,-0.0025480197083048613,-0.10248564907268432,-0.007281757271167588,0.000544202146940354,0.02
scenario_1030,/home/simon/davide_fr3_ws/src/cbf_safety_filter/data/rollouts/fullpool_candidates_seed20260520_n1500/scenario_1030_offline_rollout.npz,/home/simon/davide_fr3_ws/src/cbf_safety_filter/config/generated_scenarios_fullpool_candidates/scenario_1030.yaml,good,ok,3000,True,0,0.04511209225927374,0.13717153688157047,0.020944317102907298,-0.02595310256802902,0.06681574410894509,0.00668287166480057,0.02
scenario_1031,/home/simon/davide_fr3_ws/src/cbf_safety_filter/data/rollouts/fullpool_candidates_seed20260520_n1500/scenario_1031_offline_rollout.npz,/home/simon/davide_fr3_ws/src/cbf_safety_filter/config/generated_scenarios_fullpool_candidates/scenario_1031.yaml,good,ok,3000,True,0,4.50228527404499e-05,9.279369425201173e-05,1.2203959752488114e-08,-1.5927129847522056e-05,4.640288062129905e-08,4.5618625665793296e-10,0.02
scenario_1032,/home/simon/davide_fr3_ws/src/cbf_safety_filter/data/rollouts/fullpool_candidates_seed20260520_n1500/scenario_1032_offline_rollout.npz,/home/simon/davide_fr3_ws/src/cbf_safety_filter/config/generated_scenarios_fullpool_candidates/scenario_1032.yaml,bad_safety,final_min_h_negative,3000,True,0,-3.52068167613559e-05,-6.113279112023834e-05,-0.00041261829837685796,-0.01123134329464718,-0.0015176353897330963,2.1342500798018126e-05,0.02
scenario_1033,/home/simon/davide_fr3_ws/src/cbf_safety_filter/data/rollouts/fullpool_candidates_seed20260520_n1500/scenario_1033_offline_rollout.npz,/home/simon/davide_fr3_ws/src/cbf_safety_filter/config/generated_scenarios_fullpool_candidates/scenario_1033.yaml,bad_safety,final_min_h_negative,3000,True,0,-0.0004287947607029864,-0.0005824513045800413,-0.0009546373635387559,-0.00220119412512975,-0.0030425970979778283,0.00019893270763313338,0.02
scenario_1034,/home/simon/davide_fr3_ws/src/cbf_safety_filter/data/rollouts/fullpool_candidates_seed20260520_n1500/scenario_1034_offline_rollout.npz,/home/simon/davide_fr3_ws/src/cbf_safety_filter/config/generated_scenarios_fullpool_candidates/scenario_1034.yaml,good,ok,3000,True,0,0.050696202284997695,0.10939744334624585,0.026169158123225573,0.03045740596358909,0.06412106666544087,0.004837575661153208,0.02
scenario_1035,/home/simon/davide_fr3_ws/src/cbf_safety_filter/data/rollouts/fullpool_candidates_seed20260520_n1500/scenario_1035_offline_rollout.npz,/home/simon/davide_fr3_ws/src/cbf_safety_filter/config/generated_scenarios_fullpool_candidates/scenario_1035.yaml,good,ok,3000,True,0,0.04839588071095386,0.09882040923003056,0.022258607951194526,0.04022580967286787,0.051811067363331936,0.0006956095519139386,0.02
scenario_1036,/home/simon/davide_fr3_ws/src/cbf_safety_filter/data/rollouts/fullpool_candidates_seed20260520_n1500/scenario_1036_offline_rollout.npz,/home/simon/davide_fr3_ws/src/cbf_safety_filter/config/generated_scenarios_fullpool_candidates/scenario_1036.yaml,good,ok,3000,True,0,0.031164917099517617,0.061842296702077505,0.02517493878321337,0.051824812105447066,0.05650834405097643,6.594883990018633e-08,0.02
scenario_1037,/home/simon/davide_fr3_ws/src/cbf_safety_filter/data/rollouts/fullpool_candidates_seed20260520_n1500/scenario_1037_offline_rollout.npz,/home/simon/davide_fr3_ws/src/cbf_safety_filter/config/generated_scenarios_fullpool_candidates/scenario_1037.yaml,good,ok,3000,True,0,0.008631767406825197,0.01676449992720715,0.008631767406825197,0.01676449992720715,0.024605560404653948,5.545736650991792e-08,0.02
scenario_1038,/home/simon/davide_fr3_ws/src/cbf_safety_filter/data/rollouts/fullpool_candidates_seed20260520_n1500/scenario_1038_offline_rollout.npz,/home/simon/davide_fr3_ws/src/cbf_safety_filter/config/generated_scenarios_fullpool_candidates/scenario_1038.yaml,bad_safety,final_min_psi_negative,3000,True,0,2.5517715429123136e-05,-6.800705411846527e-05,-9.902702420903561e-06,-0.020627038866267156,-5.503183846748694e-05,0.05039588466790684,0.02
scenario_1039,/home/simon/davide_fr3_ws/src/cbf_safety_filter/data/rollouts/fullpool_candidates_seed20260520_n1500/scenario_1039_offline_rollout.npz,/home/simon/davide_fr3_ws/src/cbf_safety_filter/config/generated_scenarios_fullpool_candidates/scenario_1039.yaml,good,ok,3000,True,0,0.020702452393968687,0.03625268449105276,-0.0025406455765131716,-0.043546647557963725,-0.007266067188333336,0.000738673576675077,0.02
scenario_1040,/home/simon/davide_fr3_ws/src/cbf_safety_filter/data/rollouts/fullpool_candidates_seed20260520_n1500/scenario_1040_offline_rollout.npz,/home/simon/davide_fr3_ws/src/cbf_safety_filter/config/generated_scenarios_fullpool_candidates/scenario_1040.yaml,good,ok,3000,True,0,0.023804807495019162,0.02896899827904132,0.0052587960118186915,-0.08579129720035147,0.01918008048749731,0.011542590530743203,0.02
scenario_1041,/home/simon/davide_fr3_ws/src/cbf_safety_filter/data/rollouts/fullpool_candidates_seed20260520_n1500/scenario_1041_offline_rollout.npz,/home/simon/davide_fr3_ws/src/cbf_safety_filter/config/generated_scenarios_fullpool_candidates/scenario_1041.yaml,bad_qp,final_qp_solved_false,3000,False,1072,0.03589936855910657,0.06449231782362203,-0.008380220677985675,-0.1414692042510973,-0.02740467205392874,0.002430970829589455,0.02
scenario_1042,/home/simon/davide_fr3_ws/src/cbf_safety_filter/data/rollouts/fullpool_candidates_seed20260520_n1500/scenario_1042_offline_rollout.npz,/home/simon/davide_fr3_ws/src/cbf_safety_filter/config/generated_scenarios_fullpool_candidates/scenario_1042.yaml,good,ok,3000,True,0,0.029414426968951506,0.063856839388926,0.0007195782669582994,-0.007444943044611942,0.002985975697857579,0.0017863430277302332,0.02
scenario_1043,/home/simon/davide_fr3_ws/src/cbf_safety_filter/data/rollouts/fullpool_candidates_seed20260520_n1500/scenario_1043_offline_rollout.npz,/home/simon/davide_fr3_ws/src/cbf_safety_filter/config/generated_scenarios_fullpool_candidates/scenario_1043.yaml,good,ok,3000,True,0,0.02464360535226271,0.03919103127588202,-0.0016980471617530236,-0.16902302213398274,-0.006682124014971161,0.0006581851428528411,0.02
scenario_1044,/home/simon/davide_fr3_ws/src/cbf_safety_filter/data/rollouts/fullpool_candidates_seed20260520_n1500/scenario_1044_offline_rollout.npz,/home/simon/davide_fr3_ws/src/cbf_safety_filter/config/generated_scenarios_fullpool_candidates/scenario_1044.yaml,good,ok,3000,True,0,0.005054461719247262,0.010433755109871884,1.5166496661713977e-05,-0.0020980117593394658,6.897970183097901e-05,9.536126632580252e-08,0.02
scenario_1045,/home/simon/davide_fr3_ws/src/cbf_safety_filter/data/rollouts/fullpool_candidates_seed20260520_n1500/scenario_1045_offline_rollout.npz,/home/simon/davide_fr3_ws/src/cbf_safety_filter/config/generated_scenarios_fullpool_candidates/scenario_1045.yaml,bad_qp,final_qp_solved_false,3000,False,2895,0.00012582480942055843,-0.003073986493205265,0.00012582480942055843,-0.0365741459703938,0.0006963329436232429,0.3134504861559883,0.02
scenario_1046,/home/simon/davide_fr3_ws/src/cbf_safety_filter/data/rollouts/fullpool_candidates_seed20260520_n1500/scenario_1046_offline_rollout.npz,/home/simon/davide_fr3_ws/src/cbf_safety_filter/config/generated_scenarios_fullpool_candidates/scenario_1046.yaml,good,ok,3000,True,0,0.026260804656424122,0.05188119155752727,0.022375158344508542,0.0240594509264606,0.061546838001670934,2.421713422093554e-07,0.02
scenario_1047,/home/simon/davide_fr3_ws/src/cbf_safety_filter/data/rollouts/fullpool_candidates_seed20260520_n1500/scenario_1047_offline_rollout.npz,/home/simon/davide_fr3_ws/src/cbf_safety_filter/config/generated_scenarios_fullpool_candidates/scenario_1047.yaml,good,ok,3000,True,0,0.04327486333618008,0.09328507414106804,0.038462299941056335,0.03942583102500899,0.10157335665089137,0.0005725543585362872,0.02
scenario_1048,/home/simon/davide_fr3_ws/src/cbf_safety_filter/data/rollouts/fullpool_candidates_seed20260520_n1500/scenario_1048_offline_rollout.npz,/home/simon/davide_fr3_ws/src/cbf_safety_filter/config/generated_scenarios_fullpool_candidates/scenario_1048.yaml,good,ok,3000,True,0,0.012808654859607669,0.027776407979154292,0.0003078331507818735,-0.01041710522130547,0.0007582876373172787,0.0004364385800017581,0.02
scenario_1049,/home/simon/davide_fr3_ws/src/cbf_safety_filter/data/rollouts/fullpool_candidates_seed20260520_n1500/scenario_1049_offline_rollout.npz,/home/simon/davide_fr3_ws/src/cbf_safety_filter/config/generated_scenarios_fullpool_candidates/scenario_1049.yaml,good,ok,3000,True,0,0.030602473809583287,0.06071250673666198,0.017291293776961716,0.02996457787231472,0.039045852375511364,8.744553340485768e-09,0.02
scenario_1050,/home/simon/davide_fr3_ws/src/cbf_safety_filter/data/rollouts/fullpool_candidates_seed20260520_n1500/scenario_1050_offline_rollout.npz,/home/simon/davide_fr3_ws/src/cbf_safety_filter/config/generated_scenarios_fullpool_candidates/scenario_1050.yaml,good,ok,3000,True,0,0.02265819618178748,0.04545545854833814,0.013951825898030776,0.02808140660331427,0.034634167193949794,1.0932487396236991e-08,0.02
scenario_1051,/home/simon/davide_fr3_ws/src/cbf_safety_filter/data/rollouts/fullpool_candidates_seed20260520_n1500/scenario_1051_offline_rollout.npz,/home/simon/davide_fr3_ws/src/cbf_safety_filter/config/generated_scenarios_fullpool_candidates/scenario_1051.yaml,good,ok,3000,True,0,0.00029785973444284783,0.0008128328528685944,-0.0004818463599524925,-0.0014662853076475063,-0.0016380307802212613,2.002960885217361e-05,0.02
scenario_1052,/home/simon/davide_fr3_ws/src/cbf_safety_filter/data/rollouts/fullpool_candidates_seed20260520_n1500/scenario_1052_offline_rollout.npz,/home/simon/davide_fr3_ws/src/cbf_safety_filter/config/generated_scenarios_fullpool_candidates/scenario_1052.yaml,good,ok,3000,True,0,0.018204432100901353,0.006311011859500271,0.0047539892407059935,-0.027369295258814652,0.0168435697069787,0.0013691944762101423,0.02
scenario_1053,/home/simon/davide_fr3_ws/src/cbf_safety_filter/data/rollouts/fullpool_candidates_seed20260520_n1500/scenario_1053_offline_rollout.npz,/home/simon/davide_fr3_ws/src/cbf_safety_filter/config/generated_scenarios_fullpool_candidates/scenario_1053.yaml,good,ok,3000,True,0,0.008092553592213517,0.01954858305661826,-0.0026087032614448384,-0.03907396476911576,-0.008645106739641195,0.0020647687242767777,0.02
scenario_1054,/home/simon/davide_fr3_ws/src/cbf_safety_filter/data/rollouts/fullpool_candidates_seed20260520_n1500/scenario_1054_offline_rollout.npz,/home/simon/davide_fr3_ws/src/cbf_safety_filter/config/generated_scenarios_fullpool_candidates/scenario_1054.yaml,good,ok,3000,True,0,0.00472881541044767,0.017086532507124864,-0.003794306986520446,-0.00894754235570104,-0.011976074668444664,5.9679705133236844e-05,0.02
scenario_1055,/home/simon/davide_fr3_ws/src/cbf_safety_filter/data/rollouts/fullpool_candidates_seed20260520_n1500/scenario_1055_offline_rollout.npz,/home/simon/davide_fr3_ws/src/cbf_safety_filter/config/generated_scenarios_fullpool_candidates/scenario_1055.yaml,good,ok,3000,True,0,0.03885555909979088,0.0771671099534871,0.03885555909979088,0.0771671099534871,0.12381626790481295,1.6501015099736934e-07,0.02
scenario_1056,/home/simon/davide_fr3_ws/src/cbf_safety_filter/data/rollouts/fullpool_candidates_seed20260520_n1500/scenario_1056_offline_rollout.npz,/home/simon/davide_fr3_ws/src/cbf_safety_filter/config/generated_scenarios_fullpool_candidates/scenario_1056.yaml,good,ok,3000,True,0,0.02175753642184667,0.05475838926551762,-0.0028460062055879858,-0.17072032792705363,-0.008598158216439666,9.780168605939999e-06,0.02
scenario_1057,/home/simon/davide_fr3_ws/src/cbf_safety_filter/data/rollouts/fullpool_candidates_seed20260520_n1500/scenario_1057_offline_rollout.npz,/home/simon/davide_fr3_ws/src/cbf_safety_filter/config/generated_scenarios_fullpool_candidates/scenario_1057.yaml,good,ok,3000,True,0,0.030087667352065257,0.0675364059554174,-3.7784348362837616e-05,-0.13433596752774993,-9.429451052284099e-05,6.964246707674938e-06,0.02
scenario_1058,/home/simon/davide_fr3_ws/src/cbf_safety_filter/data/rollouts/fullpool_candidates_seed20260520_n1500/scenario_1058_offline_rollout.npz,/home/simon/davide_fr3_ws/src/cbf_safety_filter/config/generated_scenarios_fullpool_candidates/scenario_1058.yaml,good,ok,3000,True,0,6.327031801897989e-05,0.00013432263630625734,-0.004174747021710411,-0.13209810692005497,-0.010944249810459078,4.07134038250265e-05,0.02
scenario_1059,/home/simon/davide_fr3_ws/src/cbf_safety_filter/data/rollouts/fullpool_candidates_seed20260520_n1500/scenario_1059_offline_rollout.npz,/home/simon/davide_fr3_ws/src/cbf_safety_filter/config/generated_scenarios_fullpool_candidates/scenario_1059.yaml,good,ok,3000,True,0,0.028654574138952883,0.06591541861368658,0.01948663394069767,-0.10937351726902467,0.06377117788300823,0.001251526039015229,0.02
scenario_1060,/home/simon/davide_fr3_ws/src/cbf_safety_filter/data/rollouts/fullpool_candidates_seed20260520_n1500/scenario_1060_offline_rollout.npz,/home/simon/davide_fr3_ws/src/cbf_safety_filter/config/generated_scenarios_fullpool_candidates/scenario_1060.yaml,good,ok,3000,True,0,0.042700258230998475,0.09337303469469863,0.02420326842459773,0.0049541482838574985,0.06408347250212662,0.00046587431197281614,0.02
scenario_1061,/home/simon/davide_fr3_ws/src/cbf_safety_filter/data/rollouts/fullpool_candidates_seed20260520_n1500/scenario_1061_offline_rollout.npz,/home/simon/davide_fr3_ws/src/cbf_safety_filter/config/generated_scenarios_fullpool_candidates/scenario_1061.yaml,good,ok,3000,True,0,0.046506349027314035,0.0946562685630716,0.00011325861919706665,-0.06346244801164935,0.0003105438576003483,4.555812908708708e-05,0.02
scenario_1062,/home/simon/davide_fr3_ws/src/cbf_safety_filter/data/rollouts/fullpool_candidates_seed20260520_n1500/scenario_1062_offline_rollout.npz,/home/simon/davide_fr3_ws/src/cbf_safety_filter/config/generated_scenarios_fullpool_candidates/scenario_1062.yaml,good,ok,3000,True,0,6.345933119267233e-09,1.261548675053403e-08,6.345933119267233e-09,1.261548675053403e-08,1.866450816123688e-08,4.587227905849421e-08,0.02
scenario_1063,/home/simon/davide_fr3_ws/src/cbf_safety_filter/data/rollouts/fullpool_candidates_seed20260520_n1500/scenario_1063_offline_rollout.npz,/home/simon/davide_fr3_ws/src/cbf_safety_filter/config/generated_scenarios_fullpool_candidates/scenario_1063.yaml,bad_goal,final_dist_to_goal_above_tol,3000,True,0,0.007151104657968019,0.010671588178913071,-0.0026180923295547505,-0.039004382355709716,-0.009707701495645343,0.025995112603502242,0.02
scenario_1064,/home/simon/davide_fr3_ws/src/cbf_safety_filter/data/rollouts/fullpool_candidates_seed20260520_n1500/scenario_1064_offline_rollout.npz,/home/simon/davide_fr3_ws/src/cbf_safety_filter/config/generated_scenarios_fullpool_candidates/scenario_1064.yaml,good,ok,3000,True,0,0.08546244289235969,0.14777631860352536,0.012392148529406524,-0.08495324166388477,0.03292902660523633,0.002313415381675754,0.02
scenario_1065,/home/simon/davide_fr3_ws/src/cbf_safety_filter/data/rollouts/fullpool_candidates_seed20260520_n1500/scenario_1065_offline_rollout.npz,/home/simon/davide_fr3_ws/src/cbf_safety_filter/config/generated_scenarios_fullpool_candidates/scenario_1065.yaml,bad_safety,final_min_psi_negative,3000,True,0,0.043996940546654977,-0.024232475160486988,0.01048474941498361,-0.1571164943859622,0.044677304580893196,0.0008064117805104851,0.02
scenario_1066,/home/simon/davide_fr3_ws/src/cbf_safety_filter/data/rollouts/fullpool_candidates_seed20260520_n1500/scenario_1066_offline_rollout.npz,/home/simon/davide_fr3_ws/src/cbf_safety_filter/config/generated_scenarios_fullpool_candidates/scenario_1066.yaml,good,ok,3000,True,0,0.0575468407911126,0.0934326902961574,0.04417655044344864,0.03292681765694053,0.11420380586207798,0.002072159002583032,0.02
scenario_1067,/home/simon/davide_fr3_ws/src/cbf_safety_filter/data/rollouts/fullpool_candidates_seed20260520_n1500/scenario_1067_offline_rollout.npz,/home/simon/davide_fr3_ws/src/cbf_safety_filter/config/generated_scenarios_fullpool_candidates/scenario_1067.yaml,good,ok,3000,True,0,0.01883037755576679,0.043826028274725565,-0.009900392107276716,-0.3261780684904799,-0.026013514635990137,0.001223254733259908,0.02
scenario_1068,/home/simon/davide_fr3_ws/src/cbf_safety_filter/data/rollouts/fullpool_candidates_seed20260520_n1500/scenario_1068_offline_rollout.npz,/home/simon/davide_fr3_ws/src/cbf_safety_filter/config/generated_scenarios_fullpool_candidates/scenario_1068.yaml,good,ok,3000,True,0,0.03881689139337803,0.08258734511480521,0.03815550994293426,0.03513146783121751,0.08417187362200876,0.0017692271348308901,0.02
scenario_1069,/home/simon/davide_fr3_ws/src/cbf_safety_filter/data/rollouts/fullpool_candidates_seed20260520_n1500/scenario_1069_offline_rollout.npz,/home/simon/davide_fr3_ws/src/cbf_safety_filter/config/generated_scenarios_fullpool_candidates/scenario_1069.yaml,good,ok,3000,True,0,0.0002411706152471091,0.0019819206195645133,-0.004980434973700015,-0.03143473299434307,-0.018175119596303774,0.0016797645818365538,0.02
scenario_1070,/home/simon/davide_fr3_ws/src/cbf_safety_filter/data/rollouts/fullpool_candidates_seed20260520_n1500/scenario_1070_offline_rollout.npz,/home/simon/davide_fr3_ws/src/cbf_safety_filter/config/generated_scenarios_fullpool_candidates/scenario_1070.yaml,good,ok,3000,True,0,0.02092816807743171,0.043787545340551175,0.0002538839444102686,-0.02866177376455742,0.00063592459688247,0.0009941133215646994,0.02
scenario_1071,/home/simon/davide_fr3_ws/src/cbf_safety_filter/data/rollouts/fullpool_candidates_seed20260520_n1500/scenario_1071_offline_rollout.npz,/home/simon/davide_fr3_ws/src/cbf_safety_filter/config/generated_scenarios_fullpool_candidates/scenario_1071.yaml,bad_qp,final_qp_solved_false,3000,False,297,0.026191976723815076,0.010292882630637656,0.011853793266829093,-0.32677051572773774,0.03259294762190593,0.002923183762966928,0.02
scenario_1072,/home/simon/davide_fr3_ws/src/cbf_safety_filter/data/rollouts/fullpool_candidates_seed20260520_n1500/scenario_1072_offline_rollout.npz,/home/simon/davide_fr3_ws/src/cbf_safety_filter/config/generated_scenarios_fullpool_candidates/scenario_1072.yaml,bad_qp,final_qp_solved_false,3000,False,2797,-0.0015437942039698213,-0.0018375488284901355,-0.01522589960012636,-0.07334531442559944,-0.056231121699392,0.12193058729817849,0.02
scenario_1073,/home/simon/davide_fr3_ws/src/cbf_safety_filter/data/rollouts/fullpool_candidates_seed20260520_n1500/scenario_1073_offline_rollout.npz,/home/simon/davide_fr3_ws/src/cbf_safety_filter/config/generated_scenarios_fullpool_candidates/scenario_1073.yaml,good,ok,3000,True,0,0.028243139047935698,0.05758014089059403,0.015461422116050415,-0.16349340724833433,0.048170805156315055,0.0032643585181175,0.02
scenario_1074,/home/simon/davide_fr3_ws/src/cbf_safety_filter/data/rollouts/fullpool_candidates_seed20260520_n1500/scenario_1074_offline_rollout.npz,/home/simon/davide_fr3_ws/src/cbf_safety_filter/config/generated_scenarios_fullpool_candidates/scenario_1074.yaml,good,ok,3000,True,0,0.06782674493826003,0.14486332445999764,0.010372676014415999,-0.205110059562031,0.04427553989992644,0.002598675112017813,0.02
scenario_1075,/home/simon/davide_fr3_ws/src/cbf_safety_filter/data/rollouts/fullpool_candidates_seed20260520_n1500/scenario_1075_offline_rollout.npz,/home/simon/davide_fr3_ws/src/cbf_safety_filter/config/generated_scenarios_fullpool_candidates/scenario_1075.yaml,bad_goal,final_dist_to_goal_above_tol,3000,True,0,0.0005672000806581368,0.0013615821208935175,0.0002627367728708918,-0.0657333219631869,0.0007389816207303002,0.2190192278930825,0.02
scenario_1076,/home/simon/davide_fr3_ws/src/cbf_safety_filter/data/rollouts/fullpool_candidates_seed20260520_n1500/scenario_1076_offline_rollout.npz,/home/simon/davide_fr3_ws/src/cbf_safety_filter/config/generated_scenarios_fullpool_candidates/scenario_1076.yaml,good,ok,3000,True,0,0.00011821699912552622,0.00026830416418693946,-5.663801867072243e-07,-1.1645768294051142e-06,-2.397908283963135e-06,5.094096083622347e-07,0.02
scenario_1077,/home/simon/davide_fr3_ws/src/cbf_safety_filter/data/rollouts/fullpool_candidates_seed20260520_n1500/scenario_1077_offline_rollout.npz,/home/simon/davide_fr3_ws/src/cbf_safety_filter/config/generated_scenarios_fullpool_candidates/scenario_1077.yaml,bad_goal,final_dist_to_goal_above_tol,3000,True,0,0.015251946527239095,0.024773730792612695,0.011282431690222682,-0.20676211401769673,0.02962462145524694,0.021599624446357515,0.02
scenario_1078,/home/simon/davide_fr3_ws/src/cbf_safety_filter/data/rollouts/fullpool_candidates_seed20260520_n1500/scenario_1078_offline_rollout.npz,/home/simon/davide_fr3_ws/src/cbf_safety_filter/config/generated_scenarios_fullpool_candidates/scenario_1078.yaml,good,ok,3000,True,0,0.005650533560375506,0.010039721247647487,-0.0037115615729624053,-0.0851320658177302,-0.013258339491974247,0.0014418107506356523,0.02
scenario_1079,/home/simon/davide_fr3_ws/src/cbf_safety_filter/data/rollouts/fullpool_candidates_seed20260520_n1500/scenario_1079_offline_rollout.npz,/home/simon/davide_fr3_ws/src/cbf_safety_filter/config/generated_scenarios_fullpool_candidates/scenario_1079.yaml,bad_safety,final_min_psi_negative,3000,True,0,0.0073031779447903615,-0.0029198920062449146,0.00011988949164354334,-0.008573337304774768,0.0003132619210574339,8.693315680512484e-05,0.02
scenario_1080,/home/simon/davide_fr3_ws/src/cbf_safety_filter/data/rollouts/fullpool_candidates_seed20260520_n1500/scenario_1080_offline_rollout.npz,/home/simon/davide_fr3_ws/src/cbf_safety_filter/config/generated_scenarios_fullpool_candidates/scenario_1080.yaml,good,ok,3000,True,0,0.025016227107498932,0.05412751148197968,7.41517840876886e-05,2.6755749120556545e-05,0.0002574201492510364,1.5704192557932136e-06,0.02
scenario_1081,/home/simon/davide_fr3_ws/src/cbf_safety_filter/data/rollouts/fullpool_candidates_seed20260520_n1500/scenario_1081_offline_rollout.npz,/home/simon/davide_fr3_ws/src/cbf_safety_filter/config/generated_scenarios_fullpool_candidates/scenario_1081.yaml,good,ok,3000,True,0,0.009338340404855493,0.01940975312331906,-0.005258978935214268,-0.06080641160229418,-0.01847005947276273,5.010287065541319e-07,0.02
scenario_1082,/home/simon/davide_fr3_ws/src/cbf_safety_filter/data/rollouts/fullpool_candidates_seed20260520_n1500/scenario_1082_offline_rollout.npz,/home/simon/davide_fr3_ws/src/cbf_safety_filter/config/generated_scenarios_fullpool_candidates/scenario_1082.yaml,bad_safety,final_min_psi_negative,3000,True,0,0.006659707159063173,-0.002474118464592265,0.006659707159063173,-0.09385651146158736,0.015717334680409728,0.0009183276630747979,0.02
scenario_1083,/home/simon/davide_fr3_ws/src/cbf_safety_filter/data/rollouts/fullpool_candidates_seed20260520_n1500/scenario_1083_offline_rollout.npz,/home/simon/davide_fr3_ws/src/cbf_safety_filter/config/generated_scenarios_fullpool_candidates/scenario_1083.yaml,good,ok,3000,True,0,0.026281775125364587,0.052725490483745995,0.0001239420438177985,-0.0048810316478543935,0.0004345267917312823,0.000312041301305585,0.02
scenario_1084,/home/simon/davide_fr3_ws/src/cbf_safety_filter/data/rollouts/fullpool_candidates_seed20260520_n1500/scenario_1084_offline_rollout.npz,/home/simon/davide_fr3_ws/src/cbf_safety_filter/config/generated_scenarios_fullpool_candidates/scenario_1084.yaml,good,ok,3000,True,0,0.013134274449116107,0.02620670881760511,0.012150072405932848,0.02426449133447621,0.04036974660417367,7.245202317333351e-05,0.02
scenario_1085,/home/simon/davide_fr3_ws/src/cbf_safety_filter/data/rollouts/fullpool_candidates_seed20260520_n1500/scenario_1085_offline_rollout.npz,/home/simon/davide_fr3_ws/src/cbf_safety_filter/config/generated_scenarios_fullpool_candidates/scenario_1085.yaml,good,ok,3000,True,0,0.023572581862291737,0.044853286995311055,0.010934993095975218,-0.02559752622782495,0.031420539467858416,0.0026607397860369344,0.02
scenario_1086,/home/simon/davide_fr3_ws/src/cbf_safety_filter/data/rollouts/fullpool_candidates_seed20260520_n1500/scenario_1086_offline_rollout.npz,/home/simon/davide_fr3_ws/src/cbf_safety_filter/config/generated_scenarios_fullpool_candidates/scenario_1086.yaml,bad_goal,final_dist_to_goal_above_tol,3000,True,0,8.326672684688674e-17,6.661322367534171e-17,8.326672684688674e-17,-1.8101689982354838e-16,1.942890293094024e-16,0.13279357780784684,0.02
scenario_1087,/home/simon/davide_fr3_ws/src/cbf_safety_filter/data/rollouts/fullpool_candidates_seed20260520_n1500/scenario_1087_offline_rollout.npz,/home/simon/davide_fr3_ws/src/cbf_safety_filter/config/generated_scenarios_fullpool_candidates/scenario_1087.yaml,good,ok,3000,True,0,6.367810877653396e-06,1.2842065075242798e-06,6.367810877653396e-06,1.2842065075242798e-06,1.978688426620967e-05,2.0740706137334647e-06,0.02
scenario_1088,/home/simon/davide_fr3_ws/src/cbf_safety_filter/data/rollouts/fullpool_candidates_seed20260520_n1500/scenario_1088_offline_rollout.npz,/home/simon/davide_fr3_ws/src/cbf_safety_filter/config/generated_scenarios_fullpool_candidates/scenario_1088.yaml,good,ok,3000,True,0,0.0046196629829696224,0.009670222091780372,6.219563757493829e-06,-0.17642248526616594,2.4678391803450994e-05,7.190804629267365e-07,0.02
scenario_1089,/home/simon/davide_fr3_ws/src/cbf_safety_filter/data/rollouts/fullpool_candidates_seed20260520_n1500/scenario_1089_offline_rollout.npz,/home/simon/davide_fr3_ws/src/cbf_safety_filter/config/generated_scenarios_fullpool_candidates/scenario_1089.yaml,good,ok,3000,True,0,0.010785823587187639,0.021723451606219045,0.0041414036798460355,0.008068913396272881,0.010736358117894307,5.41460612993898e-08,0.02
scenario_1090,/home/simon/davide_fr3_ws/src/cbf_safety_filter/data/rollouts/fullpool_candidates_seed20260520_n1500/scenario_1090_offline_rollout.npz,/home/simon/davide_fr3_ws/src/cbf_safety_filter/config/generated_scenarios_fullpool_candidates/scenario_1090.yaml,good,ok,3000,True,9,0.015061228698946369,0.03301762367143631,-2.2154871923106556e-06,-0.1269402951777632,-7.946737241554258e-06,5.0399428714145384e-05,0.02
scenario_1091,/home/simon/davide_fr3_ws/src/cbf_safety_filter/data/rollouts/fullpool_candidates_seed20260520_n1500/scenario_1091_offline_rollout.npz,/home/simon/davide_fr3_ws/src/cbf_safety_filter/config/generated_scenarios_fullpool_candidates/scenario_1091.yaml,good,ok,3000,True,0,5.799173384206727e-05,0.00010178301703170215,-0.00041834292490499497,-0.0037888938511616444,-0.002017250352870828,0.00020141732546352092,0.02
scenario_1092,/home/simon/davide_fr3_ws/src/cbf_safety_filter/data/rollouts/fullpool_candidates_seed20260520_n1500/scenario_1092_offline_rollout.npz,/home/simon/davide_fr3_ws/src/cbf_safety_filter/config/generated_scenarios_fullpool_candidates/scenario_1092.yaml,good,ok,3000,True,0,0.003861397493818329,0.003943517326116711,-0.007060654369776417,-0.1456682673362787,-0.018002817684969974,0.004502503946976491,0.02
scenario_1093,/home/simon/davide_fr3_ws/src/cbf_safety_filter/data/rollouts/fullpool_candidates_seed20260520_n1500/scenario_1093_offline_rollout.npz,/home/simon/davide_fr3_ws/src/cbf_safety_filter/config/generated_scenarios_fullpool_candidates/scenario_1093.yaml,bad_goal,final_dist_to_goal_above_tol,3000,True,0,0.003314684974259789,0.03506570419948896,-0.0010369154607944228,-0.15288490154578907,-0.002874527975456842,0.03445912302583305,0.02
scenario_1094,/home/simon/davide_fr3_ws/src/cbf_safety_filter/data/rollouts/fullpool_candidates_seed20260520_n1500/scenario_1094_offline_rollout.npz,/home/simon/davide_fr3_ws/src/cbf_safety_filter/config/generated_scenarios_fullpool_candidates/scenario_1094.yaml,good,ok,3000,True,0,0.028627354229426222,0.05175695173745829,0.008032270990501258,-0.07104866358489897,0.01993443662398342,0.0008036608836766954,0.02
scenario_1095,/home/simon/davide_fr3_ws/src/cbf_safety_filter/data/rollouts/fullpool_candidates_seed20260520_n1500/scenario_1095_offline_rollout.npz,/home/simon/davide_fr3_ws/src/cbf_safety_filter/config/generated_scenarios_fullpool_candidates/scenario_1095.yaml,good,ok,3000,True,0,0.04774261845146811,0.09173858131823619,-0.00465266320613977,-0.008735374006847194,-0.013018767591063435,0.0006497391182527961,0.02
scenario_1096,/home/simon/davide_fr3_ws/src/cbf_safety_filter/data/rollouts/fullpool_candidates_seed20260520_n1500/scenario_1096_offline_rollout.npz,/home/simon/davide_fr3_ws/src/cbf_safety_filter/config/generated_scenarios_fullpool_candidates/scenario_1096.yaml,good,ok,3000,True,0,0.025841715454073707,0.05176149838977827,0.004239202445761826,-0.16932950447943063,0.01231493034071518,0.0005193217082326015,0.02
scenario_1097,/home/simon/davide_fr3_ws/src/cbf_safety_filter/data/rollouts/fullpool_candidates_seed20260520_n1500/scenario_1097_offline_rollout.npz,/home/simon/davide_fr3_ws/src/cbf_safety_filter/config/generated_scenarios_fullpool_candidates/scenario_1097.yaml,good,ok,3000,True,0,0.0011972457435445588,0.0026169420659899745,3.6158455241457055e-06,5.199413051511616e-07,1.3562121504134828e-05,4.8253650044750356e-08,0.02
scenario_1098,/home/simon/davide_fr3_ws/src/cbf_safety_filter/data/rollouts/fullpool_candidates_seed20260520_n1500/scenario_1098_offline_rollout.npz,/home/simon/davide_fr3_ws/src/cbf_safety_filter/config/generated_scenarios_fullpool_candidates/scenario_1098.yaml,good,ok,3000,True,0,1.2478824164299102e-05,2.6124245593915047e-05,-0.003493559568821844,-0.18376322506663523,-0.009071144684710264,7.000901806573915e-10,0.02
scenario_1099,/home/simon/davide_fr3_ws/src/cbf_safety_filter/data/rollouts/fullpool_candidates_seed20260520_n1500/scenario_1099_offline_rollout.npz,/home/simon/davide_fr3_ws/src/cbf_safety_filter/config/generated_scenarios_fullpool_candidates/scenario_1099.yaml,good,ok,3000,True,0,0.003604842272291131,0.0009784201717777125,-7.871567985054569e-05,-0.09179575376624033,-0.00034156128232291916,0.0017745079830841885,0.02
scenario_1100,/home/simon/davide_fr3_ws/src/cbf_safety_filter/data/rollouts/fullpool_candidates_seed20260520_n1500/scenario_1100_offline_rollout.npz,/home/simon/davide_fr3_ws/src/cbf_safety_filter/config/generated_scenarios_fullpool_candidates/scenario_1100.yaml,bad_safety,final_min_psi_negative,3000,True,0,0.0013258724891365356,-0.0038189771681833313,-0.0008135191066999739,-0.03714871948770451,-0.0020248117116583586,0.0014540177253389661,0.02
scenario_1101,/home/simon/davide_fr3_ws/src/cbf_safety_filter/data/rollouts/fullpool_candidates_seed20260520_n1500/scenario_1101_offline_rollout.npz,/home/simon/davide_fr3_ws/src/cbf_safety_filter/config/generated_scenarios_fullpool_candidates/scenario_1101.yaml,good,ok,3000,True,0,0.085802220777139,0.19353259049370786,0.002974129010522214,-0.03310651163939876,0.007103191640055545,0.0026030094854273948,0.02
scenario_1102,/home/simon/davide_fr3_ws/src/cbf_safety_filter/data/rollouts/fullpool_candidates_seed20260520_n1500/scenario_1102_offline_rollout.npz,/home/simon/davide_fr3_ws/src/cbf_safety_filter/config/generated_scenarios_fullpool_candidates/scenario_1102.yaml,good,ok,3000,True,0,0.03925196901172581,0.0780969066721067,0.016860032101047556,0.03328320726189683,0.06180296500973184,4.8147072688379994e-08,0.02
scenario_1103,/home/simon/davide_fr3_ws/src/cbf_safety_filter/data/rollouts/fullpool_candidates_seed20260520_n1500/scenario_1103_offline_rollout.npz,/home/simon/davide_fr3_ws/src/cbf_safety_filter/config/generated_scenarios_fullpool_candidates/scenario_1103.yaml,good,ok,3000,True,0,0.023680853780079416,0.04922179124536256,0.015117192019581614,-0.13254998334737333,0.05218392808126596,0.0035543831723022774,0.02
scenario_1104,/home/simon/davide_fr3_ws/src/cbf_safety_filter/data/rollouts/fullpool_candidates_seed20260520_n1500/scenario_1104_offline_rollout.npz,/home/simon/davide_fr3_ws/src/cbf_safety_filter/config/generated_scenarios_fullpool_candidates/scenario_1104.yaml,good,ok,3000,True,0,0.04729779759598074,0.049129911841268664,-0.003604193371610751,-0.06216422356609794,-0.012474471864314274,0.0006608807941578969,0.02
scenario_1105,/home/simon/davide_fr3_ws/src/cbf_safety_filter/data/rollouts/fullpool_candidates_seed20260520_n1500/scenario_1105_offline_rollout.npz,/home/simon/davide_fr3_ws/src/cbf_safety_filter/config/generated_scenarios_fullpool_candidates/scenario_1105.yaml,good,ok,3000,True,0,0.004910644237483018,0.009295062689272358,-0.00011366756832177291,-0.00971295885059257,-0.00039086656935719,0.0004470904344972376,0.02
scenario_1106,/home/simon/davide_fr3_ws/src/cbf_safety_filter/data/rollouts/fullpool_candidates_seed20260520_n1500/scenario_1106_offline_rollout.npz,/home/simon/davide_fr3_ws/src/cbf_safety_filter/config/generated_scenarios_fullpool_candidates/scenario_1106.yaml,good,ok,3000,True,0,0.0055157706727427085,0.007668265016112209,1.7470522585768394e-05,-0.007514812415018196,5.768558440924498e-05,2.6727199595886953e-07,0.02
scenario_1107,/home/simon/davide_fr3_ws/src/cbf_safety_filter/data/rollouts/fullpool_candidates_seed20260520_n1500/scenario_1107_offline_rollout.npz,/home/simon/davide_fr3_ws/src/cbf_safety_filter/config/generated_scenarios_fullpool_candidates/scenario_1107.yaml,good,ok,3000,True,0,0.012933749627801389,0.02268083319416786,2.831954784898727e-06,-0.003440077545522835,7.306247171434688e-06,0.00019537397289422852,0.02
scenario_1108,/home/simon/davide_fr3_ws/src/cbf_safety_filter/data/rollouts/fullpool_candidates_seed20260520_n1500/scenario_1108_offline_rollout.npz,/home/simon/davide_fr3_ws/src/cbf_safety_filter/config/generated_scenarios_fullpool_candidates/scenario_1108.yaml,bad_safety,final_min_h_negative,3000,True,0,-4.6805513575706725e-06,-2.722725723589765e-05,-0.003368515426689707,-0.05026269119742344,-0.008244948669012375,5.363375723906175e-07,0.02
scenario_1109,/home/simon/davide_fr3_ws/src/cbf_safety_filter/data/rollouts/fullpool_candidates_seed20260520_n1500/scenario_1109_offline_rollout.npz,/home/simon/davide_fr3_ws/src/cbf_safety_filter/config/generated_scenarios_fullpool_candidates/scenario_1109.yaml,good,ok,3000,True,0,0.0600875830106884,0.09066803443953432,0.003206668772203247,-0.14812732137793974,0.014984296345601195,0.0007020434383336824,0.02
scenario_1110,/home/simon/davide_fr3_ws/src/cbf_safety_filter/data/rollouts/fullpool_candidates_seed20260520_n1500/scenario_1110_offline_rollout.npz,/home/simon/davide_fr3_ws/src/cbf_safety_filter/config/generated_scenarios_fullpool_candidates/scenario_1110.yaml,good,ok,3000,True,0,0.015289543089682719,0.03265529002780824,7.513885826164121e-05,-0.07879963634563994,0.0002682876340495133,0.0012286749371745126,0.02
scenario_1111,/home/simon/davide_fr3_ws/src/cbf_safety_filter/data/rollouts/fullpool_candidates_seed20260520_n1500/scenario_1111_offline_rollout.npz,/home/simon/davide_fr3_ws/src/cbf_safety_filter/config/generated_scenarios_fullpool_candidates/scenario_1111.yaml,good,ok,3000,True,0,0.03700074362522871,0.07427691488436397,-0.0006510047525467473,-0.013781621767236657,-0.002087136597849787,2.3541219610709592e-05,0.02
scenario_1112,/home/simon/davide_fr3_ws/src/cbf_safety_filter/data/rollouts/fullpool_candidates_seed20260520_n1500/scenario_1112_offline_rollout.npz,/home/simon/davide_fr3_ws/src/cbf_safety_filter/config/generated_scenarios_fullpool_candidates/scenario_1112.yaml,good,ok,3000,True,0,0.07538582010292619,0.09922476383985486,0.0016450253234953707,-0.25871736303378745,0.0040731240224931575,0.0006139716911656816,0.02
scenario_1113,/home/simon/davide_fr3_ws/src/cbf_safety_filter/data/rollouts/fullpool_candidates_seed20260520_n1500/scenario_1113_offline_rollout.npz,/home/simon/davide_fr3_ws/src/cbf_safety_filter/config/generated_scenarios_fullpool_candidates/scenario_1113.yaml,good,ok,3000,True,0,0.00024199575397614026,0.000566299191039899,-1.4612569168313827e-05,-4.455481685231458e-05,-4.681217343976973e-05,1.2060742873947989e-07,0.02
scenario_1114,/home/simon/davide_fr3_ws/src/cbf_safety_filter/data/rollouts/fullpool_candidates_seed20260520_n1500/scenario_1114_offline_rollout.npz,/home/simon/davide_fr3_ws/src/cbf_safety_filter/config/generated_scenarios_fullpool_candidates/scenario_1114.yaml,bad_safety,final_min_h_negative,3000,True,0,-0.0009652803548051286,-0.003211669729656221,-0.012988041569449067,-0.10678433101734919,-0.04290851286342537,0.02930457391173409,0.02
scenario_1115,/home/simon/davide_fr3_ws/src/cbf_safety_filter/data/rollouts/fullpool_candidates_seed20260520_n1500/scenario_1115_offline_rollout.npz,/home/simon/davide_fr3_ws/src/cbf_safety_filter/config/generated_scenarios_fullpool_candidates/scenario_1115.yaml,good,ok,3000,True,0,0.07994479421031503,0.1686785371783447,0.0018993727915219104,-0.000614324233937015,0.006210938050900505,0.00040097182983920085,0.02
scenario_1116,/home/simon/davide_fr3_ws/src/cbf_safety_filter/data/rollouts/fullpool_candidates_seed20260520_n1500/scenario_1116_offline_rollout.npz,/home/simon/davide_fr3_ws/src/cbf_safety_filter/config/generated_scenarios_fullpool_candidates/scenario_1116.yaml,good,ok,3000,True,0,0.015504237590984564,0.02466893965730217,-0.00013248858022985727,-0.05441481379352876,-0.0003455131828801472,0.0005033563174244125,0.02
scenario_1117,/home/simon/davide_fr3_ws/src/cbf_safety_filter/data/rollouts/fullpool_candidates_seed20260520_n1500/scenario_1117_offline_rollout.npz,/home/simon/davide_fr3_ws/src/cbf_safety_filter/config/generated_scenarios_fullpool_candidates/scenario_1117.yaml,good,ok,3000,True,0,0.0015736792225624317,9.47775672280088e-05,-0.005560069841093432,-0.044014304674026825,-0.023847335633981268,0.00012748484939772018,0.02
scenario_1118,/home/simon/davide_fr3_ws/src/cbf_safety_filter/data/rollouts/fullpool_candidates_seed20260520_n1500/scenario_1118_offline_rollout.npz,/home/simon/davide_fr3_ws/src/cbf_safety_filter/config/generated_scenarios_fullpool_candidates/scenario_1118.yaml,good,ok,3000,True,0,0.022239413983688942,0.04617753570813402,0.00041284366567025804,-0.07895398383061034,0.0013363389592208341,0.000777937685684087,0.02
scenario_1119,/home/simon/davide_fr3_ws/src/cbf_safety_filter/data/rollouts/fullpool_candidates_seed20260520_n1500/scenario_1119_offline_rollout.npz,/home/simon/davide_fr3_ws/src/cbf_safety_filter/config/generated_scenarios_fullpool_candidates/scenario_1119.yaml,good,ok,3000,True,0,0.03036834000000002,0.053688040473867035,0.011479284160650215,-0.04886310781692532,0.037698930916152174,0.005168777636737954,0.02
scenario_1120,/home/simon/davide_fr3_ws/src/cbf_safety_filter/data/rollouts/fullpool_candidates_seed20260520_n1500/scenario_1120_offline_rollout.npz,/home/simon/davide_fr3_ws/src/cbf_safety_filter/config/generated_scenarios_fullpool_candidates/scenario_1120.yaml,good,ok,3000,True,0,0.037015317498375826,0.06767097148659057,0.01147377080058273,0.022885325165570434,0.033500055320690614,3.0447191787686594e-05,0.02
scenario_1121,/home/simon/davide_fr3_ws/src/cbf_safety_filter/data/rollouts/fullpool_candidates_seed20260520_n1500/scenario_1121_offline_rollout.npz,/home/simon/davide_fr3_ws/src/cbf_safety_filter/config/generated_scenarios_fullpool_candidates/scenario_1121.yaml,good,ok,3000,True,0,0.007618705477516639,0.011656056976774154,0.0003085909448016927,-0.003189724337738814,0.0007553222977640939,0.0003788937759192697,0.02
scenario_1122,/home/simon/davide_fr3_ws/src/cbf_safety_filter/data/rollouts/fullpool_candidates_seed20260520_n1500/scenario_1122_offline_rollout.npz,/home/simon/davide_fr3_ws/src/cbf_safety_filter/config/generated_scenarios_fullpool_candidates/scenario_1122.yaml,bad_goal,final_dist_to_goal_above_tol,3000,True,0,0.0012113856751362721,0.0037719886051725193,-0.0046544575292864,-0.03517216104310853,-0.015253173643871742,0.02129340745968391,0.02
scenario_1123,/home/simon/davide_fr3_ws/src/cbf_safety_filter/data/rollouts/fullpool_candidates_seed20260520_n1500/scenario_1123_offline_rollout.npz,/home/simon/davide_fr3_ws/src/cbf_safety_filter/config/generated_scenarios_fullpool_candidates/scenario_1123.yaml,good,ok,3000,True,0,0.02229125282415693,0.044225467045274594,-2.2863350722858444e-05,-0.016461995019576237,-9.176608054738133e-05,0.00014488404874445215,0.02
scenario_1124,/home/simon/davide_fr3_ws/src/cbf_safety_filter/data/rollouts/fullpool_candidates_seed20260520_n1500/scenario_1124_offline_rollout.npz,/home/simon/davide_fr3_ws/src/cbf_safety_filter/config/generated_scenarios_fullpool_candidates/scenario_1124.yaml,good,ok,3000,True,0,0.03882551115822282,0.07918970645586981,0.010453613389055628,-0.023434142147533338,0.02368882422399496,0.000489564499154784,0.02
scenario_1125,/home/simon/davide_fr3_ws/src/cbf_safety_filter/data/rollouts/fullpool_candidates_seed20260520_n1500/scenario_1125_offline_rollout.npz,/home/simon/davide_fr3_ws/src/cbf_safety_filter/config/generated_scenarios_fullpool_candidates/scenario_1125.yaml,good,ok,3000,True,0,0.04383828275022046,0.08763993723195299,0.04383828275022046,0.08763993723195299,0.10857190078191725,1.2950522702779245e-08,0.02
scenario_1126,/home/simon/davide_fr3_ws/src/cbf_safety_filter/data/rollouts/fullpool_candidates_seed20260520_n1500/scenario_1126_offline_rollout.npz,/home/simon/davide_fr3_ws/src/cbf_safety_filter/config/generated_scenarios_fullpool_candidates/scenario_1126.yaml,good,ok,3000,True,0,0.016541079631628125,0.037182437064765456,3.85873314522403e-05,-0.03118089601576371,9.55852203119445e-05,4.410042328447819e-06,0.02
scenario_1127,/home/simon/davide_fr3_ws/src/cbf_safety_filter/data/rollouts/fullpool_candidates_seed20260520_n1500/scenario_1127_offline_rollout.npz,/home/simon/davide_fr3_ws/src/cbf_safety_filter/config/generated_scenarios_fullpool_candidates/scenario_1127.yaml,good,ok,3000,True,0,0.026970789822270975,0.05351006467304494,0.026515154134559536,0.05351006467304494,0.08158503056328709,2.7347100966841306e-07,0.02
scenario_1128,/home/simon/davide_fr3_ws/src/cbf_safety_filter/data/rollouts/fullpool_candidates_seed20260520_n1500/scenario_1128_offline_rollout.npz,/home/simon/davide_fr3_ws/src/cbf_safety_filter/config/generated_scenarios_fullpool_candidates/scenario_1128.yaml,good,ok,3000,True,0,0.027200935540276618,0.04302687494354614,0.0008046247741797241,-0.0013438517920889804,0.0033360218761319116,0.009268853980920401,0.02
scenario_1129,/home/simon/davide_fr3_ws/src/cbf_safety_filter/data/rollouts/fullpool_candidates_seed20260520_n1500/scenario_1129_offline_rollout.npz,/home/simon/davide_fr3_ws/src/cbf_safety_filter/config/generated_scenarios_fullpool_candidates/scenario_1129.yaml,good,ok,3000,True,0,0.034806306382865054,0.01653584766731818,-0.00035353786433359874,-0.0014558620713853495,-0.0009925054068201655,0.0003502173870262844,0.02
scenario_1130,/home/simon/davide_fr3_ws/src/cbf_safety_filter/data/rollouts/fullpool_candidates_seed20260520_n1500/scenario_1130_offline_rollout.npz,/home/simon/davide_fr3_ws/src/cbf_safety_filter/config/generated_scenarios_fullpool_candidates/scenario_1130.yaml,good,ok,3000,True,0,0.017884483346350014,0.05976267607063095,0.01626393141842061,-0.02749910337935446,0.04529184310555312,0.0011862715275108371,0.02
scenario_1131,/home/simon/davide_fr3_ws/src/cbf_safety_filter/data/rollouts/fullpool_candidates_seed20260520_n1500/scenario_1131_offline_rollout.npz,/home/simon/davide_fr3_ws/src/cbf_safety_filter/config/generated_scenarios_fullpool_candidates/scenario_1131.yaml,good,ok,3000,True,0,0.0004108229089585143,0.0008672575667720506,2.1812888370220662e-05,2.5463370611739333e-06,9.025141991483854e-05,2.0266821998137767e-08,0.02
scenario_1132,/home/simon/davide_fr3_ws/src/cbf_safety_filter/data/rollouts/fullpool_candidates_seed20260520_n1500/scenario_1132_offline_rollout.npz,/home/simon/davide_fr3_ws/src/cbf_safety_filter/config/generated_scenarios_fullpool_candidates/scenario_1132.yaml,good,ok,3000,True,0,0.020983168114226493,0.04314066163286914,-0.02721321299948442,-0.1266136378760451,-0.09140587684871919,0.0007541801601361032,0.02
scenario_1133,/home/simon/davide_fr3_ws/src/cbf_safety_filter/data/rollouts/fullpool_candidates_seed20260520_n1500/scenario_1133_offline_rollout.npz,/home/simon/davide_fr3_ws/src/cbf_safety_filter/config/generated_scenarios_fullpool_candidates/scenario_1133.yaml,bad_qp,final_qp_solved_false,3000,False,2840,0.03460250517076095,0.0650131390490002,0.010457502879952455,-0.025495932100988813,0.02879322151531785,0.1525057704804377,0.02
scenario_1134,/home/simon/davide_fr3_ws/src/cbf_safety_filter/data/rollouts/fullpool_candidates_seed20260520_n1500/scenario_1134_offline_rollout.npz,/home/simon/davide_fr3_ws/src/cbf_safety_filter/config/generated_scenarios_fullpool_candidates/scenario_1134.yaml,bad_safety,final_min_h_negative,3000,True,0,-1.9081771484089072e-07,-3.820216368625176e-07,-1.9081771484089072e-07,-3.820216368625176e-07,-6.948951118690427e-07,2.8237241878622026e-08,0.02
scenario_1135,/home/simon/davide_fr3_ws/src/cbf_safety_filter/data/rollouts/fullpool_candidates_seed20260520_n1500/scenario_1135_offline_rollout.npz,/home/simon/davide_fr3_ws/src/cbf_safety_filter/config/generated_scenarios_fullpool_candidates/scenario_1135.yaml,bad_safety,final_min_h_negative,3000,True,0,-1.076179618635098e-06,-2.2902023368584295e-06,-1.076179618635098e-06,-0.005614451856275952,-3.1266397283735703e-06,3.2281287843500002e-06,0.02
scenario_1136,/home/simon/davide_fr3_ws/src/cbf_safety_filter/data/rollouts/fullpool_candidates_seed20260520_n1500/scenario_1136_offline_rollout.npz,/home/simon/davide_fr3_ws/src/cbf_safety_filter/config/generated_scenarios_fullpool_candidates/scenario_1136.yaml,good,ok,3000,True,0,0.013314862329903004,0.025461067445539998,-0.0027965494713663754,-0.007470507701232668,-0.010668498264620935,0.013299429177299893,0.02
scenario_1137,/home/simon/davide_fr3_ws/src/cbf_safety_filter/data/rollouts/fullpool_candidates_seed20260520_n1500/scenario_1137_offline_rollout.npz,/home/simon/davide_fr3_ws/src/cbf_safety_filter/config/generated_scenarios_fullpool_candidates/scenario_1137.yaml,good,ok,3000,True,0,0.0497817807720308,0.1164180234784972,0.023883644198217154,-0.0173721917537899,0.07735474404483603,0.0007849410739159916,0.02
scenario_1138,/home/simon/davide_fr3_ws/src/cbf_safety_filter/data/rollouts/fullpool_candidates_seed20260520_n1500/scenario_1138_offline_rollout.npz,/home/simon/davide_fr3_ws/src/cbf_safety_filter/config/generated_scenarios_fullpool_candidates/scenario_1138.yaml,good,ok,3000,True,0,0.055726495004161644,0.03538301737774775,0.002296275049972228,-0.009117282849453144,0.008011795352484335,0.0004439212021151818,0.02
scenario_1139,/home/simon/davide_fr3_ws/src/cbf_safety_filter/data/rollouts/fullpool_candidates_seed20260520_n1500/scenario_1139_offline_rollout.npz,/home/simon/davide_fr3_ws/src/cbf_safety_filter/config/generated_scenarios_fullpool_candidates/scenario_1139.yaml,good,ok,3000,True,0,0.010610164662252569,0.03515916446051119,-0.00015537396075494467,-0.04181251248877167,-0.0006895995944941197,0.0018061106000032052,0.02
scenario_1140,/home/simon/davide_fr3_ws/src/cbf_safety_filter/data/rollouts/fullpool_candidates_seed20260520_n1500/scenario_1140_offline_rollout.npz,/home/simon/davide_fr3_ws/src/cbf_safety_filter/config/generated_scenarios_fullpool_candidates/scenario_1140.yaml,good,ok,3000,True,0,0.08922098598890815,0.16683751303027525,0.0023794823597927325,-0.14607271182174864,0.005775782128500301,0.0010740010516529556,0.02
scenario_1141,/home/simon/davide_fr3_ws/src/cbf_safety_filter/data/rollouts/fullpool_candidates_seed20260520_n1500/scenario_1141_offline_rollout.npz,/home/simon/davide_fr3_ws/src/cbf_safety_filter/config/generated_scenarios_fullpool_candidates/scenario_1141.yaml,good,ok,3000,True,0,0.004643966922009916,0.009016370925859364,0.004643966922009916,0.009016370925859364,0.01866089459184217,1.204565225240588e-08,0.02
scenario_1142,/home/simon/davide_fr3_ws/src/cbf_safety_filter/data/rollouts/fullpool_candidates_seed20260520_n1500/scenario_1142_offline_rollout.npz,/home/simon/davide_fr3_ws/src/cbf_safety_filter/config/generated_scenarios_fullpool_candidates/scenario_1142.yaml,good,ok,3000,True,0,0.001715046886856553,0.00012629230397572487,0.001715046886856553,0.00012629230397572487,0.00696150514997268,0.0008168286489181255,0.02
scenario_1143,/home/simon/davide_fr3_ws/src/cbf_safety_filter/data/rollouts/fullpool_candidates_seed20260520_n1500/scenario_1143_offline_rollout.npz,/home/simon/davide_fr3_ws/src/cbf_safety_filter/config/generated_scenarios_fullpool_candidates/scenario_1143.yaml,bad_qp,final_qp_solved_false,3000,False,1043,0.034460447641891975,0.07631356185620089,0.002022959548718447,-0.05098964095312447,0.0069065026899048365,0.0028078446005278582,0.02
scenario_1144,/home/simon/davide_fr3_ws/src/cbf_safety_filter/data/rollouts/fullpool_candidates_seed20260520_n1500/scenario_1144_offline_rollout.npz,/home/simon/davide_fr3_ws/src/cbf_safety_filter/config/generated_scenarios_fullpool_candidates/scenario_1144.yaml,bad_qp,final_qp_solved_false,3000,False,159,0.01755039782623736,0.00959204884868618,0.007741146157015192,-0.37598997713030236,0.03070592688078952,0.015822663508862113,0.02
scenario_1145,/home/simon/davide_fr3_ws/src/cbf_safety_filter/data/rollouts/fullpool_candidates_seed20260520_n1500/scenario_1145_offline_rollout.npz,/home/simon/davide_fr3_ws/src/cbf_safety_filter/config/generated_scenarios_fullpool_candidates/scenario_1145.yaml,good,ok,3000,True,0,0.00431184578637913,0.001107748037023304,-0.0006793024202360193,-0.004502343815379034,-0.0018863556851014818,0.0008761722065727541,0.02
scenario_1146,/home/simon/davide_fr3_ws/src/cbf_safety_filter/data/rollouts/fullpool_candidates_seed20260520_n1500/scenario_1146_offline_rollout.npz,/home/simon/davide_fr3_ws/src/cbf_safety_filter/config/generated_scenarios_fullpool_candidates/scenario_1146.yaml,good,ok,3000,True,0,0.025815906965674266,0.020554389687196625,-0.005517053650229697,-0.2454118004505163,-0.021528127944680453,0.00010161004586285671,0.02
scenario_1147,/home/simon/davide_fr3_ws/src/cbf_safety_filter/data/rollouts/fullpool_candidates_seed20260520_n1500/scenario_1147_offline_rollout.npz,/home/simon/davide_fr3_ws/src/cbf_safety_filter/config/generated_scenarios_fullpool_candidates/scenario_1147.yaml,good,ok,3000,True,0,0.028104888260004242,0.13377905455205139,0.01005618695102646,-0.00965728945503777,0.02342851554991135,0.0001815278371582414,0.02
scenario_1148,/home/simon/davide_fr3_ws/src/cbf_safety_filter/data/rollouts/fullpool_candidates_seed20260520_n1500/scenario_1148_offline_rollout.npz,/home/simon/davide_fr3_ws/src/cbf_safety_filter/config/generated_scenarios_fullpool_candidates/scenario_1148.yaml,good,ok,3000,True,0,0.015550943686302478,0.03236349176380079,0.014487836430109027,0.028973079430459892,0.04952656644541814,9.127205499087633e-05,0.02
scenario_1149,/home/simon/davide_fr3_ws/src/cbf_safety_filter/data/rollouts/fullpool_candidates_seed20260520_n1500/scenario_1149_offline_rollout.npz,/home/simon/davide_fr3_ws/src/cbf_safety_filter/config/generated_scenarios_fullpool_candidates/scenario_1149.yaml,good,ok,3000,True,0,0.012382165954127645,0.025254633002317357,2.7448571020011886e-06,9.127789998322451e-07,1.1379467701966295e-05,8.060191244372998e-08,0.02
scenario_1150,/home/simon/davide_fr3_ws/src/cbf_safety_filter/data/rollouts/fullpool_candidates_seed20260520_n1500/scenario_1150_offline_rollout.npz,/home/simon/davide_fr3_ws/src/cbf_safety_filter/config/generated_scenarios_fullpool_candidates/scenario_1150.yaml,good,ok,3000,True,0,0.048485969999999996,0.09697193999999999,0.027884651018915883,-0.062064316873086056,0.07643157303277309,0.002896660698174352,0.02
scenario_1151,/home/simon/davide_fr3_ws/src/cbf_safety_filter/data/rollouts/fullpool_candidates_seed20260520_n1500/scenario_1151_offline_rollout.npz,/home/simon/davide_fr3_ws/src/cbf_safety_filter/config/generated_scenarios_fullpool_candidates/scenario_1151.yaml,bad_goal,final_dist_to_goal_above_tol,3000,True,0,0.0005930248286939981,0.00044790531939226867,-0.004994419652234818,-0.04909521720321389,-0.018172955509116545,0.03294114542669147,0.02
scenario_1152,/home/simon/davide_fr3_ws/src/cbf_safety_filter/data/rollouts/fullpool_candidates_seed20260520_n1500/scenario_1152_offline_rollout.npz,/home/simon/davide_fr3_ws/src/cbf_safety_filter/config/generated_scenarios_fullpool_candidates/scenario_1152.yaml,good,ok,3000,True,0,0.008384673458454221,0.028163249341324203,-0.0016319595365609854,-0.04460139450558159,-0.005448000817945303,0.004568814268726788,0.02
scenario_1153,/home/simon/davide_fr3_ws/src/cbf_safety_filter/data/rollouts/fullpool_candidates_seed20260520_n1500/scenario_1153_offline_rollout.npz,/home/simon/davide_fr3_ws/src/cbf_safety_filter/config/generated_scenarios_fullpool_candidates/scenario_1153.yaml,good,ok,3000,True,0,0.0025810897268814977,0.00912249431701653,-0.004426909097918607,-0.0481629421333081,-0.012957732454242338,0.0012324806244204318,0.02
scenario_1154,/home/simon/davide_fr3_ws/src/cbf_safety_filter/data/rollouts/fullpool_candidates_seed20260520_n1500/scenario_1154_offline_rollout.npz,/home/simon/davide_fr3_ws/src/cbf_safety_filter/config/generated_scenarios_fullpool_candidates/scenario_1154.yaml,good,ok,3000,True,0,0.028830372917969187,0.05709853345926111,0.028830372917969187,0.05709853345926111,0.07647543251312014,1.6437233680593426e-07,0.02
scenario_1155,/home/simon/davide_fr3_ws/src/cbf_safety_filter/data/rollouts/fullpool_candidates_seed20260520_n1500/scenario_1155_offline_rollout.npz,/home/simon/davide_fr3_ws/src/cbf_safety_filter/config/generated_scenarios_fullpool_candidates/scenario_1155.yaml,good,ok,3000,True,300,0.03610578930065231,0.07317144949849216,0.0004712123566281319,-0.2050743429162105,0.0018446748086687614,0.009268843327129793,0.02
scenario_1156,/home/simon/davide_fr3_ws/src/cbf_safety_filter/data/rollouts/fullpool_candidates_seed20260520_n1500/scenario_1156_offline_rollout.npz,/home/simon/davide_fr3_ws/src/cbf_safety_filter/config/generated_scenarios_fullpool_candidates/scenario_1156.yaml,bad_qp,final_qp_solved_false,3000,False,2905,0.00911642633568657,0.010365157642273987,0.008277003866977713,-0.0031238109453432944,0.02670794356469844,0.2813152066314947,0.02
scenario_1157,/home/simon/davide_fr3_ws/src/cbf_safety_filter/data/rollouts/fullpool_candidates_seed20260520_n1500/scenario_1157_offline_rollout.npz,/home/simon/davide_fr3_ws/src/cbf_safety_filter/config/generated_scenarios_fullpool_candidates/scenario_1157.yaml,good,ok,3000,True,0,0.08515042566662381,0.17617789184706562,0.03343762633651093,0.03398057778157945,0.07992788641947995,0.0008467034208344104,0.02
scenario_1158,/home/simon/davide_fr3_ws/src/cbf_safety_filter/data/rollouts/fullpool_candidates_seed20260520_n1500/scenario_1158_offline_rollout.npz,/home/simon/davide_fr3_ws/src/cbf_safety_filter/config/generated_scenarios_fullpool_candidates/scenario_1158.yaml,bad_qp,final_qp_solved_false,3000,False,2917,0.0019370851918406335,-0.018064717197935933,0.0019370851918406335,-0.08296584978012517,0.010185254363307542,0.43946408769520834,0.02
scenario_1159,/home/simon/davide_fr3_ws/src/cbf_safety_filter/data/rollouts/fullpool_candidates_seed20260520_n1500/scenario_1159_offline_rollout.npz,/home/simon/davide_fr3_ws/src/cbf_safety_filter/config/generated_scenarios_fullpool_candidates/scenario_1159.yaml,good,ok,3000,True,0,0.046559535546460876,0.09311479422021918,0.02066717399290847,0.04810888426705944,0.05717578899159523,2.7415456592554014e-09,0.02
scenario_1160,/home/simon/davide_fr3_ws/src/cbf_safety_filter/data/rollouts/fullpool_candidates_seed20260520_n1500/scenario_1160_offline_rollout.npz,/home/simon/davide_fr3_ws/src/cbf_safety_filter/config/generated_scenarios_fullpool_candidates/scenario_1160.yaml,good,ok,3000,True,0,0.054905362317502975,0.11085894340431084,0.000904070868605257,-0.09597006607801262,0.0022677302425636314,7.535272247158823e-05,0.02
scenario_1161,/home/simon/davide_fr3_ws/src/cbf_safety_filter/data/rollouts/fullpool_candidates_seed20260520_n1500/scenario_1161_offline_rollout.npz,/home/simon/davide_fr3_ws/src/cbf_safety_filter/config/generated_scenarios_fullpool_candidates/scenario_1161.yaml,good,ok,3000,True,0,0.03463768981194821,0.07045662664213297,5.650373215520393e-06,1.2965105010799354e-06,1.9978691893185463e-05,2.0283077098091615e-07,0.02
scenario_1162,/home/simon/davide_fr3_ws/src/cbf_safety_filter/data/rollouts/fullpool_candidates_seed20260520_n1500/scenario_1162_offline_rollout.npz,/home/simon/davide_fr3_ws/src/cbf_safety_filter/config/generated_scenarios_fullpool_candidates/scenario_1162.yaml,good,ok,3000,True,0,0.02174926868579321,0.03918343257859834,0.00019921177821203423,-2.3885727957641614e-05,0.0005014122076865413,0.019929059439739858,0.02
scenario_1163,/home/simon/davide_fr3_ws/src/cbf_safety_filter/data/rollouts/fullpool_candidates_seed20260520_n1500/scenario_1163_offline_rollout.npz,/home/simon/davide_fr3_ws/src/cbf_safety_filter/config/generated_scenarios_fullpool_candidates/scenario_1163.yaml,good,ok,3000,True,0,0.04119409340006619,0.05539566946631364,0.025533131563393298,-0.10555844146233764,0.05786366234568946,0.0008401752791660816,0.02
scenario_1164,/home/simon/davide_fr3_ws/src/cbf_safety_filter/data/rollouts/fullpool_candidates_seed20260520_n1500/scenario_1164_offline_rollout.npz,/home/simon/davide_fr3_ws/src/cbf_safety_filter/config/generated_scenarios_fullpool_candidates/scenario_1164.yaml,good,ok,3000,True,0,0.03507327226926274,0.07329341567484418,0.027921425311625142,0.008694501624020218,0.07128728974471896,0.0007290481348976587,0.02
scenario_1165,/home/simon/davide_fr3_ws/src/cbf_safety_filter/data/rollouts/fullpool_candidates_seed20260520_n1500/scenario_1165_offline_rollout.npz,/home/simon/davide_fr3_ws/src/cbf_safety_filter/config/generated_scenarios_fullpool_candidates/scenario_1165.yaml,good,ok,3000,True,0,0.06478964053612482,0.1642745158088726,0.007438613492217489,-0.06832065319713304,0.0238671704840297,0.001020573315807153,0.02
scenario_1166,/home/simon/davide_fr3_ws/src/cbf_safety_filter/data/rollouts/fullpool_candidates_seed20260520_n1500/scenario_1166_offline_rollout.npz,/home/simon/davide_fr3_ws/src/cbf_safety_filter/config/generated_scenarios_fullpool_candidates/scenario_1166.yaml,good,ok,3000,True,0,0.0007682254592330899,0.001767717822725756,-0.005267351360435078,-0.06960659176882494,-0.018741093937297115,1.5904723757071288e-06,0.02
scenario_1167,/home/simon/davide_fr3_ws/src/cbf_safety_filter/data/rollouts/fullpool_candidates_seed20260520_n1500/scenario_1167_offline_rollout.npz,/home/simon/davide_fr3_ws/src/cbf_safety_filter/config/generated_scenarios_fullpool_candidates/scenario_1167.yaml,good,ok,3000,True,0,0.01765212111957834,0.0341172710306267,0.004405108207686269,0.004592743690191425,0.012156824195238003,7.199037308925553e-08,0.02
scenario_1168,/home/simon/davide_fr3_ws/src/cbf_safety_filter/data/rollouts/fullpool_candidates_seed20260520_n1500/scenario_1168_offline_rollout.npz,/home/simon/davide_fr3_ws/src/cbf_safety_filter/config/generated_scenarios_fullpool_candidates/scenario_1168.yaml,good,ok,3000,True,0,0.06464258401737005,0.1470664638430501,0.04339466738166792,-0.2844320666401156,0.11932925368098998,0.0012964337178348673,0.02
scenario_1169,/home/simon/davide_fr3_ws/src/cbf_safety_filter/data/rollouts/fullpool_candidates_seed20260520_n1500/scenario_1169_offline_rollout.npz,/home/simon/davide_fr3_ws/src/cbf_safety_filter/config/generated_scenarios_fullpool_candidates/scenario_1169.yaml,good,ok,3000,True,0,0.04104468602142554,0.08278665933936756,-0.004597678378195837,-0.02155259046132163,-0.013991349183192836,0.0006086141605918546,0.02
scenario_1170,/home/simon/davide_fr3_ws/src/cbf_safety_filter/data/rollouts/fullpool_candidates_seed20260520_n1500/scenario_1170_offline_rollout.npz,/home/simon/davide_fr3_ws/src/cbf_safety_filter/config/generated_scenarios_fullpool_candidates/scenario_1170.yaml,good,ok,3000,True,0,4.855550936155861e-06,1.0168247767944463e-05,-8.271405908122018e-06,-1.6792515553934367e-05,-4.095585787335099e-05,7.331027468373057e-09,0.02
scenario_1171,/home/simon/davide_fr3_ws/src/cbf_safety_filter/data/rollouts/fullpool_candidates_seed20260520_n1500/scenario_1171_offline_rollout.npz,/home/simon/davide_fr3_ws/src/cbf_safety_filter/config/generated_scenarios_fullpool_candidates/scenario_1171.yaml,good,ok,3000,True,0,0.023481277850569367,0.05584192470563355,-0.00951608022720581,-0.12652917834291585,-0.02698734762680699,4.531866312160639e-05,0.02
scenario_1172,/home/simon/davide_fr3_ws/src/cbf_safety_filter/data/rollouts/fullpool_candidates_seed20260520_n1500/scenario_1172_offline_rollout.npz,/home/simon/davide_fr3_ws/src/cbf_safety_filter/config/generated_scenarios_fullpool_candidates/scenario_1172.yaml,good,ok,3000,True,0,0.0010227721575103259,0.0015554195288974362,-0.0030811280993945714,-0.041525359768100706,-0.01269494836918933,0.0018854778500782949,0.02
scenario_1173,/home/simon/davide_fr3_ws/src/cbf_safety_filter/data/rollouts/fullpool_candidates_seed20260520_n1500/scenario_1173_offline_rollout.npz,/home/simon/davide_fr3_ws/src/cbf_safety_filter/config/generated_scenarios_fullpool_candidates/scenario_1173.yaml,bad_qp,final_qp_solved_false,3000,False,2953,0.012520961739413087,0.018041479210011153,0.012520961739413087,-0.12329982157469649,0.053600006056452126,0.6563187151010088,0.02
scenario_1174,/home/simon/davide_fr3_ws/src/cbf_safety_filter/data/rollouts/fullpool_candidates_seed20260520_n1500/scenario_1174_offline_rollout.npz,/home/simon/davide_fr3_ws/src/cbf_safety_filter/config/generated_scenarios_fullpool_candidates/scenario_1174.yaml,good,ok,3000,True,0,0.0501781414370974,0.10101469883799145,0.03861540361760375,0.05758016816405752,0.09388027376174157,0.0004721331690921036,0.02
scenario_1175,/home/simon/davide_fr3_ws/src/cbf_safety_filter/data/rollouts/fullpool_candidates_seed20260520_n1500/scenario_1175_offline_rollout.npz,/home/simon/davide_fr3_ws/src/cbf_safety_filter/config/generated_scenarios_fullpool_candidates/scenario_1175.yaml,good,ok,3000,True,0,0.0018511237858251789,0.00036568390029960733,-0.00015552003305178974,-0.04870406981017275,-0.00042775551602547424,9.3129803500044e-05,0.02
scenario_1176,/home/simon/davide_fr3_ws/src/cbf_safety_filter/data/rollouts/fullpool_candidates_seed20260520_n1500/scenario_1176_offline_rollout.npz,/home/simon/davide_fr3_ws/src/cbf_safety_filter/config/generated_scenarios_fullpool_candidates/scenario_1176.yaml,good,ok,3000,True,0,0.027990287250960654,0.01930503625298484,0.000568510816320273,-0.060235353051447504,0.0017968284294827552,0.003427522975327576,0.02
scenario_1177,/home/simon/davide_fr3_ws/src/cbf_safety_filter/data/rollouts/fullpool_candidates_seed20260520_n1500/scenario_1177_offline_rollout.npz,/home/simon/davide_fr3_ws/src/cbf_safety_filter/config/generated_scenarios_fullpool_candidates/scenario_1177.yaml,good,ok,3000,True,0,0.052808954119379525,0.06192782739039715,0.015518176935527156,-0.22288975497184826,0.06166262137321446,0.0006061158611697801,0.02
scenario_1178,/home/simon/davide_fr3_ws/src/cbf_safety_filter/data/rollouts/fullpool_candidates_seed20260520_n1500/scenario_1178_offline_rollout.npz,/home/simon/davide_fr3_ws/src/cbf_safety_filter/config/generated_scenarios_fullpool_candidates/scenario_1178.yaml,good,ok,3000,True,0,0.03491396896140221,0.06966698814000322,0.02625235775498479,0.0532089143782576,0.06468008363434588,1.8685904005664958e-08,0.02
scenario_1179,/home/simon/davide_fr3_ws/src/cbf_safety_filter/data/rollouts/fullpool_candidates_seed20260520_n1500/scenario_1179_offline_rollout.npz,/home/simon/davide_fr3_ws/src/cbf_safety_filter/config/generated_scenarios_fullpool_candidates/scenario_1179.yaml,good,ok,3000,True,0,0.0005380189908492476,0.0004252417508459024,-0.00041234910429580746,-0.006166963965182907,-0.001546384825972441,0.0004398025287478321,0.02
scenario_1180,/home/simon/davide_fr3_ws/src/cbf_safety_filter/data/rollouts/fullpool_candidates_seed20260520_n1500/scenario_1180_offline_rollout.npz,/home/simon/davide_fr3_ws/src/cbf_safety_filter/config/generated_scenarios_fullpool_candidates/scenario_1180.yaml,good,ok,3000,True,0,0.00015260688135820474,0.0006317922660682125,-0.0007754510597434427,-0.03841403654107059,-0.0019500848110958757,0.0005556893630719695,0.02
scenario_1181,/home/simon/davide_fr3_ws/src/cbf_safety_filter/data/rollouts/fullpool_candidates_seed20260520_n1500/scenario_1181_offline_rollout.npz,/home/simon/davide_fr3_ws/src/cbf_safety_filter/config/generated_scenarios_fullpool_candidates/scenario_1181.yaml,good,ok,3000,True,0,0.05531812025345804,0.09912729197771089,0.000293746948254521,-0.13638424063952753,0.0007194048208006287,0.0006852908280789817,0.02
scenario_1182,/home/simon/davide_fr3_ws/src/cbf_safety_filter/data/rollouts/fullpool_candidates_seed20260520_n1500/scenario_1182_offline_rollout.npz,/home/simon/davide_fr3_ws/src/cbf_safety_filter/config/generated_scenarios_fullpool_candidates/scenario_1182.yaml,good,ok,3000,True,0,0.05988129921009342,0.11978123865842674,0.007614247485477222,-0.1888007491296212,0.027000800921798518,0.00427558441254317,0.02
scenario_1183,/home/simon/davide_fr3_ws/src/cbf_safety_filter/data/rollouts/fullpool_candidates_seed20260520_n1500/scenario_1183_offline_rollout.npz,/home/simon/davide_fr3_ws/src/cbf_safety_filter/config/generated_scenarios_fullpool_candidates/scenario_1183.yaml,good,ok,3000,True,0,0.025256912723256413,0.054432080502746075,0.006825007262408006,-0.03923268175378175,0.03216794695175984,0.0019629473071814487,0.02
scenario_1184,/home/simon/davide_fr3_ws/src/cbf_safety_filter/data/rollouts/fullpool_candidates_seed20260520_n1500/scenario_1184_offline_rollout.npz,/home/simon/davide_fr3_ws/src/cbf_safety_filter/config/generated_scenarios_fullpool_candidates/scenario_1184.yaml,good,ok,3000,True,0,0.01547809950336433,0.024766702144426153,-0.00017127575128991074,-0.07136933106857785,-0.0009566159183620748,0.0013843452769153359,0.02
scenario_1185,/home/simon/davide_fr3_ws/src/cbf_safety_filter/data/rollouts/fullpool_candidates_seed20260520_n1500/scenario_1185_offline_rollout.npz,/home/simon/davide_fr3_ws/src/cbf_safety_filter/config/generated_scenarios_fullpool_candidates/scenario_1185.yaml,good,ok,3000,True,0,0.01618824083520136,0.030740185468986245,-0.00024599345682927223,-0.01660885107469995,-0.0007909527359195867,2.1183408987926005e-05,0.02
scenario_1186,/home/simon/davide_fr3_ws/src/cbf_safety_filter/data/rollouts/fullpool_candidates_seed20260520_n1500/scenario_1186_offline_rollout.npz,/home/simon/davide_fr3_ws/src/cbf_safety_filter/config/generated_scenarios_fullpool_candidates/scenario_1186.yaml,good,ok,3000,True,0,0.01879648265118259,0.037587418070175536,0.01879648265118259,0.037587418070175536,0.04344546341231245,4.945425734259438e-08,0.02
scenario_1187,/home/simon/davide_fr3_ws/src/cbf_safety_filter/data/rollouts/fullpool_candidates_seed20260520_n1500/scenario_1187_offline_rollout.npz,/home/simon/davide_fr3_ws/src/cbf_safety_filter/config/generated_scenarios_fullpool_candidates/scenario_1187.yaml,good,ok,3000,True,0,0.004760352900560025,0.009633979318966633,-0.0005214908723453066,-0.00230398350931052,-0.0015416942124485133,3.3014100139219605e-07,0.02
scenario_1188,/home/simon/davide_fr3_ws/src/cbf_safety_filter/data/rollouts/fullpool_candidates_seed20260520_n1500/scenario_1188_offline_rollout.npz,/home/simon/davide_fr3_ws/src/cbf_safety_filter/config/generated_scenarios_fullpool_candidates/scenario_1188.yaml,good,ok,3000,True,0,0.03550908543661038,0.06866718138767335,0.018805028365115953,0.03542945060995315,0.04048569932793414,0.0024219069577466677,0.02
scenario_1189,/home/simon/davide_fr3_ws/src/cbf_safety_filter/data/rollouts/fullpool_candidates_seed20260520_n1500/scenario_1189_offline_rollout.npz,/home/simon/davide_fr3_ws/src/cbf_safety_filter/config/generated_scenarios_fullpool_candidates/scenario_1189.yaml,good,ok,3000,True,0,0.05250122026113488,0.1070616327901892,2.660234300833758e-05,-0.029216386304977915,7.808645189186225e-05,3.933952423133866e-05,0.02
scenario_1190,/home/simon/davide_fr3_ws/src/cbf_safety_filter/data/rollouts/fullpool_candidates_seed20260520_n1500/scenario_1190_offline_rollout.npz,/home/simon/davide_fr3_ws/src/cbf_safety_filter/config/generated_scenarios_fullpool_candidates/scenario_1190.yaml,good,ok,3000,True,0,0.05973120343672326,0.09818598711248339,0.00482637708903999,0.012563436442858834,0.01737512354404447,0.002003059234922157,0.02
scenario_1191,/home/simon/davide_fr3_ws/src/cbf_safety_filter/data/rollouts/fullpool_candidates_seed20260520_n1500/scenario_1191_offline_rollout.npz,/home/simon/davide_fr3_ws/src/cbf_safety_filter/config/generated_scenarios_fullpool_candidates/scenario_1191.yaml,good,ok,3000,True,0,0.04702324037581906,0.05682787297701397,0.0003651773819629209,-0.18364016923340104,0.001137844564446766,0.015186535429433152,0.02
scenario_1192,/home/simon/davide_fr3_ws/src/cbf_safety_filter/data/rollouts/fullpool_candidates_seed20260520_n1500/scenario_1192_offline_rollout.npz,/home/simon/davide_fr3_ws/src/cbf_safety_filter/config/generated_scenarios_fullpool_candidates/scenario_1192.yaml,good,ok,3000,True,0,0.06567091875152803,0.152671131902767,0.016799752231876738,-0.3378896879974034,0.06424143833828405,0.0035776202777231198,0.02
scenario_1193,/home/simon/davide_fr3_ws/src/cbf_safety_filter/data/rollouts/fullpool_candidates_seed20260520_n1500/scenario_1193_offline_rollout.npz,/home/simon/davide_fr3_ws/src/cbf_safety_filter/config/generated_scenarios_fullpool_candidates/scenario_1193.yaml,good,ok,3000,True,0,0.046302478804344446,0.09265730434824605,0.0120088368767109,0.0040846707551152085,0.04093849609443928,0.00016102086812929778,0.02
scenario_1194,/home/simon/davide_fr3_ws/src/cbf_safety_filter/data/rollouts/fullpool_candidates_seed20260520_n1500/scenario_1194_offline_rollout.npz,/home/simon/davide_fr3_ws/src/cbf_safety_filter/config/generated_scenarios_fullpool_candidates/scenario_1194.yaml,good,ok,3000,True,0,0.0121348221541709,0.020029998470820314,4.2725480819408995e-05,-0.007823887912930975,0.0001350640054833263,0.0008868344248289824,0.02
scenario_1195,/home/simon/davide_fr3_ws/src/cbf_safety_filter/data/rollouts/fullpool_candidates_seed20260520_n1500/scenario_1195_offline_rollout.npz,/home/simon/davide_fr3_ws/src/cbf_safety_filter/config/generated_scenarios_fullpool_candidates/scenario_1195.yaml,good,ok,3000,True,0,0.018446613287937102,0.03661796930017751,0.018446613287937102,0.03661796930017751,0.04855009518769671,6.127143214174719e-09,0.02
scenario_1196,/home/simon/davide_fr3_ws/src/cbf_safety_filter/data/rollouts/fullpool_candidates_seed20260520_n1500/scenario_1196_offline_rollout.npz,/home/simon/davide_fr3_ws/src/cbf_safety_filter/config/generated_scenarios_fullpool_candidates/scenario_1196.yaml,good,ok,3000,True,0,0.003310364862830333,0.006599462598131626,0.003310364862830333,0.006599462598131626,0.012992400317681715,2.006255727775834e-07,0.02
scenario_1197,/home/simon/davide_fr3_ws/src/cbf_safety_filter/data/rollouts/fullpool_candidates_seed20260520_n1500/scenario_1197_offline_rollout.npz,/home/simon/davide_fr3_ws/src/cbf_safety_filter/config/generated_scenarios_fullpool_candidates/scenario_1197.yaml,good,ok,3000,True,0,0.020893335084039073,0.04178147030570866,0.020893335084039073,0.04178147030570866,0.05050319921112478,7.306307751833509e-08,0.02
scenario_1198,/home/simon/davide_fr3_ws/src/cbf_safety_filter/data/rollouts/fullpool_candidates_seed20260520_n1500/scenario_1198_offline_rollout.npz,/home/simon/davide_fr3_ws/src/cbf_safety_filter/config/generated_scenarios_fullpool_candidates/scenario_1198.yaml,good,ok,3000,True,0,0.013685561968961672,0.025762268489771957,0.0001527543781202345,-0.007867713787999584,0.0005967044710043778,0.0023208170958290693,0.02
scenario_1199,/home/simon/davide_fr3_ws/src/cbf_safety_filter/data/rollouts/fullpool_candidates_seed20260520_n1500/scenario_1199_offline_rollout.npz,/home/simon/davide_fr3_ws/src/cbf_safety_filter/config/generated_scenarios_fullpool_candidates/scenario_1199.yaml,good,ok,3000,True,0,0.021977454097461543,0.044018622780529496,-4.042514675308209e-05,-0.00040541868870580706,-0.00013374018912457042,0.00044519727170566604,0.02
scenario_1200,/home/simon/davide_fr3_ws/src/cbf_safety_filter/data/rollouts/fullpool_candidates_seed20260520_n1500/scenario_1200_offline_rollout.npz,/home/simon/davide_fr3_ws/src/cbf_safety_filter/config/generated_scenarios_fullpool_candidates/scenario_1200.yaml,good,ok,3000,True,0,0.042579907340471415,0.039988936693883564,0.008077022041773747,-0.004060077616687984,0.037992904993753546,0.00017942400512225984,0.02
scenario_1201,/home/simon/davide_fr3_ws/src/cbf_safety_filter/data/rollouts/fullpool_candidates_seed20260520_n1500/scenario_1201_offline_rollout.npz,/home/simon/davide_fr3_ws/src/cbf_safety_filter/config/generated_scenarios_fullpool_candidates/scenario_1201.yaml,bad_qp,final_qp_solved_false,3000,False,2894,0.003482820899048387,0.006421900388696087,0.001985239998759528,-0.06056439428936398,0.010425295612009666,0.21253322537491934,0.02
scenario_1202,/home/simon/davide_fr3_ws/src/cbf_safety_filter/data/rollouts/fullpool_candidates_seed20260520_n1500/scenario_1202_offline_rollout.npz,/home/simon/davide_fr3_ws/src/cbf_safety_filter/config/generated_scenarios_fullpool_candidates/scenario_1202.yaml,bad_safety,final_min_psi_negative,3000,True,0,0.0045677405182448436,-0.10437347446605699,-0.00200621537579386,-0.13478838700705653,-0.0119373032479268,0.06955784251517375,0.02
scenario_1203,/home/simon/davide_fr3_ws/src/cbf_safety_filter/data/rollouts/fullpool_candidates_seed20260520_n1500/scenario_1203_offline_rollout.npz,/home/simon/davide_fr3_ws/src/cbf_safety_filter/config/generated_scenarios_fullpool_candidates/scenario_1203.yaml,good,ok,3000,True,0,0.002862440304793285,0.00596733349753587,-5.568011900602965e-06,-1.113759816052789e-05,-1.613991999310782e-05,7.323334215869158e-08,0.02
scenario_1204,/home/simon/davide_fr3_ws/src/cbf_safety_filter/data/rollouts/fullpool_candidates_seed20260520_n1500/scenario_1204_offline_rollout.npz,/home/simon/davide_fr3_ws/src/cbf_safety_filter/config/generated_scenarios_fullpool_candidates/scenario_1204.yaml,good,ok,3000,True,0,2.750552539987003e-06,1.1234673026996189e-05,-0.0002773354381041069,-0.002048758969894756,-0.0013810220575045523,1.1145736042341454e-06,0.02
scenario_1205,/home/simon/davide_fr3_ws/src/cbf_safety_filter/data/rollouts/fullpool_candidates_seed20260520_n1500/scenario_1205_offline_rollout.npz,/home/simon/davide_fr3_ws/src/cbf_safety_filter/config/generated_scenarios_fullpool_candidates/scenario_1205.yaml,bad_goal,final_dist_to_goal_above_tol,3000,True,0,2.099972066668676e-05,4.554958635440667e-05,1.126161340216092e-05,6.813380654542247e-06,3.5998457523056526e-05,0.03273266679071634,0.02
scenario_1206,/home/simon/davide_fr3_ws/src/cbf_safety_filter/data/rollouts/fullpool_candidates_seed20260520_n1500/scenario_1206_offline_rollout.npz,/home/simon/davide_fr3_ws/src/cbf_safety_filter/config/generated_scenarios_fullpool_candidates/scenario_1206.yaml,good,ok,3000,True,0,0.012269428742397687,0.02209946885476015,-0.01926781007555852,-0.324873033662488,-0.05957411200055737,0.004934140933953861,0.02
scenario_1207,/home/simon/davide_fr3_ws/src/cbf_safety_filter/data/rollouts/fullpool_candidates_seed20260520_n1500/scenario_1207_offline_rollout.npz,/home/simon/davide_fr3_ws/src/cbf_safety_filter/config/generated_scenarios_fullpool_candidates/scenario_1207.yaml,good,ok,3000,True,0,0.04575335919905277,0.0874546133360468,0.034378609563319666,-0.009448839503446355,0.07715846946927066,0.000883359554458635,0.02
scenario_1208,/home/simon/davide_fr3_ws/src/cbf_safety_filter/data/rollouts/fullpool_candidates_seed20260520_n1500/scenario_1208_offline_rollout.npz,/home/simon/davide_fr3_ws/src/cbf_safety_filter/config/generated_scenarios_fullpool_candidates/scenario_1208.yaml,good,ok,3000,True,0,0.046688301272836706,0.07700607234909765,-0.002798794975297024,-0.3295961151233202,-0.010876564628708008,0.000859444474665874,0.02
scenario_1209,/home/simon/davide_fr3_ws/src/cbf_safety_filter/data/rollouts/fullpool_candidates_seed20260520_n1500/scenario_1209_offline_rollout.npz,/home/simon/davide_fr3_ws/src/cbf_safety_filter/config/generated_scenarios_fullpool_candidates/scenario_1209.yaml,good,ok,3000,True,0,0.05089530432787919,0.09004770780020503,0.006965603905361512,-0.17431650015606676,0.03019023224390277,0.00906325321743862,0.02
scenario_1210,/home/simon/davide_fr3_ws/src/cbf_safety_filter/data/rollouts/fullpool_candidates_seed20260520_n1500/scenario_1210_offline_rollout.npz,/home/simon/davide_fr3_ws/src/cbf_safety_filter/config/generated_scenarios_fullpool_candidates/scenario_1210.yaml,good,ok,3000,True,0,0.008204104885758954,0.01350518345752821,1.6329539272025295e-06,-0.08608175439345875,5.160958570504803e-06,1.6525672694099909e-06,0.02
scenario_1211,/home/simon/davide_fr3_ws/src/cbf_safety_filter/data/rollouts/fullpool_candidates_seed20260520_n1500/scenario_1211_offline_rollout.npz,/home/simon/davide_fr3_ws/src/cbf_safety_filter/config/generated_scenarios_fullpool_candidates/scenario_1211.yaml,bad_safety,final_min_psi_negative,3000,True,0,0.014277324584022389,-0.023171461958314044,0.0004162962708093021,-0.04383060433701219,0.0016222144745407507,0.002341435341049724,0.02
scenario_1212,/home/simon/davide_fr3_ws/src/cbf_safety_filter/data/rollouts/fullpool_candidates_seed20260520_n1500/scenario_1212_offline_rollout.npz,/home/simon/davide_fr3_ws/src/cbf_safety_filter/config/generated_scenarios_fullpool_candidates/scenario_1212.yaml,bad_safety,final_min_psi_negative,3000,True,0,0.004263396203712015,-5.5725297229776774e-05,0.0035397804665009552,-0.050693641493150726,0.008080210835701318,0.00027821745041325165,0.02
scenario_1213,/home/simon/davide_fr3_ws/src/cbf_safety_filter/data/rollouts/fullpool_candidates_seed20260520_n1500/scenario_1213_offline_rollout.npz,/home/simon/davide_fr3_ws/src/cbf_safety_filter/config/generated_scenarios_fullpool_candidates/scenario_1213.yaml,bad_safety,final_min_h_negative,3000,True,0,-0.0019020118670940792,-0.002256437055665288,-0.004791997387376033,-0.06005863339713638,-0.016702840101562588,0.0016489836466724976,0.02
scenario_1214,/home/simon/davide_fr3_ws/src/cbf_safety_filter/data/rollouts/fullpool_candidates_seed20260520_n1500/scenario_1214_offline_rollout.npz,/home/simon/davide_fr3_ws/src/cbf_safety_filter/config/generated_scenarios_fullpool_candidates/scenario_1214.yaml,good,ok,3000,True,0,0.027932310732765704,0.05569791013701157,0.027932310732765704,0.05569791013701157,0.061629506336716794,2.1049858198136782e-07,0.02
scenario_1215,/home/simon/davide_fr3_ws/src/cbf_safety_filter/data/rollouts/fullpool_candidates_seed20260520_n1500/scenario_1215_offline_rollout.npz,/home/simon/davide_fr3_ws/src/cbf_safety_filter/config/generated_scenarios_fullpool_candidates/scenario_1215.yaml,good,ok,3000,True,0,0.009107666958090658,0.01813131728095305,0.009107666958090658,0.01813131728095305,0.0342805219289847,4.7652099862345416e-07,0.02
scenario_1216,/home/simon/davide_fr3_ws/src/cbf_safety_filter/data/rollouts/fullpool_candidates_seed20260520_n1500/scenario_1216_offline_rollout.npz,/home/simon/davide_fr3_ws/src/cbf_safety_filter/config/generated_scenarios_fullpool_candidates/scenario_1216.yaml,good,ok,3000,True,0,0.02269432481597153,0.038389002434141936,0.021660409870151498,0.0036523646911755525,0.052105215568510777,0.00034948619425560496,0.02
scenario_1217,/home/simon/davide_fr3_ws/src/cbf_safety_filter/data/rollouts/fullpool_candidates_seed20260520_n1500/scenario_1217_offline_rollout.npz,/home/simon/davide_fr3_ws/src/cbf_safety_filter/config/generated_scenarios_fullpool_candidates/scenario_1217.yaml,good,ok,3000,True,0,0.033929810665109195,0.06750949272064447,0.0003176016045310301,-0.37248890808425306,0.0014890665036763895,0.003948262460475586,0.02
scenario_1218,/home/simon/davide_fr3_ws/src/cbf_safety_filter/data/rollouts/fullpool_candidates_seed20260520_n1500/scenario_1218_offline_rollout.npz,/home/simon/davide_fr3_ws/src/cbf_safety_filter/config/generated_scenarios_fullpool_candidates/scenario_1218.yaml,good,ok,3000,True,0,0.017048194446999065,0.034104492132016134,0.01670404199268899,0.0334072242719308,0.055542645070429414,2.3320228498968064e-10,0.02
scenario_1219,/home/simon/davide_fr3_ws/src/cbf_safety_filter/data/rollouts/fullpool_candidates_seed20260520_n1500/scenario_1219_offline_rollout.npz,/home/simon/davide_fr3_ws/src/cbf_safety_filter/config/generated_scenarios_fullpool_candidates/scenario_1219.yaml,good,ok,3000,True,0,0.01270822621722962,0.023483267429296715,0.01270822621722962,0.023483267429296715,0.03759517125734699,1.7712933342100532e-05,0.02
scenario_1220,/home/simon/davide_fr3_ws/src/cbf_safety_filter/data/rollouts/fullpool_candidates_seed20260520_n1500/scenario_1220_offline_rollout.npz,/home/simon/davide_fr3_ws/src/cbf_safety_filter/config/generated_scenarios_fullpool_candidates/scenario_1220.yaml,good,ok,3000,True,0,0.014073932814860222,0.012697978565292277,-0.0017858953888003522,-0.024442333262663873,-0.006680758860406005,0.0038235419767715813,0.02
scenario_1221,/home/simon/davide_fr3_ws/src/cbf_safety_filter/data/rollouts/fullpool_candidates_seed20260520_n1500/scenario_1221_offline_rollout.npz,/home/simon/davide_fr3_ws/src/cbf_safety_filter/config/generated_scenarios_fullpool_candidates/scenario_1221.yaml,bad_safety,final_min_psi_negative,3000,True,0,0.011241246704853033,-0.015720361933260624,0.0010180423961419494,-0.09608659452551374,0.0024226263232168532,0.004371578760102587,0.02
scenario_1222,/home/simon/davide_fr3_ws/src/cbf_safety_filter/data/rollouts/fullpool_candidates_seed20260520_n1500/scenario_1222_offline_rollout.npz,/home/simon/davide_fr3_ws/src/cbf_safety_filter/config/generated_scenarios_fullpool_candidates/scenario_1222.yaml,good,ok,3000,True,0,0.07582985356869719,0.1252629469762056,0.0010240699843229485,-0.11924011468697154,0.0042208652713265765,0.002664575339285522,0.02
scenario_1223,/home/simon/davide_fr3_ws/src/cbf_safety_filter/data/rollouts/fullpool_candidates_seed20260520_n1500/scenario_1223_offline_rollout.npz,/home/simon/davide_fr3_ws/src/cbf_safety_filter/config/generated_scenarios_fullpool_candidates/scenario_1223.yaml,good,ok,3000,True,0,0.028758890000000013,0.020468125220217917,6.781507284869814e-05,-0.009559717053593965,0.00018519337776373712,0.001271336980329383,0.02
scenario_1224,/home/simon/davide_fr3_ws/src/cbf_safety_filter/data/rollouts/fullpool_candidates_seed20260520_n1500/scenario_1224_offline_rollout.npz,/home/simon/davide_fr3_ws/src/cbf_safety_filter/config/generated_scenarios_fullpool_candidates/scenario_1224.yaml,good,ok,3000,True,0,0.03401056204599234,0.06858703183305932,-0.003937114440728579,-0.062083546958898846,-0.015839673602763463,5.313626454690737e-06,0.02
scenario_1225,/home/simon/davide_fr3_ws/src/cbf_safety_filter/data/rollouts/fullpool_candidates_seed20260520_n1500/scenario_1225_offline_rollout.npz,/home/simon/davide_fr3_ws/src/cbf_safety_filter/config/generated_scenarios_fullpool_candidates/scenario_1225.yaml,bad_safety,final_min_h_negative,3000,True,0,-0.001628048006078256,-0.0041677419456751,-0.009818067502364115,-0.04922735510140012,-0.02576697239072942,0.0023113744411020916,0.02
scenario_1226,/home/simon/davide_fr3_ws/src/cbf_safety_filter/data/rollouts/fullpool_candidates_seed20260520_n1500/scenario_1226_offline_rollout.npz,/home/simon/davide_fr3_ws/src/cbf_safety_filter/config/generated_scenarios_fullpool_candidates/scenario_1226.yaml,good,ok,3000,True,0,0.016771968129148367,0.03081293678980987,0.016771968129148367,0.02869612949619431,0.04270844753740807,0.0011693661350407375,0.02
scenario_1227,/home/simon/davide_fr3_ws/src/cbf_safety_filter/data/rollouts/fullpool_candidates_seed20260520_n1500/scenario_1227_offline_rollout.npz,/home/simon/davide_fr3_ws/src/cbf_safety_filter/config/generated_scenarios_fullpool_candidates/scenario_1227.yaml,good,ok,3000,True,0,0.025393916538614884,0.002401543606612766,0.0017792732917374862,-0.03679359399860063,0.0049513472136220316,0.0023852462913171086,0.02
scenario_1228,/home/simon/davide_fr3_ws/src/cbf_safety_filter/data/rollouts/fullpool_candidates_seed20260520_n1500/scenario_1228_offline_rollout.npz,/home/simon/davide_fr3_ws/src/cbf_safety_filter/config/generated_scenarios_fullpool_candidates/scenario_1228.yaml,bad_goal,final_dist_to_goal_above_tol,3000,True,0,0.011404030573352125,0.016141375964308955,-0.00010694615983607159,-0.04125301062422912,-0.00032778199900473926,0.026341973845401587,0.02
scenario_1229,/home/simon/davide_fr3_ws/src/cbf_safety_filter/data/rollouts/fullpool_candidates_seed20260520_n1500/scenario_1229_offline_rollout.npz,/home/simon/davide_fr3_ws/src/cbf_safety_filter/config/generated_scenarios_fullpool_candidates/scenario_1229.yaml,good,ok,3000,True,0,0.01910588641613816,0.04369953483793482,-0.0007762780460807903,-0.11668681362613523,-0.002450765340968941,0.018009471079332273,0.02
scenario_1230,/home/simon/davide_fr3_ws/src/cbf_safety_filter/data/rollouts/fullpool_candidates_seed20260520_n1500/scenario_1230_offline_rollout.npz,/home/simon/davide_fr3_ws/src/cbf_safety_filter/config/generated_scenarios_fullpool_candidates/scenario_1230.yaml,good,ok,3000,True,0,0.022917586204057976,0.03172003742530064,-0.00046808869367581316,-0.1070538246332901,-0.001425471995407851,5.420986297531548e-05,0.02
scenario_1231,/home/simon/davide_fr3_ws/src/cbf_safety_filter/data/rollouts/fullpool_candidates_seed20260520_n1500/scenario_1231_offline_rollout.npz,/home/simon/davide_fr3_ws/src/cbf_safety_filter/config/generated_scenarios_fullpool_candidates/scenario_1231.yaml,bad_qp,final_qp_solved_false,3000,False,2927,-0.0008055690380848381,-0.008850423890272505,-0.0008055690380848381,-0.04659743200543054,-0.00459255909515166,0.38421129255867315,0.02
scenario_1232,/home/simon/davide_fr3_ws/src/cbf_safety_filter/data/rollouts/fullpool_candidates_seed20260520_n1500/scenario_1232_offline_rollout.npz,/home/simon/davide_fr3_ws/src/cbf_safety_filter/config/generated_scenarios_fullpool_candidates/scenario_1232.yaml,good,ok,3000,True,0,0.023884188961628135,0.033596250998232935,0.023884188961628135,-0.002250243358640519,0.059334512279191676,0.0011125613618228542,0.02
scenario_1233,/home/simon/davide_fr3_ws/src/cbf_safety_filter/data/rollouts/fullpool_candidates_seed20260520_n1500/scenario_1233_offline_rollout.npz,/home/simon/davide_fr3_ws/src/cbf_safety_filter/config/generated_scenarios_fullpool_candidates/scenario_1233.yaml,bad_goal,final_dist_to_goal_above_tol,3000,True,0,0.010074933447449605,0.020369590978255032,-0.004399741463329531,-0.3202921715588184,-0.019122900415917438,0.04728318105148808,0.02
scenario_1234,/home/simon/davide_fr3_ws/src/cbf_safety_filter/data/rollouts/fullpool_candidates_seed20260520_n1500/scenario_1234_offline_rollout.npz,/home/simon/davide_fr3_ws/src/cbf_safety_filter/config/generated_scenarios_fullpool_candidates/scenario_1234.yaml,good,ok,3000,True,0,0.015895608204716402,0.06064723660451634,0.0026510292507206205,-0.06876010760492501,0.007503545560281655,0.00029473101704568074,0.02
scenario_1235,/home/simon/davide_fr3_ws/src/cbf_safety_filter/data/rollouts/fullpool_candidates_seed20260520_n1500/scenario_1235_offline_rollout.npz,/home/simon/davide_fr3_ws/src/cbf_safety_filter/config/generated_scenarios_fullpool_candidates/scenario_1235.yaml,good,ok,3000,True,0,0.012176028962777571,0.029190373786251264,-0.002520127723604857,-0.26009653423215345,-0.0073637068124262905,0.0003212921307207322,0.02
scenario_1236,/home/simon/davide_fr3_ws/src/cbf_safety_filter/data/rollouts/fullpool_candidates_seed20260520_n1500/scenario_1236_offline_rollout.npz,/home/simon/davide_fr3_ws/src/cbf_safety_filter/config/generated_scenarios_fullpool_candidates/scenario_1236.yaml,good,ok,3000,True,0,5.189662508967019e-06,1.0645362797639116e-05,-1.1760227701385073e-08,-0.006576824596779203,-5.2407444064983544e-08,1.118913936696925e-08,0.02
scenario_1237,/home/simon/davide_fr3_ws/src/cbf_safety_filter/data/rollouts/fullpool_candidates_seed20260520_n1500/scenario_1237_offline_rollout.npz,/home/simon/davide_fr3_ws/src/cbf_safety_filter/config/generated_scenarios_fullpool_candidates/scenario_1237.yaml,good,ok,3000,True,0,0.04693831517099337,0.09370960147378779,0.03759733703829636,-0.14472028610583776,0.11302498125756044,0.003675737195024567,0.02
scenario_1238,/home/simon/davide_fr3_ws/src/cbf_safety_filter/data/rollouts/fullpool_candidates_seed20260520_n1500/scenario_1238_offline_rollout.npz,/home/simon/davide_fr3_ws/src/cbf_safety_filter/config/generated_scenarios_fullpool_candidates/scenario_1238.yaml,good,ok,3000,True,0,0.054428002437100845,0.1091099803984071,0.03602181313839076,0.07277674975875022,0.08188850710292078,6.903739740344688e-08,0.02
scenario_1239,/home/simon/davide_fr3_ws/src/cbf_safety_filter/data/rollouts/fullpool_candidates_seed20260520_n1500/scenario_1239_offline_rollout.npz,/home/simon/davide_fr3_ws/src/cbf_safety_filter/config/generated_scenarios_fullpool_candidates/scenario_1239.yaml,good,ok,3000,True,0,0.047381018049603145,0.095817909408698,0.03739506778768639,0.07248524229124723,0.08941573589453905,0.00011394201174327107,0.02
scenario_1240,/home/simon/davide_fr3_ws/src/cbf_safety_filter/data/rollouts/fullpool_candidates_seed20260520_n1500/scenario_1240_offline_rollout.npz,/home/simon/davide_fr3_ws/src/cbf_safety_filter/config/generated_scenarios_fullpool_candidates/scenario_1240.yaml,good,ok,3000,True,0,0.021723892377698215,0.04830256020797541,-0.0037386030733888784,-0.021506565828348936,-0.01207866015056508,4.933643918974719e-05,0.02
scenario_1241,/home/simon/davide_fr3_ws/src/cbf_safety_filter/data/rollouts/fullpool_candidates_seed20260520_n1500/scenario_1241_offline_rollout.npz,/home/simon/davide_fr3_ws/src/cbf_safety_filter/config/generated_scenarios_fullpool_candidates/scenario_1241.yaml,good,ok,3000,True,0,0.030957423655303268,0.09239138282716232,-0.01491535739320285,-0.3351161565631407,-0.043237636877857616,0.0012050140819798035,0.02
scenario_1242,/home/simon/davide_fr3_ws/src/cbf_safety_filter/data/rollouts/fullpool_candidates_seed20260520_n1500/scenario_1242_offline_rollout.npz,/home/simon/davide_fr3_ws/src/cbf_safety_filter/config/generated_scenarios_fullpool_candidates/scenario_1242.yaml,good,ok,3000,True,0,0.03253659760110446,0.018927132194925367,0.005309198730740681,-0.1729278983178889,0.025798094676642597,0.0012797466816317296,0.02
scenario_1243,/home/simon/davide_fr3_ws/src/cbf_safety_filter/data/rollouts/fullpool_candidates_seed20260520_n1500/scenario_1243_offline_rollout.npz,/home/simon/davide_fr3_ws/src/cbf_safety_filter/config/generated_scenarios_fullpool_candidates/scenario_1243.yaml,good,ok,3000,True,0,0.048983409601621654,0.07274701828210925,0.03543588938833443,0.06591486256845888,0.11798794144381958,0.015590886361014324,0.02
scenario_1244,/home/simon/davide_fr3_ws/src/cbf_safety_filter/data/rollouts/fullpool_candidates_seed20260520_n1500/scenario_1244_offline_rollout.npz,/home/simon/davide_fr3_ws/src/cbf_safety_filter/config/generated_scenarios_fullpool_candidates/scenario_1244.yaml,good,ok,3000,True,0,0.037064335847222796,0.08540470032047937,0.013284063451508865,0.0004930266136315212,0.048140962264203,0.0003493460206075857,0.02
scenario_1245,/home/simon/davide_fr3_ws/src/cbf_safety_filter/data/rollouts/fullpool_candidates_seed20260520_n1500/scenario_1245_offline_rollout.npz,/home/simon/davide_fr3_ws/src/cbf_safety_filter/config/generated_scenarios_fullpool_candidates/scenario_1245.yaml,good,ok,3000,True,0,0.03452312430641505,0.013992186127541759,-0.0007034214856275617,-0.16149752078139643,-0.0024810385948841607,0.002848199282607253,0.02
scenario_1246,/home/simon/davide_fr3_ws/src/cbf_safety_filter/data/rollouts/fullpool_candidates_seed20260520_n1500/scenario_1246_offline_rollout.npz,/home/simon/davide_fr3_ws/src/cbf_safety_filter/config/generated_scenarios_fullpool_candidates/scenario_1246.yaml,good,ok,3000,True,0,0.02966873557072238,0.057032584559378915,0.013925574785268638,-0.1971965486761214,0.049834792146947596,0.004225704343677436,0.02
scenario_1247,/home/simon/davide_fr3_ws/src/cbf_safety_filter/data/rollouts/fullpool_candidates_seed20260520_n1500/scenario_1247_offline_rollout.npz,/home/simon/davide_fr3_ws/src/cbf_safety_filter/config/generated_scenarios_fullpool_candidates/scenario_1247.yaml,bad_goal,final_dist_to_goal_above_tol,3000,True,0,0.014443545648517082,0.023002555690702177,-0.00010157682874194218,-0.02492795035963788,-0.0003583694764750234,0.04454428917134347,0.02
scenario_1248,/home/simon/davide_fr3_ws/src/cbf_safety_filter/data/rollouts/fullpool_candidates_seed20260520_n1500/scenario_1248_offline_rollout.npz,/home/simon/davide_fr3_ws/src/cbf_safety_filter/config/generated_scenarios_fullpool_candidates/scenario_1248.yaml,good,ok,3000,True,0,0.04873153295030709,0.09087598265685476,-0.004743526709790592,-0.267145353278493,-0.014689931249741467,0.003785846872973408,0.02
scenario_1249,/home/simon/davide_fr3_ws/src/cbf_safety_filter/data/rollouts/fullpool_candidates_seed20260520_n1500/scenario_1249_offline_rollout.npz,/home/simon/davide_fr3_ws/src/cbf_safety_filter/config/generated_scenarios_fullpool_candidates/scenario_1249.yaml,good,ok,3000,True,0,0.01986533957228934,0.015011805386621616,-0.004102626274607321,-0.05420231008081667,-0.013952244839866568,0.00999248693684973,0.02
scenario_1250,/home/simon/davide_fr3_ws/src/cbf_safety_filter/data/rollouts/fullpool_candidates_seed20260520_n1500/scenario_1250_offline_rollout.npz,/home/simon/davide_fr3_ws/src/cbf_safety_filter/config/generated_scenarios_fullpool_candidates/scenario_1250.yaml,bad_qp,final_qp_solved_false,3000,False,2898,0.02727308376328905,0.03331902646046068,0.010899843279172823,0.015301321150071344,0.0355142905226454,0.22816628728819638,0.02
scenario_1251,/home/simon/davide_fr3_ws/src/cbf_safety_filter/data/rollouts/fullpool_candidates_seed20260520_n1500/scenario_1251_offline_rollout.npz,/home/simon/davide_fr3_ws/src/cbf_safety_filter/config/generated_scenarios_fullpool_candidates/scenario_1251.yaml,good,ok,3000,True,0,0.022261810795189775,0.045217940227713284,-0.00252668950837949,-0.18851429348002136,-0.009194463625869453,4.4968704939611425e-05,0.02
scenario_1252,/home/simon/davide_fr3_ws/src/cbf_safety_filter/data/rollouts/fullpool_candidates_seed20260520_n1500/scenario_1252_offline_rollout.npz,/home/simon/davide_fr3_ws/src/cbf_safety_filter/config/generated_scenarios_fullpool_candidates/scenario_1252.yaml,good,ok,3000,True,0,0.0439261359255821,0.061955867211391784,0.006973655667059903,-0.12419656923634634,0.017374438905659872,0.0026778141636608836,0.02
scenario_1253,/home/simon/davide_fr3_ws/src/cbf_safety_filter/data/rollouts/fullpool_candidates_seed20260520_n1500/scenario_1253_offline_rollout.npz,/home/simon/davide_fr3_ws/src/cbf_safety_filter/config/generated_scenarios_fullpool_candidates/scenario_1253.yaml,good,ok,3000,True,0,0.0014779149297378044,0.0002833064460870901,0.000573500624308429,-0.023637842845752613,0.0016227045318666367,1.0065947903975076e-05,0.02
scenario_1254,/home/simon/davide_fr3_ws/src/cbf_safety_filter/data/rollouts/fullpool_candidates_seed20260520_n1500/scenario_1254_offline_rollout.npz,/home/simon/davide_fr3_ws/src/cbf_safety_filter/config/generated_scenarios_fullpool_candidates/scenario_1254.yaml,good,ok,3000,True,0,0.02538908225333893,0.03408308173809324,-0.0014444102065198777,-0.015836274758623432,-0.005647691770682917,0.00041839648035061147,0.02
scenario_1255,/home/simon/davide_fr3_ws/src/cbf_safety_filter/data/rollouts/fullpool_candidates_seed20260520_n1500/scenario_1255_offline_rollout.npz,/home/simon/davide_fr3_ws/src/cbf_safety_filter/config/generated_scenarios_fullpool_candidates/scenario_1255.yaml,good,ok,3000,True,0,0.014195752196908162,0.03202071578649601,-0.0017482842127989097,-0.004913094822452996,-0.00668522147254233,0.0005742109921162848,0.02
scenario_1256,/home/simon/davide_fr3_ws/src/cbf_safety_filter/data/rollouts/fullpool_candidates_seed20260520_n1500/scenario_1256_offline_rollout.npz,/home/simon/davide_fr3_ws/src/cbf_safety_filter/config/generated_scenarios_fullpool_candidates/scenario_1256.yaml,good,ok,3000,True,0,0.002112929940779197,0.011576788216701718,-0.002857836856594298,-0.030526580682130582,-0.01297700458931389,0.012719297731017647,0.02
scenario_1257,/home/simon/davide_fr3_ws/src/cbf_safety_filter/data/rollouts/fullpool_candidates_seed20260520_n1500/scenario_1257_offline_rollout.npz,/home/simon/davide_fr3_ws/src/cbf_safety_filter/config/generated_scenarios_fullpool_candidates/scenario_1257.yaml,good,ok,3000,True,0,0.06140200008369736,0.11648973359113479,-0.0005398272701122205,-0.03725154073850412,-0.00168530284406343,0.0007107537986870801,0.02
scenario_1258,/home/simon/davide_fr3_ws/src/cbf_safety_filter/data/rollouts/fullpool_candidates_seed20260520_n1500/scenario_1258_offline_rollout.npz,/home/simon/davide_fr3_ws/src/cbf_safety_filter/config/generated_scenarios_fullpool_candidates/scenario_1258.yaml,good,ok,3000,True,0,0.052766012442826894,0.10953790216086093,0.014635247447043604,0.0054217303350567875,0.03854016220478457,0.0009298329521358117,0.02
scenario_1259,/home/simon/davide_fr3_ws/src/cbf_safety_filter/data/rollouts/fullpool_candidates_seed20260520_n1500/scenario_1259_offline_rollout.npz,/home/simon/davide_fr3_ws/src/cbf_safety_filter/config/generated_scenarios_fullpool_candidates/scenario_1259.yaml,good,ok,3000,True,0,0.02828790422702392,0.03934137193322594,-0.002072354665741922,-0.10971436812196927,-0.0072523955887998925,0.003230868406780868,0.02
scenario_1260,/home/simon/davide_fr3_ws/src/cbf_safety_filter/data/rollouts/fullpool_candidates_seed20260520_n1500/scenario_1260_offline_rollout.npz,/home/simon/davide_fr3_ws/src/cbf_safety_filter/config/generated_scenarios_fullpool_candidates/scenario_1260.yaml,bad_safety,final_min_psi_negative,3000,True,0,0.010645156676556368,-0.029526593814851232,-0.003019234304017679,-0.26784621076322757,-0.018720509990725095,0.0015797234085116719,0.02
scenario_1261,/home/simon/davide_fr3_ws/src/cbf_safety_filter/data/rollouts/fullpool_candidates_seed20260520_n1500/scenario_1261_offline_rollout.npz,/home/simon/davide_fr3_ws/src/cbf_safety_filter/config/generated_scenarios_fullpool_candidates/scenario_1261.yaml,good,ok,3000,True,0,0.020816314845221492,0.05102458694726327,0.007434639947453955,-0.0838323243559547,0.02408239288012684,0.000750836303814875,0.02
scenario_1262,/home/simon/davide_fr3_ws/src/cbf_safety_filter/data/rollouts/fullpool_candidates_seed20260520_n1500/scenario_1262_offline_rollout.npz,/home/simon/davide_fr3_ws/src/cbf_safety_filter/config/generated_scenarios_fullpool_candidates/scenario_1262.yaml,bad_qp,final_qp_solved_false,3000,False,2922,0.038274371007542454,0.04719844845702616,0.0249173091091157,-0.010258925252788043,0.06287830713966794,0.3864809437421521,0.02
scenario_1263,/home/simon/davide_fr3_ws/src/cbf_safety_filter/data/rollouts/fullpool_candidates_seed20260520_n1500/scenario_1263_offline_rollout.npz,/home/simon/davide_fr3_ws/src/cbf_safety_filter/config/generated_scenarios_fullpool_candidates/scenario_1263.yaml,good,ok,3000,True,0,0.02853755254269782,0.018262950635164484,9.54169567721902e-07,-0.039261537607644253,3.39558020553965e-06,0.005350671179141371,0.02
scenario_1264,/home/simon/davide_fr3_ws/src/cbf_safety_filter/data/rollouts/fullpool_candidates_seed20260520_n1500/scenario_1264_offline_rollout.npz,/home/simon/davide_fr3_ws/src/cbf_safety_filter/config/generated_scenarios_fullpool_candidates/scenario_1264.yaml,good,ok,3000,True,0,0.016173656867512515,0.03100936203892845,-0.009106527488105861,-0.02657192246050208,-0.041909450270316256,0.00017085962329213008,0.02
scenario_1265,/home/simon/davide_fr3_ws/src/cbf_safety_filter/data/rollouts/fullpool_candidates_seed20260520_n1500/scenario_1265_offline_rollout.npz,/home/simon/davide_fr3_ws/src/cbf_safety_filter/config/generated_scenarios_fullpool_candidates/scenario_1265.yaml,good,ok,3000,True,0,0.07204950646459096,0.16030377297532272,0.02007636869487557,-0.26118546903168227,0.04443314711032778,0.0034431921806159925,0.02
scenario_1266,/home/simon/davide_fr3_ws/src/cbf_safety_filter/data/rollouts/fullpool_candidates_seed20260520_n1500/scenario_1266_offline_rollout.npz,/home/simon/davide_fr3_ws/src/cbf_safety_filter/config/generated_scenarios_fullpool_candidates/scenario_1266.yaml,good,ok,3000,True,0,0.03114677098308511,0.04821169303806117,0.0014029112574131045,-0.0365918099632129,0.0038767652202244818,0.0009572772071826773,0.02
scenario_1267,/home/simon/davide_fr3_ws/src/cbf_safety_filter/data/rollouts/fullpool_candidates_seed20260520_n1500/scenario_1267_offline_rollout.npz,/home/simon/davide_fr3_ws/src/cbf_safety_filter/config/generated_scenarios_fullpool_candidates/scenario_1267.yaml,good,ok,3000,True,0,0.004266495054410152,0.008714643633051402,2.3999643122416675e-05,-5.60851322581107e-06,8.256306422177451e-05,5.887109775878885e-07,0.02
scenario_1268,/home/simon/davide_fr3_ws/src/cbf_safety_filter/data/rollouts/fullpool_candidates_seed20260520_n1500/scenario_1268_offline_rollout.npz,/home/simon/davide_fr3_ws/src/cbf_safety_filter/config/generated_scenarios_fullpool_candidates/scenario_1268.yaml,good,ok,3000,True,0,0.09048758743740307,0.21937687465650635,0.036655803966327845,0.001954473104304244,0.10738455190101814,0.0015226220840735025,0.02
scenario_1269,/home/simon/davide_fr3_ws/src/cbf_safety_filter/data/rollouts/fullpool_candidates_seed20260520_n1500/scenario_1269_offline_rollout.npz,/home/simon/davide_fr3_ws/src/cbf_safety_filter/config/generated_scenarios_fullpool_candidates/scenario_1269.yaml,good,ok,3000,True,0,0.009992568966155878,0.00030120207333626803,0.006185416734237864,0.00030120207333626803,0.01872523237124729,0.0006192161782515908,0.02
scenario_1270,/home/simon/davide_fr3_ws/src/cbf_safety_filter/data/rollouts/fullpool_candidates_seed20260520_n1500/scenario_1270_offline_rollout.npz,/home/simon/davide_fr3_ws/src/cbf_safety_filter/config/generated_scenarios_fullpool_candidates/scenario_1270.yaml,good,ok,3000,True,0,0.0011859900474160273,0.0004021218238237142,-0.02285337607306691,-0.3712118127561775,-0.06985757337902437,0.0010071723375706548,0.02
scenario_1271,/home/simon/davide_fr3_ws/src/cbf_safety_filter/data/rollouts/fullpool_candidates_seed20260520_n1500/scenario_1271_offline_rollout.npz,/home/simon/davide_fr3_ws/src/cbf_safety_filter/config/generated_scenarios_fullpool_candidates/scenario_1271.yaml,good,ok,3000,True,0,1.90295153412387e-05,6.344818036513235e-05,-0.00022900813682666388,-0.08342809944895063,-0.0006052095393487833,5.666041846321474e-06,0.02
scenario_1272,/home/simon/davide_fr3_ws/src/cbf_safety_filter/data/rollouts/fullpool_candidates_seed20260520_n1500/scenario_1272_offline_rollout.npz,/home/simon/davide_fr3_ws/src/cbf_safety_filter/config/generated_scenarios_fullpool_candidates/scenario_1272.yaml,good,ok,3000,True,0,0.020503729012679953,0.03601376471714137,0.013725942187805238,0.006093511135395385,0.03642523789554433,0.000699554281673762,0.02
scenario_1273,/home/simon/davide_fr3_ws/src/cbf_safety_filter/data/rollouts/fullpool_candidates_seed20260520_n1500/scenario_1273_offline_rollout.npz,/home/simon/davide_fr3_ws/src/cbf_safety_filter/config/generated_scenarios_fullpool_candidates/scenario_1273.yaml,good,ok,3000,True,0,0.03219045958579493,0.04767858887174767,-0.0005232950044999282,-0.008254886391688865,-0.0018019924063396031,0.0001327362249027814,0.02
scenario_1274,/home/simon/davide_fr3_ws/src/cbf_safety_filter/data/rollouts/fullpool_candidates_seed20260520_n1500/scenario_1274_offline_rollout.npz,/home/simon/davide_fr3_ws/src/cbf_safety_filter/config/generated_scenarios_fullpool_candidates/scenario_1274.yaml,good,ok,3000,True,0,0.05132907578064123,0.08783754681703224,0.018776394838981934,0.022449710589518716,0.06739640123130289,0.0008474623393971198,0.02
scenario_1275,/home/simon/davide_fr3_ws/src/cbf_safety_filter/data/rollouts/fullpool_candidates_seed20260520_n1500/scenario_1275_offline_rollout.npz,/home/simon/davide_fr3_ws/src/cbf_safety_filter/config/generated_scenarios_fullpool_candidates/scenario_1275.yaml,good,ok,3000,True,0,0.017648789421356934,0.039440524150667886,0.0020836914379438742,-0.0957392570423734,0.004978023973083362,0.0008921831785503306,0.02
scenario_1276,/home/simon/davide_fr3_ws/src/cbf_safety_filter/data/rollouts/fullpool_candidates_seed20260520_n1500/scenario_1276_offline_rollout.npz,/home/simon/davide_fr3_ws/src/cbf_safety_filter/config/generated_scenarios_fullpool_candidates/scenario_1276.yaml,good,ok,3000,True,0,0.015075711951146733,0.027688766916149483,-0.0009402749257866778,-0.02001478344239937,-0.003419423059800919,0.00033093831942172477,0.02
scenario_1277,/home/simon/davide_fr3_ws/src/cbf_safety_filter/data/rollouts/fullpool_candidates_seed20260520_n1500/scenario_1277_offline_rollout.npz,/home/simon/davide_fr3_ws/src/cbf_safety_filter/config/generated_scenarios_fullpool_candidates/scenario_1277.yaml,good,ok,3000,True,0,2.090616287631769e-05,4.38168639871814e-05,-3.762215729841145e-06,-0.02242280497866557,-1.1491593728069072e-05,2.4989104786068488e-05,0.02
scenario_1278,/home/simon/davide_fr3_ws/src/cbf_safety_filter/data/rollouts/fullpool_candidates_seed20260520_n1500/scenario_1278_offline_rollout.npz,/home/simon/davide_fr3_ws/src/cbf_safety_filter/config/generated_scenarios_fullpool_candidates/scenario_1278.yaml,good,ok,3000,True,0,0.022162393099700202,0.044394306065182854,0.02184091494530905,0.043678941375637804,0.04887479691430721,7.681296702760436e-07,0.02
scenario_1279,/home/simon/davide_fr3_ws/src/cbf_safety_filter/data/rollouts/fullpool_candidates_seed20260520_n1500/scenario_1279_offline_rollout.npz,/home/simon/davide_fr3_ws/src/cbf_safety_filter/config/generated_scenarios_fullpool_candidates/scenario_1279.yaml,good,ok,3000,True,0,0.05129380817565696,0.10188353999559255,0.03205063882678906,0.01701601967920109,0.09326201996652217,0.000815858672317575,0.02
scenario_1280,/home/simon/davide_fr3_ws/src/cbf_safety_filter/data/rollouts/fullpool_candidates_seed20260520_n1500/scenario_1280_offline_rollout.npz,/home/simon/davide_fr3_ws/src/cbf_safety_filter/config/generated_scenarios_fullpool_candidates/scenario_1280.yaml,good,ok,3000,True,0,0.0930274960910041,0.1747750101649514,0.013415091688170703,-0.16736658864608184,0.0548001725238349,0.0007856198756707695,0.02
scenario_1281,/home/simon/davide_fr3_ws/src/cbf_safety_filter/data/rollouts/fullpool_candidates_seed20260520_n1500/scenario_1281_offline_rollout.npz,/home/simon/davide_fr3_ws/src/cbf_safety_filter/config/generated_scenarios_fullpool_candidates/scenario_1281.yaml,good,ok,3000,True,0,0.02241950159289651,0.05329284521214295,0.00043582178575956275,-0.0002953610100871716,0.0018541336794945379,0.00023482500025551607,0.02
scenario_1282,/home/simon/davide_fr3_ws/src/cbf_safety_filter/data/rollouts/fullpool_candidates_seed20260520_n1500/scenario_1282_offline_rollout.npz,/home/simon/davide_fr3_ws/src/cbf_safety_filter/config/generated_scenarios_fullpool_candidates/scenario_1282.yaml,bad_goal,final_dist_to_goal_above_tol,3000,True,0,0.00484771454059758,0.008445192638223104,-0.0017398637329193618,-0.09903368127301787,-0.010249537511807252,0.04973877871849352,0.02
scenario_1283,/home/simon/davide_fr3_ws/src/cbf_safety_filter/data/rollouts/fullpool_candidates_seed20260520_n1500/scenario_1283_offline_rollout.npz,/home/simon/davide_fr3_ws/src/cbf_safety_filter/config/generated_scenarios_fullpool_candidates/scenario_1283.yaml,good,ok,3000,True,0,0.025764710035570775,0.051549249954584535,0.025620172410020684,0.051240009809637055,0.06567938127443801,1.6241971485821135e-09,0.02
scenario_1284,/home/simon/davide_fr3_ws/src/cbf_safety_filter/data/rollouts/fullpool_candidates_seed20260520_n1500/scenario_1284_offline_rollout.npz,/home/simon/davide_fr3_ws/src/cbf_safety_filter/config/generated_scenarios_fullpool_candidates/scenario_1284.yaml,good,ok,3000,True,0,0.030633927113967688,0.05458888670136384,0.0005850246516593688,-0.09677065453992598,0.001592370171937918,0.00011252117355167839,0.02
scenario_1285,/home/simon/davide_fr3_ws/src/cbf_safety_filter/data/rollouts/fullpool_candidates_seed20260520_n1500/scenario_1285_offline_rollout.npz,/home/simon/davide_fr3_ws/src/cbf_safety_filter/config/generated_scenarios_fullpool_candidates/scenario_1285.yaml,bad_qp,final_qp_solved_false,3000,False,2912,0.0043331839278428486,-0.008536177831221212,0.0043331839278428486,-0.008536177831221212,0.012512357232836252,0.3163102277585625,0.02
scenario_1286,/home/simon/davide_fr3_ws/src/cbf_safety_filter/data/rollouts/fullpool_candidates_seed20260520_n1500/scenario_1286_offline_rollout.npz,/home/simon/davide_fr3_ws/src/cbf_safety_filter/config/generated_scenarios_fullpool_candidates/scenario_1286.yaml,good,ok,3000,True,0,0.007689151826482478,0.03459670529493564,-0.00012192742729962708,-0.18225676414988606,-0.00038607362474177287,0.0005189940633426385,0.02
scenario_1287,/home/simon/davide_fr3_ws/src/cbf_safety_filter/data/rollouts/fullpool_candidates_seed20260520_n1500/scenario_1287_offline_rollout.npz,/home/simon/davide_fr3_ws/src/cbf_safety_filter/config/generated_scenarios_fullpool_candidates/scenario_1287.yaml,good,ok,3000,True,0,0.05871826462839908,0.09880738295765225,0.019237239344508033,0.03050492663915515,0.0492672311748798,0.0011838966424977389,0.02
scenario_1288,/home/simon/davide_fr3_ws/src/cbf_safety_filter/data/rollouts/fullpool_candidates_seed20260520_n1500/scenario_1288_offline_rollout.npz,/home/simon/davide_fr3_ws/src/cbf_safety_filter/config/generated_scenarios_fullpool_candidates/scenario_1288.yaml,good,ok,3000,True,0,0.019876313957282538,0.040479093659649176,0.0002283028137145468,-0.1842464784690126,0.0006433903516936679,0.00037786543450242884,0.02
scenario_1289,/home/simon/davide_fr3_ws/src/cbf_safety_filter/data/rollouts/fullpool_candidates_seed20260520_n1500/scenario_1289_offline_rollout.npz,/home/simon/davide_fr3_ws/src/cbf_safety_filter/config/generated_scenarios_fullpool_candidates/scenario_1289.yaml,good,ok,3000,True,0,0.04437737453916553,0.06590281487464406,-0.004334996228863842,-0.08604459274535863,-0.012063904181370877,0.00017979855768311166,0.02
scenario_1290,/home/simon/davide_fr3_ws/src/cbf_safety_filter/data/rollouts/fullpool_candidates_seed20260520_n1500/scenario_1290_offline_rollout.npz,/home/simon/davide_fr3_ws/src/cbf_safety_filter/config/generated_scenarios_fullpool_candidates/scenario_1290.yaml,good,ok,3000,True,0,0.010061421148987722,0.02111964592965446,0.007572607963210281,-0.05489076915638513,0.022466231431852307,3.1683379235218246e-06,0.02
scenario_1291,/home/simon/davide_fr3_ws/src/cbf_safety_filter/data/rollouts/fullpool_candidates_seed20260520_n1500/scenario_1291_offline_rollout.npz,/home/simon/davide_fr3_ws/src/cbf_safety_filter/config/generated_scenarios_fullpool_candidates/scenario_1291.yaml,good,ok,3000,True,0,0.016491316541772914,0.03414292893820077,0.0005926525683739511,-0.001846603355297724,0.0016095523989335392,2.5588540257666484e-05,0.02
scenario_1292,/home/simon/davide_fr3_ws/src/cbf_safety_filter/data/rollouts/fullpool_candidates_seed20260520_n1500/scenario_1292_offline_rollout.npz,/home/simon/davide_fr3_ws/src/cbf_safety_filter/config/generated_scenarios_fullpool_candidates/scenario_1292.yaml,good,ok,3000,True,0,0.019829562858241286,0.041521904088185124,0.00020399947329997198,6.98761147432149e-05,0.0007441321894098574,0.00021558238889833077,0.02
scenario_1293,/home/simon/davide_fr3_ws/src/cbf_safety_filter/data/rollouts/fullpool_candidates_seed20260520_n1500/scenario_1293_offline_rollout.npz,/home/simon/davide_fr3_ws/src/cbf_safety_filter/config/generated_scenarios_fullpool_candidates/scenario_1293.yaml,good,ok,3000,True,0,0.01986568937862302,0.038853076664122986,2.3923353207819242e-06,-0.03222162135388272,7.990218694686746e-06,3.892678847231117e-05,0.02
scenario_1294,/home/simon/davide_fr3_ws/src/cbf_safety_filter/data/rollouts/fullpool_candidates_seed20260520_n1500/scenario_1294_offline_rollout.npz,/home/simon/davide_fr3_ws/src/cbf_safety_filter/config/generated_scenarios_fullpool_candidates/scenario_1294.yaml,good,ok,3000,True,0,0.004362688756199579,0.0024904306038903284,-0.00036377936258957105,-0.060989234808611154,-0.0011196927158944603,6.232890649362003e-05,0.02
scenario_1295,/home/simon/davide_fr3_ws/src/cbf_safety_filter/data/rollouts/fullpool_candidates_seed20260520_n1500/scenario_1295_offline_rollout.npz,/home/simon/davide_fr3_ws/src/cbf_safety_filter/config/generated_scenarios_fullpool_candidates/scenario_1295.yaml,good,ok,3000,True,0,0.000630951273685617,0.0020182568667919563,-0.007769124925594244,-0.06851368770695054,-0.03350239380707942,6.754451461956278e-06,0.02
scenario_1296,/home/simon/davide_fr3_ws/src/cbf_safety_filter/data/rollouts/fullpool_candidates_seed20260520_n1500/scenario_1296_offline_rollout.npz,/home/simon/davide_fr3_ws/src/cbf_safety_filter/config/generated_scenarios_fullpool_candidates/scenario_1296.yaml,good,ok,3000,True,0,0.06402952101110383,0.09628592158291024,0.03674417855841903,-0.04611537391587908,0.1076212430003429,0.000237728258329417,0.02
scenario_1297,/home/simon/davide_fr3_ws/src/cbf_safety_filter/data/rollouts/fullpool_candidates_seed20260520_n1500/scenario_1297_offline_rollout.npz,/home/simon/davide_fr3_ws/src/cbf_safety_filter/config/generated_scenarios_fullpool_candidates/scenario_1297.yaml,good,ok,3000,True,0,0.006429809398838207,0.017156796020691777,5.854131653154626e-05,-0.004448181650383014,0.00015342888334896054,2.6843701136556225e-06,0.02
scenario_1298,/home/simon/davide_fr3_ws/src/cbf_safety_filter/data/rollouts/fullpool_candidates_seed20260520_n1500/scenario_1298_offline_rollout.npz,/home/simon/davide_fr3_ws/src/cbf_safety_filter/config/generated_scenarios_fullpool_candidates/scenario_1298.yaml,good,ok,3000,True,0,0.022114195627514488,0.04753389155042638,0.0002589770546501599,-0.009728523548464554,0.0007759009978728637,2.44014718093389e-05,0.02
scenario_1299,/home/simon/davide_fr3_ws/src/cbf_safety_filter/data/rollouts/fullpool_candidates_seed20260520_n1500/scenario_1299_offline_rollout.npz,/home/simon/davide_fr3_ws/src/cbf_safety_filter/config/generated_scenarios_fullpool_candidates/scenario_1299.yaml,good,ok,3000,True,0,0.003932247694700214,0.0024489746724044217,0.001781630417230607,-0.042689561352268646,0.007128558761197529,0.00031988987549748366,0.02
scenario_1300,/home/simon/davide_fr3_ws/src/cbf_safety_filter/data/rollouts/fullpool_candidates_seed20260520_n1500/scenario_1300_offline_rollout.npz,/home/simon/davide_fr3_ws/src/cbf_safety_filter/config/generated_scenarios_fullpool_candidates/scenario_1300.yaml,bad_qp,final_qp_solved_false,3000,False,2910,0.0033475957697213267,0.011203030645448657,0.0032264402847919822,-0.04220166092188536,0.011826000030886769,0.4238296793801255,0.02
scenario_1301,/home/simon/davide_fr3_ws/src/cbf_safety_filter/data/rollouts/fullpool_candidates_seed20260520_n1500/scenario_1301_offline_rollout.npz,/home/simon/davide_fr3_ws/src/cbf_safety_filter/config/generated_scenarios_fullpool_candidates/scenario_1301.yaml,good,ok,3000,True,0,0.020186825876037814,0.00711523624251429,-0.0018693780514246507,-0.037623957674919134,-0.006502235076228519,0.0006966825645852569,0.02
scenario_1302,/home/simon/davide_fr3_ws/src/cbf_safety_filter/data/rollouts/fullpool_candidates_seed20260520_n1500/scenario_1302_offline_rollout.npz,/home/simon/davide_fr3_ws/src/cbf_safety_filter/config/generated_scenarios_fullpool_candidates/scenario_1302.yaml,good,ok,3000,True,0,0.03264496714666193,0.06585148359407786,0.00015154839190643227,-0.18932983460321168,0.0005131785606219408,0.0002047145458064666,0.02
scenario_1303,/home/simon/davide_fr3_ws/src/cbf_safety_filter/data/rollouts/fullpool_candidates_seed20260520_n1500/scenario_1303_offline_rollout.npz,/home/simon/davide_fr3_ws/src/cbf_safety_filter/config/generated_scenarios_fullpool_candidates/scenario_1303.yaml,good,ok,3000,True,0,0.02713224606786261,0.05476956889153262,0.02234779741874623,0.024496018647540578,0.05886230277625526,0.0008365800502184486,0.02
scenario_1304,/home/simon/davide_fr3_ws/src/cbf_safety_filter/data/rollouts/fullpool_candidates_seed20260520_n1500/scenario_1304_offline_rollout.npz,/home/simon/davide_fr3_ws/src/cbf_safety_filter/config/generated_scenarios_fullpool_candidates/scenario_1304.yaml,good,ok,3000,True,0,0.027102816635405813,0.08186069141564739,0.005787321028201117,-0.00948193490404272,0.02198920375751144,0.0006162405454688102,0.02
scenario_1305,/home/simon/davide_fr3_ws/src/cbf_safety_filter/data/rollouts/fullpool_candidates_seed20260520_n1500/scenario_1305_offline_rollout.npz,/home/simon/davide_fr3_ws/src/cbf_safety_filter/config/generated_scenarios_fullpool_candidates/scenario_1305.yaml,good,ok,3000,True,0,0.03740575985950458,0.08053528593410487,0.002826075430554572,-0.006402419444548169,0.009779501373363059,0.0008043418042690093,0.02
scenario_1306,/home/simon/davide_fr3_ws/src/cbf_safety_filter/data/rollouts/fullpool_candidates_seed20260520_n1500/scenario_1306_offline_rollout.npz,/home/simon/davide_fr3_ws/src/cbf_safety_filter/config/generated_scenarios_fullpool_candidates/scenario_1306.yaml,good,ok,3000,True,0,0.016297989062677806,0.02307860021280968,0.005498121969907101,-0.14337306415922052,0.014773026465983385,0.004215826189076351,0.02
scenario_1307,/home/simon/davide_fr3_ws/src/cbf_safety_filter/data/rollouts/fullpool_candidates_seed20260520_n1500/scenario_1307_offline_rollout.npz,/home/simon/davide_fr3_ws/src/cbf_safety_filter/config/generated_scenarios_fullpool_candidates/scenario_1307.yaml,good,ok,3000,True,0,0.02941041676307575,0.05817827380980296,-0.0005484487420991252,-0.006266547905383002,-0.001522294423468351,1.721624634666585e-05,0.02
scenario_1308,/home/simon/davide_fr3_ws/src/cbf_safety_filter/data/rollouts/fullpool_candidates_seed20260520_n1500/scenario_1308_offline_rollout.npz,/home/simon/davide_fr3_ws/src/cbf_safety_filter/config/generated_scenarios_fullpool_candidates/scenario_1308.yaml,good,ok,3000,True,0,0.02800163262367977,0.05590470094120264,0.026827689547696428,0.051470819162307696,0.0756814951307909,1.6685587527455532e-09,0.02
scenario_1309,/home/simon/davide_fr3_ws/src/cbf_safety_filter/data/rollouts/fullpool_candidates_seed20260520_n1500/scenario_1309_offline_rollout.npz,/home/simon/davide_fr3_ws/src/cbf_safety_filter/config/generated_scenarios_fullpool_candidates/scenario_1309.yaml,good,ok,3000,True,0,0.014942383583942394,0.03025699984103313,0.014424662458291933,0.028814530266033263,0.042870510249463756,5.831794359207692e-07,0.02
scenario_1310,/home/simon/davide_fr3_ws/src/cbf_safety_filter/data/rollouts/fullpool_candidates_seed20260520_n1500/scenario_1310_offline_rollout.npz,/home/simon/davide_fr3_ws/src/cbf_safety_filter/config/generated_scenarios_fullpool_candidates/scenario_1310.yaml,good,ok,3000,True,0,0.007684671166952751,0.012341756596383166,-0.0007957763839448531,-0.4456346975650038,-0.002735904486734969,0.0006838031290067574,0.02
scenario_1311,/home/simon/davide_fr3_ws/src/cbf_safety_filter/data/rollouts/fullpool_candidates_seed20260520_n1500/scenario_1311_offline_rollout.npz,/home/simon/davide_fr3_ws/src/cbf_safety_filter/config/generated_scenarios_fullpool_candidates/scenario_1311.yaml,bad_goal,final_dist_to_goal_above_tol,3000,True,0,0.04441935807222491,0.02384579503821943,-0.0034217818051605134,-0.05416243191836184,-0.009183109770061593,0.020227857710371062,0.02
scenario_1312,/home/simon/davide_fr3_ws/src/cbf_safety_filter/data/rollouts/fullpool_candidates_seed20260520_n1500/scenario_1312_offline_rollout.npz,/home/simon/davide_fr3_ws/src/cbf_safety_filter/config/generated_scenarios_fullpool_candidates/scenario_1312.yaml,good,ok,3000,True,0,0.02624505,0.0524901,0.026054139347335727,0.0524901,0.06575201655395463,4.740999696655471e-07,0.02
scenario_1313,/home/simon/davide_fr3_ws/src/cbf_safety_filter/data/rollouts/fullpool_candidates_seed20260520_n1500/scenario_1313_offline_rollout.npz,/home/simon/davide_fr3_ws/src/cbf_safety_filter/config/generated_scenarios_fullpool_candidates/scenario_1313.yaml,good,ok,3000,True,0,0.05548921165221616,0.12108167713187222,0.011521970423733584,-0.07248196291995332,0.04272138701997727,0.0016207105565715662,0.02
scenario_1314,/home/simon/davide_fr3_ws/src/cbf_safety_filter/data/rollouts/fullpool_candidates_seed20260520_n1500/scenario_1314_offline_rollout.npz,/home/simon/davide_fr3_ws/src/cbf_safety_filter/config/generated_scenarios_fullpool_candidates/scenario_1314.yaml,bad_safety,final_min_h_negative,3000,True,0,-0.0010635566964278427,0.0019743323025999127,-0.0056275047256370385,-0.11900323587958539,-0.027274946108014203,0.00011108284315848564,0.02
scenario_1315,/home/simon/davide_fr3_ws/src/cbf_safety_filter/data/rollouts/fullpool_candidates_seed20260520_n1500/scenario_1315_offline_rollout.npz,/home/simon/davide_fr3_ws/src/cbf_safety_filter/config/generated_scenarios_fullpool_candidates/scenario_1315.yaml,good,ok,3000,True,0,0.0016686523996656023,0.004791226280511661,-1.5775762220834183e-05,-0.0032682154063098587,-5.0377714351651504e-05,1.582882735940292e-05,0.02
scenario_1316,/home/simon/davide_fr3_ws/src/cbf_safety_filter/data/rollouts/fullpool_candidates_seed20260520_n1500/scenario_1316_offline_rollout.npz,/home/simon/davide_fr3_ws/src/cbf_safety_filter/config/generated_scenarios_fullpool_candidates/scenario_1316.yaml,bad_goal,final_dist_to_goal_above_tol,3000,True,0,0.010534929013900234,0.011409077468493643,-0.006689273372348037,-0.03825369834231035,-0.020981442970823938,0.033988543462202425,0.02
scenario_1317,/home/simon/davide_fr3_ws/src/cbf_safety_filter/data/rollouts/fullpool_candidates_seed20260520_n1500/scenario_1317_offline_rollout.npz,/home/simon/davide_fr3_ws/src/cbf_safety_filter/config/generated_scenarios_fullpool_candidates/scenario_1317.yaml,good,ok,3000,True,0,0.005735129722683613,0.01031556001451028,-1.1524884414651493e-06,-4.2641598914833906e-05,-2.704119553553763e-06,7.519493812959384e-05,0.02
scenario_1318,/home/simon/davide_fr3_ws/src/cbf_safety_filter/data/rollouts/fullpool_candidates_seed20260520_n1500/scenario_1318_offline_rollout.npz,/home/simon/davide_fr3_ws/src/cbf_safety_filter/config/generated_scenarios_fullpool_candidates/scenario_1318.yaml,good,ok,3000,True,0,0.03484729370027784,0.07419097660321115,1.5113572498157146e-06,3.4666144467105836e-07,3.9214890289185345e-06,0.0007535564892801377,0.02
scenario_1319,/home/simon/davide_fr3_ws/src/cbf_safety_filter/data/rollouts/fullpool_candidates_seed20260520_n1500/scenario_1319_offline_rollout.npz,/home/simon/davide_fr3_ws/src/cbf_safety_filter/config/generated_scenarios_fullpool_candidates/scenario_1319.yaml,good,ok,3000,True,0,0.010691245306584156,0.02022373743780862,-0.00417456584345682,-0.011151998772269777,-0.017456307547325092,7.578870258293883e-06,0.02
scenario_1320,/home/simon/davide_fr3_ws/src/cbf_safety_filter/data/rollouts/fullpool_candidates_seed20260520_n1500/scenario_1320_offline_rollout.npz,/home/simon/davide_fr3_ws/src/cbf_safety_filter/config/generated_scenarios_fullpool_candidates/scenario_1320.yaml,good,ok,3000,True,0,0.0398097194789293,0.12197619220313793,0.031663451650460195,0.03516468104308983,0.09090678871669744,0.007421606320921775,0.02
scenario_1321,/home/simon/davide_fr3_ws/src/cbf_safety_filter/data/rollouts/fullpool_candidates_seed20260520_n1500/scenario_1321_offline_rollout.npz,/home/simon/davide_fr3_ws/src/cbf_safety_filter/config/generated_scenarios_fullpool_candidates/scenario_1321.yaml,bad_qp,final_qp_solved_false,3000,False,2931,-0.00015578159115183302,-0.0012273284637601837,-0.00015578159115183302,-0.04487377083442995,-0.0008696549493486666,0.39184292879217125,0.02
scenario_1322,/home/simon/davide_fr3_ws/src/cbf_safety_filter/data/rollouts/fullpool_candidates_seed20260520_n1500/scenario_1322_offline_rollout.npz,/home/simon/davide_fr3_ws/src/cbf_safety_filter/config/generated_scenarios_fullpool_candidates/scenario_1322.yaml,good,ok,3000,True,0,0.014971559293386175,0.059467009999447554,0.004222918539507559,0.0024091595324639524,0.011745168371028597,0.0007700810108405544,0.02
scenario_1323,/home/simon/davide_fr3_ws/src/cbf_safety_filter/data/rollouts/fullpool_candidates_seed20260520_n1500/scenario_1323_offline_rollout.npz,/home/simon/davide_fr3_ws/src/cbf_safety_filter/config/generated_scenarios_fullpool_candidates/scenario_1323.yaml,bad_safety,final_min_h_negative,3000,True,0,-0.0002652683951561846,-0.0009466216503226121,-0.0012788746827068452,-0.0407650938303539,-0.004016777875966826,7.13166220434023e-05,0.02
scenario_1324,/home/simon/davide_fr3_ws/src/cbf_safety_filter/data/rollouts/fullpool_candidates_seed20260520_n1500/scenario_1324_offline_rollout.npz,/home/simon/davide_fr3_ws/src/cbf_safety_filter/config/generated_scenarios_fullpool_candidates/scenario_1324.yaml,good,ok,3000,True,0,0.02119389918848999,0.027597169960578247,2.66838729188687e-05,-0.14251154411567718,8.203303659218286e-05,0.0008110605798049011,0.02
scenario_1325,/home/simon/davide_fr3_ws/src/cbf_safety_filter/data/rollouts/fullpool_candidates_seed20260520_n1500/scenario_1325_offline_rollout.npz,/home/simon/davide_fr3_ws/src/cbf_safety_filter/config/generated_scenarios_fullpool_candidates/scenario_1325.yaml,good,ok,3000,True,0,0.07725605374369221,0.16505394165093792,0.01972657986815083,-0.006207285330278756,0.07456290829114376,0.002084516325669897,0.02
scenario_1326,/home/simon/davide_fr3_ws/src/cbf_safety_filter/data/rollouts/fullpool_candidates_seed20260520_n1500/scenario_1326_offline_rollout.npz,/home/simon/davide_fr3_ws/src/cbf_safety_filter/config/generated_scenarios_fullpool_candidates/scenario_1326.yaml,good,ok,3000,True,0,0.04377544382253488,0.08459192967579057,0.03797186956885754,0.04406618451006556,0.0766155703013339,0.003132358646543911,0.02
scenario_1327,/home/simon/davide_fr3_ws/src/cbf_safety_filter/data/rollouts/fullpool_candidates_seed20260520_n1500/scenario_1327_offline_rollout.npz,/home/simon/davide_fr3_ws/src/cbf_safety_filter/config/generated_scenarios_fullpool_candidates/scenario_1327.yaml,good,ok,3000,True,0,0.07652751562658627,0.1612844739450345,-0.017515708829637402,-0.07889152055618552,-0.049362639899850985,0.002497047614545165,0.02
scenario_1328,/home/simon/davide_fr3_ws/src/cbf_safety_filter/data/rollouts/fullpool_candidates_seed20260520_n1500/scenario_1328_offline_rollout.npz,/home/simon/davide_fr3_ws/src/cbf_safety_filter/config/generated_scenarios_fullpool_candidates/scenario_1328.yaml,good,ok,3000,True,0,0.04188521505533016,0.062390745904255765,-0.0016302180141143652,-0.10789956621514962,-0.004418152341255782,0.0005788428463109682,0.02
scenario_1329,/home/simon/davide_fr3_ws/src/cbf_safety_filter/data/rollouts/fullpool_candidates_seed20260520_n1500/scenario_1329_offline_rollout.npz,/home/simon/davide_fr3_ws/src/cbf_safety_filter/config/generated_scenarios_fullpool_candidates/scenario_1329.yaml,good,ok,3000,True,0,0.027812655550603492,0.055635377572827015,0.014863923936588832,-0.057226075436675156,0.04808940040380008,0.002301056893159368,0.02
scenario_1330,/home/simon/davide_fr3_ws/src/cbf_safety_filter/data/rollouts/fullpool_candidates_seed20260520_n1500/scenario_1330_offline_rollout.npz,/home/simon/davide_fr3_ws/src/cbf_safety_filter/config/generated_scenarios_fullpool_candidates/scenario_1330.yaml,good,ok,3000,True,0,0.015401170072803956,0.03341334635485522,0.006152265927827274,-0.05676138949907869,0.01739899171647072,0.0018457158292746135,0.02
scenario_1331,/home/simon/davide_fr3_ws/src/cbf_safety_filter/data/rollouts/fullpool_candidates_seed20260520_n1500/scenario_1331_offline_rollout.npz,/home/simon/davide_fr3_ws/src/cbf_safety_filter/config/generated_scenarios_fullpool_candidates/scenario_1331.yaml,good,ok,3000,True,0,0.022825981692748836,0.042414166752906775,0.018731502272997046,-0.004945488772166738,0.04153889268959329,0.0005923003872581441,0.02
scenario_1332,/home/simon/davide_fr3_ws/src/cbf_safety_filter/data/rollouts/fullpool_candidates_seed20260520_n1500/scenario_1332_offline_rollout.npz,/home/simon/davide_fr3_ws/src/cbf_safety_filter/config/generated_scenarios_fullpool_candidates/scenario_1332.yaml,good,ok,3000,True,0,0.03888693098231577,0.07418223774052954,0.00619037212274488,0.0008133791484399785,0.016926245253349598,0.0010390688348202917,0.02
scenario_1333,/home/simon/davide_fr3_ws/src/cbf_safety_filter/data/rollouts/fullpool_candidates_seed20260520_n1500/scenario_1333_offline_rollout.npz,/home/simon/davide_fr3_ws/src/cbf_safety_filter/config/generated_scenarios_fullpool_candidates/scenario_1333.yaml,good,ok,3000,True,0,0.01605192103083809,0.03220962345778274,0.015269294967294369,0.030537012940511126,0.04790972414821415,3.430208226897679e-08,0.02
scenario_1334,/home/simon/davide_fr3_ws/src/cbf_safety_filter/data/rollouts/fullpool_candidates_seed20260520_n1500/scenario_1334_offline_rollout.npz,/home/simon/davide_fr3_ws/src/cbf_safety_filter/config/generated_scenarios_fullpool_candidates/scenario_1334.yaml,good,ok,3000,True,0,0.026614847414427115,0.05277442753939287,-0.0003293179897425839,-0.11925852940066639,-0.001898065230104426,2.1714662598519132e-05,0.02
scenario_1335,/home/simon/davide_fr3_ws/src/cbf_safety_filter/data/rollouts/fullpool_candidates_seed20260520_n1500/scenario_1335_offline_rollout.npz,/home/simon/davide_fr3_ws/src/cbf_safety_filter/config/generated_scenarios_fullpool_candidates/scenario_1335.yaml,good,ok,3000,True,0,0.05241720461936899,0.05882046347447636,0.0008811505481563387,-0.12726006280757476,0.0035035315124892497,0.0017626688331089007,0.02
scenario_1336,/home/simon/davide_fr3_ws/src/cbf_safety_filter/data/rollouts/fullpool_candidates_seed20260520_n1500/scenario_1336_offline_rollout.npz,/home/simon/davide_fr3_ws/src/cbf_safety_filter/config/generated_scenarios_fullpool_candidates/scenario_1336.yaml,good,ok,3000,True,0,0.016550397423325182,0.033239413816253435,-0.0022683454705776686,-0.12385929559380748,-0.007627971887522983,0.0005366251473971643,0.02
scenario_1337,/home/simon/davide_fr3_ws/src/cbf_safety_filter/data/rollouts/fullpool_candidates_seed20260520_n1500/scenario_1337_offline_rollout.npz,/home/simon/davide_fr3_ws/src/cbf_safety_filter/config/generated_scenarios_fullpool_candidates/scenario_1337.yaml,good,ok,3000,True,0,0.06008353680850023,0.11804385980722583,0.043775070891852855,0.08003207619713698,0.11804228540056821,3.8909069606802086e-07,0.02
scenario_1338,/home/simon/davide_fr3_ws/src/cbf_safety_filter/data/rollouts/fullpool_candidates_seed20260520_n1500/scenario_1338_offline_rollout.npz,/home/simon/davide_fr3_ws/src/cbf_safety_filter/config/generated_scenarios_fullpool_candidates/scenario_1338.yaml,good,ok,3000,True,0,0.02276246282564412,0.03253269400345704,0.0005190840500306076,-0.0031197301880182687,0.001411278230856211,0.0005842010605780474,0.02
scenario_1339,/home/simon/davide_fr3_ws/src/cbf_safety_filter/data/rollouts/fullpool_candidates_seed20260520_n1500/scenario_1339_offline_rollout.npz,/home/simon/davide_fr3_ws/src/cbf_safety_filter/config/generated_scenarios_fullpool_candidates/scenario_1339.yaml,good,ok,3000,True,0,0.03956777517449063,0.08412311063236957,-0.0005125064475302588,-0.12944324600418744,-0.0028937800586563145,0.0018216343059394408,0.02
scenario_1340,/home/simon/davide_fr3_ws/src/cbf_safety_filter/data/rollouts/fullpool_candidates_seed20260520_n1500/scenario_1340_offline_rollout.npz,/home/simon/davide_fr3_ws/src/cbf_safety_filter/config/generated_scenarios_fullpool_candidates/scenario_1340.yaml,good,ok,3000,True,0,0.030166467913237866,0.10117156,-0.001696243800351084,-0.06589704411915609,-0.004707969245950405,0.0009299316153112903,0.02
scenario_1341,/home/simon/davide_fr3_ws/src/cbf_safety_filter/data/rollouts/fullpool_candidates_seed20260520_n1500/scenario_1341_offline_rollout.npz,/home/simon/davide_fr3_ws/src/cbf_safety_filter/config/generated_scenarios_fullpool_candidates/scenario_1341.yaml,good,ok,3000,True,0,0.009832519702760723,0.03884986978917074,0.002002150418053343,-0.000743730809067162,0.005519826249248211,0.0005993467392211455,0.02
scenario_1342,/home/simon/davide_fr3_ws/src/cbf_safety_filter/data/rollouts/fullpool_candidates_seed20260520_n1500/scenario_1342_offline_rollout.npz,/home/simon/davide_fr3_ws/src/cbf_safety_filter/config/generated_scenarios_fullpool_candidates/scenario_1342.yaml,good,ok,3000,True,0,0.009517222759588308,0.02056074973645275,0.00022760003935837908,-0.06073872716515909,0.0006228402122488708,0.0008068844967092628,0.02
scenario_1343,/home/simon/davide_fr3_ws/src/cbf_safety_filter/data/rollouts/fullpool_candidates_seed20260520_n1500/scenario_1343_offline_rollout.npz,/home/simon/davide_fr3_ws/src/cbf_safety_filter/config/generated_scenarios_fullpool_candidates/scenario_1343.yaml,good,ok,3000,True,0,0.009717203558509087,0.03363819015388082,0.0011387782442219378,-0.016594199886461852,0.0046546358713623615,8.183177668935932e-05,0.02
scenario_1344,/home/simon/davide_fr3_ws/src/cbf_safety_filter/data/rollouts/fullpool_candidates_seed20260520_n1500/scenario_1344_offline_rollout.npz,/home/simon/davide_fr3_ws/src/cbf_safety_filter/config/generated_scenarios_fullpool_candidates/scenario_1344.yaml,good,ok,3000,True,0,0.04893785887780039,0.12126535769560659,0.03219188660153616,0.0388549895003187,0.08036599884710552,0.0005600385344869668,0.02
scenario_1345,/home/simon/davide_fr3_ws/src/cbf_safety_filter/data/rollouts/fullpool_candidates_seed20260520_n1500/scenario_1345_offline_rollout.npz,/home/simon/davide_fr3_ws/src/cbf_safety_filter/config/generated_scenarios_fullpool_candidates/scenario_1345.yaml,good,ok,3000,True,0,0.007128465025569949,0.00943917995362889,0.000276195715884317,-0.04631262556784271,0.0007323575142286765,0.0006583706596249929,0.02
scenario_1346,/home/simon/davide_fr3_ws/src/cbf_safety_filter/data/rollouts/fullpool_candidates_seed20260520_n1500/scenario_1346_offline_rollout.npz,/home/simon/davide_fr3_ws/src/cbf_safety_filter/config/generated_scenarios_fullpool_candidates/scenario_1346.yaml,bad_safety,final_min_psi_negative,3000,True,0,0.0022637259490068916,-0.01133027737867115,0.00011990190509791193,-0.01717504084049111,0.00041229997873776236,0.002214985728402672,0.02
scenario_1347,/home/simon/davide_fr3_ws/src/cbf_safety_filter/data/rollouts/fullpool_candidates_seed20260520_n1500/scenario_1347_offline_rollout.npz,/home/simon/davide_fr3_ws/src/cbf_safety_filter/config/generated_scenarios_fullpool_candidates/scenario_1347.yaml,good,ok,3000,True,0,0.01157697014605227,0.0382376326245016,-0.0009928775009586353,-0.03681959794398518,-0.0029317108592532004,3.676078462744872e-05,0.02
scenario_1348,/home/simon/davide_fr3_ws/src/cbf_safety_filter/data/rollouts/fullpool_candidates_seed20260520_n1500/scenario_1348_offline_rollout.npz,/home/simon/davide_fr3_ws/src/cbf_safety_filter/config/generated_scenarios_fullpool_candidates/scenario_1348.yaml,good,ok,3000,True,0,0.015984181074682507,0.01551859444714504,0.007905496205064519,-0.3504600590813053,0.024149982091221045,0.0016528923192723791,0.02
scenario_1349,/home/simon/davide_fr3_ws/src/cbf_safety_filter/data/rollouts/fullpool_candidates_seed20260520_n1500/scenario_1349_offline_rollout.npz,/home/simon/davide_fr3_ws/src/cbf_safety_filter/config/generated_scenarios_fullpool_candidates/scenario_1349.yaml,good,ok,3000,True,0,0.0571793498569231,0.11960058983891744,0.01330599068562796,-0.08825846410306099,0.04794222158256277,0.0011700585366659477,0.02
scenario_1350,/home/simon/davide_fr3_ws/src/cbf_safety_filter/data/rollouts/fullpool_candidates_seed20260520_n1500/scenario_1350_offline_rollout.npz,/home/simon/davide_fr3_ws/src/cbf_safety_filter/config/generated_scenarios_fullpool_candidates/scenario_1350.yaml,bad_qp,final_qp_solved_false,3000,False,1401,0.03854839338956149,0.08238296460376915,0.0004085451813581366,-0.014299943483474367,0.0012661544315914763,0.0026661597590908353,0.02
scenario_1351,/home/simon/davide_fr3_ws/src/cbf_safety_filter/data/rollouts/fullpool_candidates_seed20260520_n1500/scenario_1351_offline_rollout.npz,/home/simon/davide_fr3_ws/src/cbf_safety_filter/config/generated_scenarios_fullpool_candidates/scenario_1351.yaml,good,ok,3000,True,0,0.01798640449620104,0.03454555773443323,-0.0007042884035344671,-0.05457673125826118,-0.0040016767810817505,0.0006997671306242097,0.02
scenario_1352,/home/simon/davide_fr3_ws/src/cbf_safety_filter/data/rollouts/fullpool_candidates_seed20260520_n1500/scenario_1352_offline_rollout.npz,/home/simon/davide_fr3_ws/src/cbf_safety_filter/config/generated_scenarios_fullpool_candidates/scenario_1352.yaml,good,ok,3000,True,0,0.03253216751853458,0.04912494326356788,0.0003838432980704312,-0.009338529384064306,0.0010469017907847045,0.0004661933695507965,0.02
scenario_1353,/home/simon/davide_fr3_ws/src/cbf_safety_filter/data/rollouts/fullpool_candidates_seed20260520_n1500/scenario_1353_offline_rollout.npz,/home/simon/davide_fr3_ws/src/cbf_safety_filter/config/generated_scenarios_fullpool_candidates/scenario_1353.yaml,good,ok,3000,True,0,0.0664557436288564,0.12560986456718304,-0.007725047405786781,-0.24436779229466168,-0.02650112229074081,0.0007573311110454198,0.02
scenario_1354,/home/simon/davide_fr3_ws/src/cbf_safety_filter/data/rollouts/fullpool_candidates_seed20260520_n1500/scenario_1354_offline_rollout.npz,/home/simon/davide_fr3_ws/src/cbf_safety_filter/config/generated_scenarios_fullpool_candidates/scenario_1354.yaml,good,ok,3000,True,0,0.025223294678811892,0.00786684276266432,-0.0007886096760711045,-0.18396403209436307,-0.001965458089215194,0.001306024016051738,0.02
scenario_1355,/home/simon/davide_fr3_ws/src/cbf_safety_filter/data/rollouts/fullpool_candidates_seed20260520_n1500/scenario_1355_offline_rollout.npz,/home/simon/davide_fr3_ws/src/cbf_safety_filter/config/generated_scenarios_fullpool_candidates/scenario_1355.yaml,bad_qp,final_qp_solved_false,3000,False,2913,0.003458805555390158,-0.017478520142637524,0.0033539834579698197,-0.11184696246259418,0.017023284653246457,0.3413770303674131,0.02
scenario_1356,/home/simon/davide_fr3_ws/src/cbf_safety_filter/data/rollouts/fullpool_candidates_seed20260520_n1500/scenario_1356_offline_rollout.npz,/home/simon/davide_fr3_ws/src/cbf_safety_filter/config/generated_scenarios_fullpool_candidates/scenario_1356.yaml,good,ok,3000,True,0,0.004155799839269654,0.018696260226824114,-0.0025872328924054673,-0.18640821790716983,-0.010723085105496799,0.00041380817835770766,0.02
scenario_1357,/home/simon/davide_fr3_ws/src/cbf_safety_filter/data/rollouts/fullpool_candidates_seed20260520_n1500/scenario_1357_offline_rollout.npz,/home/simon/davide_fr3_ws/src/cbf_safety_filter/config/generated_scenarios_fullpool_candidates/scenario_1357.yaml,bad_safety,final_min_psi_negative,3000,True,0,0.033620525843391195,-0.011528538385809597,-0.000831031061021871,-0.027538932770574856,-0.0036883627998479246,0.0010819885218237419,0.02
scenario_1358,/home/simon/davide_fr3_ws/src/cbf_safety_filter/data/rollouts/fullpool_candidates_seed20260520_n1500/scenario_1358_offline_rollout.npz,/home/simon/davide_fr3_ws/src/cbf_safety_filter/config/generated_scenarios_fullpool_candidates/scenario_1358.yaml,good,ok,3000,True,0,0.04231363923771452,0.08478430314999764,-0.0012004594447770495,-0.06878047745367744,-0.00345009272796995,1.7390268596851196e-05,0.02
scenario_1359,/home/simon/davide_fr3_ws/src/cbf_safety_filter/data/rollouts/fullpool_candidates_seed20260520_n1500/scenario_1359_offline_rollout.npz,/home/simon/davide_fr3_ws/src/cbf_safety_filter/config/generated_scenarios_fullpool_candidates/scenario_1359.yaml,good,ok,3000,True,0,0.002328832689074873,0.005613403257434188,-0.005284498137518832,-0.2464704251217319,-0.020335598517417675,2.300421541263216e-06,0.02
scenario_1360,/home/simon/davide_fr3_ws/src/cbf_safety_filter/data/rollouts/fullpool_candidates_seed20260520_n1500/scenario_1360_offline_rollout.npz,/home/simon/davide_fr3_ws/src/cbf_safety_filter/config/generated_scenarios_fullpool_candidates/scenario_1360.yaml,good,ok,3000,True,0,2.239361238218912e-05,2.5340361924771224e-06,2.239361238218912e-05,-0.01781940724090439,7.152874128230069e-05,8.405295211534319e-05,0.02
scenario_1361,/home/simon/davide_fr3_ws/src/cbf_safety_filter/data/rollouts/fullpool_candidates_seed20260520_n1500/scenario_1361_offline_rollout.npz,/home/simon/davide_fr3_ws/src/cbf_safety_filter/config/generated_scenarios_fullpool_candidates/scenario_1361.yaml,good,ok,3000,True,0,0.009926044834101108,0.019858909756376122,0.009919379164143942,0.019837916532788897,0.03574031781167944,2.356951261584938e-07,0.02
scenario_1362,/home/simon/davide_fr3_ws/src/cbf_safety_filter/data/rollouts/fullpool_candidates_seed20260520_n1500/scenario_1362_offline_rollout.npz,/home/simon/davide_fr3_ws/src/cbf_safety_filter/config/generated_scenarios_fullpool_candidates/scenario_1362.yaml,good,ok,3000,True,0,2.7996323838576365e-05,3.931760846055579e-06,2.7996323838576365e-05,-0.003626355407589441,8.395103797778636e-05,0.00024209454350822957,0.02
scenario_1363,/home/simon/davide_fr3_ws/src/cbf_safety_filter/data/rollouts/fullpool_candidates_seed20260520_n1500/scenario_1363_offline_rollout.npz,/home/simon/davide_fr3_ws/src/cbf_safety_filter/config/generated_scenarios_fullpool_candidates/scenario_1363.yaml,good,ok,3000,True,0,0.04994190367278578,0.05328441203625037,8.784502515683454e-05,-0.003466147092592367,0.00039749331017768785,0.0007029293428291834,0.02
scenario_1364,/home/simon/davide_fr3_ws/src/cbf_safety_filter/data/rollouts/fullpool_candidates_seed20260520_n1500/scenario_1364_offline_rollout.npz,/home/simon/davide_fr3_ws/src/cbf_safety_filter/config/generated_scenarios_fullpool_candidates/scenario_1364.yaml,good,ok,3000,True,0,0.03269263194551906,0.07637874318343059,0.0004382621101103462,-0.019958916210355004,0.0010943029822070016,0.00036698907650939443,0.02
scenario_1365,/home/simon/davide_fr3_ws/src/cbf_safety_filter/data/rollouts/fullpool_candidates_seed20260520_n1500/scenario_1365_offline_rollout.npz,/home/simon/davide_fr3_ws/src/cbf_safety_filter/config/generated_scenarios_fullpool_candidates/scenario_1365.yaml,good,ok,3000,True,0,0.0382916222927686,0.09313211506793785,0.00046153287370394314,-3.6518690426645684e-06,0.0012345911390854447,0.00015867481493588207,0.02
scenario_1366,/home/simon/davide_fr3_ws/src/cbf_safety_filter/data/rollouts/fullpool_candidates_seed20260520_n1500/scenario_1366_offline_rollout.npz,/home/simon/davide_fr3_ws/src/cbf_safety_filter/config/generated_scenarios_fullpool_candidates/scenario_1366.yaml,good,ok,3000,True,0,0.056679824132718604,0.1050511242654222,1.786563696820273e-05,-0.046883938385840235,8.199684795742734e-05,6.994327387658107e-05,0.02
scenario_1367,/home/simon/davide_fr3_ws/src/cbf_safety_filter/data/rollouts/fullpool_candidates_seed20260520_n1500/scenario_1367_offline_rollout.npz,/home/simon/davide_fr3_ws/src/cbf_safety_filter/config/generated_scenarios_fullpool_candidates/scenario_1367.yaml,good,ok,3000,True,0,0.05851485024327232,0.10501507607663504,0.01603563324377286,-0.08940396700288891,0.041880727877485036,0.0011765183656210054,0.02
scenario_1368,/home/simon/davide_fr3_ws/src/cbf_safety_filter/data/rollouts/fullpool_candidates_seed20260520_n1500/scenario_1368_offline_rollout.npz,/home/simon/davide_fr3_ws/src/cbf_safety_filter/config/generated_scenarios_fullpool_candidates/scenario_1368.yaml,good,ok,3000,True,0,0.019246358066965577,0.036684762430192155,0.010442609264098242,-0.08898984295169957,0.029630283630889903,0.0001947500025547587,0.02
scenario_1369,/home/simon/davide_fr3_ws/src/cbf_safety_filter/data/rollouts/fullpool_candidates_seed20260520_n1500/scenario_1369_offline_rollout.npz,/home/simon/davide_fr3_ws/src/cbf_safety_filter/config/generated_scenarios_fullpool_candidates/scenario_1369.yaml,bad_safety,final_min_h_negative,3000,True,0,-0.015141460310032034,-0.025969236410909143,-0.016615597702074755,-0.06616500953766907,-0.06099620490292108,0.008993421536379671,0.02
scenario_1370,/home/simon/davide_fr3_ws/src/cbf_safety_filter/data/rollouts/fullpool_candidates_seed20260520_n1500/scenario_1370_offline_rollout.npz,/home/simon/davide_fr3_ws/src/cbf_safety_filter/config/generated_scenarios_fullpool_candidates/scenario_1370.yaml,good,ok,3000,True,0,0.03048119989557356,0.045018133129407376,0.017445926553882395,-0.04652766984786577,0.06983093115502517,0.0018313948480686594,0.02
scenario_1371,/home/simon/davide_fr3_ws/src/cbf_safety_filter/data/rollouts/fullpool_candidates_seed20260520_n1500/scenario_1371_offline_rollout.npz,/home/simon/davide_fr3_ws/src/cbf_safety_filter/config/generated_scenarios_fullpool_candidates/scenario_1371.yaml,good,ok,3000,True,0,0.06173278693606516,0.12593430679219245,0.002645975836246834,0.0051890805912754604,0.007531284441278069,0.0010945309670506275,0.02
scenario_1372,/home/simon/davide_fr3_ws/src/cbf_safety_filter/data/rollouts/fullpool_candidates_seed20260520_n1500/scenario_1372_offline_rollout.npz,/home/simon/davide_fr3_ws/src/cbf_safety_filter/config/generated_scenarios_fullpool_candidates/scenario_1372.yaml,good,ok,3000,True,0,0.018794841382491812,0.004855726513053216,1.753859223753082e-06,-0.33385336246341535,7.32583774375184e-06,0.0004138359641335394,0.02
scenario_1373,/home/simon/davide_fr3_ws/src/cbf_safety_filter/data/rollouts/fullpool_candidates_seed20260520_n1500/scenario_1373_offline_rollout.npz,/home/simon/davide_fr3_ws/src/cbf_safety_filter/config/generated_scenarios_fullpool_candidates/scenario_1373.yaml,bad_safety,final_min_h_negative,3000,True,0,-0.0002751497083773001,-0.0005304575633459639,-0.0011360561202371257,-0.062056072700779674,-0.003595058081497071,2.0716532370417518e-05,0.02
scenario_1374,/home/simon/davide_fr3_ws/src/cbf_safety_filter/data/rollouts/fullpool_candidates_seed20260520_n1500/scenario_1374_offline_rollout.npz,/home/simon/davide_fr3_ws/src/cbf_safety_filter/config/generated_scenarios_fullpool_candidates/scenario_1374.yaml,good,ok,3000,True,0,0.010420576390953142,0.038460629920704564,-0.009235572929860887,-0.25528550327315325,-0.026176158904650082,6.268664753564731e-05,0.02
scenario_1375,/home/simon/davide_fr3_ws/src/cbf_safety_filter/data/rollouts/fullpool_candidates_seed20260520_n1500/scenario_1375_offline_rollout.npz,/home/simon/davide_fr3_ws/src/cbf_safety_filter/config/generated_scenarios_fullpool_candidates/scenario_1375.yaml,good,ok,3000,True,0,2.884139728135185e-05,0.0001031453074677152,-7.699288999390291e-06,-1.5574012242986705e-05,-2.699866033328835e-05,1.0197950336576145e-07,0.02
scenario_1376,/home/simon/davide_fr3_ws/src/cbf_safety_filter/data/rollouts/fullpool_candidates_seed20260520_n1500/scenario_1376_offline_rollout.npz,/home/simon/davide_fr3_ws/src/cbf_safety_filter/config/generated_scenarios_fullpool_candidates/scenario_1376.yaml,good,ok,3000,True,0,0.0511694633754977,0.04686833932978826,-0.005224326598169026,-0.11298049473368718,-0.018997369551126103,0.0009121472267497929,0.02
scenario_1377,/home/simon/davide_fr3_ws/src/cbf_safety_filter/data/rollouts/fullpool_candidates_seed20260520_n1500/scenario_1377_offline_rollout.npz,/home/simon/davide_fr3_ws/src/cbf_safety_filter/config/generated_scenarios_fullpool_candidates/scenario_1377.yaml,bad_qp,final_qp_solved_false,3000,False,668,0.014556018032449485,0.027203412772278116,0.007057499862500871,0.002093265089723677,0.01776949140175013,0.010588198273252055,0.02
scenario_1378,/home/simon/davide_fr3_ws/src/cbf_safety_filter/data/rollouts/fullpool_candidates_seed20260520_n1500/scenario_1378_offline_rollout.npz,/home/simon/davide_fr3_ws/src/cbf_safety_filter/config/generated_scenarios_fullpool_candidates/scenario_1378.yaml,good,ok,3000,True,0,0.006130164203077486,0.0065642767507975335,0.0003529112719490822,-0.029927835811663084,0.0013786745033887993,0.0005472333457190107,0.02
scenario_1379,/home/simon/davide_fr3_ws/src/cbf_safety_filter/data/rollouts/fullpool_candidates_seed20260520_n1500/scenario_1379_offline_rollout.npz,/home/simon/davide_fr3_ws/src/cbf_safety_filter/config/generated_scenarios_fullpool_candidates/scenario_1379.yaml,bad_qp,final_qp_solved_false,3000,False,2876,0.03012992727744799,0.06066825120620109,0.00891147008502901,-0.002487850786992943,0.022562808193962114,0.2047518258380384,0.02
scenario_1380,/home/simon/davide_fr3_ws/src/cbf_safety_filter/data/rollouts/fullpool_candidates_seed20260520_n1500/scenario_1380_offline_rollout.npz,/home/simon/davide_fr3_ws/src/cbf_safety_filter/config/generated_scenarios_fullpool_candidates/scenario_1380.yaml,good,ok,3000,True,0,0.024460416886201947,0.025575556065276922,0.011002044006415024,0.02144593964040624,0.0379684045397862,0.00021153064662195905,0.02
scenario_1381,/home/simon/davide_fr3_ws/src/cbf_safety_filter/data/rollouts/fullpool_candidates_seed20260520_n1500/scenario_1381_offline_rollout.npz,/home/simon/davide_fr3_ws/src/cbf_safety_filter/config/generated_scenarios_fullpool_candidates/scenario_1381.yaml,good,ok,3000,True,0,0.006746627059763312,0.008716018993188763,0.0013747153378841134,-0.007863737489010703,0.005449816988166947,0.0008178911830237409,0.02
scenario_1382,/home/simon/davide_fr3_ws/src/cbf_safety_filter/data/rollouts/fullpool_candidates_seed20260520_n1500/scenario_1382_offline_rollout.npz,/home/simon/davide_fr3_ws/src/cbf_safety_filter/config/generated_scenarios_fullpool_candidates/scenario_1382.yaml,bad_safety,final_min_h_negative,3000,True,0,-5.074850674142983e-06,-2.1642659195286133e-05,-0.00666267739230663,-0.07572738297861756,-0.01957144079780132,6.633744074662732e-06,0.02
scenario_1383,/home/simon/davide_fr3_ws/src/cbf_safety_filter/data/rollouts/fullpool_candidates_seed20260520_n1500/scenario_1383_offline_rollout.npz,/home/simon/davide_fr3_ws/src/cbf_safety_filter/config/generated_scenarios_fullpool_candidates/scenario_1383.yaml,good,ok,3000,True,0,0.06674891115132121,0.09685591586653516,0.019403997653633487,-0.034108215041439044,0.0449622245628406,0.000312414353083992,0.02
scenario_1384,/home/simon/davide_fr3_ws/src/cbf_safety_filter/data/rollouts/fullpool_candidates_seed20260520_n1500/scenario_1384_offline_rollout.npz,/home/simon/davide_fr3_ws/src/cbf_safety_filter/config/generated_scenarios_fullpool_candidates/scenario_1384.yaml,good,ok,3000,True,0,0.040225107415992035,0.08042403497135159,0.04019256476891788,0.0797679383367737,0.08952974346999235,5.267315225928265e-07,0.02
scenario_1385,/home/simon/davide_fr3_ws/src/cbf_safety_filter/data/rollouts/fullpool_candidates_seed20260520_n1500/scenario_1385_offline_rollout.npz,/home/simon/davide_fr3_ws/src/cbf_safety_filter/config/generated_scenarios_fullpool_candidates/scenario_1385.yaml,good,ok,3000,True,0,0.06905170943507043,0.11955030813125202,0.002400923756776717,-0.3199969508657565,0.006657081967390288,0.002369520466213919,0.02
scenario_1386,/home/simon/davide_fr3_ws/src/cbf_safety_filter/data/rollouts/fullpool_candidates_seed20260520_n1500/scenario_1386_offline_rollout.npz,/home/simon/davide_fr3_ws/src/cbf_safety_filter/config/generated_scenarios_fullpool_candidates/scenario_1386.yaml,good,ok,3000,True,0,0.011531863225871807,0.023042821184584113,0.011531863225871807,0.023042821184584113,0.051205872617164166,2.4336437872167728e-08,0.02
scenario_1387,/home/simon/davide_fr3_ws/src/cbf_safety_filter/data/rollouts/fullpool_candidates_seed20260520_n1500/scenario_1387_offline_rollout.npz,/home/simon/davide_fr3_ws/src/cbf_safety_filter/config/generated_scenarios_fullpool_candidates/scenario_1387.yaml,good,ok,3000,True,0,0.042922804410014406,0.049695286354002,-0.0019503341798553092,-0.03631750533076697,-0.005195284176375742,0.0022650752231423523,0.02
scenario_1388,/home/simon/davide_fr3_ws/src/cbf_safety_filter/data/rollouts/fullpool_candidates_seed20260520_n1500/scenario_1388_offline_rollout.npz,/home/simon/davide_fr3_ws/src/cbf_safety_filter/config/generated_scenarios_fullpool_candidates/scenario_1388.yaml,good,ok,3000,True,0,0.005389653433810773,0.011369138435166811,-1.727524719659368e-05,-0.0008049123945334663,-4.492268654279763e-05,1.779827416835339e-07,0.02
scenario_1389,/home/simon/davide_fr3_ws/src/cbf_safety_filter/data/rollouts/fullpool_candidates_seed20260520_n1500/scenario_1389_offline_rollout.npz,/home/simon/davide_fr3_ws/src/cbf_safety_filter/config/generated_scenarios_fullpool_candidates/scenario_1389.yaml,bad_safety,final_min_h_negative,3000,True,0,-4.9799533472227875e-06,-9.422250645522707e-06,-0.0013524721951117674,-0.02136988385872904,-0.0034992746622398985,0.0002582383719608031,0.02
scenario_1390,/home/simon/davide_fr3_ws/src/cbf_safety_filter/data/rollouts/fullpool_candidates_seed20260520_n1500/scenario_1390_offline_rollout.npz,/home/simon/davide_fr3_ws/src/cbf_safety_filter/config/generated_scenarios_fullpool_candidates/scenario_1390.yaml,good,ok,3000,True,0,0.0409250965039562,0.05722273381215073,0.03671087764020231,0.03570759162156393,0.11237552292053002,0.000421337017243051,0.02
scenario_1391,/home/simon/davide_fr3_ws/src/cbf_safety_filter/data/rollouts/fullpool_candidates_seed20260520_n1500/scenario_1391_offline_rollout.npz,/home/simon/davide_fr3_ws/src/cbf_safety_filter/config/generated_scenarios_fullpool_candidates/scenario_1391.yaml,good,ok,3000,True,0,0.025280052812717165,0.05046294806447465,0.01906462395061121,0.03812470267236126,0.042979086545907624,4.968767974340029e-07,0.02
scenario_1392,/home/simon/davide_fr3_ws/src/cbf_safety_filter/data/rollouts/fullpool_candidates_seed20260520_n1500/scenario_1392_offline_rollout.npz,/home/simon/davide_fr3_ws/src/cbf_safety_filter/config/generated_scenarios_fullpool_candidates/scenario_1392.yaml,good,ok,3000,True,0,0.06197324051144266,0.13024518067933355,0.016642962789073516,-0.05244681301992976,0.06600586220578677,0.0006647960030533458,0.02
scenario_1393,/home/simon/davide_fr3_ws/src/cbf_safety_filter/data/rollouts/fullpool_candidates_seed20260520_n1500/scenario_1393_offline_rollout.npz,/home/simon/davide_fr3_ws/src/cbf_safety_filter/config/generated_scenarios_fullpool_candidates/scenario_1393.yaml,bad_safety,final_min_psi_negative,3000,True,0,0.001997889001342526,-0.002228862728325849,0.001997889001342526,-0.05261764481944148,0.004699811543292243,0.00011519041220576946,0.02
scenario_1394,/home/simon/davide_fr3_ws/src/cbf_safety_filter/data/rollouts/fullpool_candidates_seed20260520_n1500/scenario_1394_offline_rollout.npz,/home/simon/davide_fr3_ws/src/cbf_safety_filter/config/generated_scenarios_fullpool_candidates/scenario_1394.yaml,good,ok,3000,True,0,0.02353280662353381,0.04314760500928186,-0.014146544143553721,-0.22911109910814287,-0.046486789441708976,0.0004814715823135171,0.02
scenario_1395,/home/simon/davide_fr3_ws/src/cbf_safety_filter/data/rollouts/fullpool_candidates_seed20260520_n1500/scenario_1395_offline_rollout.npz,/home/simon/davide_fr3_ws/src/cbf_safety_filter/config/generated_scenarios_fullpool_candidates/scenario_1395.yaml,good,ok,3000,True,0,0.01880358319231245,0.0391860038477736,0.017955666403700048,0.035549369071040664,0.06925792645622933,8.579078345814645e-05,0.02
scenario_1396,/home/simon/davide_fr3_ws/src/cbf_safety_filter/data/rollouts/fullpool_candidates_seed20260520_n1500/scenario_1396_offline_rollout.npz,/home/simon/davide_fr3_ws/src/cbf_safety_filter/config/generated_scenarios_fullpool_candidates/scenario_1396.yaml,good,ok,3000,True,0,0.06820815840571458,0.15734426498437562,0.03476597732746818,-0.03866431249052382,0.09683241833374245,0.0006497452387950445,0.02
scenario_1397,/home/simon/davide_fr3_ws/src/cbf_safety_filter/data/rollouts/fullpool_candidates_seed20260520_n1500/scenario_1397_offline_rollout.npz,/home/simon/davide_fr3_ws/src/cbf_safety_filter/config/generated_scenarios_fullpool_candidates/scenario_1397.yaml,good,ok,3000,True,0,0.01842703815085931,0.0749442905849763,0.0043355457918679355,-0.12563840842967533,0.015976149001384138,0.001705793398754335,0.02
scenario_1398,/home/simon/davide_fr3_ws/src/cbf_safety_filter/data/rollouts/fullpool_candidates_seed20260520_n1500/scenario_1398_offline_rollout.npz,/home/simon/davide_fr3_ws/src/cbf_safety_filter/config/generated_scenarios_fullpool_candidates/scenario_1398.yaml,good,ok,3000,True,0,0.029514006551150117,0.012349438051010339,0.00013187674543116423,-0.05457305404801499,0.0003601613701984252,0.0008810496056837225,0.02
scenario_1399,/home/simon/davide_fr3_ws/src/cbf_safety_filter/data/rollouts/fullpool_candidates_seed20260520_n1500/scenario_1399_offline_rollout.npz,/home/simon/davide_fr3_ws/src/cbf_safety_filter/config/generated_scenarios_fullpool_candidates/scenario_1399.yaml,bad_safety,final_min_psi_negative,3000,True,0,0.02472403872530704,-0.005559206868651689,0.008119877662958283,-0.1366486055006742,0.02015102850839154,0.013917295173742362,0.02
scenario_1400,/home/simon/davide_fr3_ws/src/cbf_safety_filter/data/rollouts/fullpool_candidates_seed20260520_n1500/scenario_1400_offline_rollout.npz,/home/simon/davide_fr3_ws/src/cbf_safety_filter/config/generated_scenarios_fullpool_candidates/scenario_1400.yaml,bad_safety,final_min_psi_negative,3000,True,0,0.03626074944053853,-0.002722784474803036,0.010063834133910122,-0.06644849380025875,0.04316234701940366,0.0018943203439311543,0.02
scenario_1401,/home/simon/davide_fr3_ws/src/cbf_safety_filter/data/rollouts/fullpool_candidates_seed20260520_n1500/scenario_1401_offline_rollout.npz,/home/simon/davide_fr3_ws/src/cbf_safety_filter/config/generated_scenarios_fullpool_candidates/scenario_1401.yaml,good,ok,3000,True,0,0.08976237035087678,0.17451698884935915,0.00496011244499352,-0.018761550402364796,0.018071502504737796,0.003486480617005815,0.02
scenario_1402,/home/simon/davide_fr3_ws/src/cbf_safety_filter/data/rollouts/fullpool_candidates_seed20260520_n1500/scenario_1402_offline_rollout.npz,/home/simon/davide_fr3_ws/src/cbf_safety_filter/config/generated_scenarios_fullpool_candidates/scenario_1402.yaml,good,ok,3000,True,0,0.05198328383187203,0.15948117494548292,0.008969163205123953,-0.31796627765532565,0.03914232443611507,0.0023147028209671737,0.02
scenario_1403,/home/simon/davide_fr3_ws/src/cbf_safety_filter/data/rollouts/fullpool_candidates_seed20260520_n1500/scenario_1403_offline_rollout.npz,/home/simon/davide_fr3_ws/src/cbf_safety_filter/config/generated_scenarios_fullpool_candidates/scenario_1403.yaml,good,ok,3000,True,0,0.018787534495683923,0.03932673270652743,0.003626581297750262,0.007237700053284546,0.011753492930220738,4.3809001554900703e-07,0.02
scenario_1404,/home/simon/davide_fr3_ws/src/cbf_safety_filter/data/rollouts/fullpool_candidates_seed20260520_n1500/scenario_1404_offline_rollout.npz,/home/simon/davide_fr3_ws/src/cbf_safety_filter/config/generated_scenarios_fullpool_candidates/scenario_1404.yaml,bad_safety,final_min_h_negative,3000,True,0,-1.529184964889005e-06,-3.147902382855801e-06,-2.6338099326495695e-05,-0.00016604466420543006,-0.00013034168289215164,2.9394331500134006e-07,0.02
scenario_1405,/home/simon/davide_fr3_ws/src/cbf_safety_filter/data/rollouts/fullpool_candidates_seed20260520_n1500/scenario_1405_offline_rollout.npz,/home/simon/davide_fr3_ws/src/cbf_safety_filter/config/generated_scenarios_fullpool_candidates/scenario_1405.yaml,bad_safety,final_min_psi_negative,3000,True,0,0.006535947594812682,-0.010672129481122804,-0.006469097085507618,-0.10862869445925125,-0.04961556098579081,0.006687477814443889,0.02
scenario_1406,/home/simon/davide_fr3_ws/src/cbf_safety_filter/data/rollouts/fullpool_candidates_seed20260520_n1500/scenario_1406_offline_rollout.npz,/home/simon/davide_fr3_ws/src/cbf_safety_filter/config/generated_scenarios_fullpool_candidates/scenario_1406.yaml,good,ok,3000,True,0,0.04312260015961078,0.08603064579287285,0.0358105491667252,0.07208405166991919,0.0930140135882683,9.866775499235617e-09,0.02
scenario_1407,/home/simon/davide_fr3_ws/src/cbf_safety_filter/data/rollouts/fullpool_candidates_seed20260520_n1500/scenario_1407_offline_rollout.npz,/home/simon/davide_fr3_ws/src/cbf_safety_filter/config/generated_scenarios_fullpool_candidates/scenario_1407.yaml,bad_goal,final_dist_to_goal_above_tol,3000,True,0,0.006703840441265933,0.012519378590960709,0.0002558634559139232,-0.04761186424528549,0.0007439104114616568,0.02269512943888618,0.02
scenario_1408,/home/simon/davide_fr3_ws/src/cbf_safety_filter/data/rollouts/fullpool_candidates_seed20260520_n1500/scenario_1408_offline_rollout.npz,/home/simon/davide_fr3_ws/src/cbf_safety_filter/config/generated_scenarios_fullpool_candidates/scenario_1408.yaml,good,ok,3000,True,0,0.025791511490168305,0.04188167434691337,0.0030262858184909695,-0.0456881872108931,0.011328933122720458,0.00012145608934025382,0.02
scenario_1409,/home/simon/davide_fr3_ws/src/cbf_safety_filter/data/rollouts/fullpool_candidates_seed20260520_n1500/scenario_1409_offline_rollout.npz,/home/simon/davide_fr3_ws/src/cbf_safety_filter/config/generated_scenarios_fullpool_candidates/scenario_1409.yaml,good,ok,3000,True,0,0.020952747401483722,0.02617804450168926,0.0008183076958676247,0.0001444057435507507,0.002215143881944187,0.0030517898037039325,0.02
scenario_1410,/home/simon/davide_fr3_ws/src/cbf_safety_filter/data/rollouts/fullpool_candidates_seed20260520_n1500/scenario_1410_offline_rollout.npz,/home/simon/davide_fr3_ws/src/cbf_safety_filter/config/generated_scenarios_fullpool_candidates/scenario_1410.yaml,good,ok,3000,True,0,0.02319271329679205,0.050095641367401016,-0.0069817086747236395,-0.16773966876436835,-0.025800934132337597,0.00038018681001972276,0.02
scenario_1411,/home/simon/davide_fr3_ws/src/cbf_safety_filter/data/rollouts/fullpool_candidates_seed20260520_n1500/scenario_1411_offline_rollout.npz,/home/simon/davide_fr3_ws/src/cbf_safety_filter/config/generated_scenarios_fullpool_candidates/scenario_1411.yaml,good,ok,3000,True,0,8.537922050131166e-05,0.0001236747460797601,-4.991472374109296e-05,-0.07795233251538194,-0.00017269899268038125,4.647734267888016e-06,0.02
scenario_1412,/home/simon/davide_fr3_ws/src/cbf_safety_filter/data/rollouts/fullpool_candidates_seed20260520_n1500/scenario_1412_offline_rollout.npz,/home/simon/davide_fr3_ws/src/cbf_safety_filter/config/generated_scenarios_fullpool_candidates/scenario_1412.yaml,good,ok,3000,True,0,0.003301506414475304,0.0034471197958409402,0.0025162268323797587,-0.055314784149950724,0.006855173323392583,0.0130549761520146,0.02
scenario_1413,/home/simon/davide_fr3_ws/src/cbf_safety_filter/data/rollouts/fullpool_candidates_seed20260520_n1500/scenario_1413_offline_rollout.npz,/home/simon/davide_fr3_ws/src/cbf_safety_filter/config/generated_scenarios_fullpool_candidates/scenario_1413.yaml,good,ok,3000,True,0,0.059048823764719253,0.12665956696854963,0.020330526937157527,-0.008374767535883454,0.046434295251948005,0.0015137298597392224,0.02
scenario_1414,/home/simon/davide_fr3_ws/src/cbf_safety_filter/data/rollouts/fullpool_candidates_seed20260520_n1500/scenario_1414_offline_rollout.npz,/home/simon/davide_fr3_ws/src/cbf_safety_filter/config/generated_scenarios_fullpool_candidates/scenario_1414.yaml,good,ok,3000,True,0,0.04840904298922362,0.08516587354719339,0.001929556006074272,-0.028411759086961585,0.005124647270928484,0.00023604320132575608,0.02
scenario_1415,/home/simon/davide_fr3_ws/src/cbf_safety_filter/data/rollouts/fullpool_candidates_seed20260520_n1500/scenario_1415_offline_rollout.npz,/home/simon/davide_fr3_ws/src/cbf_safety_filter/config/generated_scenarios_fullpool_candidates/scenario_1415.yaml,good,ok,3000,True,0,0.01536160180158044,0.021926880690479687,-0.0003359429215412345,-0.005576330328925742,-0.0011385524075828712,4.428179169298599e-05,0.02
scenario_1416,/home/simon/davide_fr3_ws/src/cbf_safety_filter/data/rollouts/fullpool_candidates_seed20260520_n1500/scenario_1416_offline_rollout.npz,/home/simon/davide_fr3_ws/src/cbf_safety_filter/config/generated_scenarios_fullpool_candidates/scenario_1416.yaml,good,ok,3000,True,0,0.015152644357369915,0.030304841459469704,0.0015823908256389074,-0.3820838217983511,0.004317369266309323,1.2949846511973724e-05,0.02
scenario_1417,/home/simon/davide_fr3_ws/src/cbf_safety_filter/data/rollouts/fullpool_candidates_seed20260520_n1500/scenario_1417_offline_rollout.npz,/home/simon/davide_fr3_ws/src/cbf_safety_filter/config/generated_scenarios_fullpool_candidates/scenario_1417.yaml,good,ok,3000,True,0,0.05168133000000001,0.10336266000000002,0.001808140574681552,-0.062067451310488686,0.0044378318199003175,0.002764742845162865,0.02
scenario_1418,/home/simon/davide_fr3_ws/src/cbf_safety_filter/data/rollouts/fullpool_candidates_seed20260520_n1500/scenario_1418_offline_rollout.npz,/home/simon/davide_fr3_ws/src/cbf_safety_filter/config/generated_scenarios_fullpool_candidates/scenario_1418.yaml,good,ok,3000,True,0,0.0054166358187477184,0.009815157572990507,0.00021591117347858485,-0.0061531221018441,0.000605462328223838,2.722361563131581e-05,0.02
scenario_1419,/home/simon/davide_fr3_ws/src/cbf_safety_filter/data/rollouts/fullpool_candidates_seed20260520_n1500/scenario_1419_offline_rollout.npz,/home/simon/davide_fr3_ws/src/cbf_safety_filter/config/generated_scenarios_fullpool_candidates/scenario_1419.yaml,good,ok,3000,True,0,0.06697194977090297,0.11033678008876,0.02261963399998438,0.017653169372784494,0.06191770525868023,0.0037974648328038788,0.02
scenario_1420,/home/simon/davide_fr3_ws/src/cbf_safety_filter/data/rollouts/fullpool_candidates_seed20260520_n1500/scenario_1420_offline_rollout.npz,/home/simon/davide_fr3_ws/src/cbf_safety_filter/config/generated_scenarios_fullpool_candidates/scenario_1420.yaml,bad_safety,final_min_h_negative,3000,True,0,-9.576405489611362e-06,-1.5394811313192987e-05,-5.35229728259104e-05,-0.0007207008425264021,-0.00013661933089731404,6.66534931230822e-06,0.02
scenario_1421,/home/simon/davide_fr3_ws/src/cbf_safety_filter/data/rollouts/fullpool_candidates_seed20260520_n1500/scenario_1421_offline_rollout.npz,/home/simon/davide_fr3_ws/src/cbf_safety_filter/config/generated_scenarios_fullpool_candidates/scenario_1421.yaml,good,ok,3000,True,0,0.03303388398116716,0.10541982361479489,0.013433849691870572,-0.12553536594072784,0.03142940023429991,0.0013340610265503321,0.02
scenario_1422,/home/simon/davide_fr3_ws/src/cbf_safety_filter/data/rollouts/fullpool_candidates_seed20260520_n1500/scenario_1422_offline_rollout.npz,/home/simon/davide_fr3_ws/src/cbf_safety_filter/config/generated_scenarios_fullpool_candidates/scenario_1422.yaml,bad_safety,final_min_h_negative,3000,True,0,-4.606459603581636e-06,-9.092382600643056e-06,-1.4221193915843477e-05,-2.8486249050990542e-05,-3.804880050042869e-05,3.9640896746157303e-07,0.02
scenario_1423,/home/simon/davide_fr3_ws/src/cbf_safety_filter/data/rollouts/fullpool_candidates_seed20260520_n1500/scenario_1423_offline_rollout.npz,/home/simon/davide_fr3_ws/src/cbf_safety_filter/config/generated_scenarios_fullpool_candidates/scenario_1423.yaml,good,ok,3000,True,0,0.053158373351049,0.12222075277853306,-0.006385509072608042,-0.19575784387470313,-0.026190575190418564,0.0004966644448297888,0.02
scenario_1424,/home/simon/davide_fr3_ws/src/cbf_safety_filter/data/rollouts/fullpool_candidates_seed20260520_n1500/scenario_1424_offline_rollout.npz,/home/simon/davide_fr3_ws/src/cbf_safety_filter/config/generated_scenarios_fullpool_candidates/scenario_1424.yaml,good,ok,3000,True,0,0.03630561348858978,0.04875861981241,-0.00380616408951881,-0.04865309564386859,-0.009059259730628627,0.00034264936583920007,0.02
scenario_1425,/home/simon/davide_fr3_ws/src/cbf_safety_filter/data/rollouts/fullpool_candidates_seed20260520_n1500/scenario_1425_offline_rollout.npz,/home/simon/davide_fr3_ws/src/cbf_safety_filter/config/generated_scenarios_fullpool_candidates/scenario_1425.yaml,good,ok,3000,True,0,0.07003018834846118,0.19191086732802193,0.014770095998066916,-0.04409570457472162,0.04997134021031069,0.00014751267098548346,0.02
scenario_1426,/home/simon/davide_fr3_ws/src/cbf_safety_filter/data/rollouts/fullpool_candidates_seed20260520_n1500/scenario_1426_offline_rollout.npz,/home/simon/davide_fr3_ws/src/cbf_safety_filter/config/generated_scenarios_fullpool_candidates/scenario_1426.yaml,good,ok,3000,True,0,0.07798956026215938,0.1284958549992174,0.023530879227469458,0.047016055422140324,0.05312359411934062,0.0011659590355789843,0.02
scenario_1427,/home/simon/davide_fr3_ws/src/cbf_safety_filter/data/rollouts/fullpool_candidates_seed20260520_n1500/scenario_1427_offline_rollout.npz,/home/simon/davide_fr3_ws/src/cbf_safety_filter/config/generated_scenarios_fullpool_candidates/scenario_1427.yaml,good,ok,3000,True,0,0.004481120466659987,0.006655966292404189,-0.01265368756841215,-0.041828149546351986,-0.051289650335351614,0.00010516865714017014,0.02
scenario_1428,/home/simon/davide_fr3_ws/src/cbf_safety_filter/data/rollouts/fullpool_candidates_seed20260520_n1500/scenario_1428_offline_rollout.npz,/home/simon/davide_fr3_ws/src/cbf_safety_filter/config/generated_scenarios_fullpool_candidates/scenario_1428.yaml,good,ok,3000,True,0,0.027826839302059394,0.05186628896739557,0.0020282980744803433,-0.15681167479081135,0.004969257331482763,0.000537251402920641,0.02
scenario_1429,/home/simon/davide_fr3_ws/src/cbf_safety_filter/data/rollouts/fullpool_candidates_seed20260520_n1500/scenario_1429_offline_rollout.npz,/home/simon/davide_fr3_ws/src/cbf_safety_filter/config/generated_scenarios_fullpool_candidates/scenario_1429.yaml,good,ok,3000,True,0,0.06426882209376089,0.1368756807509867,0.014122658103426599,0.020032439450074196,0.0571435444027337,0.0008524035993221138,0.02
scenario_1430,/home/simon/davide_fr3_ws/src/cbf_safety_filter/data/rollouts/fullpool_candidates_seed20260520_n1500/scenario_1430_offline_rollout.npz,/home/simon/davide_fr3_ws/src/cbf_safety_filter/config/generated_scenarios_fullpool_candidates/scenario_1430.yaml,bad_safety,final_min_h_negative,3000,True,0,-9.606211582375082e-05,-0.00012865500168753605,-0.00018425094026836876,-0.0020477703997356534,-0.0009514709000099375,0.00013089512342727468,0.02
scenario_1431,/home/simon/davide_fr3_ws/src/cbf_safety_filter/data/rollouts/fullpool_candidates_seed20260520_n1500/scenario_1431_offline_rollout.npz,/home/simon/davide_fr3_ws/src/cbf_safety_filter/config/generated_scenarios_fullpool_candidates/scenario_1431.yaml,good,ok,3000,True,0,0.016806123887684505,0.004753625622933213,-0.0001735093004187581,-0.005174638140427679,-0.0010622732658768508,0.006765926973594521,0.02
scenario_1432,/home/simon/davide_fr3_ws/src/cbf_safety_filter/data/rollouts/fullpool_candidates_seed20260520_n1500/scenario_1432_offline_rollout.npz,/home/simon/davide_fr3_ws/src/cbf_safety_filter/config/generated_scenarios_fullpool_candidates/scenario_1432.yaml,good,ok,3000,True,0,0.04319765888559439,0.05655286097751966,0.028656466267911386,0.05115975308163239,0.07956485910192967,0.0008346381351276391,0.02
scenario_1433,/home/simon/davide_fr3_ws/src/cbf_safety_filter/data/rollouts/fullpool_candidates_seed20260520_n1500/scenario_1433_offline_rollout.npz,/home/simon/davide_fr3_ws/src/cbf_safety_filter/config/generated_scenarios_fullpool_candidates/scenario_1433.yaml,good,ok,3000,True,0,0.02713394806469481,0.038057202160880654,0.00012224730581681525,-0.10928247683949166,0.0003267537127555342,0.000954470611823017,0.02
scenario_1434,/home/simon/davide_fr3_ws/src/cbf_safety_filter/data/rollouts/fullpool_candidates_seed20260520_n1500/scenario_1434_offline_rollout.npz,/home/simon/davide_fr3_ws/src/cbf_safety_filter/config/generated_scenarios_fullpool_candidates/scenario_1434.yaml,good,ok,3000,True,0,0.0309085416072727,0.05842043164805677,-0.0005471271974917293,-0.006575791001531946,-0.001648212838890939,7.690727453770205e-05,0.02
scenario_1435,/home/simon/davide_fr3_ws/src/cbf_safety_filter/data/rollouts/fullpool_candidates_seed20260520_n1500/scenario_1435_offline_rollout.npz,/home/simon/davide_fr3_ws/src/cbf_safety_filter/config/generated_scenarios_fullpool_candidates/scenario_1435.yaml,bad_qp,final_qp_solved_false,3000,False,2868,0.006900326949460155,-0.0014208657274850447,0.0023810040670202096,-0.054203219984162665,0.011876711509728965,0.25464142910729554,0.02
scenario_1436,/home/simon/davide_fr3_ws/src/cbf_safety_filter/data/rollouts/fullpool_candidates_seed20260520_n1500/scenario_1436_offline_rollout.npz,/home/simon/davide_fr3_ws/src/cbf_safety_filter/config/generated_scenarios_fullpool_candidates/scenario_1436.yaml,good,ok,3000,True,0,0.021045263334677176,0.03211789949069937,0.013866676661669651,0.02432662847267308,0.035862482854078115,2.56282428725116e-05,0.02
scenario_1437,/home/simon/davide_fr3_ws/src/cbf_safety_filter/data/rollouts/fullpool_candidates_seed20260520_n1500/scenario_1437_offline_rollout.npz,/home/simon/davide_fr3_ws/src/cbf_safety_filter/config/generated_scenarios_fullpool_candidates/scenario_1437.yaml,bad_safety,final_min_h_negative,3000,True,0,-1.059770814430816e-06,-2.0600973839911373e-06,-1.934171166746018e-06,-6.3056707618956405e-06,-7.4108279199958105e-06,2.2300146017445896e-07,0.02
scenario_1438,/home/simon/davide_fr3_ws/src/cbf_safety_filter/data/rollouts/fullpool_candidates_seed20260520_n1500/scenario_1438_offline_rollout.npz,/home/simon/davide_fr3_ws/src/cbf_safety_filter/config/generated_scenarios_fullpool_candidates/scenario_1438.yaml,good,ok,3000,True,0,0.001364859342072238,0.0029494756894533993,-0.0006441913422658672,-0.025789030950206876,-0.0018632422728225018,7.89659539324761e-06,0.02
scenario_1439,/home/simon/davide_fr3_ws/src/cbf_safety_filter/data/rollouts/fullpool_candidates_seed20260520_n1500/scenario_1439_offline_rollout.npz,/home/simon/davide_fr3_ws/src/cbf_safety_filter/config/generated_scenarios_fullpool_candidates/scenario_1439.yaml,good,ok,3000,True,0,0.08066747880885228,0.13976532924835466,0.02948371419958035,0.033825756361231016,0.07738759608578374,0.0011987328122402584,0.02
scenario_1440,/home/simon/davide_fr3_ws/src/cbf_safety_filter/data/rollouts/fullpool_candidates_seed20260520_n1500/scenario_1440_offline_rollout.npz,/home/simon/davide_fr3_ws/src/cbf_safety_filter/config/generated_scenarios_fullpool_candidates/scenario_1440.yaml,bad_safety,final_min_h_negative,3000,True,0,-4.380956101862621e-06,-8.689634742790376e-06,-5.142061594756719e-06,-1.031508895325199e-05,-1.3582266436135138e-05,3.440113083020636e-07,0.02
scenario_1441,/home/simon/davide_fr3_ws/src/cbf_safety_filter/data/rollouts/fullpool_candidates_seed20260520_n1500/scenario_1441_offline_rollout.npz,/home/simon/davide_fr3_ws/src/cbf_safety_filter/config/generated_scenarios_fullpool_candidates/scenario_1441.yaml,good,ok,3000,True,0,0.0066045427332323894,0.009331918290250629,0.00030191230552266066,-0.1287055787848634,0.0008546590901314377,0.009991541386595255,0.02
scenario_1442,/home/simon/davide_fr3_ws/src/cbf_safety_filter/data/rollouts/fullpool_candidates_seed20260520_n1500/scenario_1442_offline_rollout.npz,/home/simon/davide_fr3_ws/src/cbf_safety_filter/config/generated_scenarios_fullpool_candidates/scenario_1442.yaml,good,ok,3000,True,0,0.025012304549435784,0.052775142014825964,-0.00013543908575948393,-0.13608723502232759,-0.00039120637098727373,3.547608826594995e-05,0.02
scenario_1443,/home/simon/davide_fr3_ws/src/cbf_safety_filter/data/rollouts/fullpool_candidates_seed20260520_n1500/scenario_1443_offline_rollout.npz,/home/simon/davide_fr3_ws/src/cbf_safety_filter/config/generated_scenarios_fullpool_candidates/scenario_1443.yaml,good,ok,3000,True,0,2.5445858510553254e-09,5.080770649436761e-09,-7.752730697002663e-09,-0.0018579038194936962,-2.382523436872397e-08,1.6636620621136587e-09,0.02
scenario_1444,/home/simon/davide_fr3_ws/src/cbf_safety_filter/data/rollouts/fullpool_candidates_seed20260520_n1500/scenario_1444_offline_rollout.npz,/home/simon/davide_fr3_ws/src/cbf_safety_filter/config/generated_scenarios_fullpool_candidates/scenario_1444.yaml,good,ok,3000,True,0,0.026643641660296792,0.053280610698403515,0.026643641660296792,0.053280610698403515,0.059647277226955786,1.6939253929900725e-09,0.02
scenario_1445,/home/simon/davide_fr3_ws/src/cbf_safety_filter/data/rollouts/fullpool_candidates_seed20260520_n1500/scenario_1445_offline_rollout.npz,/home/simon/davide_fr3_ws/src/cbf_safety_filter/config/generated_scenarios_fullpool_candidates/scenario_1445.yaml,good,ok,3000,True,0,0.04102223058378929,0.06030403877182028,0.006471798506109731,-0.019439637858362183,0.015015242766295539,0.00032844704703264763,0.02
scenario_1446,/home/simon/davide_fr3_ws/src/cbf_safety_filter/data/rollouts/fullpool_candidates_seed20260520_n1500/scenario_1446_offline_rollout.npz,/home/simon/davide_fr3_ws/src/cbf_safety_filter/config/generated_scenarios_fullpool_candidates/scenario_1446.yaml,good,ok,3000,True,0,0.0031682558222087855,0.004151014878443727,0.0004891648594352212,-0.06798207320228872,0.0014016120343509353,0.013897079055133951,0.02
scenario_1447,/home/simon/davide_fr3_ws/src/cbf_safety_filter/data/rollouts/fullpool_candidates_seed20260520_n1500/scenario_1447_offline_rollout.npz,/home/simon/davide_fr3_ws/src/cbf_safety_filter/config/generated_scenarios_fullpool_candidates/scenario_1447.yaml,good,ok,3000,True,0,0.005631165538110654,0.0025899195229992476,0.002213503871236741,-0.0005831431315078406,0.005354970973313028,0.00272857569371423,0.02
scenario_1448,/home/simon/davide_fr3_ws/src/cbf_safety_filter/data/rollouts/fullpool_candidates_seed20260520_n1500/scenario_1448_offline_rollout.npz,/home/simon/davide_fr3_ws/src/cbf_safety_filter/config/generated_scenarios_fullpool_candidates/scenario_1448.yaml,good,ok,3000,True,0,0.04974739604775882,0.11919137154348271,0.0003188231147669002,-0.1057877838615891,0.0009439786788030535,8.98330272900425e-05,0.02
scenario_1449,/home/simon/davide_fr3_ws/src/cbf_safety_filter/data/rollouts/fullpool_candidates_seed20260520_n1500/scenario_1449_offline_rollout.npz,/home/simon/davide_fr3_ws/src/cbf_safety_filter/config/generated_scenarios_fullpool_candidates/scenario_1449.yaml,bad_safety,final_min_h_negative,3000,True,0,-1.917390661101276e-05,-3.7712124959432715e-05,-0.00011528435695895567,-0.010357488044801834,-0.000319630250570746,1.3353806171400038e-05,0.02
scenario_1450,/home/simon/davide_fr3_ws/src/cbf_safety_filter/data/rollouts/fullpool_candidates_seed20260520_n1500/scenario_1450_offline_rollout.npz,/home/simon/davide_fr3_ws/src/cbf_safety_filter/config/generated_scenarios_fullpool_candidates/scenario_1450.yaml,good,ok,3000,True,0,0.04596062298195453,0.05088534452427455,0.010185861311085112,-0.14673426933502276,0.02934169828133873,0.0004882261011950902,0.02
scenario_1451,/home/simon/davide_fr3_ws/src/cbf_safety_filter/data/rollouts/fullpool_candidates_seed20260520_n1500/scenario_1451_offline_rollout.npz,/home/simon/davide_fr3_ws/src/cbf_safety_filter/config/generated_scenarios_fullpool_candidates/scenario_1451.yaml,good,ok,3000,True,0,0.03566401494595734,0.018975183374935478,0.00588442451177441,-0.24903234087377513,0.01643531854800903,6.013285500132464e-05,0.02
scenario_1452,/home/simon/davide_fr3_ws/src/cbf_safety_filter/data/rollouts/fullpool_candidates_seed20260520_n1500/scenario_1452_offline_rollout.npz,/home/simon/davide_fr3_ws/src/cbf_safety_filter/config/generated_scenarios_fullpool_candidates/scenario_1452.yaml,good,ok,3000,True,0,0.04415952793015177,0.08982101835445112,0.00328390426830108,-0.0249383392043378,0.009178593487908226,0.0009031456975030176,0.02
scenario_1453,/home/simon/davide_fr3_ws/src/cbf_safety_filter/data/rollouts/fullpool_candidates_seed20260520_n1500/scenario_1453_offline_rollout.npz,/home/simon/davide_fr3_ws/src/cbf_safety_filter/config/generated_scenarios_fullpool_candidates/scenario_1453.yaml,good,ok,3000,True,0,0.006200210638755525,0.029985731778363476,0.0008470160851663938,-0.3119113589376835,0.0022381887198845707,0.0003180966238338969,0.02
scenario_1454,/home/simon/davide_fr3_ws/src/cbf_safety_filter/data/rollouts/fullpool_candidates_seed20260520_n1500/scenario_1454_offline_rollout.npz,/home/simon/davide_fr3_ws/src/cbf_safety_filter/config/generated_scenarios_fullpool_candidates/scenario_1454.yaml,good,ok,3000,True,0,0.005616533455831657,0.007906852293881422,-0.00025423731383190235,-0.008733646154084299,-0.0007445695430635946,0.015258248249273734,0.02
scenario_1455,/home/simon/davide_fr3_ws/src/cbf_safety_filter/data/rollouts/fullpool_candidates_seed20260520_n1500/scenario_1455_offline_rollout.npz,/home/simon/davide_fr3_ws/src/cbf_safety_filter/config/generated_scenarios_fullpool_candidates/scenario_1455.yaml,good,ok,3000,True,0,0.027280552406747722,0.0543739604274973,-0.0221706413693135,-0.1935742565322362,-0.0825155295944243,0.00047914742763379613,0.02
scenario_1456,/home/simon/davide_fr3_ws/src/cbf_safety_filter/data/rollouts/fullpool_candidates_seed20260520_n1500/scenario_1456_offline_rollout.npz,/home/simon/davide_fr3_ws/src/cbf_safety_filter/config/generated_scenarios_fullpool_candidates/scenario_1456.yaml,good,ok,3000,True,0,0.03785162092194658,0.0752649485112405,0.021386091458329724,0.04297357996738521,0.05169527596908735,0.0005737339464296997,0.02
scenario_1457,/home/simon/davide_fr3_ws/src/cbf_safety_filter/data/rollouts/fullpool_candidates_seed20260520_n1500/scenario_1457_offline_rollout.npz,/home/simon/davide_fr3_ws/src/cbf_safety_filter/config/generated_scenarios_fullpool_candidates/scenario_1457.yaml,good,ok,3000,True,0,0.07099741447665073,0.16065833999999998,0.029380737913111455,0.032258055800330254,0.08747517075252698,0.0010793604612407777,0.02
scenario_1458,/home/simon/davide_fr3_ws/src/cbf_safety_filter/data/rollouts/fullpool_candidates_seed20260520_n1500/scenario_1458_offline_rollout.npz,/home/simon/davide_fr3_ws/src/cbf_safety_filter/config/generated_scenarios_fullpool_candidates/scenario_1458.yaml,good,ok,3000,True,0,0.04704727813129753,0.04442340645682785,0.000598356840329526,-0.015502887559896456,0.0021090509391533396,0.001135789875134582,0.02
scenario_1459,/home/simon/davide_fr3_ws/src/cbf_safety_filter/data/rollouts/fullpool_candidates_seed20260520_n1500/scenario_1459_offline_rollout.npz,/home/simon/davide_fr3_ws/src/cbf_safety_filter/config/generated_scenarios_fullpool_candidates/scenario_1459.yaml,good,ok,3000,True,0,0.03479506775642874,0.018957184304945723,0.0030830933857253218,-0.1530016229419754,0.012420771121587987,0.0022762939136049196,0.02
scenario_1460,/home/simon/davide_fr3_ws/src/cbf_safety_filter/data/rollouts/fullpool_candidates_seed20260520_n1500/scenario_1460_offline_rollout.npz,/home/simon/davide_fr3_ws/src/cbf_safety_filter/config/generated_scenarios_fullpool_candidates/scenario_1460.yaml,good,ok,3000,True,0,0.0025481530039705574,0.00506793963325947,0.0025478451701668597,-0.06150882315148404,0.006283474737937278,6.996605127299197e-05,0.02
scenario_1461,/home/simon/davide_fr3_ws/src/cbf_safety_filter/data/rollouts/fullpool_candidates_seed20260520_n1500/scenario_1461_offline_rollout.npz,/home/simon/davide_fr3_ws/src/cbf_safety_filter/config/generated_scenarios_fullpool_candidates/scenario_1461.yaml,good,ok,3000,True,0,0.03399764670839164,0.06098144414494324,0.0019457037295057926,-0.0018800914597821294,0.007269064627303673,9.065010286700202e-05,0.02
scenario_1462,/home/simon/davide_fr3_ws/src/cbf_safety_filter/data/rollouts/fullpool_candidates_seed20260520_n1500/scenario_1462_offline_rollout.npz,/home/simon/davide_fr3_ws/src/cbf_safety_filter/config/generated_scenarios_fullpool_candidates/scenario_1462.yaml,good,ok,3000,True,0,0.04963817775640116,0.09927363811380154,0.04963817775640116,0.09927363811380154,0.10546412091130192,3.754825941696949e-07,0.02
scenario_1463,/home/simon/davide_fr3_ws/src/cbf_safety_filter/data/rollouts/fullpool_candidates_seed20260520_n1500/scenario_1463_offline_rollout.npz,/home/simon/davide_fr3_ws/src/cbf_safety_filter/config/generated_scenarios_fullpool_candidates/scenario_1463.yaml,good,ok,3000,True,0,0.000712241458365008,0.0014218542933654402,-0.0018958334208769544,-0.023823635233413153,-0.006241247050390197,3.2382002009445594e-07,0.02
scenario_1464,/home/simon/davide_fr3_ws/src/cbf_safety_filter/data/rollouts/fullpool_candidates_seed20260520_n1500/scenario_1464_offline_rollout.npz,/home/simon/davide_fr3_ws/src/cbf_safety_filter/config/generated_scenarios_fullpool_candidates/scenario_1464.yaml,good,ok,3000,True,0,2.1480354972559096e-05,2.139875802740647e-06,-0.0003088023549447823,-0.0017281406529097035,-0.0011275407384056246,6.397847871828484e-05,0.02
scenario_1465,/home/simon/davide_fr3_ws/src/cbf_safety_filter/data/rollouts/fullpool_candidates_seed20260520_n1500/scenario_1465_offline_rollout.npz,/home/simon/davide_fr3_ws/src/cbf_safety_filter/config/generated_scenarios_fullpool_candidates/scenario_1465.yaml,bad_qp,final_qp_solved_false,3000,False,2805,0.010557645930344257,0.017847036126671774,0.0026559567510422363,-0.06260838447966896,0.007962398528019748,0.11112050464733692,0.02
scenario_1466,/home/simon/davide_fr3_ws/src/cbf_safety_filter/data/rollouts/fullpool_candidates_seed20260520_n1500/scenario_1466_offline_rollout.npz,/home/simon/davide_fr3_ws/src/cbf_safety_filter/config/generated_scenarios_fullpool_candidates/scenario_1466.yaml,bad_safety,final_min_psi_negative,3000,True,0,0.010915547030630723,-0.017079145059408943,0.010534272009257361,-0.08470202137749921,0.03984889714178236,0.0026290755616830952,0.02
scenario_1467,/home/simon/davide_fr3_ws/src/cbf_safety_filter/data/rollouts/fullpool_candidates_seed20260520_n1500/scenario_1467_offline_rollout.npz,/home/simon/davide_fr3_ws/src/cbf_safety_filter/config/generated_scenarios_fullpool_candidates/scenario_1467.yaml,good,ok,3000,True,0,0.022012219658833064,0.03543667216872895,-0.0008415389658201992,-0.10411740480914142,-0.004152727824993596,0.00012624773318684195,0.02
scenario_1468,/home/simon/davide_fr3_ws/src/cbf_safety_filter/data/rollouts/fullpool_candidates_seed20260520_n1500/scenario_1468_offline_rollout.npz,/home/simon/davide_fr3_ws/src/cbf_safety_filter/config/generated_scenarios_fullpool_candidates/scenario_1468.yaml,good,ok,3000,True,0,0.011665852321246652,0.018723025786768526,-0.009537911362310511,-0.0463016526111716,-0.024326868091911036,0.008616124931812224,0.02
scenario_1469,/home/simon/davide_fr3_ws/src/cbf_safety_filter/data/rollouts/fullpool_candidates_seed20260520_n1500/scenario_1469_offline_rollout.npz,/home/simon/davide_fr3_ws/src/cbf_safety_filter/config/generated_scenarios_fullpool_candidates/scenario_1469.yaml,bad_safety,final_min_psi_negative,3000,True,0,0.03658624445061232,-0.008926491412773546,0.010044405624177263,-0.19581681381018606,0.0351592923329091,0.0006706226504216517,0.02
scenario_1470,/home/simon/davide_fr3_ws/src/cbf_safety_filter/data/rollouts/fullpool_candidates_seed20260520_n1500/scenario_1470_offline_rollout.npz,/home/simon/davide_fr3_ws/src/cbf_safety_filter/config/generated_scenarios_fullpool_candidates/scenario_1470.yaml,good,ok,3000,True,0,0.03815676954400952,0.09316842747467413,0.015980519299732918,0.013541259038903866,0.04028514663412,5.084110498672274e-05,0.02
scenario_1471,/home/simon/davide_fr3_ws/src/cbf_safety_filter/data/rollouts/fullpool_candidates_seed20260520_n1500/scenario_1471_offline_rollout.npz,/home/simon/davide_fr3_ws/src/cbf_safety_filter/config/generated_scenarios_fullpool_candidates/scenario_1471.yaml,good,ok,3000,True,0,0.005888895100310699,0.011674806208716597,0.005888895100310699,0.011674806208716597,0.021456564911161324,9.047005316662126e-09,0.02
scenario_1472,/home/simon/davide_fr3_ws/src/cbf_safety_filter/data/rollouts/fullpool_candidates_seed20260520_n1500/scenario_1472_offline_rollout.npz,/home/simon/davide_fr3_ws/src/cbf_safety_filter/config/generated_scenarios_fullpool_candidates/scenario_1472.yaml,good,ok,3000,True,0,0.0015746238426480354,0.010807214861285368,-0.009107905038183255,-0.07094233677374065,-0.06528053122933,6.065890966706008e-05,0.02
scenario_1473,/home/simon/davide_fr3_ws/src/cbf_safety_filter/data/rollouts/fullpool_candidates_seed20260520_n1500/scenario_1473_offline_rollout.npz,/home/simon/davide_fr3_ws/src/cbf_safety_filter/config/generated_scenarios_fullpool_candidates/scenario_1473.yaml,good,ok,3000,True,0,0.047365626411546013,0.08940282151973496,-7.287223848849098e-05,-0.13638048402353148,-0.0003226185730866027,1.9736813028617085e-05,0.02
scenario_1474,/home/simon/davide_fr3_ws/src/cbf_safety_filter/data/rollouts/fullpool_candidates_seed20260520_n1500/scenario_1474_offline_rollout.npz,/home/simon/davide_fr3_ws/src/cbf_safety_filter/config/generated_scenarios_fullpool_candidates/scenario_1474.yaml,bad_qp,final_qp_solved_false,3000,False,1030,0.032133159538605155,0.08031219174188198,0.02191046346199479,-0.14238608807565917,0.06663131634112687,0.005372522652833234,0.02
scenario_1475,/home/simon/davide_fr3_ws/src/cbf_safety_filter/data/rollouts/fullpool_candidates_seed20260520_n1500/scenario_1475_offline_rollout.npz,/home/simon/davide_fr3_ws/src/cbf_safety_filter/config/generated_scenarios_fullpool_candidates/scenario_1475.yaml,good,ok,3000,True,0,0.061262636665214684,0.11830706330253107,-0.003265905172676822,-0.0759088256343608,-0.020472344873977102,0.0011009339816513903,0.02
scenario_1476,/home/simon/davide_fr3_ws/src/cbf_safety_filter/data/rollouts/fullpool_candidates_seed20260520_n1500/scenario_1476_offline_rollout.npz,/home/simon/davide_fr3_ws/src/cbf_safety_filter/config/generated_scenarios_fullpool_candidates/scenario_1476.yaml,good,ok,3000,True,0,0.03608075658576823,0.033056887338357405,0.0015743981754704553,0.0002736708136254944,0.004238649312303278,0.00021639407284032239,0.02
scenario_1477,/home/simon/davide_fr3_ws/src/cbf_safety_filter/data/rollouts/fullpool_candidates_seed20260520_n1500/scenario_1477_offline_rollout.npz,/home/simon/davide_fr3_ws/src/cbf_safety_filter/config/generated_scenarios_fullpool_candidates/scenario_1477.yaml,bad_qp,final_qp_solved_false,3000,False,2916,0.01069177469225117,0.004254891672147924,0.006703293914784032,-0.14326778788762623,0.0316687877591621,0.32200367899470306,0.02
scenario_1478,/home/simon/davide_fr3_ws/src/cbf_safety_filter/data/rollouts/fullpool_candidates_seed20260520_n1500/scenario_1478_offline_rollout.npz,/home/simon/davide_fr3_ws/src/cbf_safety_filter/config/generated_scenarios_fullpool_candidates/scenario_1478.yaml,good,ok,3000,True,0,0.009970133265844172,0.01995035001541292,0.0011317905580574932,-0.08110081011651873,0.0032499375762548854,2.2804922475297246e-06,0.02
scenario_1479,/home/simon/davide_fr3_ws/src/cbf_safety_filter/data/rollouts/fullpool_candidates_seed20260520_n1500/scenario_1479_offline_rollout.npz,/home/simon/davide_fr3_ws/src/cbf_safety_filter/config/generated_scenarios_fullpool_candidates/scenario_1479.yaml,bad_safety,final_min_psi_negative,3000,True,0,0.06947872187556964,-0.04815225311946478,-5.729151921301384e-05,-0.08275681436081397,-0.00014995815452936712,0.0004354823711958509,0.02
scenario_1480,/home/simon/davide_fr3_ws/src/cbf_safety_filter/data/rollouts/fullpool_candidates_seed20260520_n1500/scenario_1480_offline_rollout.npz,/home/simon/davide_fr3_ws/src/cbf_safety_filter/config/generated_scenarios_fullpool_candidates/scenario_1480.yaml,bad_safety,final_min_h_negative,3000,True,0,-0.0007456716193587724,-0.0029572226527964434,-0.0025838903526394577,-0.06830174602949574,-0.008560477198810618,0.0008036497333566857,0.02
scenario_1481,/home/simon/davide_fr3_ws/src/cbf_safety_filter/data/rollouts/fullpool_candidates_seed20260520_n1500/scenario_1481_offline_rollout.npz,/home/simon/davide_fr3_ws/src/cbf_safety_filter/config/generated_scenarios_fullpool_candidates/scenario_1481.yaml,good,ok,3000,True,0,0.03962985476180496,0.07980326164547452,-0.0005175368638997337,-0.026945200167401137,-0.0022388575275422706,0.0026588046402455973,0.02
scenario_1482,/home/simon/davide_fr3_ws/src/cbf_safety_filter/data/rollouts/fullpool_candidates_seed20260520_n1500/scenario_1482_offline_rollout.npz,/home/simon/davide_fr3_ws/src/cbf_safety_filter/config/generated_scenarios_fullpool_candidates/scenario_1482.yaml,good,ok,3000,True,0,0.04121316304700238,0.12045120169737644,-0.001034994420004657,-0.03771577152526617,-0.003901241092367891,0.009335856892906074,0.02
scenario_1483,/home/simon/davide_fr3_ws/src/cbf_safety_filter/data/rollouts/fullpool_candidates_seed20260520_n1500/scenario_1483_offline_rollout.npz,/home/simon/davide_fr3_ws/src/cbf_safety_filter/config/generated_scenarios_fullpool_candidates/scenario_1483.yaml,good,ok,3000,True,0,0.0088153108412598,0.014625509757979015,5.522171669829212e-05,-0.02781124893788034,0.00024152094715576555,0.0005661626537003088,0.02
scenario_1484,/home/simon/davide_fr3_ws/src/cbf_safety_filter/data/rollouts/fullpool_candidates_seed20260520_n1500/scenario_1484_offline_rollout.npz,/home/simon/davide_fr3_ws/src/cbf_safety_filter/config/generated_scenarios_fullpool_candidates/scenario_1484.yaml,bad_qp,final_qp_solved_false,3000,False,2465,0.034886961857392686,0.09617418596215163,-0.011271932474760715,-0.05288909501693478,-0.034083353849814674,0.0034704835944428733,0.02
scenario_1485,/home/simon/davide_fr3_ws/src/cbf_safety_filter/data/rollouts/fullpool_candidates_seed20260520_n1500/scenario_1485_offline_rollout.npz,/home/simon/davide_fr3_ws/src/cbf_safety_filter/config/generated_scenarios_fullpool_candidates/scenario_1485.yaml,good,ok,3000,True,0,0.02577315577515242,0.05136048519333206,0.02577315577515242,0.05136048519333206,0.06081261992548473,3.68468395816022e-07,0.02
scenario_1486,/home/simon/davide_fr3_ws/src/cbf_safety_filter/data/rollouts/fullpool_candidates_seed20260520_n1500/scenario_1486_offline_rollout.npz,/home/simon/davide_fr3_ws/src/cbf_safety_filter/config/generated_scenarios_fullpool_candidates/scenario_1486.yaml,bad_safety,final_min_psi_negative,3000,True,0,0.03470720408706696,-0.003979979019235136,0.008800159662008918,-0.08021459971158823,0.0400006140831993,0.0028957187075179507,0.02
scenario_1487,/home/simon/davide_fr3_ws/src/cbf_safety_filter/data/rollouts/fullpool_candidates_seed20260520_n1500/scenario_1487_offline_rollout.npz,/home/simon/davide_fr3_ws/src/cbf_safety_filter/config/generated_scenarios_fullpool_candidates/scenario_1487.yaml,good,ok,3000,True,0,0.025706614751720508,0.051331271424646746,0.025706614751720508,0.051331271424646746,0.07956140970137093,3.0920914872797906e-07,0.02
scenario_1488,/home/simon/davide_fr3_ws/src/cbf_safety_filter/data/rollouts/fullpool_candidates_seed20260520_n1500/scenario_1488_offline_rollout.npz,/home/simon/davide_fr3_ws/src/cbf_safety_filter/config/generated_scenarios_fullpool_candidates/scenario_1488.yaml,good,ok,3000,True,0,0.02494441348441731,0.02796820614528024,-0.004977511390311572,-0.09510063808101352,-0.013210317647869702,4.0929464406712475e-05,0.02
scenario_1489,/home/simon/davide_fr3_ws/src/cbf_safety_filter/data/rollouts/fullpool_candidates_seed20260520_n1500/scenario_1489_offline_rollout.npz,/home/simon/davide_fr3_ws/src/cbf_safety_filter/config/generated_scenarios_fullpool_candidates/scenario_1489.yaml,bad_goal,final_dist_to_goal_above_tol,3000,True,0,1.214306433183765e-16,9.714451968454903e-17,1.0061396160665481e-16,-8.65821100641152e-17,3.3306690738754696e-16,0.021781324082351363,0.02
scenario_1490,/home/simon/davide_fr3_ws/src/cbf_safety_filter/data/rollouts/fullpool_candidates_seed20260520_n1500/scenario_1490_offline_rollout.npz,/home/simon/davide_fr3_ws/src/cbf_safety_filter/config/generated_scenarios_fullpool_candidates/scenario_1490.yaml,bad_qp,final_qp_solved_false,3000,False,2927,0.0018231174985189752,-0.01953148883346919,0.0016860444207556797,-0.08344779691101259,0.00892443793500007,0.4387106958458992,0.02
scenario_1491,/home/simon/davide_fr3_ws/src/cbf_safety_filter/data/rollouts/fullpool_candidates_seed20260520_n1500/scenario_1491_offline_rollout.npz,/home/simon/davide_fr3_ws/src/cbf_safety_filter/config/generated_scenarios_fullpool_candidates/scenario_1491.yaml,good,ok,3000,True,0,0.046004207733570474,0.08016911046419195,0.0077642741755443705,-0.13976410974213171,0.03044300044325947,0.0024087838677379924,0.02
scenario_1492,/home/simon/davide_fr3_ws/src/cbf_safety_filter/data/rollouts/fullpool_candidates_seed20260520_n1500/scenario_1492_offline_rollout.npz,/home/simon/davide_fr3_ws/src/cbf_safety_filter/config/generated_scenarios_fullpool_candidates/scenario_1492.yaml,bad_safety,final_min_psi_negative,3000,True,0,0.0013570191215966677,-0.0018702845227359585,-0.00019642505423176151,-0.011060648039856853,-0.0006812774852723025,0.00019682782368472135,0.02
scenario_1493,/home/simon/davide_fr3_ws/src/cbf_safety_filter/data/rollouts/fullpool_candidates_seed20260520_n1500/scenario_1493_offline_rollout.npz,/home/simon/davide_fr3_ws/src/cbf_safety_filter/config/generated_scenarios_fullpool_candidates/scenario_1493.yaml,good,ok,3000,True,0,0.036417098163224866,0.07708826189916296,0.014848463248929099,-0.18307339564806924,0.03317533827106536,0.00018299760459474605,0.02
scenario_1494,/home/simon/davide_fr3_ws/src/cbf_safety_filter/data/rollouts/fullpool_candidates_seed20260520_n1500/scenario_1494_offline_rollout.npz,/home/simon/davide_fr3_ws/src/cbf_safety_filter/config/generated_scenarios_fullpool_candidates/scenario_1494.yaml,good,ok,3000,True,0,0.03586065512151332,0.0030310327892643374,0.0005398268677078398,-0.14592627634527722,0.0015226863849319705,0.0050291749545875696,0.02
scenario_1495,/home/simon/davide_fr3_ws/src/cbf_safety_filter/data/rollouts/fullpool_candidates_seed20260520_n1500/scenario_1495_offline_rollout.npz,/home/simon/davide_fr3_ws/src/cbf_safety_filter/config/generated_scenarios_fullpool_candidates/scenario_1495.yaml,good,ok,3000,True,0,0.0070980434662329395,0.015167543276002672,1.4845654595432856e-05,1.4614277756264013e-05,4.0960201041273514e-05,8.693460380400864e-07,0.02
scenario_1496,/home/simon/davide_fr3_ws/src/cbf_safety_filter/data/rollouts/fullpool_candidates_seed20260520_n1500/scenario_1496_offline_rollout.npz,/home/simon/davide_fr3_ws/src/cbf_safety_filter/config/generated_scenarios_fullpool_candidates/scenario_1496.yaml,good,ok,3000,True,0,0.03720216092748286,0.07833487052613756,-0.0014016203374536147,-0.07003738009380173,-0.006134944058187125,0.0002450063454357553,0.02
scenario_1497,/home/simon/davide_fr3_ws/src/cbf_safety_filter/data/rollouts/fullpool_candidates_seed20260520_n1500/scenario_1497_offline_rollout.npz,/home/simon/davide_fr3_ws/src/cbf_safety_filter/config/generated_scenarios_fullpool_candidates/scenario_1497.yaml,good,ok,3000,True,0,0.010805243618617653,0.02116170883815362,0.010805243618617653,0.02116170883815362,0.029648226631496605,1.863082994536476e-07,0.02
scenario_1498,/home/simon/davide_fr3_ws/src/cbf_safety_filter/data/rollouts/fullpool_candidates_seed20260520_n1500/scenario_1498_offline_rollout.npz,/home/simon/davide_fr3_ws/src/cbf_safety_filter/config/generated_scenarios_fullpool_candidates/scenario_1498.yaml,good,ok,3000,True,0,0.005847822341671829,0.0038545218654059583,3.590454167859067e-05,-0.09440705880355205,0.0001125137377348262,0.00018284886875785832,0.02
scenario_1499,/home/simon/davide_fr3_ws/src/cbf_safety_filter/data/rollouts/fullpool_candidates_seed20260520_n1500/scenario_1499_offline_rollout.npz,/home/simon/davide_fr3_ws/src/cbf_safety_filter/config/generated_scenarios_fullpool_candidates/scenario_1499.yaml,good,ok,3000,True,0,0.024361078843959626,0.05972376884762684,0.0034550649073746883,-0.03863044511536659,0.017494487799955064,0.00040321029140656553,0.02
