scenario,npz_path,scenario_path,status,reason,steps,qp_final,qp_fail_count,final_min_h,final_min_psi,min_h_rollout,min_psi_rollout,min_dist_rollout,final_dist_to_goal,goal_tol,train_category
scenario_0136,/home/simon/davide_fr3_ws/src/cbf_safety_filter/data/rollouts/fullpool_candidates_seed20260520_n1500/scenario_0136_offline_rollout.npz,/home/simon/davide_fr3_ws/src/cbf_safety_filter/config/generated_scenarios_fullpool_candidates/scenario_0136.yaml,good,ok,3000,True,0,0.09003080210901489,0.1561586642744665,0.03338809434795807,-0.10138178107790369,0.0702275175783375,0.000967901294210965,0.02,good
scenario_0200,/home/simon/davide_fr3_ws/src/cbf_safety_filter/data/rollouts/fullpool_candidates_seed20260520_n1500/scenario_0200_offline_rollout.npz,/home/simon/davide_fr3_ws/src/cbf_safety_filter/config/generated_scenarios_fullpool_candidates/scenario_0200.yaml,good,ok,3000,True,0,0.048342682853330834,0.0968546294794592,0.039504832259840326,-0.026552129097769384,0.10628937789630064,0.00047231818991981897,0.02,good
scenario_0433,/home/simon/davide_fr3_ws/src/cbf_safety_filter/data/rollouts/fullpool_candidates_seed20260520_n1500/scenario_0433_offline_rollout.npz,/home/simon/davide_fr3_ws/src/cbf_safety_filter/config/generated_scenarios_fullpool_candidates/scenario_0433.yaml,good,ok,3000,True,0,0.014565923256986472,0.03007048261722621,3.305742017864141e-05,-0.055378450426399106,0.00011651567093465265,0.001439013477078851,0.02,good
scenario_0918,/home/simon/davide_fr3_ws/src/cbf_safety_filter/data/rollouts/fullpool_candidates_seed20260520_n1500/scenario_0918_offline_rollout.npz,/home/simon/davide_fr3_ws/src/cbf_safety_filter/config/generated_scenarios_fullpool_candidates/scenario_0918.yaml,good,ok,3000,True,0,0.01798593035720998,0.03926641055758401,-2.8061009039483803e-05,-0.015791083028387297,-9.66609930684037e-05,3.95712112100028e-05,0.02,good
scenario_0422,/home/simon/davide_fr3_ws/src/cbf_safety_filter/data/rollouts/fullpool_candidates_seed20260520_n1500/scenario_0422_offline_rollout.npz,/home/simon/davide_fr3_ws/src/cbf_safety_filter/config/generated_scenarios_fullpool_candidates/scenario_0422.yaml,good,ok,3000,True,0,0.01423795700098916,0.03410387428162058,0.007753157868147915,-0.0029009575918214625,0.030024834321319915,0.00098342688915666,0.02,good
scenario_1414,/home/simon/davide_fr3_ws/src/cbf_safety_filter/data/rollouts/fullpool_candidates_seed20260520_n1500/scenario_1414_offline_rollout.npz,/home/simon/davide_fr3_ws/src/cbf_safety_filter/config/generated_scenarios_fullpool_candidates/scenario_1414.yaml,good,ok,3000,True,0,0.04840904298922362,0.08516587354719339,0.001929556006074272,-0.028411759086961585,0.005124647270928484,0.00023604320132575608,0.02,good
scenario_0403,/home/simon/davide_fr3_ws/src/cbf_safety_filter/data/rollouts/fullpool_candidates_seed20260520_n1500/scenario_0403_offline_rollout.npz,/home/simon/davide_fr3_ws/src/cbf_safety_filter/config/generated_scenarios_fullpool_candidates/scenario_0403.yaml,good,ok,3000,True,0,0.035664175790976874,0.07172804892462187,-0.0005243044609281869,-0.06984745164837677,-0.0031155853742861894,0.002253600894730097,0.02,good
scenario_0696,/home/simon/davide_fr3_ws/src/cbf_safety_filter/data/rollouts/fullpool_candidates_seed20260520_n1500/scenario_0696_offline_rollout.npz,/home/simon/davide_fr3_ws/src/cbf_safety_filter/config/generated_scenarios_fullpool_candidates/scenario_0696.yaml,good,ok,3000,True,0,0.014684402341249323,0.02772974861304781,-0.00014974495341133973,-0.08108530486426027,-0.0005091792836191544,0.00800424947390591,0.02,good
scenario_0296,/home/simon/davide_fr3_ws/src/cbf_safety_filter/data/rollouts/fullpool_candidates_seed20260520_n1500/scenario_0296_offline_rollout.npz,/home/simon/davide_fr3_ws/src/cbf_safety_filter/config/generated_scenarios_fullpool_candidates/scenario_0296.yaml,good,ok,3000,True,0,0.022252850000000005,0.04450570000000001,1.1395650975944138e-05,1.6475012661083262e-06,3.2007377819415206e-05,8.801553759742775e-06,0.02,good
scenario_1383,/home/simon/davide_fr3_ws/src/cbf_safety_filter/data/rollouts/fullpool_candidates_seed20260520_n1500/scenario_1383_offline_rollout.npz,/home/simon/davide_fr3_ws/src/cbf_safety_filter/config/generated_scenarios_fullpool_candidates/scenario_1383.yaml,good,ok,3000,True,0,0.06674891115132121,0.09685591586653516,0.019403997653633487,-0.034108215041439044,0.0449622245628406,0.000312414353083992,0.02,good
scenario_1012,/home/simon/davide_fr3_ws/src/cbf_safety_filter/data/rollouts/fullpool_candidates_seed20260520_n1500/scenario_1012_offline_rollout.npz,/home/simon/davide_fr3_ws/src/cbf_safety_filter/config/generated_scenarios_fullpool_candidates/scenario_1012.yaml,good,ok,3000,True,0,0.030730383493454014,0.061169601728320776,0.027089327710249474,0.055814845420439185,0.06765071085063942,5.285061406176278e-07,0.02,good
scenario_1416,/home/simon/davide_fr3_ws/src/cbf_safety_filter/data/rollouts/fullpool_candidates_seed20260520_n1500/scenario_1416_offline_rollout.npz,/home/simon/davide_fr3_ws/src/cbf_safety_filter/config/generated_scenarios_fullpool_candidates/scenario_1416.yaml,good,ok,3000,True,0,0.015152644357369915,0.030304841459469704,0.0015823908256389074,-0.3820838217983511,0.004317369266309323,1.2949846511973724e-05,0.02,good
scenario_0069,/home/simon/davide_fr3_ws/src/cbf_safety_filter/data/rollouts/fullpool_candidates_seed20260520_n1500/scenario_0069_offline_rollout.npz,/home/simon/davide_fr3_ws/src/cbf_safety_filter/config/generated_scenarios_fullpool_candidates/scenario_0069.yaml,good,ok,3000,True,0,0.020926452283993938,0.05634426438799884,0.00035936270434992756,-0.0036472478211401274,0.0013886340321472013,0.001035296583937428,0.02,good
scenario_0519,/home/simon/davide_fr3_ws/src/cbf_safety_filter/data/rollouts/fullpool_candidates_seed20260520_n1500/scenario_0519_offline_rollout.npz,/home/simon/davide_fr3_ws/src/cbf_safety_filter/config/generated_scenarios_fullpool_candidates/scenario_0519.yaml,good,ok,3000,True,0,0.01868588927118163,0.040330673067818824,0.003828083024787189,-0.20987523405474873,0.009137597222514143,0.0004254378017704963,0.02,good
scenario_1147,/home/simon/davide_fr3_ws/src/cbf_safety_filter/data/rollouts/fullpool_candidates_seed20260520_n1500/scenario_1147_offline_rollout.npz,/home/simon/davide_fr3_ws/src/cbf_safety_filter/config/generated_scenarios_fullpool_candidates/scenario_1147.yaml,good,ok,3000,True,0,0.028104888260004242,0.13377905455205139,0.01005618695102646,-0.00965728945503777,0.02342851554991135,0.0001815278371582414,0.02,good
scenario_0862,/home/simon/davide_fr3_ws/src/cbf_safety_filter/data/rollouts/fullpool_candidates_seed20260520_n1500/scenario_0862_offline_rollout.npz,/home/simon/davide_fr3_ws/src/cbf_safety_filter/config/generated_scenarios_fullpool_candidates/scenario_0862.yaml,good,ok,3000,True,0,0.01542366411089761,0.05535241798117944,0.00010875877958967106,-0.06772896084697005,0.0002902631594229321,0.0004318463299153097,0.02,good
scenario_0162,/home/simon/davide_fr3_ws/src/cbf_safety_filter/data/rollouts/fullpool_candidates_seed20260520_n1500/scenario_0162_offline_rollout.npz,/home/simon/davide_fr3_ws/src/cbf_safety_filter/config/generated_scenarios_fullpool_candidates/scenario_0162.yaml,good,ok,3000,True,0,0.0614635312847504,0.14294758462622764,0.024748913335164182,-0.0061295409554628505,0.06378785566108724,0.005940814125381177,0.02,good
scenario_0763,/home/simon/davide_fr3_ws/src/cbf_safety_filter/data/rollouts/fullpool_candidates_seed20260520_n1500/scenario_0763_offline_rollout.npz,/home/simon/davide_fr3_ws/src/cbf_safety_filter/config/generated_scenarios_fullpool_candidates/scenario_0763.yaml,good,ok,3000,True,0,0.0370977970858718,0.03468398373595985,4.262558176858916e-05,-0.07989122463430931,0.00018421991691523754,0.0017145682569137887,0.02,good
scenario_0413,/home/simon/davide_fr3_ws/src/cbf_safety_filter/data/rollouts/fullpool_candidates_seed20260520_n1500/scenario_0413_offline_rollout.npz,/home/simon/davide_fr3_ws/src/cbf_safety_filter/config/generated_scenarios_fullpool_candidates/scenario_0413.yaml,good,ok,3000,True,0,0.04486309739153861,0.09087865664617174,0.014676238251556083,-0.0906994951084597,0.03695356078985684,0.013230888389938512,0.02,good
scenario_1107,/home/simon/davide_fr3_ws/src/cbf_safety_filter/data/rollouts/fullpool_candidates_seed20260520_n1500/scenario_1107_offline_rollout.npz,/home/simon/davide_fr3_ws/src/cbf_safety_filter/config/generated_scenarios_fullpool_candidates/scenario_1107.yaml,good,ok,3000,True,0,0.012933749627801389,0.02268083319416786,2.831954784898727e-06,-0.003440077545522835,7.306247171434688e-06,0.00019537397289422852,0.02,good
scenario_0555,/home/simon/davide_fr3_ws/src/cbf_safety_filter/data/rollouts/fullpool_candidates_seed20260520_n1500/scenario_0555_offline_rollout.npz,/home/simon/davide_fr3_ws/src/cbf_safety_filter/config/generated_scenarios_fullpool_candidates/scenario_0555.yaml,good,ok,3000,True,0,0.024180485735098983,0.013544945398065972,0.00041610796359031754,-0.0030815470057657356,0.001497344153675001,0.01437644746343736,0.02,good
scenario_1115,/home/simon/davide_fr3_ws/src/cbf_safety_filter/data/rollouts/fullpool_candidates_seed20260520_n1500/scenario_1115_offline_rollout.npz,/home/simon/davide_fr3_ws/src/cbf_safety_filter/config/generated_scenarios_fullpool_candidates/scenario_1115.yaml,good,ok,3000,True,0,0.07994479421031503,0.1686785371783447,0.0018993727915219104,-0.000614324233937015,0.006210938050900505,0.00040097182983920085,0.02,good
scenario_0787,/home/simon/davide_fr3_ws/src/cbf_safety_filter/data/rollouts/fullpool_candidates_seed20260520_n1500/scenario_0787_offline_rollout.npz,/home/simon/davide_fr3_ws/src/cbf_safety_filter/config/generated_scenarios_fullpool_candidates/scenario_0787.yaml,good,ok,3000,True,0,0.015229871872919645,0.03331685959239937,-0.0006152920972594088,-0.015318033858216618,-0.0018303020797710845,3.377844805824775e-05,0.02,good
scenario_1052,/home/simon/davide_fr3_ws/src/cbf_safety_filter/data/rollouts/fullpool_candidates_seed20260520_n1500/scenario_1052_offline_rollout.npz,/home/simon/davide_fr3_ws/src/cbf_safety_filter/config/generated_scenarios_fullpool_candidates/scenario_1052.yaml,good,ok,3000,True,0,0.018204432100901353,0.006311011859500271,0.0047539892407059935,-0.027369295258814652,0.0168435697069787,0.0013691944762101423,0.02,good
scenario_0856,/home/simon/davide_fr3_ws/src/cbf_safety_filter/data/rollouts/fullpool_candidates_seed20260520_n1500/scenario_0856_offline_rollout.npz,/home/simon/davide_fr3_ws/src/cbf_safety_filter/config/generated_scenarios_fullpool_candidates/scenario_0856.yaml,good,ok,3000,True,0,0.003942217385881174,0.0014726213334120119,0.00010431444498712125,1.9697455600992234e-05,0.00048319853372390253,0.0003669615294051096,0.02,good
scenario_0998,/home/simon/davide_fr3_ws/src/cbf_safety_filter/data/rollouts/fullpool_candidates_seed20260520_n1500/scenario_0998_offline_rollout.npz,/home/simon/davide_fr3_ws/src/cbf_safety_filter/config/generated_scenarios_fullpool_candidates/scenario_0998.yaml,good,ok,3000,True,0,0.04883279980301715,0.09161967611759926,-0.00021023978920924058,-0.014635677702024341,-0.0007144073459838529,0.0017089050619065163,0.02,good
scenario_0016,/home/simon/davide_fr3_ws/src/cbf_safety_filter/data/rollouts/fullpool_candidates_seed20260520_n1500/scenario_0016_offline_rollout.npz,/home/simon/davide_fr3_ws/src/cbf_safety_filter/config/generated_scenarios_fullpool_candidates/scenario_0016.yaml,good,ok,3000,True,0,0.025956903307472867,0.01155787128516883,-0.000493255023645724,-0.05272134837881998,-0.0022363385720583495,8.15854957987466e-05,0.02,good
scenario_0307,/home/simon/davide_fr3_ws/src/cbf_safety_filter/data/rollouts/fullpool_candidates_seed20260520_n1500/scenario_0307_offline_rollout.npz,/home/simon/davide_fr3_ws/src/cbf_safety_filter/config/generated_scenarios_fullpool_candidates/scenario_0307.yaml,good,ok,3000,True,0,0.007096577308708975,0.017480541597608708,3.170576185516916e-05,-0.20934484153386895,8.27647828874345e-05,0.0001905388823226003,0.02,good
scenario_1020,/home/simon/davide_fr3_ws/src/cbf_safety_filter/data/rollouts/fullpool_candidates_seed20260520_n1500/scenario_1020_offline_rollout.npz,/home/simon/davide_fr3_ws/src/cbf_safety_filter/config/generated_scenarios_fullpool_candidates/scenario_1020.yaml,good,ok,3000,True,0,0.02758306927449392,0.054665438398994196,-0.0005526247143942016,-0.004755210716012245,-0.001851035441409965,0.0003248329306919818,0.02,good
scenario_1266,/home/simon/davide_fr3_ws/src/cbf_safety_filter/data/rollouts/fullpool_candidates_seed20260520_n1500/scenario_1266_offline_rollout.npz,/home/simon/davide_fr3_ws/src/cbf_safety_filter/config/generated_scenarios_fullpool_candidates/scenario_1266.yaml,good,ok,3000,True,0,0.03114677098308511,0.04821169303806117,0.0014029112574131045,-0.0365918099632129,0.0038767652202244818,0.0009572772071826773,0.02,good
scenario_1046,/home/simon/davide_fr3_ws/src/cbf_safety_filter/data/rollouts/fullpool_candidates_seed20260520_n1500/scenario_1046_offline_rollout.npz,/home/simon/davide_fr3_ws/src/cbf_safety_filter/config/generated_scenarios_fullpool_candidates/scenario_1046.yaml,good,ok,3000,True,0,0.026260804656424122,0.05188119155752727,0.022375158344508542,0.0240594509264606,0.061546838001670934,2.421713422093554e-07,0.02,good
scenario_1483,/home/simon/davide_fr3_ws/src/cbf_safety_filter/data/rollouts/fullpool_candidates_seed20260520_n1500/scenario_1483_offline_rollout.npz,/home/simon/davide_fr3_ws/src/cbf_safety_filter/config/generated_scenarios_fullpool_candidates/scenario_1483.yaml,good,ok,3000,True,0,0.0088153108412598,0.014625509757979015,5.522171669829212e-05,-0.02781124893788034,0.00024152094715576555,0.0005661626537003088,0.02,good
scenario_1101,/home/simon/davide_fr3_ws/src/cbf_safety_filter/data/rollouts/fullpool_candidates_seed20260520_n1500/scenario_1101_offline_rollout.npz,/home/simon/davide_fr3_ws/src/cbf_safety_filter/config/generated_scenarios_fullpool_candidates/scenario_1101.yaml,good,ok,3000,True,0,0.085802220777139,0.19353259049370786,0.002974129010522214,-0.03310651163939876,0.007103191640055545,0.0026030094854273948,0.02,good
scenario_1245,/home/simon/davide_fr3_ws/src/cbf_safety_filter/data/rollouts/fullpool_candidates_seed20260520_n1500/scenario_1245_offline_rollout.npz,/home/simon/davide_fr3_ws/src/cbf_safety_filter/config/generated_scenarios_fullpool_candidates/scenario_1245.yaml,good,ok,3000,True,0,0.03452312430641505,0.013992186127541759,-0.0007034214856275617,-0.16149752078139643,-0.0024810385948841607,0.002848199282607253,0.02,good
scenario_0545,/home/simon/davide_fr3_ws/src/cbf_safety_filter/data/rollouts/fullpool_candidates_seed20260520_n1500/scenario_0545_offline_rollout.npz,/home/simon/davide_fr3_ws/src/cbf_safety_filter/config/generated_scenarios_fullpool_candidates/scenario_0545.yaml,good,ok,3000,True,0,0.024264251944028828,0.04886616549034933,-0.0003266880066262884,-0.017462592521724135,-0.0008007072866565434,0.00010130248480924075,0.02,good
scenario_0269,/home/simon/davide_fr3_ws/src/cbf_safety_filter/data/rollouts/fullpool_candidates_seed20260520_n1500/scenario_0269_offline_rollout.npz,/home/simon/davide_fr3_ws/src/cbf_safety_filter/config/generated_scenarios_fullpool_candidates/scenario_0269.yaml,good,ok,3000,True,0,3.999664617587717e-06,9.876249056454847e-06,8.450657045314114e-08,4.579371100184082e-08,2.4103397705532714e-07,4.367535401316408e-08,0.02,good
scenario_0057,/home/simon/davide_fr3_ws/src/cbf_safety_filter/data/rollouts/fullpool_candidates_seed20260520_n1500/scenario_0057_offline_rollout.npz,/home/simon/davide_fr3_ws/src/cbf_safety_filter/config/generated_scenarios_fullpool_candidates/scenario_0057.yaml,good,ok,3000,True,0,0.024733251579955824,0.0545790214308484,-0.00045580060357953457,-0.004698308311748334,-0.0022891804910635527,1.0308638564546313e-05,0.02,good
scenario_0298,/home/simon/davide_fr3_ws/src/cbf_safety_filter/data/rollouts/fullpool_candidates_seed20260520_n1500/scenario_0298_offline_rollout.npz,/home/simon/davide_fr3_ws/src/cbf_safety_filter/config/generated_scenarios_fullpool_candidates/scenario_0298.yaml,good,ok,3000,True,0,0.059491979202223946,0.11949951720780395,0.016365075573266517,-0.008185344278166959,0.05109392982342348,0.0007824999782127958,0.02,good
scenario_0273,/home/simon/davide_fr3_ws/src/cbf_safety_filter/data/rollouts/fullpool_candidates_seed20260520_n1500/scenario_0273_offline_rollout.npz,/home/simon/davide_fr3_ws/src/cbf_safety_filter/config/generated_scenarios_fullpool_candidates/scenario_0273.yaml,good,ok,3000,True,0,0.05828847995424386,0.045586129961886934,0.0115183373319043,-0.15244951941486318,0.04475805934646376,0.002301817100606256,0.02,good
scenario_1362,/home/simon/davide_fr3_ws/src/cbf_safety_filter/data/rollouts/fullpool_candidates_seed20260520_n1500/scenario_1362_offline_rollout.npz,/home/simon/davide_fr3_ws/src/cbf_safety_filter/config/generated_scenarios_fullpool_candidates/scenario_1362.yaml,good,ok,3000,True,0,2.7996323838576365e-05,3.931760846055579e-06,2.7996323838576365e-05,-0.003626355407589441,8.395103797778636e-05,0.00024209454350822957,0.02,good
scenario_0286,/home/simon/davide_fr3_ws/src/cbf_safety_filter/data/rollouts/fullpool_candidates_seed20260520_n1500/scenario_0286_offline_rollout.npz,/home/simon/davide_fr3_ws/src/cbf_safety_filter/config/generated_scenarios_fullpool_candidates/scenario_0286.yaml,good,ok,3000,True,0,0.02177600220685933,0.04364661590379663,0.021654242339587383,0.04329912153259263,0.07309807330211188,3.5231408392164607e-07,0.02,good
scenario_1155,/home/simon/davide_fr3_ws/src/cbf_safety_filter/data/rollouts/fullpool_candidates_seed20260520_n1500/scenario_1155_offline_rollout.npz,/home/simon/davide_fr3_ws/src/cbf_safety_filter/config/generated_scenarios_fullpool_candidates/scenario_1155.yaml,good,ok,3000,True,300,0.03610578930065231,0.07317144949849216,0.0004712123566281319,-0.2050743429162105,0.0018446748086687614,0.009268843327129793,0.02,good
scenario_1339,/home/simon/davide_fr3_ws/src/cbf_safety_filter/data/rollouts/fullpool_candidates_seed20260520_n1500/scenario_1339_offline_rollout.npz,/home/simon/davide_fr3_ws/src/cbf_safety_filter/config/generated_scenarios_fullpool_candidates/scenario_1339.yaml,good,ok,3000,True,0,0.03956777517449063,0.08412311063236957,-0.0005125064475302588,-0.12944324600418744,-0.0028937800586563145,0.0018216343059394408,0.02,good
scenario_0452,/home/simon/davide_fr3_ws/src/cbf_safety_filter/data/rollouts/fullpool_candidates_seed20260520_n1500/scenario_0452_offline_rollout.npz,/home/simon/davide_fr3_ws/src/cbf_safety_filter/config/generated_scenarios_fullpool_candidates/scenario_0452.yaml,good,ok,3000,True,0,0.0473874395165885,0.09561994222932417,0.006641396563701642,-0.10272353799320622,0.016804943056475313,0.0005046791617115596,0.02,good
scenario_0371,/home/simon/davide_fr3_ws/src/cbf_safety_filter/data/rollouts/fullpool_candidates_seed20260520_n1500/scenario_0371_offline_rollout.npz,/home/simon/davide_fr3_ws/src/cbf_safety_filter/config/generated_scenarios_fullpool_candidates/scenario_0371.yaml,good,ok,3000,True,0,0.03525125214576167,0.07856388000000002,0.022137999863855763,0.000914625889675974,0.060247983071750666,0.0016982899837527702,0.02,good
scenario_0058,/home/simon/davide_fr3_ws/src/cbf_safety_filter/data/rollouts/fullpool_candidates_seed20260520_n1500/scenario_0058_offline_rollout.npz,/home/simon/davide_fr3_ws/src/cbf_safety_filter/config/generated_scenarios_fullpool_candidates/scenario_0058.yaml,good,ok,3000,True,0,0.047136669251511824,0.10360455654359446,-0.0005673169794732751,-0.047191815136881476,-0.0030846637979666386,0.0001309011818925581,0.02,good
scenario_0140,/home/simon/davide_fr3_ws/src/cbf_safety_filter/data/rollouts/fullpool_candidates_seed20260520_n1500/scenario_0140_offline_rollout.npz,/home/simon/davide_fr3_ws/src/cbf_safety_filter/config/generated_scenarios_fullpool_candidates/scenario_0140.yaml,good,ok,3000,True,0,0.0020867425364107482,0.01637898742327204,9.368728463933669e-05,2.229834428305852e-05,0.0004000310513144617,0.00017797792678004272,0.02,good
scenario_0406,/home/simon/davide_fr3_ws/src/cbf_safety_filter/data/rollouts/fullpool_candidates_seed20260520_n1500/scenario_0406_offline_rollout.npz,/home/simon/davide_fr3_ws/src/cbf_safety_filter/config/generated_scenarios_fullpool_candidates/scenario_0406.yaml,good,ok,3000,True,0,0.027883888503078113,0.05839630135361994,0.002196164999603914,0.0001985277463297649,0.005667990780808235,4.289289659860055e-05,0.02,good
scenario_0505,/home/simon/davide_fr3_ws/src/cbf_safety_filter/data/rollouts/fullpool_candidates_seed20260520_n1500/scenario_0505_offline_rollout.npz,/home/simon/davide_fr3_ws/src/cbf_safety_filter/config/generated_scenarios_fullpool_candidates/scenario_0505.yaml,good,ok,3000,True,0,0.021104447627140047,0.001891889483614545,-0.0007324212720095464,-0.07499759019542804,-0.0040706037323668814,0.0004124155995364964,0.02,good
scenario_1284,/home/simon/davide_fr3_ws/src/cbf_safety_filter/data/rollouts/fullpool_candidates_seed20260520_n1500/scenario_1284_offline_rollout.npz,/home/simon/davide_fr3_ws/src/cbf_safety_filter/config/generated_scenarios_fullpool_candidates/scenario_1284.yaml,good,ok,3000,True,0,0.030633927113967688,0.05458888670136384,0.0005850246516593688,-0.09677065453992598,0.001592370171937918,0.00011252117355167839,0.02,good
scenario_1471,/home/simon/davide_fr3_ws/src/cbf_safety_filter/data/rollouts/fullpool_candidates_seed20260520_n1500/scenario_1471_offline_rollout.npz,/home/simon/davide_fr3_ws/src/cbf_safety_filter/config/generated_scenarios_fullpool_candidates/scenario_1471.yaml,good,ok,3000,True,0,0.005888895100310699,0.011674806208716597,0.005888895100310699,0.011674806208716597,0.021456564911161324,9.047005316662126e-09,0.02,good
scenario_1232,/home/simon/davide_fr3_ws/src/cbf_safety_filter/data/rollouts/fullpool_candidates_seed20260520_n1500/scenario_1232_offline_rollout.npz,/home/simon/davide_fr3_ws/src/cbf_safety_filter/config/generated_scenarios_fullpool_candidates/scenario_1232.yaml,good,ok,3000,True,0,0.023884188961628135,0.033596250998232935,0.023884188961628135,-0.002250243358640519,0.059334512279191676,0.0011125613618228542,0.02,good
scenario_0240,/home/simon/davide_fr3_ws/src/cbf_safety_filter/data/rollouts/fullpool_candidates_seed20260520_n1500/scenario_0240_offline_rollout.npz,/home/simon/davide_fr3_ws/src/cbf_safety_filter/config/generated_scenarios_fullpool_candidates/scenario_0240.yaml,good,ok,3000,True,0,0.000784770380914835,0.0017120308452526903,-0.00019325230917331682,-0.08396285528848596,-0.0005888047451375056,0.007726243644298907,0.02,good
scenario_1426,/home/simon/davide_fr3_ws/src/cbf_safety_filter/data/rollouts/fullpool_candidates_seed20260520_n1500/scenario_1426_offline_rollout.npz,/home/simon/davide_fr3_ws/src/cbf_safety_filter/config/generated_scenarios_fullpool_candidates/scenario_1426.yaml,good,ok,3000,True,0,0.07798956026215938,0.1284958549992174,0.023530879227469458,0.047016055422140324,0.05312359411934062,0.0011659590355789843,0.02,good
scenario_0250,/home/simon/davide_fr3_ws/src/cbf_safety_filter/data/rollouts/fullpool_candidates_seed20260520_n1500/scenario_0250_offline_rollout.npz,/home/simon/davide_fr3_ws/src/cbf_safety_filter/config/generated_scenarios_fullpool_candidates/scenario_0250.yaml,good,ok,3000,True,0,0.03567331078213236,0.08487696069873374,0.025251836590769586,0.02503938993977621,0.06143479123695897,0.0016620169600547725,0.02,good
scenario_0119,/home/simon/davide_fr3_ws/src/cbf_safety_filter/data/rollouts/fullpool_candidates_seed20260520_n1500/scenario_0119_offline_rollout.npz,/home/simon/davide_fr3_ws/src/cbf_safety_filter/config/generated_scenarios_fullpool_candidates/scenario_0119.yaml,good,ok,3000,True,0,0.0024868195290134246,0.004268631507296942,0.00032118757218973365,5.5571075217532534e-05,0.0008041668036668781,7.757709845108294e-07,0.02,good
scenario_0411,/home/simon/davide_fr3_ws/src/cbf_safety_filter/data/rollouts/fullpool_candidates_seed20260520_n1500/scenario_0411_offline_rollout.npz,/home/simon/davide_fr3_ws/src/cbf_safety_filter/config/generated_scenarios_fullpool_candidates/scenario_0411.yaml,good,ok,3000,True,0,0.04651194011372778,0.09490392698103932,0.03787301729635604,0.0361885543649689,0.12155950059130641,0.0019273396888057819,0.02,good
scenario_0448,/home/simon/davide_fr3_ws/src/cbf_safety_filter/data/rollouts/fullpool_candidates_seed20260520_n1500/scenario_0448_offline_rollout.npz,/home/simon/davide_fr3_ws/src/cbf_safety_filter/config/generated_scenarios_fullpool_candidates/scenario_0448.yaml,good,ok,3000,True,0,0.044520494209115594,0.0869765625120531,0.017733385307568406,0.01573368609031936,0.04761701194800483,0.00010508007775193089,0.02,good
scenario_0391,/home/simon/davide_fr3_ws/src/cbf_safety_filter/data/rollouts/fullpool_candidates_seed20260520_n1500/scenario_0391_offline_rollout.npz,/home/simon/davide_fr3_ws/src/cbf_safety_filter/config/generated_scenarios_fullpool_candidates/scenario_0391.yaml,good,ok,3000,True,0,0.04099466156624687,0.11439925961442796,0.009894124115334168,-0.059804110014177764,0.03476882637300922,0.001813719498766328,0.02,good
scenario_0404,/home/simon/davide_fr3_ws/src/cbf_safety_filter/data/rollouts/fullpool_candidates_seed20260520_n1500/scenario_0404_offline_rollout.npz,/home/simon/davide_fr3_ws/src/cbf_safety_filter/config/generated_scenarios_fullpool_candidates/scenario_0404.yaml,good,ok,3000,True,0,0.02623202091111916,0.0521095980621977,4.3192897637017724e-08,4.611592000072296e-08,1.6201377114888338e-07,2.86635508926771e-07,0.02,good
scenario_1275,/home/simon/davide_fr3_ws/src/cbf_safety_filter/data/rollouts/fullpool_candidates_seed20260520_n1500/scenario_1275_offline_rollout.npz,/home/simon/davide_fr3_ws/src/cbf_safety_filter/config/generated_scenarios_fullpool_candidates/scenario_1275.yaml,good,ok,3000,True,0,0.017648789421356934,0.039440524150667886,0.0020836914379438742,-0.0957392570423734,0.004978023973083362,0.0008921831785503306,0.02,good
scenario_0175,/home/simon/davide_fr3_ws/src/cbf_safety_filter/data/rollouts/fullpool_candidates_seed20260520_n1500/scenario_0175_offline_rollout.npz,/home/simon/davide_fr3_ws/src/cbf_safety_filter/config/generated_scenarios_fullpool_candidates/scenario_0175.yaml,good,ok,3000,True,0,0.019820047952957172,0.03518971165580437,0.019688434182615552,-0.15399699062142702,0.05983608389728973,0.0029297680701978624,0.02,good
scenario_0829,/home/simon/davide_fr3_ws/src/cbf_safety_filter/data/rollouts/fullpool_candidates_seed20260520_n1500/scenario_0829_offline_rollout.npz,/home/simon/davide_fr3_ws/src/cbf_safety_filter/config/generated_scenarios_fullpool_candidates/scenario_0829.yaml,good,ok,3000,True,0,0.008548539139992723,0.02289733360767315,-0.00024566958395169647,-0.08071787990086476,-0.0008039028844626095,0.0001435214151925025,0.02,good
scenario_0791,/home/simon/davide_fr3_ws/src/cbf_safety_filter/data/rollouts/fullpool_candidates_seed20260520_n1500/scenario_0791_offline_rollout.npz,/home/simon/davide_fr3_ws/src/cbf_safety_filter/config/generated_scenarios_fullpool_candidates/scenario_0791.yaml,good,ok,3000,True,0,0.0696226060382865,0.1423047701954226,1.3731839513905775e-05,6.480341068965069e-06,3.51886244864541e-05,1.3078929869219018e-07,0.02,good
scenario_0322,/home/simon/davide_fr3_ws/src/cbf_safety_filter/data/rollouts/fullpool_candidates_seed20260520_n1500/scenario_0322_offline_rollout.npz,/home/simon/davide_fr3_ws/src/cbf_safety_filter/config/generated_scenarios_fullpool_candidates/scenario_0322.yaml,good,ok,3000,True,0,0.03607394046028287,0.08018116544706783,0.013711204046295396,-0.0241749734236138,0.03504505400382951,0.0010361406909907616,0.02,good
scenario_0348,/home/simon/davide_fr3_ws/src/cbf_safety_filter/data/rollouts/fullpool_candidates_seed20260520_n1500/scenario_0348_offline_rollout.npz,/home/simon/davide_fr3_ws/src/cbf_safety_filter/config/generated_scenarios_fullpool_candidates/scenario_0348.yaml,good,ok,3000,True,0,0.07031341000000002,0.14062682000000004,0.017891623679390005,0.029721213370196037,0.053187534712542645,0.00205007188257548,0.02,good
scenario_1193,/home/simon/davide_fr3_ws/src/cbf_safety_filter/data/rollouts/fullpool_candidates_seed20260520_n1500/scenario_1193_offline_rollout.npz,/home/simon/davide_fr3_ws/src/cbf_safety_filter/config/generated_scenarios_fullpool_candidates/scenario_1193.yaml,good,ok,3000,True,0,0.046302478804344446,0.09265730434824605,0.0120088368767109,0.0040846707551152085,0.04093849609443928,0.00016102086812929778,0.02,good
scenario_1417,/home/simon/davide_fr3_ws/src/cbf_safety_filter/data/rollouts/fullpool_candidates_seed20260520_n1500/scenario_1417_offline_rollout.npz,/home/simon/davide_fr3_ws/src/cbf_safety_filter/config/generated_scenarios_fullpool_candidates/scenario_1417.yaml,good,ok,3000,True,0,0.05168133000000001,0.10336266000000002,0.001808140574681552,-0.062067451310488686,0.0044378318199003175,0.002764742845162865,0.02,good
scenario_0379,/home/simon/davide_fr3_ws/src/cbf_safety_filter/data/rollouts/fullpool_candidates_seed20260520_n1500/scenario_0379_offline_rollout.npz,/home/simon/davide_fr3_ws/src/cbf_safety_filter/config/generated_scenarios_fullpool_candidates/scenario_0379.yaml,good,ok,3000,True,0,0.004981941194070555,0.0009662797383389928,5.2882115162695975e-05,-0.1368539036272336,0.00014007020535311554,0.0011050125876357819,0.02,good
scenario_0277,/home/simon/davide_fr3_ws/src/cbf_safety_filter/data/rollouts/fullpool_candidates_seed20260520_n1500/scenario_0277_offline_rollout.npz,/home/simon/davide_fr3_ws/src/cbf_safety_filter/config/generated_scenarios_fullpool_candidates/scenario_0277.yaml,good,ok,3000,True,0,0.00775923700206034,0.017877451704832042,-4.340988774532983e-06,-0.019290668358335566,-1.146624471554114e-05,2.4533121957798443e-06,0.02,good
scenario_1312,/home/simon/davide_fr3_ws/src/cbf_safety_filter/data/rollouts/fullpool_candidates_seed20260520_n1500/scenario_1312_offline_rollout.npz,/home/simon/davide_fr3_ws/src/cbf_safety_filter/config/generated_scenarios_fullpool_candidates/scenario_1312.yaml,good,ok,3000,True,0,0.02624505,0.0524901,0.026054139347335727,0.0524901,0.06575201655395463,4.740999696655471e-07,0.02,good
scenario_1385,/home/simon/davide_fr3_ws/src/cbf_safety_filter/data/rollouts/fullpool_candidates_seed20260520_n1500/scenario_1385_offline_rollout.npz,/home/simon/davide_fr3_ws/src/cbf_safety_filter/config/generated_scenarios_fullpool_candidates/scenario_1385.yaml,good,ok,3000,True,0,0.06905170943507043,0.11955030813125202,0.002400923756776717,-0.3199969508657565,0.006657081967390288,0.002369520466213919,0.02,good
scenario_1320,/home/simon/davide_fr3_ws/src/cbf_safety_filter/data/rollouts/fullpool_candidates_seed20260520_n1500/scenario_1320_offline_rollout.npz,/home/simon/davide_fr3_ws/src/cbf_safety_filter/config/generated_scenarios_fullpool_candidates/scenario_1320.yaml,good,ok,3000,True,0,0.0398097194789293,0.12197619220313793,0.031663451650460195,0.03516468104308983,0.09090678871669744,0.007421606320921775,0.02,good
scenario_1048,/home/simon/davide_fr3_ws/src/cbf_safety_filter/data/rollouts/fullpool_candidates_seed20260520_n1500/scenario_1048_offline_rollout.npz,/home/simon/davide_fr3_ws/src/cbf_safety_filter/config/generated_scenarios_fullpool_candidates/scenario_1048.yaml,good,ok,3000,True,0,0.012808654859607669,0.027776407979154292,0.0003078331507818735,-0.01041710522130547,0.0007582876373172787,0.0004364385800017581,0.02,good
scenario_1111,/home/simon/davide_fr3_ws/src/cbf_safety_filter/data/rollouts/fullpool_candidates_seed20260520_n1500/scenario_1111_offline_rollout.npz,/home/simon/davide_fr3_ws/src/cbf_safety_filter/config/generated_scenarios_fullpool_candidates/scenario_1111.yaml,good,ok,3000,True,0,0.03700074362522871,0.07427691488436397,-0.0006510047525467473,-0.013781621767236657,-0.002087136597849787,2.3541219610709592e-05,0.02,good
scenario_1352,/home/simon/davide_fr3_ws/src/cbf_safety_filter/data/rollouts/fullpool_candidates_seed20260520_n1500/scenario_1352_offline_rollout.npz,/home/simon/davide_fr3_ws/src/cbf_safety_filter/config/generated_scenarios_fullpool_candidates/scenario_1352.yaml,good,ok,3000,True,0,0.03253216751853458,0.04912494326356788,0.0003838432980704312,-0.009338529384064306,0.0010469017907847045,0.0004661933695507965,0.02,good
scenario_0982,/home/simon/davide_fr3_ws/src/cbf_safety_filter/data/rollouts/fullpool_candidates_seed20260520_n1500/scenario_0982_offline_rollout.npz,/home/simon/davide_fr3_ws/src/cbf_safety_filter/config/generated_scenarios_fullpool_candidates/scenario_0982.yaml,good,ok,3000,True,0,0.008155908505871723,0.024132835175203697,0.00015640521645509525,-0.0476557253109592,0.00036444122911757915,0.00014072632501918852,0.02,good
scenario_0414,/home/simon/davide_fr3_ws/src/cbf_safety_filter/data/rollouts/fullpool_candidates_seed20260520_n1500/scenario_0414_offline_rollout.npz,/home/simon/davide_fr3_ws/src/cbf_safety_filter/config/generated_scenarios_fullpool_candidates/scenario_0414.yaml,good,ok,3000,True,0,0.02212190961871207,0.03360080826716218,-0.0005475403048752596,-0.12070186103571956,-0.0024404591973960083,0.008568986393940008,0.02,good
scenario_0352,/home/simon/davide_fr3_ws/src/cbf_safety_filter/data/rollouts/fullpool_candidates_seed20260520_n1500/scenario_0352_offline_rollout.npz,/home/simon/davide_fr3_ws/src/cbf_safety_filter/config/generated_scenarios_fullpool_candidates/scenario_0352.yaml,good,ok,3000,True,0,0.02438732651931113,0.04610906355058065,0.0023187228658856016,-0.17943310990750178,0.00620632655571432,0.0005339190847994395,0.02,good
scenario_1391,/home/simon/davide_fr3_ws/src/cbf_safety_filter/data/rollouts/fullpool_candidates_seed20260520_n1500/scenario_1391_offline_rollout.npz,/home/simon/davide_fr3_ws/src/cbf_safety_filter/config/generated_scenarios_fullpool_candidates/scenario_1391.yaml,good,ok,3000,True,0,0.025280052812717165,0.05046294806447465,0.01906462395061121,0.03812470267236126,0.042979086545907624,4.968767974340029e-07,0.02,good
scenario_1277,/home/simon/davide_fr3_ws/src/cbf_safety_filter/data/rollouts/fullpool_candidates_seed20260520_n1500/scenario_1277_offline_rollout.npz,/home/simon/davide_fr3_ws/src/cbf_safety_filter/config/generated_scenarios_fullpool_candidates/scenario_1277.yaml,good,ok,3000,True,0,2.090616287631769e-05,4.38168639871814e-05,-3.762215729841145e-06,-0.02242280497866557,-1.1491593728069072e-05,2.4989104786068488e-05,0.02,good
scenario_1090,/home/simon/davide_fr3_ws/src/cbf_safety_filter/data/rollouts/fullpool_candidates_seed20260520_n1500/scenario_1090_offline_rollout.npz,/home/simon/davide_fr3_ws/src/cbf_safety_filter/config/generated_scenarios_fullpool_candidates/scenario_1090.yaml,good,ok,3000,True,9,0.015061228698946369,0.03301762367143631,-2.2154871923106556e-06,-0.1269402951777632,-7.946737241554258e-06,5.0399428714145384e-05,0.02,good
scenario_1209,/home/simon/davide_fr3_ws/src/cbf_safety_filter/data/rollouts/fullpool_candidates_seed20260520_n1500/scenario_1209_offline_rollout.npz,/home/simon/davide_fr3_ws/src/cbf_safety_filter/config/generated_scenarios_fullpool_candidates/scenario_1209.yaml,good,ok,3000,True,0,0.05089530432787919,0.09004770780020503,0.006965603905361512,-0.17431650015606676,0.03019023224390277,0.00906325321743862,0.02,good
scenario_0808,/home/simon/davide_fr3_ws/src/cbf_safety_filter/data/rollouts/fullpool_candidates_seed20260520_n1500/scenario_0808_offline_rollout.npz,/home/simon/davide_fr3_ws/src/cbf_safety_filter/config/generated_scenarios_fullpool_candidates/scenario_0808.yaml,good,ok,3000,True,0,0.015433313211473999,0.025662982597186128,0.00452021685843066,-0.08575683536132167,0.012140024080394524,0.00015762332331424361,0.02,good
scenario_0705,/home/simon/davide_fr3_ws/src/cbf_safety_filter/data/rollouts/fullpool_candidates_seed20260520_n1500/scenario_0705_offline_rollout.npz,/home/simon/davide_fr3_ws/src/cbf_safety_filter/config/generated_scenarios_fullpool_candidates/scenario_0705.yaml,good,ok,3000,True,0,0.04783186866171139,0.09914518024642724,0.00030270972427548157,-0.09909135726688101,0.000956258850715791,5.2343161941435376e-05,0.02,good
scenario_0161,/home/simon/davide_fr3_ws/src/cbf_safety_filter/data/rollouts/fullpool_candidates_seed20260520_n1500/scenario_0161_offline_rollout.npz,/home/simon/davide_fr3_ws/src/cbf_safety_filter/config/generated_scenarios_fullpool_candidates/scenario_0161.yaml,good,ok,3000,True,0,0.08748837109084427,0.1957821814754022,0.02521212895725653,0.01285052941215492,0.08031511600396489,0.0008403873933012039,0.02,good
scenario_1481,/home/simon/davide_fr3_ws/src/cbf_safety_filter/data/rollouts/fullpool_candidates_seed20260520_n1500/scenario_1481_offline_rollout.npz,/home/simon/davide_fr3_ws/src/cbf_safety_filter/config/generated_scenarios_fullpool_candidates/scenario_1481.yaml,good,ok,3000,True,0,0.03962985476180496,0.07980326164547452,-0.0005175368638997337,-0.026945200167401137,-0.0022388575275422706,0.0026588046402455973,0.02,good
scenario_0506,/home/simon/davide_fr3_ws/src/cbf_safety_filter/data/rollouts/fullpool_candidates_seed20260520_n1500/scenario_0506_offline_rollout.npz,/home/simon/davide_fr3_ws/src/cbf_safety_filter/config/generated_scenarios_fullpool_candidates/scenario_0506.yaml,good,ok,3000,True,0,0.04097637468582607,0.0423992583737782,0.001155781975012829,-0.1753330127177995,0.004227021775347589,0.005150158871255641,0.02,good
scenario_0574,/home/simon/davide_fr3_ws/src/cbf_safety_filter/data/rollouts/fullpool_candidates_seed20260520_n1500/scenario_0574_offline_rollout.npz,/home/simon/davide_fr3_ws/src/cbf_safety_filter/config/generated_scenarios_fullpool_candidates/scenario_0574.yaml,good,ok,3000,True,0,0.039353332405147774,0.0730562855612133,0.02263531401686377,0.036971512405235045,0.049615408816591794,0.0010887764313119227,0.02,good
scenario_1287,/home/simon/davide_fr3_ws/src/cbf_safety_filter/data/rollouts/fullpool_candidates_seed20260520_n1500/scenario_1287_offline_rollout.npz,/home/simon/davide_fr3_ws/src/cbf_safety_filter/config/generated_scenarios_fullpool_candidates/scenario_1287.yaml,good,ok,3000,True,0,0.05871826462839908,0.09880738295765225,0.019237239344508033,0.03050492663915515,0.0492672311748798,0.0011838966424977389,0.02,good
scenario_1332,/home/simon/davide_fr3_ws/src/cbf_safety_filter/data/rollouts/fullpool_candidates_seed20260520_n1500/scenario_1332_offline_rollout.npz,/home/simon/davide_fr3_ws/src/cbf_safety_filter/config/generated_scenarios_fullpool_candidates/scenario_1332.yaml,good,ok,3000,True,0,0.03888693098231577,0.07418223774052954,0.00619037212274488,0.0008133791484399785,0.016926245253349598,0.0010390688348202917,0.02,good
scenario_1498,/home/simon/davide_fr3_ws/src/cbf_safety_filter/data/rollouts/fullpool_candidates_seed20260520_n1500/scenario_1498_offline_rollout.npz,/home/simon/davide_fr3_ws/src/cbf_safety_filter/config/generated_scenarios_fullpool_candidates/scenario_1498.yaml,good,ok,3000,True,0,0.005847822341671829,0.0038545218654059583,3.590454167859067e-05,-0.09440705880355205,0.0001125137377348262,0.00018284886875785832,0.02,good
scenario_1181,/home/simon/davide_fr3_ws/src/cbf_safety_filter/data/rollouts/fullpool_candidates_seed20260520_n1500/scenario_1181_offline_rollout.npz,/home/simon/davide_fr3_ws/src/cbf_safety_filter/config/generated_scenarios_fullpool_candidates/scenario_1181.yaml,good,ok,3000,True,0,0.05531812025345804,0.09912729197771089,0.000293746948254521,-0.13638424063952753,0.0007194048208006287,0.0006852908280789817,0.02,good
scenario_0184,/home/simon/davide_fr3_ws/src/cbf_safety_filter/data/rollouts/fullpool_candidates_seed20260520_n1500/scenario_0184_offline_rollout.npz,/home/simon/davide_fr3_ws/src/cbf_safety_filter/config/generated_scenarios_fullpool_candidates/scenario_0184.yaml,good,ok,3000,True,0,0.02911110518766255,0.057418353520042716,0.02062990408134109,0.04678869842289852,0.053684376030030956,6.383605058114435e-05,0.02,good
scenario_0445,/home/simon/davide_fr3_ws/src/cbf_safety_filter/data/rollouts/fullpool_candidates_seed20260520_n1500/scenario_0445_offline_rollout.npz,/home/simon/davide_fr3_ws/src/cbf_safety_filter/config/generated_scenarios_fullpool_candidates/scenario_0445.yaml,good,ok,3000,True,0,0.0007313604621915631,0.001569363188265972,1.1323134902381515e-06,2.999319371384539e-07,3.835700466248149e-06,1.0493952670997108e-07,0.02,good
scenario_0723,/home/simon/davide_fr3_ws/src/cbf_safety_filter/data/rollouts/fullpool_candidates_seed20260520_n1500/scenario_0723_offline_rollout.npz,/home/simon/davide_fr3_ws/src/cbf_safety_filter/config/generated_scenarios_fullpool_candidates/scenario_0723.yaml,good,ok,3000,True,0,0.010182748813900988,0.0043817337119039165,-0.0001521785025097363,-0.007698036488079436,-0.0007306813287749209,0.0020177583580124094,0.02,good
scenario_0995,/home/simon/davide_fr3_ws/src/cbf_safety_filter/data/rollouts/fullpool_candidates_seed20260520_n1500/scenario_0995_offline_rollout.npz,/home/simon/davide_fr3_ws/src/cbf_safety_filter/config/generated_scenarios_fullpool_candidates/scenario_0995.yaml,good,ok,3000,True,0,0.04327531362937205,0.09077966823923783,0.0006398559598027181,-0.1937146509208103,0.0015457483555384732,0.0025731183161791884,0.02,good
scenario_0283,/home/simon/davide_fr3_ws/src/cbf_safety_filter/data/rollouts/fullpool_candidates_seed20260520_n1500/scenario_0283_offline_rollout.npz,/home/simon/davide_fr3_ws/src/cbf_safety_filter/config/generated_scenarios_fullpool_candidates/scenario_0283.yaml,good,ok,3000,True,0,0.025341469468769404,0.05035510213626261,0.010916625507600497,-0.09362361723064927,0.03338372613741339,0.014700953407695639,0.02,good
scenario_1196,/home/simon/davide_fr3_ws/src/cbf_safety_filter/data/rollouts/fullpool_candidates_seed20260520_n1500/scenario_1196_offline_rollout.npz,/home/simon/davide_fr3_ws/src/cbf_safety_filter/config/generated_scenarios_fullpool_candidates/scenario_1196.yaml,good,ok,3000,True,0,0.003310364862830333,0.006599462598131626,0.003310364862830333,0.006599462598131626,0.012992400317681715,2.006255727775834e-07,0.02,good
scenario_1121,/home/simon/davide_fr3_ws/src/cbf_safety_filter/data/rollouts/fullpool_candidates_seed20260520_n1500/scenario_1121_offline_rollout.npz,/home/simon/davide_fr3_ws/src/cbf_safety_filter/config/generated_scenarios_fullpool_candidates/scenario_1121.yaml,good,ok,3000,True,0,0.007618705477516639,0.011656056976774154,0.0003085909448016927,-0.003189724337738814,0.0007553222977640939,0.0003788937759192697,0.02,good
scenario_1137,/home/simon/davide_fr3_ws/src/cbf_safety_filter/data/rollouts/fullpool_candidates_seed20260520_n1500/scenario_1137_offline_rollout.npz,/home/simon/davide_fr3_ws/src/cbf_safety_filter/config/generated_scenarios_fullpool_candidates/scenario_1137.yaml,good,ok,3000,True,0,0.0497817807720308,0.1164180234784972,0.023883644198217154,-0.0173721917537899,0.07735474404483603,0.0007849410739159916,0.02,good
scenario_0758,/home/simon/davide_fr3_ws/src/cbf_safety_filter/data/rollouts/fullpool_candidates_seed20260520_n1500/scenario_0758_offline_rollout.npz,/home/simon/davide_fr3_ws/src/cbf_safety_filter/config/generated_scenarios_fullpool_candidates/scenario_0758.yaml,good,ok,3000,True,0,0.014702872439287015,0.025055788914233802,-0.0004234787742411483,-0.07350058957243233,-0.001037525005813389,0.0006120931300926432,0.02,good
scenario_0895,/home/simon/davide_fr3_ws/src/cbf_safety_filter/data/rollouts/fullpool_candidates_seed20260520_n1500/scenario_0895_offline_rollout.npz,/home/simon/davide_fr3_ws/src/cbf_safety_filter/config/generated_scenarios_fullpool_candidates/scenario_0895.yaml,good,ok,3000,True,0,0.005583488604770695,0.011799773455794986,0.0033386956212975716,-0.00014434601492045382,0.017490141670397835,1.4576012590836132e-07,0.02,good
scenario_0994,/home/simon/davide_fr3_ws/src/cbf_safety_filter/data/rollouts/fullpool_candidates_seed20260520_n1500/scenario_0994_offline_rollout.npz,/home/simon/davide_fr3_ws/src/cbf_safety_filter/config/generated_scenarios_fullpool_candidates/scenario_0994.yaml,good,ok,3000,True,0,0.009636955740426969,0.019628496265527522,6.401328241705667e-05,-0.04825215576135988,0.0002531638577916162,0.0026508601129875274,0.02,good
scenario_0748,/home/simon/davide_fr3_ws/src/cbf_safety_filter/data/rollouts/fullpool_candidates_seed20260520_n1500/scenario_0748_offline_rollout.npz,/home/simon/davide_fr3_ws/src/cbf_safety_filter/config/generated_scenarios_fullpool_candidates/scenario_0748.yaml,good,ok,3000,True,0,0.006289260398826303,0.01249194327936844,0.006289260398826303,0.01249194327936844,0.019066101001960545,5.261690934040362e-07,0.02,good
scenario_0985,/home/simon/davide_fr3_ws/src/cbf_safety_filter/data/rollouts/fullpool_candidates_seed20260520_n1500/scenario_0985_offline_rollout.npz,/home/simon/davide_fr3_ws/src/cbf_safety_filter/config/generated_scenarios_fullpool_candidates/scenario_0985.yaml,good,ok,3000,True,0,0.01508766042655578,0.01777694923372966,0.0008891425983223282,-0.07106945385707103,0.002985845737962761,0.00045295724117964514,0.02,good
scenario_0585,/home/simon/davide_fr3_ws/src/cbf_safety_filter/data/rollouts/fullpool_candidates_seed20260520_n1500/scenario_0585_offline_rollout.npz,/home/simon/davide_fr3_ws/src/cbf_safety_filter/config/generated_scenarios_fullpool_candidates/scenario_0585.yaml,good,ok,3000,True,0,0.021361328316155052,0.042949969674021295,0.016797413882315385,0.033593742255223075,0.051426913116400935,1.241938286455501e-07,0.02,good
scenario_0623,/home/simon/davide_fr3_ws/src/cbf_safety_filter/data/rollouts/fullpool_candidates_seed20260520_n1500/scenario_0623_offline_rollout.npz,/home/simon/davide_fr3_ws/src/cbf_safety_filter/config/generated_scenarios_fullpool_candidates/scenario_0623.yaml,good,ok,3000,True,1,0.00037099837243589374,0.001217022307508339,0.00034560220635924607,-0.015468393385272394,0.0015323839543557177,0.0008280472224803784,0.02,good
scenario_0088,/home/simon/davide_fr3_ws/src/cbf_safety_filter/data/rollouts/fullpool_candidates_seed20260520_n1500/scenario_0088_offline_rollout.npz,/home/simon/davide_fr3_ws/src/cbf_safety_filter/config/generated_scenarios_fullpool_candidates/scenario_0088.yaml,good,ok,3000,True,0,0.04421150463958644,0.09538909802839003,0.0017438889185704479,-0.10176615072287193,0.006495050523902313,0.0021023050021948832,0.02,good
scenario_0828,/home/simon/davide_fr3_ws/src/cbf_safety_filter/data/rollouts/fullpool_candidates_seed20260520_n1500/scenario_0828_offline_rollout.npz,/home/simon/davide_fr3_ws/src/cbf_safety_filter/config/generated_scenarios_fullpool_candidates/scenario_0828.yaml,good,ok,3000,True,0,0.06929086895001903,0.1541587384739369,0.00022306947019609669,-0.15594908759479087,0.0006051718403254636,0.0012645844074611456,0.02,good
scenario_0621,/home/simon/davide_fr3_ws/src/cbf_safety_filter/data/rollouts/fullpool_candidates_seed20260520_n1500/scenario_0621_offline_rollout.npz,/home/simon/davide_fr3_ws/src/cbf_safety_filter/config/generated_scenarios_fullpool_candidates/scenario_0621.yaml,good,ok,3000,True,0,0.016326503835079383,0.03206472436594343,0.0007109077859022688,-0.1398999505966167,0.0038664358857960907,0.00036955529183616145,0.02,good
scenario_0955,/home/simon/davide_fr3_ws/src/cbf_safety_filter/data/rollouts/fullpool_candidates_seed20260520_n1500/scenario_0955_offline_rollout.npz,/home/simon/davide_fr3_ws/src/cbf_safety_filter/config/generated_scenarios_fullpool_candidates/scenario_0955.yaml,good,ok,3000,True,0,9.772487704555466e-06,2.861060748304443e-06,-0.00018823654885046642,-0.0007954993469692535,-0.0004471677927987139,3.637910565991841e-05,0.02,good
scenario_0376,/home/simon/davide_fr3_ws/src/cbf_safety_filter/data/rollouts/fullpool_candidates_seed20260520_n1500/scenario_0376_offline_rollout.npz,/home/simon/davide_fr3_ws/src/cbf_safety_filter/config/generated_scenarios_fullpool_candidates/scenario_0376.yaml,good,ok,3000,True,0,0.0025997313079826126,0.001051232414994583,0.0004124307126497258,-0.10412921746431753,0.001203812385443398,8.57925382064369e-05,0.02,good
scenario_1229,/home/simon/davide_fr3_ws/src/cbf_safety_filter/data/rollouts/fullpool_candidates_seed20260520_n1500/scenario_1229_offline_rollout.npz,/home/simon/davide_fr3_ws/src/cbf_safety_filter/config/generated_scenarios_fullpool_candidates/scenario_1229.yaml,good,ok,3000,True,0,0.01910588641613816,0.04369953483793482,-0.0007762780460807903,-0.11668681362613523,-0.002450765340968941,0.018009471079332273,0.02,good
scenario_0619,/home/simon/davide_fr3_ws/src/cbf_safety_filter/data/rollouts/fullpool_candidates_seed20260520_n1500/scenario_0619_offline_rollout.npz,/home/simon/davide_fr3_ws/src/cbf_safety_filter/config/generated_scenarios_fullpool_candidates/scenario_0619.yaml,good,ok,3000,True,0,0.031685634276372825,0.0630410173125831,0.0284652904672004,0.025016265159937268,0.06266262876323223,0.007668507132909169,0.02,good
scenario_1419,/home/simon/davide_fr3_ws/src/cbf_safety_filter/data/rollouts/fullpool_candidates_seed20260520_n1500/scenario_1419_offline_rollout.npz,/home/simon/davide_fr3_ws/src/cbf_safety_filter/config/generated_scenarios_fullpool_candidates/scenario_1419.yaml,good,ok,3000,True,0,0.06697194977090297,0.11033678008876,0.02261963399998438,0.017653169372784494,0.06191770525868023,0.0037974648328038788,0.02,good
scenario_0417,/home/simon/davide_fr3_ws/src/cbf_safety_filter/data/rollouts/fullpool_candidates_seed20260520_n1500/scenario_0417_offline_rollout.npz,/home/simon/davide_fr3_ws/src/cbf_safety_filter/config/generated_scenarios_fullpool_candidates/scenario_0417.yaml,good,ok,3000,True,0,0.016892595853170593,0.009829232931740858,0.0006197959208299186,-0.03690339229690345,0.001454052851073917,0.000682983835012125,0.02,good
scenario_0882,/home/simon/davide_fr3_ws/src/cbf_safety_filter/data/rollouts/fullpool_candidates_seed20260520_n1500/scenario_0882_offline_rollout.npz,/home/simon/davide_fr3_ws/src/cbf_safety_filter/config/generated_scenarios_fullpool_candidates/scenario_0882.yaml,good,ok,3000,True,0,0.020848094174671747,0.049596557864571025,0.013409145890652813,-0.05198148945405562,0.03304043813903765,0.0010049713409627673,0.02,good
scenario_0685,/home/simon/davide_fr3_ws/src/cbf_safety_filter/data/rollouts/fullpool_candidates_seed20260520_n1500/scenario_0685_offline_rollout.npz,/home/simon/davide_fr3_ws/src/cbf_safety_filter/config/generated_scenarios_fullpool_candidates/scenario_0685.yaml,good,ok,3000,True,0,0.05329903669471164,0.0955031766210645,0.0018201509910360236,-0.079541934878463,0.004350777124277505,0.0010381745779394064,0.02,good
scenario_0177,/home/simon/davide_fr3_ws/src/cbf_safety_filter/data/rollouts/fullpool_candidates_seed20260520_n1500/scenario_0177_offline_rollout.npz,/home/simon/davide_fr3_ws/src/cbf_safety_filter/config/generated_scenarios_fullpool_candidates/scenario_0177.yaml,good,ok,3000,True,0,0.0341081964791469,0.07354430754386734,0.0007130960116847364,-0.057487809100861376,0.0030753421432971884,0.003445276522125496,0.02,good
scenario_1452,/home/simon/davide_fr3_ws/src/cbf_safety_filter/data/rollouts/fullpool_candidates_seed20260520_n1500/scenario_1452_offline_rollout.npz,/home/simon/davide_fr3_ws/src/cbf_safety_filter/config/generated_scenarios_fullpool_candidates/scenario_1452.yaml,good,ok,3000,True,0,0.04415952793015177,0.08982101835445112,0.00328390426830108,-0.0249383392043378,0.009178593487908226,0.0009031456975030176,0.02,good
scenario_0549,/home/simon/davide_fr3_ws/src/cbf_safety_filter/data/rollouts/fullpool_candidates_seed20260520_n1500/scenario_0549_offline_rollout.npz,/home/simon/davide_fr3_ws/src/cbf_safety_filter/config/generated_scenarios_fullpool_candidates/scenario_0549.yaml,good,ok,3000,True,0,0.031124171728587665,0.0875441919493315,0.012573960147449093,0.024665500232177343,0.0537844224784072,0.00019832577488251903,0.02,good
scenario_1026,/home/simon/davide_fr3_ws/src/cbf_safety_filter/data/rollouts/fullpool_candidates_seed20260520_n1500/scenario_1026_offline_rollout.npz,/home/simon/davide_fr3_ws/src/cbf_safety_filter/config/generated_scenarios_fullpool_candidates/scenario_1026.yaml,good,ok,3000,True,0,0.0033858760046935124,0.006616867478031694,0.0033858760046935124,0.006616867478031694,0.013474793690844006,2.8437059858836544e-07,0.02,good
scenario_0967,/home/simon/davide_fr3_ws/src/cbf_safety_filter/data/rollouts/fullpool_candidates_seed20260520_n1500/scenario_0967_offline_rollout.npz,/home/simon/davide_fr3_ws/src/cbf_safety_filter/config/generated_scenarios_fullpool_candidates/scenario_0967.yaml,good,ok,3000,True,0,0.03508491321749182,0.07012362112992958,0.016029613750480183,-0.037907829457623776,0.0632864926343375,0.00026847766769425615,0.02,good
scenario_0191,/home/simon/davide_fr3_ws/src/cbf_safety_filter/data/rollouts/fullpool_candidates_seed20260520_n1500/scenario_0191_offline_rollout.npz,/home/simon/davide_fr3_ws/src/cbf_safety_filter/config/generated_scenarios_fullpool_candidates/scenario_0191.yaml,good,ok,3000,True,0,0.0499772233456177,0.07640500716467591,-0.00041010877169547766,-0.28106549739793096,-0.0009572077746140273,0.0003111102328671642,0.02,good
scenario_1428,/home/simon/davide_fr3_ws/src/cbf_safety_filter/data/rollouts/fullpool_candidates_seed20260520_n1500/scenario_1428_offline_rollout.npz,/home/simon/davide_fr3_ws/src/cbf_safety_filter/config/generated_scenarios_fullpool_candidates/scenario_1428.yaml,good,ok,3000,True,0,0.027826839302059394,0.05186628896739557,0.0020282980744803433,-0.15681167479081135,0.004969257331482763,0.000537251402920641,0.02,good
scenario_0213,/home/simon/davide_fr3_ws/src/cbf_safety_filter/data/rollouts/fullpool_candidates_seed20260520_n1500/scenario_0213_offline_rollout.npz,/home/simon/davide_fr3_ws/src/cbf_safety_filter/config/generated_scenarios_fullpool_candidates/scenario_0213.yaml,good,ok,3000,True,0,0.027130017030976592,0.054684729672696324,0.00022805973842828647,-0.06008663556246133,0.0006503906583423535,0.00022857624079756922,0.02,good
scenario_0300,/home/simon/davide_fr3_ws/src/cbf_safety_filter/data/rollouts/fullpool_candidates_seed20260520_n1500/scenario_0300_offline_rollout.npz,/home/simon/davide_fr3_ws/src/cbf_safety_filter/config/generated_scenarios_fullpool_candidates/scenario_0300.yaml,good,ok,3000,True,0,0.01500979921996092,0.01764876574263725,6.254702471163165e-05,-0.04494610271210683,0.00015468356681291873,0.0005430056657476039,0.02,good
scenario_0743,/home/simon/davide_fr3_ws/src/cbf_safety_filter/data/rollouts/fullpool_candidates_seed20260520_n1500/scenario_0743_offline_rollout.npz,/home/simon/davide_fr3_ws/src/cbf_safety_filter/config/generated_scenarios_fullpool_candidates/scenario_0743.yaml,good,ok,3000,True,0,0.045297168728983275,0.09292591153208722,0.0382503829099186,0.04587438769218397,0.09553627823128769,0.001087096236597341,0.02,good
scenario_0671,/home/simon/davide_fr3_ws/src/cbf_safety_filter/data/rollouts/fullpool_candidates_seed20260520_n1500/scenario_0671_offline_rollout.npz,/home/simon/davide_fr3_ws/src/cbf_safety_filter/config/generated_scenarios_fullpool_candidates/scenario_0671.yaml,good,ok,3000,True,0,0.0003420096364772224,0.001629028088155521,4.7300068519162686e-06,-0.06431439162297328,1.9905768570263604e-05,2.9433248571392085e-05,0.02,good
scenario_1074,/home/simon/davide_fr3_ws/src/cbf_safety_filter/data/rollouts/fullpool_candidates_seed20260520_n1500/scenario_1074_offline_rollout.npz,/home/simon/davide_fr3_ws/src/cbf_safety_filter/config/generated_scenarios_fullpool_candidates/scenario_1074.yaml,good,ok,3000,True,0,0.06782674493826003,0.14486332445999764,0.010372676014415999,-0.205110059562031,0.04427553989992644,0.002598675112017813,0.02,good
scenario_0170,/home/simon/davide_fr3_ws/src/cbf_safety_filter/data/rollouts/fullpool_candidates_seed20260520_n1500/scenario_0170_offline_rollout.npz,/home/simon/davide_fr3_ws/src/cbf_safety_filter/config/generated_scenarios_fullpool_candidates/scenario_0170.yaml,good,ok,3000,True,0,0.015197293559618921,0.03804535341795458,0.0015616077373730441,-0.001518990220171025,0.004465998253117581,0.0006600996477312302,0.02,good
scenario_0192,/home/simon/davide_fr3_ws/src/cbf_safety_filter/data/rollouts/fullpool_candidates_seed20260520_n1500/scenario_0192_offline_rollout.npz,/home/simon/davide_fr3_ws/src/cbf_safety_filter/config/generated_scenarios_fullpool_candidates/scenario_0192.yaml,good,ok,3000,True,0,0.012740394580710815,0.03966388461182875,0.00011483040370481763,-0.002818423561997959,0.0005264396370101149,0.000398686936534301,0.02,good
scenario_0921,/home/simon/davide_fr3_ws/src/cbf_safety_filter/data/rollouts/fullpool_candidates_seed20260520_n1500/scenario_0921_offline_rollout.npz,/home/simon/davide_fr3_ws/src/cbf_safety_filter/config/generated_scenarios_fullpool_candidates/scenario_0921.yaml,good,ok,3000,True,0,0.028144251444797465,0.06933767675023506,0.017565266442655665,0.024563728885189914,0.04036464506451681,0.002702637065736281,0.02,good
scenario_0902,/home/simon/davide_fr3_ws/src/cbf_safety_filter/data/rollouts/fullpool_candidates_seed20260520_n1500/scenario_0902_offline_rollout.npz,/home/simon/davide_fr3_ws/src/cbf_safety_filter/config/generated_scenarios_fullpool_candidates/scenario_0902.yaml,good,ok,3000,True,0,0.04147865446115498,0.08853441103792513,0.00031414795075741277,-0.17287047683897405,0.0012976086484751403,0.000469542361970282,0.02,good
scenario_0495,/home/simon/davide_fr3_ws/src/cbf_safety_filter/data/rollouts/fullpool_candidates_seed20260520_n1500/scenario_0495_offline_rollout.npz,/home/simon/davide_fr3_ws/src/cbf_safety_filter/config/generated_scenarios_fullpool_candidates/scenario_0495.yaml,good,ok,3000,True,0,2.5003610293339307e-13,5.438428172516901e-13,-0.0007542252054405906,-0.006933793373635963,-0.003179425763845223,5.088423137267221e-14,0.02,good
scenario_0556,/home/simon/davide_fr3_ws/src/cbf_safety_filter/data/rollouts/fullpool_candidates_seed20260520_n1500/scenario_0556_offline_rollout.npz,/home/simon/davide_fr3_ws/src/cbf_safety_filter/config/generated_scenarios_fullpool_candidates/scenario_0556.yaml,good,ok,3000,True,2,0.021381858728359716,0.039621160782187685,0.0013268597631964849,-0.2983672576345609,0.0032532771891425893,0.0003369526659857362,0.02,good
scenario_1454,/home/simon/davide_fr3_ws/src/cbf_safety_filter/data/rollouts/fullpool_candidates_seed20260520_n1500/scenario_1454_offline_rollout.npz,/home/simon/davide_fr3_ws/src/cbf_safety_filter/config/generated_scenarios_fullpool_candidates/scenario_1454.yaml,good,ok,3000,True,0,0.005616533455831657,0.007906852293881422,-0.00025423731383190235,-0.008733646154084299,-0.0007445695430635946,0.015258248249273734,0.02,good
scenario_1456,/home/simon/davide_fr3_ws/src/cbf_safety_filter/data/rollouts/fullpool_candidates_seed20260520_n1500/scenario_1456_offline_rollout.npz,/home/simon/davide_fr3_ws/src/cbf_safety_filter/config/generated_scenarios_fullpool_candidates/scenario_1456.yaml,good,ok,3000,True,0,0.03785162092194658,0.0752649485112405,0.021386091458329724,0.04297357996738521,0.05169527596908735,0.0005737339464296997,0.02,good
scenario_0486,/home/simon/davide_fr3_ws/src/cbf_safety_filter/data/rollouts/fullpool_candidates_seed20260520_n1500/scenario_0486_offline_rollout.npz,/home/simon/davide_fr3_ws/src/cbf_safety_filter/config/generated_scenarios_fullpool_candidates/scenario_0486.yaml,good,ok,3000,True,0,0.011688082825707012,0.005351512178251201,0.011688082825707012,0.005351512178251201,0.039057006433984326,0.0006806036085761125,0.02,good
scenario_0339,/home/simon/davide_fr3_ws/src/cbf_safety_filter/data/rollouts/fullpool_candidates_seed20260520_n1500/scenario_0339_offline_rollout.npz,/home/simon/davide_fr3_ws/src/cbf_safety_filter/config/generated_scenarios_fullpool_candidates/scenario_0339.yaml,good,ok,3000,True,0,0.010809998943851661,0.021220753393689777,0.010809998943851661,0.021220753393689777,0.03754224695466035,3.407069662772965e-08,0.02,good
scenario_0540,/home/simon/davide_fr3_ws/src/cbf_safety_filter/data/rollouts/fullpool_candidates_seed20260520_n1500/scenario_0540_offline_rollout.npz,/home/simon/davide_fr3_ws/src/cbf_safety_filter/config/generated_scenarios_fullpool_candidates/scenario_0540.yaml,good,ok,3000,True,0,0.0843055899562965,0.19249955747636655,0.0007478376066522782,-0.06411705379484992,0.0018804985644301497,0.000847772797243464,0.02,good
scenario_1485,/home/simon/davide_fr3_ws/src/cbf_safety_filter/data/rollouts/fullpool_candidates_seed20260520_n1500/scenario_1485_offline_rollout.npz,/home/simon/davide_fr3_ws/src/cbf_safety_filter/config/generated_scenarios_fullpool_candidates/scenario_1485.yaml,good,ok,3000,True,0,0.02577315577515242,0.05136048519333206,0.02577315577515242,0.05136048519333206,0.06081261992548473,3.68468395816022e-07,0.02,good
scenario_1342,/home/simon/davide_fr3_ws/src/cbf_safety_filter/data/rollouts/fullpool_candidates_seed20260520_n1500/scenario_1342_offline_rollout.npz,/home/simon/davide_fr3_ws/src/cbf_safety_filter/config/generated_scenarios_fullpool_candidates/scenario_1342.yaml,good,ok,3000,True,0,0.009517222759588308,0.02056074973645275,0.00022760003935837908,-0.06073872716515909,0.0006228402122488708,0.0008068844967092628,0.02,good
scenario_0814,/home/simon/davide_fr3_ws/src/cbf_safety_filter/data/rollouts/fullpool_candidates_seed20260520_n1500/scenario_0814_offline_rollout.npz,/home/simon/davide_fr3_ws/src/cbf_safety_filter/config/generated_scenarios_fullpool_candidates/scenario_0814.yaml,good,ok,3000,True,0,0.061516600814285734,0.14157975205462606,0.019216381629230454,-0.02594287387410965,0.06377655084320694,0.003426440052934844,0.02,good
scenario_0838,/home/simon/davide_fr3_ws/src/cbf_safety_filter/data/rollouts/fullpool_candidates_seed20260520_n1500/scenario_0838_offline_rollout.npz,/home/simon/davide_fr3_ws/src/cbf_safety_filter/config/generated_scenarios_fullpool_candidates/scenario_0838.yaml,good,ok,3000,True,0,0.02966611331678335,0.055739413405202526,0.02939675428614396,-0.016953820561745797,0.0825047678771964,0.0012233477135539744,0.02,good
scenario_1170,/home/simon/davide_fr3_ws/src/cbf_safety_filter/data/rollouts/fullpool_candidates_seed20260520_n1500/scenario_1170_offline_rollout.npz,/home/simon/davide_fr3_ws/src/cbf_safety_filter/config/generated_scenarios_fullpool_candidates/scenario_1170.yaml,good,ok,3000,True,0,4.855550936155861e-06,1.0168247767944463e-05,-8.271405908122018e-06,-1.6792515553934367e-05,-4.095585787335099e-05,7.331027468373057e-09,0.02,good
scenario_1118,/home/simon/davide_fr3_ws/src/cbf_safety_filter/data/rollouts/fullpool_candidates_seed20260520_n1500/scenario_1118_offline_rollout.npz,/home/simon/davide_fr3_ws/src/cbf_safety_filter/config/generated_scenarios_fullpool_candidates/scenario_1118.yaml,good,ok,3000,True,0,0.022239413983688942,0.04617753570813402,0.00041284366567025804,-0.07895398383061034,0.0013363389592208341,0.000777937685684087,0.02,good
scenario_0711,/home/simon/davide_fr3_ws/src/cbf_safety_filter/data/rollouts/fullpool_candidates_seed20260520_n1500/scenario_0711_offline_rollout.npz,/home/simon/davide_fr3_ws/src/cbf_safety_filter/config/generated_scenarios_fullpool_candidates/scenario_0711.yaml,good,ok,3000,True,0,0.058128120000000005,0.11590609275999429,0.0013259118284361417,-0.05038786182285937,0.00453252784638164,0.0012445814555471536,0.02,good
scenario_0341,/home/simon/davide_fr3_ws/src/cbf_safety_filter/data/rollouts/fullpool_candidates_seed20260520_n1500/scenario_0341_offline_rollout.npz,/home/simon/davide_fr3_ws/src/cbf_safety_filter/config/generated_scenarios_fullpool_candidates/scenario_0341.yaml,good,ok,3000,True,0,0.05081904815882004,0.08004211608609595,0.009715188083545117,-0.04815969920250342,0.04189480663467521,0.0001394962943428643,0.02,good
scenario_1087,/home/simon/davide_fr3_ws/src/cbf_safety_filter/data/rollouts/fullpool_candidates_seed20260520_n1500/scenario_1087_offline_rollout.npz,/home/simon/davide_fr3_ws/src/cbf_safety_filter/config/generated_scenarios_fullpool_candidates/scenario_1087.yaml,good,ok,3000,True,0,6.367810877653396e-06,1.2842065075242798e-06,6.367810877653396e-06,1.2842065075242798e-06,1.978688426620967e-05,2.0740706137334647e-06,0.02,good
scenario_1192,/home/simon/davide_fr3_ws/src/cbf_safety_filter/data/rollouts/fullpool_candidates_seed20260520_n1500/scenario_1192_offline_rollout.npz,/home/simon/davide_fr3_ws/src/cbf_safety_filter/config/generated_scenarios_fullpool_candidates/scenario_1192.yaml,good,ok,3000,True,0,0.06567091875152803,0.152671131902767,0.016799752231876738,-0.3378896879974034,0.06424143833828405,0.0035776202777231198,0.02,good
scenario_1226,/home/simon/davide_fr3_ws/src/cbf_safety_filter/data/rollouts/fullpool_candidates_seed20260520_n1500/scenario_1226_offline_rollout.npz,/home/simon/davide_fr3_ws/src/cbf_safety_filter/config/generated_scenarios_fullpool_candidates/scenario_1226.yaml,good,ok,3000,True,0,0.016771968129148367,0.03081293678980987,0.016771968129148367,0.02869612949619431,0.04270844753740807,0.0011693661350407375,0.02,good
scenario_0010,/home/simon/davide_fr3_ws/src/cbf_safety_filter/data/rollouts/fullpool_candidates_seed20260520_n1500/scenario_0010_offline_rollout.npz,/home/simon/davide_fr3_ws/src/cbf_safety_filter/config/generated_scenarios_fullpool_candidates/scenario_0010.yaml,good,ok,3000,True,0,0.03522744741451861,0.07045620501966644,0.034541117073197125,0.07028023721321197,0.07441244522855864,1.2458004468821648e-08,0.02,good
scenario_0098,/home/simon/davide_fr3_ws/src/cbf_safety_filter/data/rollouts/fullpool_candidates_seed20260520_n1500/scenario_0098_offline_rollout.npz,/home/simon/davide_fr3_ws/src/cbf_safety_filter/config/generated_scenarios_fullpool_candidates/scenario_0098.yaml,good,ok,3000,True,0,0.020865225415659345,0.04275561123425936,1.020118562424302e-05,-0.0009066606690517204,3.7499189099482466e-05,3.339777848903496e-07,0.02,good
scenario_0392,/home/simon/davide_fr3_ws/src/cbf_safety_filter/data/rollouts/fullpool_candidates_seed20260520_n1500/scenario_0392_offline_rollout.npz,/home/simon/davide_fr3_ws/src/cbf_safety_filter/config/generated_scenarios_fullpool_candidates/scenario_0392.yaml,good,ok,3000,True,0,0.011735506941741775,0.004650726337943084,0.007461452549856619,-0.01673190970036277,0.01894973358319757,0.0016796105383932722,0.02,good
scenario_1367,/home/simon/davide_fr3_ws/src/cbf_safety_filter/data/rollouts/fullpool_candidates_seed20260520_n1500/scenario_1367_offline_rollout.npz,/home/simon/davide_fr3_ws/src/cbf_safety_filter/config/generated_scenarios_fullpool_candidates/scenario_1367.yaml,good,ok,3000,True,0,0.05851485024327232,0.10501507607663504,0.01603563324377286,-0.08940396700288891,0.041880727877485036,0.0011765183656210054,0.02,good
scenario_0578,/home/simon/davide_fr3_ws/src/cbf_safety_filter/data/rollouts/fullpool_candidates_seed20260520_n1500/scenario_0578_offline_rollout.npz,/home/simon/davide_fr3_ws/src/cbf_safety_filter/config/generated_scenarios_fullpool_candidates/scenario_0578.yaml,good,ok,3000,True,0,0.018870018680003837,0.04727677432420575,0.011984643375099548,-0.029916510409607522,0.04227726475815938,0.001983473697937731,0.02,good
scenario_1145,/home/simon/davide_fr3_ws/src/cbf_safety_filter/data/rollouts/fullpool_candidates_seed20260520_n1500/scenario_1145_offline_rollout.npz,/home/simon/davide_fr3_ws/src/cbf_safety_filter/config/generated_scenarios_fullpool_candidates/scenario_1145.yaml,good,ok,3000,True,0,0.00431184578637913,0.001107748037023304,-0.0006793024202360193,-0.004502343815379034,-0.0018863556851014818,0.0008761722065727541,0.02,good
scenario_1007,/home/simon/davide_fr3_ws/src/cbf_safety_filter/data/rollouts/fullpool_candidates_seed20260520_n1500/scenario_1007_offline_rollout.npz,/home/simon/davide_fr3_ws/src/cbf_safety_filter/config/generated_scenarios_fullpool_candidates/scenario_1007.yaml,good,ok,3000,True,0,0.03152962868402369,0.06442674184812366,0.024668592407289566,-0.06337703198144207,0.08248925196502813,0.0004860722188211996,0.02,good
scenario_1010,/home/simon/davide_fr3_ws/src/cbf_safety_filter/data/rollouts/fullpool_candidates_seed20260520_n1500/scenario_1010_offline_rollout.npz,/home/simon/davide_fr3_ws/src/cbf_safety_filter/config/generated_scenarios_fullpool_candidates/scenario_1010.yaml,good,ok,3000,True,0,0.028331324187668604,0.03753023392945419,0.0026390201006349125,-0.00821970205849127,0.008634560490793725,0.0010552614157243896,0.02,good
scenario_0152,/home/simon/davide_fr3_ws/src/cbf_safety_filter/data/rollouts/fullpool_candidates_seed20260520_n1500/scenario_0152_offline_rollout.npz,/home/simon/davide_fr3_ws/src/cbf_safety_filter/config/generated_scenarios_fullpool_candidates/scenario_0152.yaml,good,ok,3000,True,0,0.08968081833335355,0.1787233692993473,0.020380736133479405,0.04376170968733579,0.050620246521530826,5.926456979929516e-07,0.02,good
scenario_1432,/home/simon/davide_fr3_ws/src/cbf_safety_filter/data/rollouts/fullpool_candidates_seed20260520_n1500/scenario_1432_offline_rollout.npz,/home/simon/davide_fr3_ws/src/cbf_safety_filter/config/generated_scenarios_fullpool_candidates/scenario_1432.yaml,good,ok,3000,True,0,0.04319765888559439,0.05655286097751966,0.028656466267911386,0.05115975308163239,0.07956485910192967,0.0008346381351276391,0.02,good
scenario_0782,/home/simon/davide_fr3_ws/src/cbf_safety_filter/data/rollouts/fullpool_candidates_seed20260520_n1500/scenario_0782_offline_rollout.npz,/home/simon/davide_fr3_ws/src/cbf_safety_filter/config/generated_scenarios_fullpool_candidates/scenario_0782.yaml,good,ok,3000,True,0,0.0017113455907115677,0.003986686542290124,-0.00040087563827339093,-0.0464676227776436,-0.001628440094490452,2.463706837675372e-06,0.02,good
scenario_1283,/home/simon/davide_fr3_ws/src/cbf_safety_filter/data/rollouts/fullpool_candidates_seed20260520_n1500/scenario_1283_offline_rollout.npz,/home/simon/davide_fr3_ws/src/cbf_safety_filter/config/generated_scenarios_fullpool_candidates/scenario_1283.yaml,good,ok,3000,True,0,0.025764710035570775,0.051549249954584535,0.025620172410020684,0.051240009809637055,0.06567938127443801,1.6241971485821135e-09,0.02,good
scenario_0950,/home/simon/davide_fr3_ws/src/cbf_safety_filter/data/rollouts/fullpool_candidates_seed20260520_n1500/scenario_0950_offline_rollout.npz,/home/simon/davide_fr3_ws/src/cbf_safety_filter/config/generated_scenarios_fullpool_candidates/scenario_0950.yaml,good,ok,3000,True,0,0.02883741052236483,0.08640659526691664,0.00898629606430017,-0.02388442928240886,0.025120965581882315,0.0008487597209960495,0.02,good
scenario_1062,/home/simon/davide_fr3_ws/src/cbf_safety_filter/data/rollouts/fullpool_candidates_seed20260520_n1500/scenario_1062_offline_rollout.npz,/home/simon/davide_fr3_ws/src/cbf_safety_filter/config/generated_scenarios_fullpool_candidates/scenario_1062.yaml,good,ok,3000,True,0,6.345933119267233e-09,1.261548675053403e-08,6.345933119267233e-09,1.261548675053403e-08,1.866450816123688e-08,4.587227905849421e-08,0.02,good
scenario_0809,/home/simon/davide_fr3_ws/src/cbf_safety_filter/data/rollouts/fullpool_candidates_seed20260520_n1500/scenario_0809_offline_rollout.npz,/home/simon/davide_fr3_ws/src/cbf_safety_filter/config/generated_scenarios_fullpool_candidates/scenario_0809.yaml,good,ok,3000,True,0,0.024746758587003086,0.04649667863874905,0.014657205566976958,-0.09545484679400926,0.03363051690604049,0.0021851604412108454,0.02,good
scenario_0928,/home/simon/davide_fr3_ws/src/cbf_safety_filter/data/rollouts/fullpool_candidates_seed20260520_n1500/scenario_0928_offline_rollout.npz,/home/simon/davide_fr3_ws/src/cbf_safety_filter/config/generated_scenarios_fullpool_candidates/scenario_0928.yaml,good,ok,3000,True,0,0.012997135301559099,0.02616650004497026,-0.0005718973814631302,-0.04733043326754183,-0.0017871073151617123,0.00030054257264290537,0.02,good
scenario_1200,/home/simon/davide_fr3_ws/src/cbf_safety_filter/data/rollouts/fullpool_candidates_seed20260520_n1500/scenario_1200_offline_rollout.npz,/home/simon/davide_fr3_ws/src/cbf_safety_filter/config/generated_scenarios_fullpool_candidates/scenario_1200.yaml,good,ok,3000,True,0,0.042579907340471415,0.039988936693883564,0.008077022041773747,-0.004060077616687984,0.037992904993753546,0.00017942400512225984,0.02,good
scenario_0934,/home/simon/davide_fr3_ws/src/cbf_safety_filter/data/rollouts/fullpool_candidates_seed20260520_n1500/scenario_0934_offline_rollout.npz,/home/simon/davide_fr3_ws/src/cbf_safety_filter/config/generated_scenarios_fullpool_candidates/scenario_0934.yaml,good,ok,3000,True,0,0.0245330154666462,0.0575082231623323,0.009062827858533566,-0.1452983916348522,0.0236590859994546,0.0010167459397796398,0.02,good
scenario_0565,/home/simon/davide_fr3_ws/src/cbf_safety_filter/data/rollouts/fullpool_candidates_seed20260520_n1500/scenario_0565_offline_rollout.npz,/home/simon/davide_fr3_ws/src/cbf_safety_filter/config/generated_scenarios_fullpool_candidates/scenario_0565.yaml,good,ok,3000,True,0,0.04860943247119989,0.11945750766732849,0.0058135371866897614,-0.11167104631502456,0.01426748726792798,0.0006596340648604503,0.02,good
scenario_1073,/home/simon/davide_fr3_ws/src/cbf_safety_filter/data/rollouts/fullpool_candidates_seed20260520_n1500/scenario_1073_offline_rollout.npz,/home/simon/davide_fr3_ws/src/cbf_safety_filter/config/generated_scenarios_fullpool_candidates/scenario_1073.yaml,good,ok,3000,True,0,0.028243139047935698,0.05758014089059403,0.015461422116050415,-0.16349340724833433,0.048170805156315055,0.0032643585181175,0.02,good
scenario_0365,/home/simon/davide_fr3_ws/src/cbf_safety_filter/data/rollouts/fullpool_candidates_seed20260520_n1500/scenario_0365_offline_rollout.npz,/home/simon/davide_fr3_ws/src/cbf_safety_filter/config/generated_scenarios_fullpool_candidates/scenario_0365.yaml,good,ok,3000,True,0,0.043605740444489595,0.099943192501117,0.01591867201873894,-0.016159868966927074,0.04643276193575155,0.001185270960763,0.02,good
scenario_0225,/home/simon/davide_fr3_ws/src/cbf_safety_filter/data/rollouts/fullpool_candidates_seed20260520_n1500/scenario_0225_offline_rollout.npz,/home/simon/davide_fr3_ws/src/cbf_safety_filter/config/generated_scenarios_fullpool_candidates/scenario_0225.yaml,good,ok,3000,True,0,0.009557975641526995,0.00591258990208794,0.009557975641526995,-0.027145156002146453,0.022852183488459243,2.7657424827018578e-05,0.02,good
scenario_0509,/home/simon/davide_fr3_ws/src/cbf_safety_filter/data/rollouts/fullpool_candidates_seed20260520_n1500/scenario_0509_offline_rollout.npz,/home/simon/davide_fr3_ws/src/cbf_safety_filter/config/generated_scenarios_fullpool_candidates/scenario_0509.yaml,good,ok,3000,True,0,0.0025364152494130043,0.009423857707626859,0.000267804838264267,-0.11334776490090945,0.0006369678661309885,0.00020013940886721136,0.02,good
scenario_0822,/home/simon/davide_fr3_ws/src/cbf_safety_filter/data/rollouts/fullpool_candidates_seed20260520_n1500/scenario_0822_offline_rollout.npz,/home/simon/davide_fr3_ws/src/cbf_safety_filter/config/generated_scenarios_fullpool_candidates/scenario_0822.yaml,good,ok,3000,True,0,0.0318099691782461,0.06349034315925724,0.02642953946723467,0.009053547203106124,0.07361650299326372,0.006076336841147369,0.02,good
scenario_1461,/home/simon/davide_fr3_ws/src/cbf_safety_filter/data/rollouts/fullpool_candidates_seed20260520_n1500/scenario_1461_offline_rollout.npz,/home/simon/davide_fr3_ws/src/cbf_safety_filter/config/generated_scenarios_fullpool_candidates/scenario_1461.yaml,good,ok,3000,True,0,0.03399764670839164,0.06098144414494324,0.0019457037295057926,-0.0018800914597821294,0.007269064627303673,9.065010286700202e-05,0.02,good
scenario_1051,/home/simon/davide_fr3_ws/src/cbf_safety_filter/data/rollouts/fullpool_candidates_seed20260520_n1500/scenario_1051_offline_rollout.npz,/home/simon/davide_fr3_ws/src/cbf_safety_filter/config/generated_scenarios_fullpool_candidates/scenario_1051.yaml,good,ok,3000,True,0,0.00029785973444284783,0.0008128328528685944,-0.0004818463599524925,-0.0014662853076475063,-0.0016380307802212613,2.002960885217361e-05,0.02,good
scenario_1365,/home/simon/davide_fr3_ws/src/cbf_safety_filter/data/rollouts/fullpool_candidates_seed20260520_n1500/scenario_1365_offline_rollout.npz,/home/simon/davide_fr3_ws/src/cbf_safety_filter/config/generated_scenarios_fullpool_candidates/scenario_1365.yaml,good,ok,3000,True,0,0.0382916222927686,0.09313211506793785,0.00046153287370394314,-3.6518690426645684e-06,0.0012345911390854447,0.00015867481493588207,0.02,good
scenario_0706,/home/simon/davide_fr3_ws/src/cbf_safety_filter/data/rollouts/fullpool_candidates_seed20260520_n1500/scenario_0706_offline_rollout.npz,/home/simon/davide_fr3_ws/src/cbf_safety_filter/config/generated_scenarios_fullpool_candidates/scenario_0706.yaml,good,ok,3000,True,0,0.007967068931865965,0.016663861290155253,-0.0005885182599175247,-0.08068194534511361,-0.0016665605524023297,3.4678208925015115e-05,0.02,good
scenario_0457,/home/simon/davide_fr3_ws/src/cbf_safety_filter/data/rollouts/fullpool_candidates_seed20260520_n1500/scenario_0457_offline_rollout.npz,/home/simon/davide_fr3_ws/src/cbf_safety_filter/config/generated_scenarios_fullpool_candidates/scenario_0457.yaml,good,ok,3000,True,0,0.028154020022303224,0.06665451558439346,0.0009275326307736226,-0.09982586493011764,0.0032857928183810114,0.0015517347412885693,0.02,good
scenario_1324,/home/simon/davide_fr3_ws/src/cbf_safety_filter/data/rollouts/fullpool_candidates_seed20260520_n1500/scenario_1324_offline_rollout.npz,/home/simon/davide_fr3_ws/src/cbf_safety_filter/config/generated_scenarios_fullpool_candidates/scenario_1324.yaml,good,ok,3000,True,0,0.02119389918848999,0.027597169960578247,2.66838729188687e-05,-0.14251154411567718,8.203303659218286e-05,0.0008110605798049011,0.02,good
scenario_0784,/home/simon/davide_fr3_ws/src/cbf_safety_filter/data/rollouts/fullpool_candidates_seed20260520_n1500/scenario_0784_offline_rollout.npz,/home/simon/davide_fr3_ws/src/cbf_safety_filter/config/generated_scenarios_fullpool_candidates/scenario_0784.yaml,good,ok,3000,True,0,0.05276430906155089,0.10489711143493066,0.020101744726774645,0.04131662843668462,0.0648366685757476,8.066460800917762e-07,0.02,good
scenario_0510,/home/simon/davide_fr3_ws/src/cbf_safety_filter/data/rollouts/fullpool_candidates_seed20260520_n1500/scenario_0510_offline_rollout.npz,/home/simon/davide_fr3_ws/src/cbf_safety_filter/config/generated_scenarios_fullpool_candidates/scenario_0510.yaml,good,ok,3000,True,0,0.003930507106507247,0.00855378666590892,-0.0002651999991041057,-0.013456174431768109,-0.0006481701406425566,0.00047873266244740276,0.02,good
scenario_1187,/home/simon/davide_fr3_ws/src/cbf_safety_filter/data/rollouts/fullpool_candidates_seed20260520_n1500/scenario_1187_offline_rollout.npz,/home/simon/davide_fr3_ws/src/cbf_safety_filter/config/generated_scenarios_fullpool_candidates/scenario_1187.yaml,good,ok,3000,True,0,0.004760352900560025,0.009633979318966633,-0.0005214908723453066,-0.00230398350931052,-0.0015416942124485133,3.3014100139219605e-07,0.02,good
scenario_1216,/home/simon/davide_fr3_ws/src/cbf_safety_filter/data/rollouts/fullpool_candidates_seed20260520_n1500/scenario_1216_offline_rollout.npz,/home/simon/davide_fr3_ws/src/cbf_safety_filter/config/generated_scenarios_fullpool_candidates/scenario_1216.yaml,good,ok,3000,True,0,0.02269432481597153,0.038389002434141936,0.021660409870151498,0.0036523646911755525,0.052105215568510777,0.00034948619425560496,0.02,good
scenario_1448,/home/simon/davide_fr3_ws/src/cbf_safety_filter/data/rollouts/fullpool_candidates_seed20260520_n1500/scenario_1448_offline_rollout.npz,/home/simon/davide_fr3_ws/src/cbf_safety_filter/config/generated_scenarios_fullpool_candidates/scenario_1448.yaml,good,ok,3000,True,0,0.04974739604775882,0.11919137154348271,0.0003188231147669002,-0.1057877838615891,0.0009439786788030535,8.98330272900425e-05,0.02,good
scenario_1161,/home/simon/davide_fr3_ws/src/cbf_safety_filter/data/rollouts/fullpool_candidates_seed20260520_n1500/scenario_1161_offline_rollout.npz,/home/simon/davide_fr3_ws/src/cbf_safety_filter/config/generated_scenarios_fullpool_candidates/scenario_1161.yaml,good,ok,3000,True,0,0.03463768981194821,0.07045662664213297,5.650373215520393e-06,1.2965105010799354e-06,1.9978691893185463e-05,2.0283077098091615e-07,0.02,good
scenario_0775,/home/simon/davide_fr3_ws/src/cbf_safety_filter/data/rollouts/fullpool_candidates_seed20260520_n1500/scenario_0775_offline_rollout.npz,/home/simon/davide_fr3_ws/src/cbf_safety_filter/config/generated_scenarios_fullpool_candidates/scenario_0775.yaml,good,ok,3000,True,0,0.0661007127779453,0.14367706972688335,0.024381643634929635,0.04737750581665015,0.07581098015693455,0.00010877695664370459,0.02,good
scenario_0145,/home/simon/davide_fr3_ws/src/cbf_safety_filter/data/rollouts/fullpool_candidates_seed20260520_n1500/scenario_0145_offline_rollout.npz,/home/simon/davide_fr3_ws/src/cbf_safety_filter/config/generated_scenarios_fullpool_candidates/scenario_0145.yaml,good,ok,3000,True,0,0.015825429201352513,0.045092044955395094,0.0005652151850108061,-0.035577737050074276,0.0015395106454685337,0.0004304211074718539,0.02,good
scenario_0871,/home/simon/davide_fr3_ws/src/cbf_safety_filter/data/rollouts/fullpool_candidates_seed20260520_n1500/scenario_0871_offline_rollout.npz,/home/simon/davide_fr3_ws/src/cbf_safety_filter/config/generated_scenarios_fullpool_candidates/scenario_0871.yaml,good,ok,3000,True,0,0.017810607874243992,0.008712922475537656,0.0001908223790120199,-0.10250815393652282,0.0007335554181209236,0.0013158452511492149,0.02,good
scenario_0281,/home/simon/davide_fr3_ws/src/cbf_safety_filter/data/rollouts/fullpool_candidates_seed20260520_n1500/scenario_0281_offline_rollout.npz,/home/simon/davide_fr3_ws/src/cbf_safety_filter/config/generated_scenarios_fullpool_candidates/scenario_0281.yaml,good,ok,3000,True,0,0.03814423964441456,0.07615953882711804,0.03814423964441456,0.07615953882711804,0.09247621599749659,7.380074425080371e-08,0.02,good
scenario_1217,/home/simon/davide_fr3_ws/src/cbf_safety_filter/data/rollouts/fullpool_candidates_seed20260520_n1500/scenario_1217_offline_rollout.npz,/home/simon/davide_fr3_ws/src/cbf_safety_filter/config/generated_scenarios_fullpool_candidates/scenario_1217.yaml,good,ok,3000,True,0,0.033929810665109195,0.06750949272064447,0.0003176016045310301,-0.37248890808425306,0.0014890665036763895,0.003948262460475586,0.02,good
scenario_0818,/home/simon/davide_fr3_ws/src/cbf_safety_filter/data/rollouts/fullpool_candidates_seed20260520_n1500/scenario_0818_offline_rollout.npz,/home/simon/davide_fr3_ws/src/cbf_safety_filter/config/generated_scenarios_fullpool_candidates/scenario_0818.yaml,good,ok,3000,True,0,0.04397575459602421,0.08425249969690171,0.03966773010538108,0.00792606056080361,0.10056218864622449,0.000416615026472601,0.02,good
scenario_0208,/home/simon/davide_fr3_ws/src/cbf_safety_filter/data/rollouts/fullpool_candidates_seed20260520_n1500/scenario_0208_offline_rollout.npz,/home/simon/davide_fr3_ws/src/cbf_safety_filter/config/generated_scenarios_fullpool_candidates/scenario_0208.yaml,good,ok,3000,True,0,0.024493794499975442,0.023976906257686594,0.002335396528903487,-0.12866729996138304,0.005581972179012157,0.0025847539309678917,0.02,good
scenario_1110,/home/simon/davide_fr3_ws/src/cbf_safety_filter/data/rollouts/fullpool_candidates_seed20260520_n1500/scenario_1110_offline_rollout.npz,/home/simon/davide_fr3_ws/src/cbf_safety_filter/config/generated_scenarios_fullpool_candidates/scenario_1110.yaml,good,ok,3000,True,0,0.015289543089682719,0.03265529002780824,7.513885826164121e-05,-0.07879963634563994,0.0002682876340495133,0.0012286749371745126,0.02,good
scenario_0854,/home/simon/davide_fr3_ws/src/cbf_safety_filter/data/rollouts/fullpool_candidates_seed20260520_n1500/scenario_0854_offline_rollout.npz,/home/simon/davide_fr3_ws/src/cbf_safety_filter/config/generated_scenarios_fullpool_candidates/scenario_0854.yaml,good,ok,3000,True,0,0.05830739798165068,0.12466438170546253,0.015997303995192502,-0.031681607164464304,0.05444187892403282,0.00016734780634087684,0.02,good
scenario_0284,/home/simon/davide_fr3_ws/src/cbf_safety_filter/data/rollouts/fullpool_candidates_seed20260520_n1500/scenario_0284_offline_rollout.npz,/home/simon/davide_fr3_ws/src/cbf_safety_filter/config/generated_scenarios_fullpool_candidates/scenario_0284.yaml,good,ok,3000,True,0,0.08316519939552744,0.15192487150799475,0.03761769571206672,0.03088126936189166,0.12096920084138552,0.002357946135560805,0.02,good
scenario_0584,/home/simon/davide_fr3_ws/src/cbf_safety_filter/data/rollouts/fullpool_candidates_seed20260520_n1500/scenario_0584_offline_rollout.npz,/home/simon/davide_fr3_ws/src/cbf_safety_filter/config/generated_scenarios_fullpool_candidates/scenario_0584.yaml,good,ok,3000,True,0,0.060503096673370095,0.15915648407476446,0.01363376137152102,-0.025098361737672353,0.05742374765118752,0.0008094372387319099,0.02,good
scenario_1313,/home/simon/davide_fr3_ws/src/cbf_safety_filter/data/rollouts/fullpool_candidates_seed20260520_n1500/scenario_1313_offline_rollout.npz,/home/simon/davide_fr3_ws/src/cbf_safety_filter/config/generated_scenarios_fullpool_candidates/scenario_1313.yaml,good,ok,3000,True,0,0.05548921165221616,0.12108167713187222,0.011521970423733584,-0.07248196291995332,0.04272138701997727,0.0016207105565715662,0.02,good
scenario_0176,/home/simon/davide_fr3_ws/src/cbf_safety_filter/data/rollouts/fullpool_candidates_seed20260520_n1500/scenario_0176_offline_rollout.npz,/home/simon/davide_fr3_ws/src/cbf_safety_filter/config/generated_scenarios_fullpool_candidates/scenario_0176.yaml,good,ok,3000,True,0,0.029702648015517114,0.06274818774905798,0.018774100122890665,0.025327847735129347,0.05787015383130936,5.282535035562714e-05,0.02,good
scenario_0976,/home/simon/davide_fr3_ws/src/cbf_safety_filter/data/rollouts/fullpool_candidates_seed20260520_n1500/scenario_0976_offline_rollout.npz,/home/simon/davide_fr3_ws/src/cbf_safety_filter/config/generated_scenarios_fullpool_candidates/scenario_0976.yaml,good,ok,3000,True,0,0.0021338947011740883,0.005651330708945947,0.0010985814193009424,0.0016870943342930968,0.003098969290376341,0.012645264896987142,0.02,good
scenario_1409,/home/simon/davide_fr3_ws/src/cbf_safety_filter/data/rollouts/fullpool_candidates_seed20260520_n1500/scenario_1409_offline_rollout.npz,/home/simon/davide_fr3_ws/src/cbf_safety_filter/config/generated_scenarios_fullpool_candidates/scenario_1409.yaml,good,ok,3000,True,0,0.020952747401483722,0.02617804450168926,0.0008183076958676247,0.0001444057435507507,0.002215143881944187,0.0030517898037039325,0.02,good
scenario_0355,/home/simon/davide_fr3_ws/src/cbf_safety_filter/data/rollouts/fullpool_candidates_seed20260520_n1500/scenario_0355_offline_rollout.npz,/home/simon/davide_fr3_ws/src/cbf_safety_filter/config/generated_scenarios_fullpool_candidates/scenario_0355.yaml,good,ok,3000,True,0,0.057367303695609245,0.0901919070577248,0.013917076623416347,-0.03340354363351966,0.03231180666094838,0.002054741179378843,0.02,good
scenario_1257,/home/simon/davide_fr3_ws/src/cbf_safety_filter/data/rollouts/fullpool_candidates_seed20260520_n1500/scenario_1257_offline_rollout.npz,/home/simon/davide_fr3_ws/src/cbf_safety_filter/config/generated_scenarios_fullpool_candidates/scenario_1257.yaml,good,ok,3000,True,0,0.06140200008369736,0.11648973359113479,-0.0005398272701122205,-0.03725154073850412,-0.00168530284406343,0.0007107537986870801,0.02,good
scenario_1303,/home/simon/davide_fr3_ws/src/cbf_safety_filter/data/rollouts/fullpool_candidates_seed20260520_n1500/scenario_1303_offline_rollout.npz,/home/simon/davide_fr3_ws/src/cbf_safety_filter/config/generated_scenarios_fullpool_candidates/scenario_1303.yaml,good,ok,3000,True,0,0.02713224606786261,0.05476956889153262,0.02234779741874623,0.024496018647540578,0.05886230277625526,0.0008365800502184486,0.02,good
scenario_0802,/home/simon/davide_fr3_ws/src/cbf_safety_filter/data/rollouts/fullpool_candidates_seed20260520_n1500/scenario_0802_offline_rollout.npz,/home/simon/davide_fr3_ws/src/cbf_safety_filter/config/generated_scenarios_fullpool_candidates/scenario_0802.yaml,good,ok,3000,True,0,0.041957700886835016,0.08338885581880445,0.0009331415107871333,-0.03531710034656646,0.003586434142360262,0.0010056012313793127,0.02,good
scenario_0090,/home/simon/davide_fr3_ws/src/cbf_safety_filter/data/rollouts/fullpool_candidates_seed20260520_n1500/scenario_0090_offline_rollout.npz,/home/simon/davide_fr3_ws/src/cbf_safety_filter/config/generated_scenarios_fullpool_candidates/scenario_0090.yaml,good,ok,3000,True,0,0.04186016389094097,0.0766172064125192,0.014947097070472998,-0.027688043924627204,0.047973015412416664,0.002216554097822992,0.02,good
scenario_0430,/home/simon/davide_fr3_ws/src/cbf_safety_filter/data/rollouts/fullpool_candidates_seed20260520_n1500/scenario_0430_offline_rollout.npz,/home/simon/davide_fr3_ws/src/cbf_safety_filter/config/generated_scenarios_fullpool_candidates/scenario_0430.yaml,good,ok,3000,True,0,0.05676969307398962,0.10534970391912041,-0.0003355714780941127,-0.10221029030395588,-0.0008411179527376966,0.000802748597176307,0.02,good
scenario_1105,/home/simon/davide_fr3_ws/src/cbf_safety_filter/data/rollouts/fullpool_candidates_seed20260520_n1500/scenario_1105_offline_rollout.npz,/home/simon/davide_fr3_ws/src/cbf_safety_filter/config/generated_scenarios_fullpool_candidates/scenario_1105.yaml,good,ok,3000,True,0,0.004910644237483018,0.009295062689272358,-0.00011366756832177291,-0.00971295885059257,-0.00039086656935719,0.0004470904344972376,0.02,good
scenario_0702,/home/simon/davide_fr3_ws/src/cbf_safety_filter/data/rollouts/fullpool_candidates_seed20260520_n1500/scenario_0702_offline_rollout.npz,/home/simon/davide_fr3_ws/src/cbf_safety_filter/config/generated_scenarios_fullpool_candidates/scenario_0702.yaml,good,ok,3000,True,0,0.04734937098846869,0.10937935035722897,0.002413424529314666,-0.017507129418437822,0.006548459149401359,0.0007713323939060109,0.02,good
scenario_1290,/home/simon/davide_fr3_ws/src/cbf_safety_filter/data/rollouts/fullpool_candidates_seed20260520_n1500/scenario_1290_offline_rollout.npz,/home/simon/davide_fr3_ws/src/cbf_safety_filter/config/generated_scenarios_fullpool_candidates/scenario_1290.yaml,good,ok,3000,True,0,0.010061421148987722,0.02111964592965446,0.007572607963210281,-0.05489076915638513,0.022466231431852307,3.1683379235218246e-06,0.02,good
scenario_0508,/home/simon/davide_fr3_ws/src/cbf_safety_filter/data/rollouts/fullpool_candidates_seed20260520_n1500/scenario_0508_offline_rollout.npz,/home/simon/davide_fr3_ws/src/cbf_safety_filter/config/generated_scenarios_fullpool_candidates/scenario_0508.yaml,good,ok,3000,True,0,0.01344510781097306,0.026901112580906137,0.00041951285114055076,-0.09075250052074077,0.0016461416618080982,0.0008494270862636605,0.02,good
scenario_0521,/home/simon/davide_fr3_ws/src/cbf_safety_filter/data/rollouts/fullpool_candidates_seed20260520_n1500/scenario_0521_offline_rollout.npz,/home/simon/davide_fr3_ws/src/cbf_safety_filter/config/generated_scenarios_fullpool_candidates/scenario_0521.yaml,good,ok,3000,True,0,0.006960104024210028,0.009479114143585916,2.215690115296362e-05,-0.04373808020732234,8.782390212205837e-05,0.003827394103732069,0.02,good
scenario_1089,/home/simon/davide_fr3_ws/src/cbf_safety_filter/data/rollouts/fullpool_candidates_seed20260520_n1500/scenario_1089_offline_rollout.npz,/home/simon/davide_fr3_ws/src/cbf_safety_filter/config/generated_scenarios_fullpool_candidates/scenario_1089.yaml,good,ok,3000,True,0,0.010785823587187639,0.021723451606219045,0.0041414036798460355,0.008068913396272881,0.010736358117894307,5.41460612993898e-08,0.02,good
scenario_0656,/home/simon/davide_fr3_ws/src/cbf_safety_filter/data/rollouts/fullpool_candidates_seed20260520_n1500/scenario_0656_offline_rollout.npz,/home/simon/davide_fr3_ws/src/cbf_safety_filter/config/generated_scenarios_fullpool_candidates/scenario_0656.yaml,good,ok,3000,True,0,0.011610798537611475,0.016106296070640576,0.0038987791257804535,-0.08707819476720985,0.00954769471276884,0.00034019217817017703,0.02,good
scenario_0709,/home/simon/davide_fr3_ws/src/cbf_safety_filter/data/rollouts/fullpool_candidates_seed20260520_n1500/scenario_0709_offline_rollout.npz,/home/simon/davide_fr3_ws/src/cbf_safety_filter/config/generated_scenarios_fullpool_candidates/scenario_0709.yaml,good,ok,3000,True,0,0.035934034453934977,0.07979806939333742,5.222820227889988e-05,-0.04760588546000569,0.00027023407163434543,0.00015601036366309827,0.02,good
scenario_0620,/home/simon/davide_fr3_ws/src/cbf_safety_filter/data/rollouts/fullpool_candidates_seed20260520_n1500/scenario_0620_offline_rollout.npz,/home/simon/davide_fr3_ws/src/cbf_safety_filter/config/generated_scenarios_fullpool_candidates/scenario_0620.yaml,good,ok,3000,True,0,0.06068178140408823,0.032805248774279996,0.005757202363586053,0.0031263853119780777,0.018906655285384127,0.0008714621652809674,0.02,good
scenario_1059,/home/simon/davide_fr3_ws/src/cbf_safety_filter/data/rollouts/fullpool_candidates_seed20260520_n1500/scenario_1059_offline_rollout.npz,/home/simon/davide_fr3_ws/src/cbf_safety_filter/config/generated_scenarios_fullpool_candidates/scenario_1059.yaml,good,ok,3000,True,0,0.028654574138952883,0.06591541861368658,0.01948663394069767,-0.10937351726902467,0.06377117788300823,0.001251526039015229,0.02,good
scenario_0210,/home/simon/davide_fr3_ws/src/cbf_safety_filter/data/rollouts/fullpool_candidates_seed20260520_n1500/scenario_0210_offline_rollout.npz,/home/simon/davide_fr3_ws/src/cbf_safety_filter/config/generated_scenarios_fullpool_candidates/scenario_0210.yaml,good,ok,3000,True,0,4.5125281278257656e-05,0.00010362881290015757,3.337068624556516e-07,1.5999414347222488e-07,9.394875558066396e-07,1.7907258027946113e-09,0.02,good
scenario_1386,/home/simon/davide_fr3_ws/src/cbf_safety_filter/data/rollouts/fullpool_candidates_seed20260520_n1500/scenario_1386_offline_rollout.npz,/home/simon/davide_fr3_ws/src/cbf_safety_filter/config/generated_scenarios_fullpool_candidates/scenario_1386.yaml,good,ok,3000,True,0,0.011531863225871807,0.023042821184584113,0.011531863225871807,0.023042821184584113,0.051205872617164166,2.4336437872167728e-08,0.02,good
scenario_0959,/home/simon/davide_fr3_ws/src/cbf_safety_filter/data/rollouts/fullpool_candidates_seed20260520_n1500/scenario_0959_offline_rollout.npz,/home/simon/davide_fr3_ws/src/cbf_safety_filter/config/generated_scenarios_fullpool_candidates/scenario_0959.yaml,good,ok,3000,True,0,0.027944207979893984,0.05460031436143199,0.027944207979893984,0.05460031436143199,0.06139018173344099,1.3540753087286664e-07,0.02,good
scenario_1096,/home/simon/davide_fr3_ws/src/cbf_safety_filter/data/rollouts/fullpool_candidates_seed20260520_n1500/scenario_1096_offline_rollout.npz,/home/simon/davide_fr3_ws/src/cbf_safety_filter/config/generated_scenarios_fullpool_candidates/scenario_1096.yaml,good,ok,3000,True,0,0.025841715454073707,0.05176149838977827,0.004239202445761826,-0.16932950447943063,0.01231493034071518,0.0005193217082326015,0.02,good
scenario_1197,/home/simon/davide_fr3_ws/src/cbf_safety_filter/data/rollouts/fullpool_candidates_seed20260520_n1500/scenario_1197_offline_rollout.npz,/home/simon/davide_fr3_ws/src/cbf_safety_filter/config/generated_scenarios_fullpool_candidates/scenario_1197.yaml,good,ok,3000,True,0,0.020893335084039073,0.04178147030570866,0.020893335084039073,0.04178147030570866,0.05050319921112478,7.306307751833509e-08,0.02,good
scenario_0367,/home/simon/davide_fr3_ws/src/cbf_safety_filter/data/rollouts/fullpool_candidates_seed20260520_n1500/scenario_0367_offline_rollout.npz,/home/simon/davide_fr3_ws/src/cbf_safety_filter/config/generated_scenarios_fullpool_candidates/scenario_0367.yaml,good,ok,3000,True,0,0.028433710664536364,0.057346787637973774,-2.946644342503857e-05,-0.0001765189259789911,-7.556962613700091e-05,4.053977401697915e-06,0.02,good
scenario_0370,/home/simon/davide_fr3_ws/src/cbf_safety_filter/data/rollouts/fullpool_candidates_seed20260520_n1500/scenario_0370_offline_rollout.npz,/home/simon/davide_fr3_ws/src/cbf_safety_filter/config/generated_scenarios_fullpool_candidates/scenario_0370.yaml,good,ok,3000,True,0,0.05059996453998401,0.07677384868514348,0.007621109866601351,-0.03617192251279888,0.021204807786354557,0.0010097698810923267,0.02,good
scenario_1298,/home/simon/davide_fr3_ws/src/cbf_safety_filter/data/rollouts/fullpool_candidates_seed20260520_n1500/scenario_1298_offline_rollout.npz,/home/simon/davide_fr3_ws/src/cbf_safety_filter/config/generated_scenarios_fullpool_candidates/scenario_1298.yaml,good,ok,3000,True,0,0.022114195627514488,0.04753389155042638,0.0002589770546501599,-0.009728523548464554,0.0007759009978728637,2.44014718093389e-05,0.02,good
scenario_0701,/home/simon/davide_fr3_ws/src/cbf_safety_filter/data/rollouts/fullpool_candidates_seed20260520_n1500/scenario_0701_offline_rollout.npz,/home/simon/davide_fr3_ws/src/cbf_safety_filter/config/generated_scenarios_fullpool_candidates/scenario_0701.yaml,good,ok,3000,True,0,0.0019095183433212246,0.0021696294269804356,0.0019095183433212246,-0.14286845132625992,0.010047580397135172,6.908547485398013e-05,0.02,good
scenario_1447,/home/simon/davide_fr3_ws/src/cbf_safety_filter/data/rollouts/fullpool_candidates_seed20260520_n1500/scenario_1447_offline_rollout.npz,/home/simon/davide_fr3_ws/src/cbf_safety_filter/config/generated_scenarios_fullpool_candidates/scenario_1447.yaml,good,ok,3000,True,0,0.005631165538110654,0.0025899195229992476,0.002213503871236741,-0.0005831431315078406,0.005354970973313028,0.00272857569371423,0.02,good
scenario_1263,/home/simon/davide_fr3_ws/src/cbf_safety_filter/data/rollouts/fullpool_candidates_seed20260520_n1500/scenario_1263_offline_rollout.npz,/home/simon/davide_fr3_ws/src/cbf_safety_filter/config/generated_scenarios_fullpool_candidates/scenario_1263.yaml,good,ok,3000,True,0,0.02853755254269782,0.018262950635164484,9.54169567721902e-07,-0.039261537607644253,3.39558020553965e-06,0.005350671179141371,0.02,good
scenario_0302,/home/simon/davide_fr3_ws/src/cbf_safety_filter/data/rollouts/fullpool_candidates_seed20260520_n1500/scenario_0302_offline_rollout.npz,/home/simon/davide_fr3_ws/src/cbf_safety_filter/config/generated_scenarios_fullpool_candidates/scenario_0302.yaml,good,ok,3000,True,0,0.03265796316614459,0.06550878887248386,0.02980377254655945,0.059604356232229594,0.06656168561152231,7.165436862920813e-07,0.02,good
scenario_1179,/home/simon/davide_fr3_ws/src/cbf_safety_filter/data/rollouts/fullpool_candidates_seed20260520_n1500/scenario_1179_offline_rollout.npz,/home/simon/davide_fr3_ws/src/cbf_safety_filter/config/generated_scenarios_fullpool_candidates/scenario_1179.yaml,good,ok,3000,True,0,0.0005380189908492476,0.0004252417508459024,-0.00041234910429580746,-0.006166963965182907,-0.001546384825972441,0.0004398025287478321,0.02,good
scenario_1190,/home/simon/davide_fr3_ws/src/cbf_safety_filter/data/rollouts/fullpool_candidates_seed20260520_n1500/scenario_1190_offline_rollout.npz,/home/simon/davide_fr3_ws/src/cbf_safety_filter/config/generated_scenarios_fullpool_candidates/scenario_1190.yaml,good,ok,3000,True,0,0.05973120343672326,0.09818598711248339,0.00482637708903999,0.012563436442858834,0.01737512354404447,0.002003059234922157,0.02,good
scenario_1199,/home/simon/davide_fr3_ws/src/cbf_safety_filter/data/rollouts/fullpool_candidates_seed20260520_n1500/scenario_1199_offline_rollout.npz,/home/simon/davide_fr3_ws/src/cbf_safety_filter/config/generated_scenarios_fullpool_candidates/scenario_1199.yaml,good,ok,3000,True,0,0.021977454097461543,0.044018622780529496,-4.042514675308209e-05,-0.00040541868870580706,-0.00013374018912457042,0.00044519727170566604,0.02,good
scenario_0988,/home/simon/davide_fr3_ws/src/cbf_safety_filter/data/rollouts/fullpool_candidates_seed20260520_n1500/scenario_0988_offline_rollout.npz,/home/simon/davide_fr3_ws/src/cbf_safety_filter/config/generated_scenarios_fullpool_candidates/scenario_0988.yaml,good,ok,3000,True,0,0.016960409790919943,0.033444272858986254,0.016960409790919943,0.033444272858986254,0.05383635702030104,1.1047434971616289e-07,0.02,good
scenario_1384,/home/simon/davide_fr3_ws/src/cbf_safety_filter/data/rollouts/fullpool_candidates_seed20260520_n1500/scenario_1384_offline_rollout.npz,/home/simon/davide_fr3_ws/src/cbf_safety_filter/config/generated_scenarios_fullpool_candidates/scenario_1384.yaml,good,ok,3000,True,0,0.040225107415992035,0.08042403497135159,0.04019256476891788,0.0797679383367737,0.08952974346999235,5.267315225928265e-07,0.02,good
scenario_0592,/home/simon/davide_fr3_ws/src/cbf_safety_filter/data/rollouts/fullpool_candidates_seed20260520_n1500/scenario_0592_offline_rollout.npz,/home/simon/davide_fr3_ws/src/cbf_safety_filter/config/generated_scenarios_fullpool_candidates/scenario_0592.yaml,good,ok,3000,True,0,0.006597499267583046,0.016676922223865295,0.0002857688147724774,0.00018373256078536328,0.0009268373044358791,1.0844158308637434e-05,0.02,good
scenario_0245,/home/simon/davide_fr3_ws/src/cbf_safety_filter/data/rollouts/fullpool_candidates_seed20260520_n1500/scenario_0245_offline_rollout.npz,/home/simon/davide_fr3_ws/src/cbf_safety_filter/config/generated_scenarios_fullpool_candidates/scenario_0245.yaml,good,ok,3000,True,0,0.08957845880665573,0.1659573884096546,0.0158614851728702,-0.1061130224747388,0.04279203839730436,0.0012182997476443379,0.02,good
scenario_0230,/home/simon/davide_fr3_ws/src/cbf_safety_filter/data/rollouts/fullpool_candidates_seed20260520_n1500/scenario_0230_offline_rollout.npz,/home/simon/davide_fr3_ws/src/cbf_safety_filter/config/generated_scenarios_fullpool_candidates/scenario_0230.yaml,good,ok,3000,True,0,0.021326046017032647,0.05519638766618823,0.012850644431329883,0.021360180044350835,0.032401875123109075,8.406378735359088e-05,0.02,good
scenario_1139,/home/simon/davide_fr3_ws/src/cbf_safety_filter/data/rollouts/fullpool_candidates_seed20260520_n1500/scenario_1139_offline_rollout.npz,/home/simon/davide_fr3_ws/src/cbf_safety_filter/config/generated_scenarios_fullpool_candidates/scenario_1139.yaml,good,ok,3000,True,0,0.010610164662252569,0.03515916446051119,-0.00015537396075494467,-0.04181251248877167,-0.0006895995944941197,0.0018061106000032052,0.02,good
scenario_0654,/home/simon/davide_fr3_ws/src/cbf_safety_filter/data/rollouts/fullpool_candidates_seed20260520_n1500/scenario_0654_offline_rollout.npz,/home/simon/davide_fr3_ws/src/cbf_safety_filter/config/generated_scenarios_fullpool_candidates/scenario_0654.yaml,good,ok,3000,True,0,0.08539646647225746,0.12472266422360778,0.025657296238603557,-0.06800227170648998,0.05593102463287156,0.0008761343930776936,0.02,good
scenario_0206,/home/simon/davide_fr3_ws/src/cbf_safety_filter/data/rollouts/fullpool_candidates_seed20260520_n1500/scenario_0206_offline_rollout.npz,/home/simon/davide_fr3_ws/src/cbf_safety_filter/config/generated_scenarios_fullpool_candidates/scenario_0206.yaml,good,ok,3000,True,0,0.03438884682197941,0.06848739167115932,0.002348360275176993,-0.02621650967702624,0.006228599836185705,0.0002734873122582653,0.02,good
scenario_0990,/home/simon/davide_fr3_ws/src/cbf_safety_filter/data/rollouts/fullpool_candidates_seed20260520_n1500/scenario_0990_offline_rollout.npz,/home/simon/davide_fr3_ws/src/cbf_safety_filter/config/generated_scenarios_fullpool_candidates/scenario_0990.yaml,good,ok,3000,True,0,0.029709668866960345,0.06008308518233956,-0.0002317743371568204,-0.01332636175424181,-0.0009396497528874059,8.08701937556197e-05,0.02,good
scenario_0464,/home/simon/davide_fr3_ws/src/cbf_safety_filter/data/rollouts/fullpool_candidates_seed20260520_n1500/scenario_0464_offline_rollout.npz,/home/simon/davide_fr3_ws/src/cbf_safety_filter/config/generated_scenarios_fullpool_candidates/scenario_0464.yaml,good,ok,3000,True,0,0.03209932631197197,0.06425426253509353,0.020850756680828426,0.043196882017959376,0.05659839218410201,1.0664548571355698e-09,0.02,good
scenario_0646,/home/simon/davide_fr3_ws/src/cbf_safety_filter/data/rollouts/fullpool_candidates_seed20260520_n1500/scenario_0646_offline_rollout.npz,/home/simon/davide_fr3_ws/src/cbf_safety_filter/config/generated_scenarios_fullpool_candidates/scenario_0646.yaml,good,ok,3000,True,0,0.019898392274573108,0.03249443803846443,0.01651382881589688,-0.06415645815414764,0.035519741059527266,0.0009098842992209663,0.02,good
scenario_0081,/home/simon/davide_fr3_ws/src/cbf_safety_filter/data/rollouts/fullpool_candidates_seed20260520_n1500/scenario_0081_offline_rollout.npz,/home/simon/davide_fr3_ws/src/cbf_safety_filter/config/generated_scenarios_fullpool_candidates/scenario_0081.yaml,good,ok,3000,True,0,0.04874046186756051,0.09624749363230689,-0.0007689264287768227,-0.03982156270123173,-0.0022250642311954227,6.546985334453256e-05,0.02,good
scenario_1024,/home/simon/davide_fr3_ws/src/cbf_safety_filter/data/rollouts/fullpool_candidates_seed20260520_n1500/scenario_1024_offline_rollout.npz,/home/simon/davide_fr3_ws/src/cbf_safety_filter/config/generated_scenarios_fullpool_candidates/scenario_1024.yaml,good,ok,3000,True,0,0.03309410526200975,0.05293360969934546,0.0019200915611757435,-0.08411507466463666,0.0047370248544778,0.0009837239434164276,0.02,good
scenario_0511,/home/simon/davide_fr3_ws/src/cbf_safety_filter/data/rollouts/fullpool_candidates_seed20260520_n1500/scenario_0511_offline_rollout.npz,/home/simon/davide_fr3_ws/src/cbf_safety_filter/config/generated_scenarios_fullpool_candidates/scenario_0511.yaml,good,ok,3000,True,0,0.00010330917758978597,4.717313000341392e-05,3.0885621699200394e-06,1.3294825878295682e-06,7.435018994722542e-06,0.0003494979480347866,0.02,good
scenario_0229,/home/simon/davide_fr3_ws/src/cbf_safety_filter/data/rollouts/fullpool_candidates_seed20260520_n1500/scenario_0229_offline_rollout.npz,/home/simon/davide_fr3_ws/src/cbf_safety_filter/config/generated_scenarios_fullpool_candidates/scenario_0229.yaml,good,ok,3000,True,0,0.0002273776958712781,0.000486766573736672,-1.4132362338714621e-06,-3.1319031983345793e-06,-3.3284204245254134e-06,1.0739259052668396e-07,0.02,good
scenario_0032,/home/simon/davide_fr3_ws/src/cbf_safety_filter/data/rollouts/fullpool_candidates_seed20260520_n1500/scenario_0032_offline_rollout.npz,/home/simon/davide_fr3_ws/src/cbf_safety_filter/config/generated_scenarios_fullpool_candidates/scenario_0032.yaml,good,ok,3000,True,0,0.0411812148253423,0.06327620336425335,0.02118155190382877,-0.0221582635014638,0.05915533595400668,0.0004327057167352395,0.02,good
scenario_0733,/home/simon/davide_fr3_ws/src/cbf_safety_filter/data/rollouts/fullpool_candidates_seed20260520_n1500/scenario_0733_offline_rollout.npz,/home/simon/davide_fr3_ws/src/cbf_safety_filter/config/generated_scenarios_fullpool_candidates/scenario_0733.yaml,good,ok,3000,True,0,0.02611271006446092,0.04537066662736114,0.00029029004711959155,0.000172597302385107,0.0010447921118590664,8.54151393729423e-05,0.02,good
scenario_1113,/home/simon/davide_fr3_ws/src/cbf_safety_filter/data/rollouts/fullpool_candidates_seed20260520_n1500/scenario_1113_offline_rollout.npz,/home/simon/davide_fr3_ws/src/cbf_safety_filter/config/generated_scenarios_fullpool_candidates/scenario_1113.yaml,good,ok,3000,True,0,0.00024199575397614026,0.000566299191039899,-1.4612569168313827e-05,-4.455481685231458e-05,-4.681217343976973e-05,1.2060742873947989e-07,0.02,good
scenario_0781,/home/simon/davide_fr3_ws/src/cbf_safety_filter/data/rollouts/fullpool_candidates_seed20260520_n1500/scenario_0781_offline_rollout.npz,/home/simon/davide_fr3_ws/src/cbf_safety_filter/config/generated_scenarios_fullpool_candidates/scenario_0781.yaml,good,ok,3000,True,0,0.019927872388376344,0.039873494392475006,0.019850830086305477,0.03970118560919106,0.044300000175275134,3.204401850967792e-07,0.02,good
scenario_0925,/home/simon/davide_fr3_ws/src/cbf_safety_filter/data/rollouts/fullpool_candidates_seed20260520_n1500/scenario_0925_offline_rollout.npz,/home/simon/davide_fr3_ws/src/cbf_safety_filter/config/generated_scenarios_fullpool_candidates/scenario_0925.yaml,good,ok,3000,True,0,0.008086655308207843,0.019654382816615412,-7.641370145882592e-05,-0.0023617742269308696,-0.00023837445086549724,1.8100454233501476e-05,0.02,good
scenario_0842,/home/simon/davide_fr3_ws/src/cbf_safety_filter/data/rollouts/fullpool_candidates_seed20260520_n1500/scenario_0842_offline_rollout.npz,/home/simon/davide_fr3_ws/src/cbf_safety_filter/config/generated_scenarios_fullpool_candidates/scenario_0842.yaml,good,ok,3000,True,0,0.0053399430501083756,0.008603936029116294,0.003920664594478637,-0.07352557761993256,0.009937371903608938,0.009172132433317685,0.02,good
scenario_1292,/home/simon/davide_fr3_ws/src/cbf_safety_filter/data/rollouts/fullpool_candidates_seed20260520_n1500/scenario_1292_offline_rollout.npz,/home/simon/davide_fr3_ws/src/cbf_safety_filter/config/generated_scenarios_fullpool_candidates/scenario_1292.yaml,good,ok,3000,True,0,0.019829562858241286,0.041521904088185124,0.00020399947329997198,6.98761147432149e-05,0.0007441321894098574,0.00021558238889833077,0.02,good
scenario_0900,/home/simon/davide_fr3_ws/src/cbf_safety_filter/data/rollouts/fullpool_candidates_seed20260520_n1500/scenario_0900_offline_rollout.npz,/home/simon/davide_fr3_ws/src/cbf_safety_filter/config/generated_scenarios_fullpool_candidates/scenario_0900.yaml,good,ok,3000,True,0,0.01697049078377228,0.008352181977491754,5.2883438370145835e-05,-0.06787868116015006,0.00015042916743235324,0.0017216950026233936,0.02,good
scenario_1159,/home/simon/davide_fr3_ws/src/cbf_safety_filter/data/rollouts/fullpool_candidates_seed20260520_n1500/scenario_1159_offline_rollout.npz,/home/simon/davide_fr3_ws/src/cbf_safety_filter/config/generated_scenarios_fullpool_candidates/scenario_1159.yaml,good,ok,3000,True,0,0.046559535546460876,0.09311479422021918,0.02066717399290847,0.04810888426705944,0.05717578899159523,2.7415456592554014e-09,0.02,good
scenario_0588,/home/simon/davide_fr3_ws/src/cbf_safety_filter/data/rollouts/fullpool_candidates_seed20260520_n1500/scenario_0588_offline_rollout.npz,/home/simon/davide_fr3_ws/src/cbf_safety_filter/config/generated_scenarios_fullpool_candidates/scenario_0588.yaml,good,ok,3000,True,0,0.0869712330934365,0.14552966106822046,0.00840854268645361,-0.040268248636553844,0.024113070052648428,0.0010579978712275911,0.02,good
scenario_1040,/home/simon/davide_fr3_ws/src/cbf_safety_filter/data/rollouts/fullpool_candidates_seed20260520_n1500/scenario_1040_offline_rollout.npz,/home/simon/davide_fr3_ws/src/cbf_safety_filter/config/generated_scenarios_fullpool_candidates/scenario_1040.yaml,good,ok,3000,True,0,0.023804807495019162,0.02896899827904132,0.0052587960118186915,-0.08579129720035147,0.01918008048749731,0.011542590530743203,0.02,good
scenario_0724,/home/simon/davide_fr3_ws/src/cbf_safety_filter/data/rollouts/fullpool_candidates_seed20260520_n1500/scenario_0724_offline_rollout.npz,/home/simon/davide_fr3_ws/src/cbf_safety_filter/config/generated_scenarios_fullpool_candidates/scenario_0724.yaml,good,ok,3000,True,0,0.0495565676406175,0.037244186113567446,0.00995826170359611,-0.03463077913404872,0.042779757960290044,0.0006244804692024269,0.02,good
scenario_0183,/home/simon/davide_fr3_ws/src/cbf_safety_filter/data/rollouts/fullpool_candidates_seed20260520_n1500/scenario_0183_offline_rollout.npz,/home/simon/davide_fr3_ws/src/cbf_safety_filter/config/generated_scenarios_fullpool_candidates/scenario_0183.yaml,good,ok,3000,True,0,0.046927691375716146,0.10237878366288283,0.008697250492638952,-0.1569014456215041,0.038124943164829006,0.000267525935629624,0.02,good
scenario_0187,/home/simon/davide_fr3_ws/src/cbf_safety_filter/data/rollouts/fullpool_candidates_seed20260520_n1500/scenario_0187_offline_rollout.npz,/home/simon/davide_fr3_ws/src/cbf_safety_filter/config/generated_scenarios_fullpool_candidates/scenario_0187.yaml,good,ok,3000,True,0,0.05795032121713562,0.11272101557284052,0.0008551691363725203,-0.028072678641339166,0.002700247765532654,0.00126193946625824,0.02,good
scenario_1149,/home/simon/davide_fr3_ws/src/cbf_safety_filter/data/rollouts/fullpool_candidates_seed20260520_n1500/scenario_1149_offline_rollout.npz,/home/simon/davide_fr3_ws/src/cbf_safety_filter/config/generated_scenarios_fullpool_candidates/scenario_1149.yaml,good,ok,3000,True,0,0.012382165954127645,0.025254633002317357,2.7448571020011886e-06,9.127789998322451e-07,1.1379467701966295e-05,8.060191244372998e-08,0.02,good
scenario_1246,/home/simon/davide_fr3_ws/src/cbf_safety_filter/data/rollouts/fullpool_candidates_seed20260520_n1500/scenario_1246_offline_rollout.npz,/home/simon/davide_fr3_ws/src/cbf_safety_filter/config/generated_scenarios_fullpool_candidates/scenario_1246.yaml,good,ok,3000,True,0,0.02966873557072238,0.057032584559378915,0.013925574785268638,-0.1971965486761214,0.049834792146947596,0.004225704343677436,0.02,good
scenario_0629,/home/simon/davide_fr3_ws/src/cbf_safety_filter/data/rollouts/fullpool_candidates_seed20260520_n1500/scenario_0629_offline_rollout.npz,/home/simon/davide_fr3_ws/src/cbf_safety_filter/config/generated_scenarios_fullpool_candidates/scenario_0629.yaml,good,ok,3000,True,0,0.04084640511704693,0.08475392943312027,-0.0001926755156350865,-0.16413300332737635,-0.000596512183002329,0.0012598507607740903,0.02,good
scenario_0368,/home/simon/davide_fr3_ws/src/cbf_safety_filter/data/rollouts/fullpool_candidates_seed20260520_n1500/scenario_0368_offline_rollout.npz,/home/simon/davide_fr3_ws/src/cbf_safety_filter/config/generated_scenarios_fullpool_candidates/scenario_0368.yaml,good,ok,3000,True,0,4.278416797759421e-06,8.590670400984913e-06,-9.579851595957478e-05,-0.000547395064669904,-0.0003040296448462987,4.7390987596572975e-07,0.02,good
scenario_0451,/home/simon/davide_fr3_ws/src/cbf_safety_filter/data/rollouts/fullpool_candidates_seed20260520_n1500/scenario_0451_offline_rollout.npz,/home/simon/davide_fr3_ws/src/cbf_safety_filter/config/generated_scenarios_fullpool_candidates/scenario_0451.yaml,good,ok,3000,True,0,0.06933045579888981,0.12199306439487642,0.0023862187748197664,-0.13115668414343484,0.006383951912884461,0.00034727559335073917,0.02,good
scenario_0301,/home/simon/davide_fr3_ws/src/cbf_safety_filter/data/rollouts/fullpool_candidates_seed20260520_n1500/scenario_0301_offline_rollout.npz,/home/simon/davide_fr3_ws/src/cbf_safety_filter/config/generated_scenarios_fullpool_candidates/scenario_0301.yaml,good,ok,3000,True,0,0.008864662875292348,0.004007149294177843,0.0004997921464471103,-0.037572867766953316,0.001233344081248422,4.673600318256536e-05,0.02,good
scenario_0769,/home/simon/davide_fr3_ws/src/cbf_safety_filter/data/rollouts/fullpool_candidates_seed20260520_n1500/scenario_0769_offline_rollout.npz,/home/simon/davide_fr3_ws/src/cbf_safety_filter/config/generated_scenarios_fullpool_candidates/scenario_0769.yaml,good,ok,3000,True,0,0.03093266592207325,0.07154734212987454,0.02477023219169345,0.04280350984894844,0.07337662200769568,0.0005487586863934118,0.02,good
scenario_0147,/home/simon/davide_fr3_ws/src/cbf_safety_filter/data/rollouts/fullpool_candidates_seed20260520_n1500/scenario_0147_offline_rollout.npz,/home/simon/davide_fr3_ws/src/cbf_safety_filter/config/generated_scenarios_fullpool_candidates/scenario_0147.yaml,good,ok,3000,True,0,0.009694993487494044,0.030826215080836376,0.004462325094759989,-0.1512038471939013,0.022081778602768387,0.00023943011284506638,0.02,good
scenario_0226,/home/simon/davide_fr3_ws/src/cbf_safety_filter/data/rollouts/fullpool_candidates_seed20260520_n1500/scenario_0226_offline_rollout.npz,/home/simon/davide_fr3_ws/src/cbf_safety_filter/config/generated_scenarios_fullpool_candidates/scenario_0226.yaml,good,ok,3000,True,0,0.010300987254150799,0.0221322420373463,0.0005059008718827987,-0.22131941150301426,0.0014477154934848524,0.001096081732506208,0.02,good
scenario_1168,/home/simon/davide_fr3_ws/src/cbf_safety_filter/data/rollouts/fullpool_candidates_seed20260520_n1500/scenario_1168_offline_rollout.npz,/home/simon/davide_fr3_ws/src/cbf_safety_filter/config/generated_scenarios_fullpool_candidates/scenario_1168.yaml,good,ok,3000,True,0,0.06464258401737005,0.1470664638430501,0.04339466738166792,-0.2844320666401156,0.11932925368098998,0.0012964337178348673,0.02,good
scenario_0385,/home/simon/davide_fr3_ws/src/cbf_safety_filter/data/rollouts/fullpool_candidates_seed20260520_n1500/scenario_0385_offline_rollout.npz,/home/simon/davide_fr3_ws/src/cbf_safety_filter/config/generated_scenarios_fullpool_candidates/scenario_0385.yaml,good,ok,3000,True,0,0.05171531625555398,0.12170208202924095,0.004021561207129341,-0.3088518326945796,0.010397082574566896,0.0005172303696374707,0.02,good
scenario_1354,/home/simon/davide_fr3_ws/src/cbf_safety_filter/data/rollouts/fullpool_candidates_seed20260520_n1500/scenario_1354_offline_rollout.npz,/home/simon/davide_fr3_ws/src/cbf_safety_filter/config/generated_scenarios_fullpool_candidates/scenario_1354.yaml,good,ok,3000,True,0,0.025223294678811892,0.00786684276266432,-0.0007886096760711045,-0.18396403209436307,-0.001965458089215194,0.001306024016051738,0.02,good
scenario_1006,/home/simon/davide_fr3_ws/src/cbf_safety_filter/data/rollouts/fullpool_candidates_seed20260520_n1500/scenario_1006_offline_rollout.npz,/home/simon/davide_fr3_ws/src/cbf_safety_filter/config/generated_scenarios_fullpool_candidates/scenario_1006.yaml,good,ok,3000,True,0,0.04389945647825302,0.08736484676822492,0.03236315866081621,0.06471101024660122,0.09320935189227592,4.648607066924866e-08,0.02,good
scenario_1397,/home/simon/davide_fr3_ws/src/cbf_safety_filter/data/rollouts/fullpool_candidates_seed20260520_n1500/scenario_1397_offline_rollout.npz,/home/simon/davide_fr3_ws/src/cbf_safety_filter/config/generated_scenarios_fullpool_candidates/scenario_1397.yaml,good,ok,3000,True,0,0.01842703815085931,0.0749442905849763,0.0043355457918679355,-0.12563840842967533,0.015976149001384138,0.001705793398754335,0.02,good
scenario_1099,/home/simon/davide_fr3_ws/src/cbf_safety_filter/data/rollouts/fullpool_candidates_seed20260520_n1500/scenario_1099_offline_rollout.npz,/home/simon/davide_fr3_ws/src/cbf_safety_filter/config/generated_scenarios_fullpool_candidates/scenario_1099.yaml,good,ok,3000,True,0,0.003604842272291131,0.0009784201717777125,-7.871567985054569e-05,-0.09179575376624033,-0.00034156128232291916,0.0017745079830841885,0.02,good
scenario_0409,/home/simon/davide_fr3_ws/src/cbf_safety_filter/data/rollouts/fullpool_candidates_seed20260520_n1500/scenario_0409_offline_rollout.npz,/home/simon/davide_fr3_ws/src/cbf_safety_filter/config/generated_scenarios_fullpool_candidates/scenario_0409.yaml,good,ok,3000,True,0,0.0006249669047993442,0.00130991516487534,-0.00021490425076626032,-0.0004562947672138473,-0.0006147405961359209,7.97753021577431e-08,0.02,good
scenario_1442,/home/simon/davide_fr3_ws/src/cbf_safety_filter/data/rollouts/fullpool_candidates_seed20260520_n1500/scenario_1442_offline_rollout.npz,/home/simon/davide_fr3_ws/src/cbf_safety_filter/config/generated_scenarios_fullpool_candidates/scenario_1442.yaml,good,ok,3000,True,0,0.025012304549435784,0.052775142014825964,-0.00013543908575948393,-0.13608723502232759,-0.00039120637098727373,3.547608826594995e-05,0.02,good
scenario_1009,/home/simon/davide_fr3_ws/src/cbf_safety_filter/data/rollouts/fullpool_candidates_seed20260520_n1500/scenario_1009_offline_rollout.npz,/home/simon/davide_fr3_ws/src/cbf_safety_filter/config/generated_scenarios_fullpool_candidates/scenario_1009.yaml,good,ok,3000,True,0,0.08525559256249049,0.17281760693375983,0.005009403807436226,-0.03990595490788115,0.024496304776338643,0.0017145574964652732,0.02,good
scenario_0984,/home/simon/davide_fr3_ws/src/cbf_safety_filter/data/rollouts/fullpool_candidates_seed20260520_n1500/scenario_0984_offline_rollout.npz,/home/simon/davide_fr3_ws/src/cbf_safety_filter/config/generated_scenarios_fullpool_candidates/scenario_0984.yaml,good,ok,3000,True,0,0.06206932387547409,0.1077202832180059,0.009257077183697462,-0.028671895648060386,0.021370515429735087,0.002232901000608172,0.02,good
scenario_1279,/home/simon/davide_fr3_ws/src/cbf_safety_filter/data/rollouts/fullpool_candidates_seed20260520_n1500/scenario_1279_offline_rollout.npz,/home/simon/davide_fr3_ws/src/cbf_safety_filter/config/generated_scenarios_fullpool_candidates/scenario_1279.yaml,good,ok,3000,True,0,0.05129380817565696,0.10188353999559255,0.03205063882678906,0.01701601967920109,0.09326201996652217,0.000815858672317575,0.02,good
scenario_0968,/home/simon/davide_fr3_ws/src/cbf_safety_filter/data/rollouts/fullpool_candidates_seed20260520_n1500/scenario_0968_offline_rollout.npz,/home/simon/davide_fr3_ws/src/cbf_safety_filter/config/generated_scenarios_fullpool_candidates/scenario_0968.yaml,good,ok,3000,True,0,0.008203008152389805,0.018347717260151712,-0.00034488211304476227,-0.03421959651194978,-0.001848725580232316,4.251226025509878e-06,0.02,good
scenario_1473,/home/simon/davide_fr3_ws/src/cbf_safety_filter/data/rollouts/fullpool_candidates_seed20260520_n1500/scenario_1473_offline_rollout.npz,/home/simon/davide_fr3_ws/src/cbf_safety_filter/config/generated_scenarios_fullpool_candidates/scenario_1473.yaml,good,ok,3000,True,0,0.047365626411546013,0.08940282151973496,-7.287223848849098e-05,-0.13638048402353148,-0.0003226185730866027,1.9736813028617085e-05,0.02,good
scenario_0528,/home/simon/davide_fr3_ws/src/cbf_safety_filter/data/rollouts/fullpool_candidates_seed20260520_n1500/scenario_0528_offline_rollout.npz,/home/simon/davide_fr3_ws/src/cbf_safety_filter/config/generated_scenarios_fullpool_candidates/scenario_0528.yaml,good,ok,3000,True,0,0.01986609604439141,0.03513561191810271,-0.00031532225640507755,-0.03422979185270324,-0.0012053851206013932,0.00019273248788057422,0.02,good
scenario_0679,/home/simon/davide_fr3_ws/src/cbf_safety_filter/data/rollouts/fullpool_candidates_seed20260520_n1500/scenario_0679_offline_rollout.npz,/home/simon/davide_fr3_ws/src/cbf_safety_filter/config/generated_scenarios_fullpool_candidates/scenario_0679.yaml,good,ok,3000,True,0,0.025316871982701376,0.049705649827066774,0.0011112941630395112,-0.09764477049821196,0.0030642506424903015,0.0022102095845150296,0.02,good
scenario_0932,/home/simon/davide_fr3_ws/src/cbf_safety_filter/data/rollouts/fullpool_candidates_seed20260520_n1500/scenario_0932_offline_rollout.npz,/home/simon/davide_fr3_ws/src/cbf_safety_filter/config/generated_scenarios_fullpool_candidates/scenario_0932.yaml,good,ok,3000,True,0,0.04858514160849484,0.09680088716469294,0.013162444072650579,-0.011093484242377216,0.037801254070149976,0.0009860832383884808,0.02,good
scenario_0241,/home/simon/davide_fr3_ws/src/cbf_safety_filter/data/rollouts/fullpool_candidates_seed20260520_n1500/scenario_0241_offline_rollout.npz,/home/simon/davide_fr3_ws/src/cbf_safety_filter/config/generated_scenarios_fullpool_candidates/scenario_0241.yaml,good,ok,3000,True,0,0.03774484487793158,0.0769473826998757,-0.000571066689774441,-0.030162669746063436,-0.0014728571375179356,0.0002873415008777861,0.02,good
scenario_1042,/home/simon/davide_fr3_ws/src/cbf_safety_filter/data/rollouts/fullpool_candidates_seed20260520_n1500/scenario_1042_offline_rollout.npz,/home/simon/davide_fr3_ws/src/cbf_safety_filter/config/generated_scenarios_fullpool_candidates/scenario_1042.yaml,good,ok,3000,True,0,0.029414426968951506,0.063856839388926,0.0007195782669582994,-0.007444943044611942,0.002985975697857579,0.0017863430277302332,0.02,good
scenario_1425,/home/simon/davide_fr3_ws/src/cbf_safety_filter/data/rollouts/fullpool_candidates_seed20260520_n1500/scenario_1425_offline_rollout.npz,/home/simon/davide_fr3_ws/src/cbf_safety_filter/config/generated_scenarios_fullpool_candidates/scenario_1425.yaml,good,ok,3000,True,0,0.07003018834846118,0.19191086732802193,0.014770095998066916,-0.04409570457472162,0.04997134021031069,0.00014751267098548346,0.02,good
scenario_0350,/home/simon/davide_fr3_ws/src/cbf_safety_filter/data/rollouts/fullpool_candidates_seed20260520_n1500/scenario_0350_offline_rollout.npz,/home/simon/davide_fr3_ws/src/cbf_safety_filter/config/generated_scenarios_fullpool_candidates/scenario_0350.yaml,good,ok,3000,True,0,0.009657129280750762,0.0211359267432545,0.0013270350014662358,-0.03499205694719701,0.0070929194198332685,8.398268326428246e-05,0.02,good
scenario_0321,/home/simon/davide_fr3_ws/src/cbf_safety_filter/data/rollouts/fullpool_candidates_seed20260520_n1500/scenario_0321_offline_rollout.npz,/home/simon/davide_fr3_ws/src/cbf_safety_filter/config/generated_scenarios_fullpool_candidates/scenario_0321.yaml,good,ok,3000,True,0,0.021926816260092838,0.043853632520185676,5.659137987820695e-06,-0.04125360332201228,1.8541265430188636e-05,0.0002528097073425114,0.02,good
scenario_0939,/home/simon/davide_fr3_ws/src/cbf_safety_filter/data/rollouts/fullpool_candidates_seed20260520_n1500/scenario_0939_offline_rollout.npz,/home/simon/davide_fr3_ws/src/cbf_safety_filter/config/generated_scenarios_fullpool_candidates/scenario_0939.yaml,good,ok,3000,True,0,0.012146568359697331,0.02384509188023708,0.0018636040724993932,-0.06648011386288719,0.004679140539410154,0.0010357589034495184,0.02,good
scenario_0823,/home/simon/davide_fr3_ws/src/cbf_safety_filter/data/rollouts/fullpool_candidates_seed20260520_n1500/scenario_0823_offline_rollout.npz,/home/simon/davide_fr3_ws/src/cbf_safety_filter/config/generated_scenarios_fullpool_candidates/scenario_0823.yaml,good,ok,3000,True,0,0.06728368387212286,0.12164148523897933,0.01244699550967861,-0.02099745539856354,0.03156246258717241,0.002457014343116724,0.02,good
scenario_0496,/home/simon/davide_fr3_ws/src/cbf_safety_filter/data/rollouts/fullpool_candidates_seed20260520_n1500/scenario_0496_offline_rollout.npz,/home/simon/davide_fr3_ws/src/cbf_safety_filter/config/generated_scenarios_fullpool_candidates/scenario_0496.yaml,good,ok,3000,True,0,0.025551329898236292,0.05524173870158663,0.018299054373019347,-0.017881038909804137,0.046736519943662846,0.0010053394248996787,0.02,good
scenario_1188,/home/simon/davide_fr3_ws/src/cbf_safety_filter/data/rollouts/fullpool_candidates_seed20260520_n1500/scenario_1188_offline_rollout.npz,/home/simon/davide_fr3_ws/src/cbf_safety_filter/config/generated_scenarios_fullpool_candidates/scenario_1188.yaml,good,ok,3000,True,0,0.03550908543661038,0.06866718138767335,0.018805028365115953,0.03542945060995315,0.04048569932793414,0.0024219069577466677,0.02,good
scenario_0824,/home/simon/davide_fr3_ws/src/cbf_safety_filter/data/rollouts/fullpool_candidates_seed20260520_n1500/scenario_0824_offline_rollout.npz,/home/simon/davide_fr3_ws/src/cbf_safety_filter/config/generated_scenarios_fullpool_candidates/scenario_0824.yaml,good,ok,3000,True,0,0.024331488478642985,0.036441987719355654,0.013665337196289352,-0.022421017503369334,0.04172325746310879,0.010782794304297981,0.02,good
scenario_0974,/home/simon/davide_fr3_ws/src/cbf_safety_filter/data/rollouts/fullpool_candidates_seed20260520_n1500/scenario_0974_offline_rollout.npz,/home/simon/davide_fr3_ws/src/cbf_safety_filter/config/generated_scenarios_fullpool_candidates/scenario_0974.yaml,good,ok,3000,True,0,0.029851510992788217,0.060942236439100045,0.005094733673628678,-0.016872945341383783,0.012126661181883519,0.0005203407336721195,0.02,good
scenario_0465,/home/simon/davide_fr3_ws/src/cbf_safety_filter/data/rollouts/fullpool_candidates_seed20260520_n1500/scenario_0465_offline_rollout.npz,/home/simon/davide_fr3_ws/src/cbf_safety_filter/config/generated_scenarios_fullpool_candidates/scenario_0465.yaml,good,ok,3000,True,0,0.03320246792776696,0.041911070123636346,-0.028149767610505264,-0.3239099506046962,-0.09430596300716317,0.0005000601943935681,0.02,hard_good
scenario_1132,/home/simon/davide_fr3_ws/src/cbf_safety_filter/data/rollouts/fullpool_candidates_seed20260520_n1500/scenario_1132_offline_rollout.npz,/home/simon/davide_fr3_ws/src/cbf_safety_filter/config/generated_scenarios_fullpool_candidates/scenario_1132.yaml,good,ok,3000,True,0,0.020983168114226493,0.04314066163286914,-0.02721321299948442,-0.1266136378760451,-0.09140587684871919,0.0007541801601361032,0.02,hard_good
scenario_1270,/home/simon/davide_fr3_ws/src/cbf_safety_filter/data/rollouts/fullpool_candidates_seed20260520_n1500/scenario_1270_offline_rollout.npz,/home/simon/davide_fr3_ws/src/cbf_safety_filter/config/generated_scenarios_fullpool_candidates/scenario_1270.yaml,good,ok,3000,True,0,0.0011859900474160273,0.0004021218238237142,-0.02285337607306691,-0.3712118127561775,-0.06985757337902437,0.0010071723375706548,0.02,hard_good
scenario_1455,/home/simon/davide_fr3_ws/src/cbf_safety_filter/data/rollouts/fullpool_candidates_seed20260520_n1500/scenario_1455_offline_rollout.npz,/home/simon/davide_fr3_ws/src/cbf_safety_filter/config/generated_scenarios_fullpool_candidates/scenario_1455.yaml,good,ok,3000,True,0,0.027280552406747722,0.0543739604274973,-0.0221706413693135,-0.1935742565322362,-0.0825155295944243,0.00047914742763379613,0.02,hard_good
scenario_1206,/home/simon/davide_fr3_ws/src/cbf_safety_filter/data/rollouts/fullpool_candidates_seed20260520_n1500/scenario_1206_offline_rollout.npz,/home/simon/davide_fr3_ws/src/cbf_safety_filter/config/generated_scenarios_fullpool_candidates/scenario_1206.yaml,good,ok,3000,True,0,0.012269428742397687,0.02209946885476015,-0.01926781007555852,-0.324873033662488,-0.05957411200055737,0.004934140933953861,0.02,hard_good
scenario_0478,/home/simon/davide_fr3_ws/src/cbf_safety_filter/data/rollouts/fullpool_candidates_seed20260520_n1500/scenario_0478_offline_rollout.npz,/home/simon/davide_fr3_ws/src/cbf_safety_filter/config/generated_scenarios_fullpool_candidates/scenario_0478.yaml,good,ok,3000,True,0,0.057366299072381964,0.006215715081423989,-0.01896721367940684,-0.3788029259249668,-0.05605192352871827,0.0008357712268409674,0.02,hard_good
scenario_0499,/home/simon/davide_fr3_ws/src/cbf_safety_filter/data/rollouts/fullpool_candidates_seed20260520_n1500/scenario_0499_offline_rollout.npz,/home/simon/davide_fr3_ws/src/cbf_safety_filter/config/generated_scenarios_fullpool_candidates/scenario_0499.yaml,good,ok,3000,True,0,0.0025838955741035174,0.04070476436145145,-0.01880563732313064,-0.2594634045541477,-0.05494651874434314,0.005586159943158969,0.02,hard_good
scenario_1241,/home/simon/davide_fr3_ws/src/cbf_safety_filter/data/rollouts/fullpool_candidates_seed20260520_n1500/scenario_1241_offline_rollout.npz,/home/simon/davide_fr3_ws/src/cbf_safety_filter/config/generated_scenarios_fullpool_candidates/scenario_1241.yaml,good,ok,3000,True,0,0.030957423655303268,0.09239138282716232,-0.01491535739320285,-0.3351161565631407,-0.043237636877857616,0.0012050140819798035,0.02,hard_good
scenario_1394,/home/simon/davide_fr3_ws/src/cbf_safety_filter/data/rollouts/fullpool_candidates_seed20260520_n1500/scenario_1394_offline_rollout.npz,/home/simon/davide_fr3_ws/src/cbf_safety_filter/config/generated_scenarios_fullpool_candidates/scenario_1394.yaml,good,ok,3000,True,0,0.02353280662353381,0.04314760500928186,-0.014146544143553721,-0.22911109910814287,-0.046486789441708976,0.0004814715823135171,0.02,hard_good
scenario_0033,/home/simon/davide_fr3_ws/src/cbf_safety_filter/data/rollouts/fullpool_candidates_seed20260520_n1500/scenario_0033_offline_rollout.npz,/home/simon/davide_fr3_ws/src/cbf_safety_filter/config/generated_scenarios_fullpool_candidates/scenario_0033.yaml,good,ok,3000,True,0,7.079571338886037e-10,1.415844497806538e-09,-0.013426302257610049,-0.025234151547835235,-0.039033781635439135,7.248006533219267e-11,0.02,hard_good
scenario_0949,/home/simon/davide_fr3_ws/src/cbf_safety_filter/data/rollouts/fullpool_candidates_seed20260520_n1500/scenario_0949_offline_rollout.npz,/home/simon/davide_fr3_ws/src/cbf_safety_filter/config/generated_scenarios_fullpool_candidates/scenario_0949.yaml,good,ok,3000,True,0,0.07531529812465157,0.15531843845375448,-0.012900377600072035,-0.18508550764454404,-0.046687664426125514,0.0009611564119445531,0.02,hard_good
scenario_0182,/home/simon/davide_fr3_ws/src/cbf_safety_filter/data/rollouts/fullpool_candidates_seed20260520_n1500/scenario_0182_offline_rollout.npz,/home/simon/davide_fr3_ws/src/cbf_safety_filter/config/generated_scenarios_fullpool_candidates/scenario_0182.yaml,good,ok,3000,True,0,0.0377684021062057,0.08532230860797771,-0.012884133227511215,-0.30928590642499276,-0.04800423432595613,0.00024504369932156644,0.02,hard_good
scenario_1427,/home/simon/davide_fr3_ws/src/cbf_safety_filter/data/rollouts/fullpool_candidates_seed20260520_n1500/scenario_1427_offline_rollout.npz,/home/simon/davide_fr3_ws/src/cbf_safety_filter/config/generated_scenarios_fullpool_candidates/scenario_1427.yaml,good,ok,3000,True,0,0.004481120466659987,0.006655966292404189,-0.01265368756841215,-0.041828149546351986,-0.051289650335351614,0.00010516865714017014,0.02,hard_good
scenario_0086,/home/simon/davide_fr3_ws/src/cbf_safety_filter/data/rollouts/fullpool_candidates_seed20260520_n1500/scenario_0086_offline_rollout.npz,/home/simon/davide_fr3_ws/src/cbf_safety_filter/config/generated_scenarios_fullpool_candidates/scenario_0086.yaml,good,ok,3000,True,0,0.00011952144766336041,0.00042324814761877873,-0.012520222652217944,-0.14616737726315576,-0.047083240096491355,0.003177892016097065,0.02,hard_good
scenario_0736,/home/simon/davide_fr3_ws/src/cbf_safety_filter/data/rollouts/fullpool_candidates_seed20260520_n1500/scenario_0736_offline_rollout.npz,/home/simon/davide_fr3_ws/src/cbf_safety_filter/config/generated_scenarios_fullpool_candidates/scenario_0736.yaml,good,ok,3000,True,0,0.035525688113428724,0.033509550688195736,-0.012137859175318216,-0.5198256297156164,-0.03662924026564232,0.0005100242373373999,0.02,hard_good
scenario_1011,/home/simon/davide_fr3_ws/src/cbf_safety_filter/data/rollouts/fullpool_candidates_seed20260520_n1500/scenario_1011_offline_rollout.npz,/home/simon/davide_fr3_ws/src/cbf_safety_filter/config/generated_scenarios_fullpool_candidates/scenario_1011.yaml,good,ok,3000,True,0,0.015978125889348604,0.0071292467771704345,-0.012038179061040696,-0.2517178418408211,-0.031168281879098286,0.0030428051778508824,0.02,hard_good
scenario_0232,/home/simon/davide_fr3_ws/src/cbf_safety_filter/data/rollouts/fullpool_candidates_seed20260520_n1500/scenario_0232_offline_rollout.npz,/home/simon/davide_fr3_ws/src/cbf_safety_filter/config/generated_scenarios_fullpool_candidates/scenario_0232.yaml,good,ok,3000,True,0,0.015660860337930967,0.005419127677289231,-0.01147241729869092,-0.09362636012473069,-0.047262685215373954,0.0027170248969731058,0.02,hard_good
scenario_0728,/home/simon/davide_fr3_ws/src/cbf_safety_filter/data/rollouts/fullpool_candidates_seed20260520_n1500/scenario_0728_offline_rollout.npz,/home/simon/davide_fr3_ws/src/cbf_safety_filter/config/generated_scenarios_fullpool_candidates/scenario_0728.yaml,good,ok,3000,True,0,0.0420090127121439,0.0800001906458311,-0.011392635354348361,-0.032534097430760814,-0.03856182559047469,0.00011059719919888331,0.02,hard_good
scenario_0035,/home/simon/davide_fr3_ws/src/cbf_safety_filter/data/rollouts/fullpool_candidates_seed20260520_n1500/scenario_0035_offline_rollout.npz,/home/simon/davide_fr3_ws/src/cbf_safety_filter/config/generated_scenarios_fullpool_candidates/scenario_0035.yaml,good,ok,3000,True,0,0.0019789948832491175,0.00294213410668057,-0.010653425454618884,-0.04191408940142473,-0.05209327755780914,0.00014879404229079006,0.02,hard_good
scenario_0953,/home/simon/davide_fr3_ws/src/cbf_safety_filter/data/rollouts/fullpool_candidates_seed20260520_n1500/scenario_0953_offline_rollout.npz,/home/simon/davide_fr3_ws/src/cbf_safety_filter/config/generated_scenarios_fullpool_candidates/scenario_0953.yaml,good,ok,3000,True,0,0.02846429224968083,0.04232103640759914,-0.010041507560800633,-0.30989064531743216,-0.02761829730830989,0.01886259370003838,0.02,hard_good
scenario_1067,/home/simon/davide_fr3_ws/src/cbf_safety_filter/data/rollouts/fullpool_candidates_seed20260520_n1500/scenario_1067_offline_rollout.npz,/home/simon/davide_fr3_ws/src/cbf_safety_filter/config/generated_scenarios_fullpool_candidates/scenario_1067.yaml,good,ok,3000,True,0,0.01883037755576679,0.043826028274725565,-0.009900392107276716,-0.3261780684904799,-0.026013514635990137,0.001223254733259908,0.02,hard_good
scenario_1171,/home/simon/davide_fr3_ws/src/cbf_safety_filter/data/rollouts/fullpool_candidates_seed20260520_n1500/scenario_1171_offline_rollout.npz,/home/simon/davide_fr3_ws/src/cbf_safety_filter/config/generated_scenarios_fullpool_candidates/scenario_1171.yaml,good,ok,3000,True,0,0.023481277850569367,0.05584192470563355,-0.00951608022720581,-0.12652917834291585,-0.02698734762680699,4.531866312160639e-05,0.02,hard_good
scenario_0103,/home/simon/davide_fr3_ws/src/cbf_safety_filter/data/rollouts/fullpool_candidates_seed20260520_n1500/scenario_0103_offline_rollout.npz,/home/simon/davide_fr3_ws/src/cbf_safety_filter/config/generated_scenarios_fullpool_candidates/scenario_0103.yaml,good,ok,3000,True,175,0.01929305524010283,0.021775090999495667,-0.009467086967323252,-0.19423567726857338,-0.04430104467777217,0.000112921560764669,0.02,hard_good
scenario_1374,/home/simon/davide_fr3_ws/src/cbf_safety_filter/data/rollouts/fullpool_candidates_seed20260520_n1500/scenario_1374_offline_rollout.npz,/home/simon/davide_fr3_ws/src/cbf_safety_filter/config/generated_scenarios_fullpool_candidates/scenario_1374.yaml,good,ok,3000,True,0,0.010420576390953142,0.038460629920704564,-0.009235572929860887,-0.25528550327315325,-0.026176158904650082,6.268664753564731e-05,0.02,hard_good
scenario_1472,/home/simon/davide_fr3_ws/src/cbf_safety_filter/data/rollouts/fullpool_candidates_seed20260520_n1500/scenario_1472_offline_rollout.npz,/home/simon/davide_fr3_ws/src/cbf_safety_filter/config/generated_scenarios_fullpool_candidates/scenario_1472.yaml,good,ok,3000,True,0,0.0015746238426480354,0.010807214861285368,-0.009107905038183255,-0.07094233677374065,-0.06528053122933,6.065890966706008e-05,0.02,hard_good
scenario_1264,/home/simon/davide_fr3_ws/src/cbf_safety_filter/data/rollouts/fullpool_candidates_seed20260520_n1500/scenario_1264_offline_rollout.npz,/home/simon/davide_fr3_ws/src/cbf_safety_filter/config/generated_scenarios_fullpool_candidates/scenario_1264.yaml,good,ok,3000,True,0,0.016173656867512515,0.03100936203892845,-0.009106527488105861,-0.02657192246050208,-0.041909450270316256,0.00017085962329213008,0.02,hard_good
scenario_0690,/home/simon/davide_fr3_ws/src/cbf_safety_filter/data/rollouts/fullpool_candidates_seed20260520_n1500/scenario_0690_offline_rollout.npz,/home/simon/davide_fr3_ws/src/cbf_safety_filter/config/generated_scenarios_fullpool_candidates/scenario_0690.yaml,good,ok,3000,True,0,0.03188693860110275,0.040570554227782135,-0.008910752009972081,-0.18335787453999122,-0.03446653183076086,0.0002612193055392731,0.02,hard_good
scenario_0289,/home/simon/davide_fr3_ws/src/cbf_safety_filter/data/rollouts/fullpool_candidates_seed20260520_n1500/scenario_0289_offline_rollout.npz,/home/simon/davide_fr3_ws/src/cbf_safety_filter/config/generated_scenarios_fullpool_candidates/scenario_0289.yaml,good,ok,3000,True,0,0.0018243778831587842,0.0010564607878549657,-0.008861105955497862,-0.03396641149812969,-0.023862686666041327,0.012159626369560271,0.02,hard_good
scenario_0720,/home/simon/davide_fr3_ws/src/cbf_safety_filter/data/rollouts/fullpool_candidates_seed20260520_n1500/scenario_0720_offline_rollout.npz,/home/simon/davide_fr3_ws/src/cbf_safety_filter/config/generated_scenarios_fullpool_candidates/scenario_0720.yaml,good,ok,3000,True,0,0.021231394224497283,0.038121173684849075,-0.0086468553328833,-0.21718890037645,-0.025257940384525418,0.0006724323885647937,0.02,hard_good
scenario_0115,/home/simon/davide_fr3_ws/src/cbf_safety_filter/data/rollouts/fullpool_candidates_seed20260520_n1500/scenario_0115_offline_rollout.npz,/home/simon/davide_fr3_ws/src/cbf_safety_filter/config/generated_scenarios_fullpool_candidates/scenario_0115.yaml,good,ok,3000,True,0,0.009318900643795414,0.012220681040491038,-0.008517274693543447,-0.15662116751583816,-0.03064234634905709,0.0011074757135838315,0.02,hard_good
scenario_0056,/home/simon/davide_fr3_ws/src/cbf_safety_filter/data/rollouts/fullpool_candidates_seed20260520_n1500/scenario_0056_offline_rollout.npz,/home/simon/davide_fr3_ws/src/cbf_safety_filter/config/generated_scenarios_fullpool_candidates/scenario_0056.yaml,good,ok,3000,True,0,0.03810492766406634,0.07515842407913163,-0.008386873044189648,-0.189091036349261,-0.026794664824087183,0.0002237711103428727,0.02,hard_good
scenario_0799,/home/simon/davide_fr3_ws/src/cbf_safety_filter/data/rollouts/fullpool_candidates_seed20260520_n1500/scenario_0799_offline_rollout.npz,/home/simon/davide_fr3_ws/src/cbf_safety_filter/config/generated_scenarios_fullpool_candidates/scenario_0799.yaml,good,ok,3000,True,0,0.022989040867143148,0.042268771155349334,-0.008345634079598901,-0.21760635780507454,-0.024841246082385,0.0006299344619270809,0.02,hard_good
scenario_0554,/home/simon/davide_fr3_ws/src/cbf_safety_filter/data/rollouts/fullpool_candidates_seed20260520_n1500/scenario_0554_offline_rollout.npz,/home/simon/davide_fr3_ws/src/cbf_safety_filter/config/generated_scenarios_fullpool_candidates/scenario_0554.yaml,good,ok,3000,True,0,0.018342826742664693,0.0014707273458886283,-0.00816972442249056,-0.07550237553140347,-0.024292418205045435,0.0012568383103112107,0.02,hard_good
scenario_0330,/home/simon/davide_fr3_ws/src/cbf_safety_filter/data/rollouts/fullpool_candidates_seed20260520_n1500/scenario_0330_offline_rollout.npz,/home/simon/davide_fr3_ws/src/cbf_safety_filter/config/generated_scenarios_fullpool_candidates/scenario_0330.yaml,good,ok,3000,True,0,0.017093363360629346,0.007376739079102433,-0.008164378616673022,-0.052969664026985996,-0.02766301415342509,0.015972685749118795,0.02,hard_good
scenario_0397,/home/simon/davide_fr3_ws/src/cbf_safety_filter/data/rollouts/fullpool_candidates_seed20260520_n1500/scenario_0397_offline_rollout.npz,/home/simon/davide_fr3_ws/src/cbf_safety_filter/config/generated_scenarios_fullpool_candidates/scenario_0397.yaml,good,ok,3000,True,0,0.016844463790840383,0.03821347695975402,-0.007880201759167484,-0.16774693434443688,-0.028849280637269617,0.00011777384780525754,0.02,hard_good
scenario_0279,/home/simon/davide_fr3_ws/src/cbf_safety_filter/data/rollouts/fullpool_candidates_seed20260520_n1500/scenario_0279_offline_rollout.npz,/home/simon/davide_fr3_ws/src/cbf_safety_filter/config/generated_scenarios_fullpool_candidates/scenario_0279.yaml,good,ok,3000,True,0,6.774829833176843e-05,9.016842138989833e-05,-0.007871230519370831,-0.030362168971841776,-0.021920584054193698,0.00021061864145657677,0.02,hard_good
scenario_1295,/home/simon/davide_fr3_ws/src/cbf_safety_filter/data/rollouts/fullpool_candidates_seed20260520_n1500/scenario_1295_offline_rollout.npz,/home/simon/davide_fr3_ws/src/cbf_safety_filter/config/generated_scenarios_fullpool_candidates/scenario_1295.yaml,good,ok,3000,True,0,0.000630951273685617,0.0020182568667919563,-0.007769124925594244,-0.06851368770695054,-0.03350239380707942,6.754451461956278e-06,0.02,hard_good
scenario_1353,/home/simon/davide_fr3_ws/src/cbf_safety_filter/data/rollouts/fullpool_candidates_seed20260520_n1500/scenario_1353_offline_rollout.npz,/home/simon/davide_fr3_ws/src/cbf_safety_filter/config/generated_scenarios_fullpool_candidates/scenario_1353.yaml,good,ok,3000,True,0,0.0664557436288564,0.12560986456718304,-0.007725047405786781,-0.24436779229466168,-0.02650112229074081,0.0007573311110454198,0.02,hard_good
scenario_0698,/home/simon/davide_fr3_ws/src/cbf_safety_filter/data/rollouts/fullpool_candidates_seed20260520_n1500/scenario_0698_offline_rollout.npz,/home/simon/davide_fr3_ws/src/cbf_safety_filter/config/generated_scenarios_fullpool_candidates/scenario_0698.yaml,good,ok,3000,True,0,0.022536508668801317,0.043437625839624,-0.007627730814505098,-0.014336053833937023,-0.023759395905779163,0.0007845066260742938,0.02,hard_good
scenario_0243,/home/simon/davide_fr3_ws/src/cbf_safety_filter/data/rollouts/fullpool_candidates_seed20260520_n1500/scenario_0243_offline_rollout.npz,/home/simon/davide_fr3_ws/src/cbf_safety_filter/config/generated_scenarios_fullpool_candidates/scenario_0243.yaml,good,ok,3000,True,0,0.029406902998606745,0.09329271950868709,-0.007626571339586278,-0.20405789700395854,-0.021802839474539315,0.0006130824214430593,0.02,hard_good
scenario_0344,/home/simon/davide_fr3_ws/src/cbf_safety_filter/data/rollouts/fullpool_candidates_seed20260520_n1500/scenario_0344_offline_rollout.npz,/home/simon/davide_fr3_ws/src/cbf_safety_filter/config/generated_scenarios_fullpool_candidates/scenario_0344.yaml,good,ok,3000,True,0,0.04564690990241667,0.09662296749736296,-0.007388579362065228,-0.08381479042921791,-0.02322149092856013,0.0013412472123737024,0.02,hard_good
scenario_0055,/home/simon/davide_fr3_ws/src/cbf_safety_filter/data/rollouts/fullpool_candidates_seed20260520_n1500/scenario_0055_offline_rollout.npz,/home/simon/davide_fr3_ws/src/cbf_safety_filter/config/generated_scenarios_fullpool_candidates/scenario_0055.yaml,good,ok,3000,True,0,0.07955248743723181,0.1258275216521937,-0.007352639873832056,-0.3991557810601901,-0.01976320621128605,0.0029230634285489633,0.02,hard_good
scenario_0291,/home/simon/davide_fr3_ws/src/cbf_safety_filter/data/rollouts/fullpool_candidates_seed20260520_n1500/scenario_0291_offline_rollout.npz,/home/simon/davide_fr3_ws/src/cbf_safety_filter/config/generated_scenarios_fullpool_candidates/scenario_0291.yaml,good,ok,3000,True,0,0.06297790222567325,0.09415377945594727,-0.007332598667645577,-0.22046240882641294,-0.025331224991088752,0.0011235515587698823,0.02,hard_good
scenario_0624,/home/simon/davide_fr3_ws/src/cbf_safety_filter/data/rollouts/fullpool_candidates_seed20260520_n1500/scenario_0624_offline_rollout.npz,/home/simon/davide_fr3_ws/src/cbf_safety_filter/config/generated_scenarios_fullpool_candidates/scenario_0624.yaml,good,ok,3000,True,0,0.035245462231431504,0.04017290365433206,-0.00709865751688119,-0.21833391831817567,-0.025793975754501694,0.001060711208126834,0.02,hard_good
scenario_1410,/home/simon/davide_fr3_ws/src/cbf_safety_filter/data/rollouts/fullpool_candidates_seed20260520_n1500/scenario_1410_offline_rollout.npz,/home/simon/davide_fr3_ws/src/cbf_safety_filter/config/generated_scenarios_fullpool_candidates/scenario_1410.yaml,good,ok,3000,True,0,0.02319271329679205,0.050095641367401016,-0.0069817086747236395,-0.16773966876436835,-0.025800934132337597,0.00038018681001972276,0.02,hard_good
scenario_0428,/home/simon/davide_fr3_ws/src/cbf_safety_filter/data/rollouts/fullpool_candidates_seed20260520_n1500/scenario_0428_offline_rollout.npz,/home/simon/davide_fr3_ws/src/cbf_safety_filter/config/generated_scenarios_fullpool_candidates/scenario_0428.yaml,good,ok,3000,True,0,0.013469332996539834,0.017056488300484132,-0.006975918447814793,-0.053785146212703444,-0.026719406247513802,5.627328813977588e-05,0.02,hard_good
scenario_0396,/home/simon/davide_fr3_ws/src/cbf_safety_filter/data/rollouts/fullpool_candidates_seed20260520_n1500/scenario_0396_offline_rollout.npz,/home/simon/davide_fr3_ws/src/cbf_safety_filter/config/generated_scenarios_fullpool_candidates/scenario_0396.yaml,good,ok,3000,True,0,0.0021575592023013665,0.0008402680412746581,-0.0067841802723229636,-0.10846702215136861,-0.02115812299935252,0.00019562207412255033,0.02,hard_good
scenario_0752,/home/simon/davide_fr3_ws/src/cbf_safety_filter/data/rollouts/fullpool_candidates_seed20260520_n1500/scenario_0752_offline_rollout.npz,/home/simon/davide_fr3_ws/src/cbf_safety_filter/config/generated_scenarios_fullpool_candidates/scenario_0752.yaml,good,ok,3000,True,0,0.01250277083131953,0.038661827370352994,-0.0067430140182432735,-0.1378510764797718,-0.017210822571733397,3.143845571781473e-05,0.02,hard_good
scenario_0129,/home/simon/davide_fr3_ws/src/cbf_safety_filter/data/rollouts/fullpool_candidates_seed20260520_n1500/scenario_0129_offline_rollout.npz,/home/simon/davide_fr3_ws/src/cbf_safety_filter/config/generated_scenarios_fullpool_candidates/scenario_0129.yaml,good,ok,3000,True,0,0.01849241291655606,0.05464516030780527,-0.006734638351745613,-0.033467457875017294,-0.023614979266529196,0.00042919296353141525,0.02,hard_good
scenario_0019,/home/simon/davide_fr3_ws/src/cbf_safety_filter/data/rollouts/fullpool_candidates_seed20260520_n1500/scenario_0019_offline_rollout.npz,/home/simon/davide_fr3_ws/src/cbf_safety_filter/config/generated_scenarios_fullpool_candidates/scenario_0019.yaml,good,ok,3000,True,0,4.5980951148022475e-05,3.3064898595910105e-05,-0.006586760350110046,-0.03212500479450188,-0.019740993728012024,1.4466822827353421e-05,0.02,hard_good
scenario_1423,/home/simon/davide_fr3_ws/src/cbf_safety_filter/data/rollouts/fullpool_candidates_seed20260520_n1500/scenario_1423_offline_rollout.npz,/home/simon/davide_fr3_ws/src/cbf_safety_filter/config/generated_scenarios_fullpool_candidates/scenario_1423.yaml,good,ok,3000,True,0,0.053158373351049,0.12222075277853306,-0.006385509072608042,-0.19575784387470313,-0.026190575190418564,0.0004966644448297888,0.02,hard_good
scenario_0596,/home/simon/davide_fr3_ws/src/cbf_safety_filter/data/rollouts/fullpool_candidates_seed20260520_n1500/scenario_0596_offline_rollout.npz,/home/simon/davide_fr3_ws/src/cbf_safety_filter/config/generated_scenarios_fullpool_candidates/scenario_0596.yaml,good,ok,3000,True,0,0.010517579095174989,0.013093483600716464,-0.006327417849078018,-0.2203181694086187,-0.022034008316906634,1.4363173828935862e-05,0.02,hard_good
scenario_0209,/home/simon/davide_fr3_ws/src/cbf_safety_filter/data/rollouts/fullpool_candidates_seed20260520_n1500/scenario_0209_offline_rollout.npz,/home/simon/davide_fr3_ws/src/cbf_safety_filter/config/generated_scenarios_fullpool_candidates/scenario_0209.yaml,good,ok,3000,True,0,0.015970724604239157,0.05395292102999264,-0.006294577771431678,-0.04544240068177077,-0.03278101841540346,0.014479151375691396,0.02,hard_good
scenario_0028,/home/simon/davide_fr3_ws/src/cbf_safety_filter/data/rollouts/fullpool_candidates_seed20260520_n1500/scenario_0028_offline_rollout.npz,/home/simon/davide_fr3_ws/src/cbf_safety_filter/config/generated_scenarios_fullpool_candidates/scenario_0028.yaml,good,ok,3000,True,0,0.008362395069856973,0.022660697041668666,-0.006089361439461875,-0.02944685008530712,-0.028100484834024067,7.472835573781135e-05,0.02,hard_good
scenario_0641,/home/simon/davide_fr3_ws/src/cbf_safety_filter/data/rollouts/fullpool_candidates_seed20260520_n1500/scenario_0641_offline_rollout.npz,/home/simon/davide_fr3_ws/src/cbf_safety_filter/config/generated_scenarios_fullpool_candidates/scenario_0641.yaml,good,ok,3000,True,0,0.007692209657351639,0.009700560785242193,-0.005793904645081451,-0.04470520678408138,-0.027319345342660895,0.016603515919409853,0.02,hard_good
scenario_1117,/home/simon/davide_fr3_ws/src/cbf_safety_filter/data/rollouts/fullpool_candidates_seed20260520_n1500/scenario_1117_offline_rollout.npz,/home/simon/davide_fr3_ws/src/cbf_safety_filter/config/generated_scenarios_fullpool_candidates/scenario_1117.yaml,good,ok,3000,True,0,0.0015736792225624317,9.47775672280088e-05,-0.005560069841093432,-0.044014304674026825,-0.023847335633981268,0.00012748484939772018,0.02,hard_good
scenario_0475,/home/simon/davide_fr3_ws/src/cbf_safety_filter/data/rollouts/fullpool_candidates_seed20260520_n1500/scenario_0475_offline_rollout.npz,/home/simon/davide_fr3_ws/src/cbf_safety_filter/config/generated_scenarios_fullpool_candidates/scenario_0475.yaml,good,ok,3000,True,0,0.0017289941315130862,0.003897818891526795,-0.0055533906876753004,-0.18360169636304718,-0.017363201196518657,1.0226662156756619e-07,0.02,hard_good
scenario_0861,/home/simon/davide_fr3_ws/src/cbf_safety_filter/data/rollouts/fullpool_candidates_seed20260520_n1500/scenario_0861_offline_rollout.npz,/home/simon/davide_fr3_ws/src/cbf_safety_filter/config/generated_scenarios_fullpool_candidates/scenario_0861.yaml,good,ok,3000,True,0,0.009799833061361493,0.017482618329933156,-0.005301874495767259,-0.16503866368411801,-0.02416295718892414,5.001180126726873e-06,0.02,hard_good
scenario_1376,/home/simon/davide_fr3_ws/src/cbf_safety_filter/data/rollouts/fullpool_candidates_seed20260520_n1500/scenario_1376_offline_rollout.npz,/home/simon/davide_fr3_ws/src/cbf_safety_filter/config/generated_scenarios_fullpool_candidates/scenario_1376.yaml,good,ok,3000,True,0,0.0511694633754977,0.04686833932978826,-0.005224326598169026,-0.11298049473368718,-0.018997369551126103,0.0009121472267497929,0.02,hard_good
scenario_0493,/home/simon/davide_fr3_ws/src/cbf_safety_filter/data/rollouts/fullpool_candidates_seed20260520_n1500/scenario_0493_offline_rollout.npz,/home/simon/davide_fr3_ws/src/cbf_safety_filter/config/generated_scenarios_fullpool_candidates/scenario_0493.yaml,good,ok,3000,True,0,0.017959124030202986,0.0014114689816903045,-0.004997692112030109,-0.0726387517735275,-0.014831325553446323,0.0010454973945793317,0.02,hard_good
scenario_1069,/home/simon/davide_fr3_ws/src/cbf_safety_filter/data/rollouts/fullpool_candidates_seed20260520_n1500/scenario_1069_offline_rollout.npz,/home/simon/davide_fr3_ws/src/cbf_safety_filter/config/generated_scenarios_fullpool_candidates/scenario_1069.yaml,good,ok,3000,True,0,0.0002411706152471091,0.0019819206195645133,-0.004980434973700015,-0.03143473299434307,-0.018175119596303774,0.0016797645818365538,0.02,hard_good
scenario_0789,/home/simon/davide_fr3_ws/src/cbf_safety_filter/data/rollouts/fullpool_candidates_seed20260520_n1500/scenario_0789_offline_rollout.npz,/home/simon/davide_fr3_ws/src/cbf_safety_filter/config/generated_scenarios_fullpool_candidates/scenario_0789.yaml,good,ok,3000,True,0,0.00030676358958958184,0.00044189997497556116,-0.004827014666564211,-0.015424219748152399,-0.013965669014417315,0.0011443708589519324,0.02,hard_good
scenario_1248,/home/simon/davide_fr3_ws/src/cbf_safety_filter/data/rollouts/fullpool_candidates_seed20260520_n1500/scenario_1248_offline_rollout.npz,/home/simon/davide_fr3_ws/src/cbf_safety_filter/config/generated_scenarios_fullpool_candidates/scenario_1248.yaml,good,ok,3000,True,0,0.04873153295030709,0.09087598265685476,-0.004743526709790592,-0.267145353278493,-0.014689931249741467,0.003785846872973408,0.02,hard_good
scenario_0285,/home/simon/davide_fr3_ws/src/cbf_safety_filter/data/rollouts/fullpool_candidates_seed20260520_n1500/scenario_0285_offline_rollout.npz,/home/simon/davide_fr3_ws/src/cbf_safety_filter/config/generated_scenarios_fullpool_candidates/scenario_0285.yaml,good,ok,3000,True,0,0.00013405766612663642,0.0004357603073902852,-0.004640591282973894,-0.013036185483647062,-0.013718119566520581,8.726665002700097e-06,0.02,hard_good
scenario_1169,/home/simon/davide_fr3_ws/src/cbf_safety_filter/data/rollouts/fullpool_candidates_seed20260520_n1500/scenario_1169_offline_rollout.npz,/home/simon/davide_fr3_ws/src/cbf_safety_filter/config/generated_scenarios_fullpool_candidates/scenario_1169.yaml,good,ok,3000,True,0,0.04104468602142554,0.08278665933936756,-0.004597678378195837,-0.02155259046132163,-0.013991349183192836,0.0006086141605918546,0.02,hard_good
scenario_1153,/home/simon/davide_fr3_ws/src/cbf_safety_filter/data/rollouts/fullpool_candidates_seed20260520_n1500/scenario_1153_offline_rollout.npz,/home/simon/davide_fr3_ws/src/cbf_safety_filter/config/generated_scenarios_fullpool_candidates/scenario_1153.yaml,good,ok,3000,True,0,0.0025810897268814977,0.00912249431701653,-0.004426909097918607,-0.0481629421333081,-0.012957732454242338,0.0012324806244204318,0.02,hard_good
scenario_1289,/home/simon/davide_fr3_ws/src/cbf_safety_filter/data/rollouts/fullpool_candidates_seed20260520_n1500/scenario_1289_offline_rollout.npz,/home/simon/davide_fr3_ws/src/cbf_safety_filter/config/generated_scenarios_fullpool_candidates/scenario_1289.yaml,good,ok,3000,True,0,0.04437737453916553,0.06590281487464406,-0.004334996228863842,-0.08604459274535863,-0.012063904181370877,0.00017979855768311166,0.02,hard_good
scenario_0253,/home/simon/davide_fr3_ws/src/cbf_safety_filter/data/rollouts/fullpool_candidates_seed20260520_n1500/scenario_0253_offline_rollout.npz,/home/simon/davide_fr3_ws/src/cbf_safety_filter/config/generated_scenarios_fullpool_candidates/scenario_0253.yaml,good,ok,3000,True,0,0.008380164675779237,0.024712980111317583,-0.004302416174957212,-0.05530693054100069,-0.011289146275718087,2.795091309395834e-05,0.02,hard_good
scenario_0060,/home/simon/davide_fr3_ws/src/cbf_safety_filter/data/rollouts/fullpool_candidates_seed20260520_n1500/scenario_0060_offline_rollout.npz,/home/simon/davide_fr3_ws/src/cbf_safety_filter/config/generated_scenarios_fullpool_candidates/scenario_0060.yaml,good,ok,3000,True,0,0.027752550688815863,0.08881205188045554,-0.004194785575001161,-0.18706680355883076,-0.019909725731609096,0.00013482312311379813,0.02,hard_good
scenario_1058,/home/simon/davide_fr3_ws/src/cbf_safety_filter/data/rollouts/fullpool_candidates_seed20260520_n1500/scenario_1058_offline_rollout.npz,/home/simon/davide_fr3_ws/src/cbf_safety_filter/config/generated_scenarios_fullpool_candidates/scenario_1058.yaml,good,ok,3000,True,0,6.327031801897989e-05,0.00013432263630625734,-0.004174747021710411,-0.13209810692005497,-0.010944249810459078,4.07134038250265e-05,0.02,hard_good
scenario_1319,/home/simon/davide_fr3_ws/src/cbf_safety_filter/data/rollouts/fullpool_candidates_seed20260520_n1500/scenario_1319_offline_rollout.npz,/home/simon/davide_fr3_ws/src/cbf_safety_filter/config/generated_scenarios_fullpool_candidates/scenario_1319.yaml,good,ok,3000,True,0,0.010691245306584156,0.02022373743780862,-0.00417456584345682,-0.011151998772269777,-0.017456307547325092,7.578870258293883e-06,0.02,hard_good
scenario_1249,/home/simon/davide_fr3_ws/src/cbf_safety_filter/data/rollouts/fullpool_candidates_seed20260520_n1500/scenario_1249_offline_rollout.npz,/home/simon/davide_fr3_ws/src/cbf_safety_filter/config/generated_scenarios_fullpool_candidates/scenario_1249.yaml,good,ok,3000,True,0,0.01986533957228934,0.015011805386621616,-0.004102626274607321,-0.05420231008081667,-0.013952244839866568,0.00999248693684973,0.02,hard_good
scenario_0717,/home/simon/davide_fr3_ws/src/cbf_safety_filter/data/rollouts/fullpool_candidates_seed20260520_n1500/scenario_0717_offline_rollout.npz,/home/simon/davide_fr3_ws/src/cbf_safety_filter/config/generated_scenarios_fullpool_candidates/scenario_0717.yaml,good,ok,3000,True,0,0.019366374043898505,0.03884854679554265,-0.003991539748991101,-0.033484719585033906,-0.010763614091459567,0.00026075992243090277,0.02,hard_good
scenario_0369,/home/simon/davide_fr3_ws/src/cbf_safety_filter/data/rollouts/fullpool_candidates_seed20260520_n1500/scenario_0369_offline_rollout.npz,/home/simon/davide_fr3_ws/src/cbf_safety_filter/config/generated_scenarios_fullpool_candidates/scenario_0369.yaml,good,ok,3000,True,0,0.005137727142080736,0.0008414622534412067,-0.003987779248855157,-0.054634774497644006,-0.025322918109643766,0.0012853137519214116,0.02,hard_good
scenario_1224,/home/simon/davide_fr3_ws/src/cbf_safety_filter/data/rollouts/fullpool_candidates_seed20260520_n1500/scenario_1224_offline_rollout.npz,/home/simon/davide_fr3_ws/src/cbf_safety_filter/config/generated_scenarios_fullpool_candidates/scenario_1224.yaml,good,ok,3000,True,0,0.03401056204599234,0.06858703183305932,-0.003937114440728579,-0.062083546958898846,-0.015839673602763463,5.313626454690737e-06,0.02,hard_good
scenario_0181,/home/simon/davide_fr3_ws/src/cbf_safety_filter/data/rollouts/fullpool_candidates_seed20260520_n1500/scenario_0181_offline_rollout.npz,/home/simon/davide_fr3_ws/src/cbf_safety_filter/config/generated_scenarios_fullpool_candidates/scenario_0181.yaml,good,ok,3000,True,0,0.00576879687792959,0.06227570277653785,-0.003855607082788169,-0.03677944838059477,-0.010317879478436764,0.007090953251466306,0.02,hard_good
scenario_0851,/home/simon/davide_fr3_ws/src/cbf_safety_filter/data/rollouts/fullpool_candidates_seed20260520_n1500/scenario_0851_offline_rollout.npz,/home/simon/davide_fr3_ws/src/cbf_safety_filter/config/generated_scenarios_fullpool_candidates/scenario_0851.yaml,good,ok,3000,True,0,0.04556533956539203,0.11485650475726232,-0.0038508849724213055,-0.25125387646293584,-0.01139989268514957,0.00020506957612581998,0.02,hard_good
scenario_1424,/home/simon/davide_fr3_ws/src/cbf_safety_filter/data/rollouts/fullpool_candidates_seed20260520_n1500/scenario_1424_offline_rollout.npz,/home/simon/davide_fr3_ws/src/cbf_safety_filter/config/generated_scenarios_fullpool_candidates/scenario_1424.yaml,good,ok,3000,True,0,0.03630561348858978,0.04875861981241,-0.00380616408951881,-0.04865309564386859,-0.009059259730628627,0.00034264936583920007,0.02,hard_good
scenario_1054,/home/simon/davide_fr3_ws/src/cbf_safety_filter/data/rollouts/fullpool_candidates_seed20260520_n1500/scenario_1054_offline_rollout.npz,/home/simon/davide_fr3_ws/src/cbf_safety_filter/config/generated_scenarios_fullpool_candidates/scenario_1054.yaml,good,ok,3000,True,0,0.00472881541044767,0.017086532507124864,-0.003794306986520446,-0.00894754235570104,-0.011976074668444664,5.9679705133236844e-05,0.02,hard_good
scenario_0249,/home/simon/davide_fr3_ws/src/cbf_safety_filter/data/rollouts/fullpool_candidates_seed20260520_n1500/scenario_0249_offline_rollout.npz,/home/simon/davide_fr3_ws/src/cbf_safety_filter/config/generated_scenarios_fullpool_candidates/scenario_0249.yaml,good,ok,3000,True,0,0.01780987585195866,0.025468715714912046,-0.0037916632075987444,-0.03287237501443036,-0.011478712863051882,0.0002700223955047273,0.02,hard_good
scenario_0234,/home/simon/davide_fr3_ws/src/cbf_safety_filter/data/rollouts/fullpool_candidates_seed20260520_n1500/scenario_0234_offline_rollout.npz,/home/simon/davide_fr3_ws/src/cbf_safety_filter/config/generated_scenarios_fullpool_candidates/scenario_0234.yaml,good,ok,3000,True,0,0.00193149410914795,0.0004920742731037379,-0.003759713585608924,-0.047398928190569345,-0.01585400407429524,0.006103306756834853,0.02,hard_good
scenario_1240,/home/simon/davide_fr3_ws/src/cbf_safety_filter/data/rollouts/fullpool_candidates_seed20260520_n1500/scenario_1240_offline_rollout.npz,/home/simon/davide_fr3_ws/src/cbf_safety_filter/config/generated_scenarios_fullpool_candidates/scenario_1240.yaml,good,ok,3000,True,0,0.021723892377698215,0.04830256020797541,-0.0037386030733888784,-0.021506565828348936,-0.01207866015056508,4.933643918974719e-05,0.02,hard_good
scenario_0878,/home/simon/davide_fr3_ws/src/cbf_safety_filter/data/rollouts/fullpool_candidates_seed20260520_n1500/scenario_0878_offline_rollout.npz,/home/simon/davide_fr3_ws/src/cbf_safety_filter/config/generated_scenarios_fullpool_candidates/scenario_0878.yaml,good,ok,3000,True,0,0.00112689239878044,0.003932594893107186,-0.0037367297642702524,-0.16501723446947075,-0.009345217124574007,1.7599452917193074e-05,0.02,hard_good
scenario_1078,/home/simon/davide_fr3_ws/src/cbf_safety_filter/data/rollouts/fullpool_candidates_seed20260520_n1500/scenario_1078_offline_rollout.npz,/home/simon/davide_fr3_ws/src/cbf_safety_filter/config/generated_scenarios_fullpool_candidates/scenario_1078.yaml,good,ok,3000,True,0,0.005650533560375506,0.010039721247647487,-0.0037115615729624053,-0.0851320658177302,-0.013258339491974247,0.0014418107506356523,0.02,hard_good
scenario_1104,/home/simon/davide_fr3_ws/src/cbf_safety_filter/data/rollouts/fullpool_candidates_seed20260520_n1500/scenario_1104_offline_rollout.npz,/home/simon/davide_fr3_ws/src/cbf_safety_filter/config/generated_scenarios_fullpool_candidates/scenario_1104.yaml,good,ok,3000,True,0,0.04729779759598074,0.049129911841268664,-0.003604193371610751,-0.06216422356609794,-0.012474471864314274,0.0006608807941578969,0.02,hard_good
scenario_0867,/home/simon/davide_fr3_ws/src/cbf_safety_filter/data/rollouts/fullpool_candidates_seed20260520_n1500/scenario_0867_offline_rollout.npz,/home/simon/davide_fr3_ws/src/cbf_safety_filter/config/generated_scenarios_fullpool_candidates/scenario_0867.yaml,good,ok,3000,True,0,0.03662775036805649,0.018515867542534648,-0.0034785364384349628,-0.32609297871505505,-0.013175028158005808,0.0008825339236523199,0.02,hard_good
scenario_1004,/home/simon/davide_fr3_ws/src/cbf_safety_filter/data/rollouts/fullpool_candidates_seed20260520_n1500/scenario_1004_offline_rollout.npz,/home/simon/davide_fr3_ws/src/cbf_safety_filter/config/generated_scenarios_fullpool_candidates/scenario_1004.yaml,good,ok,3000,True,0,0.013289090277472373,0.032189609786447096,-0.003406373387527341,-0.23633112707034268,-0.014243267820585062,0.002605147100855409,0.02,hard_good
scenario_1475,/home/simon/davide_fr3_ws/src/cbf_safety_filter/data/rollouts/fullpool_candidates_seed20260520_n1500/scenario_1475_offline_rollout.npz,/home/simon/davide_fr3_ws/src/cbf_safety_filter/config/generated_scenarios_fullpool_candidates/scenario_1475.yaml,good,ok,3000,True,0,0.061262636665214684,0.11830706330253107,-0.003265905172676822,-0.0759088256343608,-0.020472344873977102,0.0011009339816513903,0.02,hard_good
scenario_0973,/home/simon/davide_fr3_ws/src/cbf_safety_filter/data/rollouts/fullpool_candidates_seed20260520_n1500/scenario_0973_offline_rollout.npz,/home/simon/davide_fr3_ws/src/cbf_safety_filter/config/generated_scenarios_fullpool_candidates/scenario_0973.yaml,good,ok,3000,True,0,0.04820252284503566,0.07942666298587399,-0.003194235262715117,-0.1374944075617176,-0.014310606628119699,0.0016465193742767642,0.02,hard_good
scenario_0535,/home/simon/davide_fr3_ws/src/cbf_safety_filter/data/rollouts/fullpool_candidates_seed20260520_n1500/scenario_0535_offline_rollout.npz,/home/simon/davide_fr3_ws/src/cbf_safety_filter/config/generated_scenarios_fullpool_candidates/scenario_0535.yaml,good,ok,3000,True,0,0.0031217827847162746,0.010973008183538639,-0.003124706308049308,-0.0781246977791232,-0.019464238205356477,6.280953294333961e-05,0.02,hard_good
scenario_1172,/home/simon/davide_fr3_ws/src/cbf_safety_filter/data/rollouts/fullpool_candidates_seed20260520_n1500/scenario_1172_offline_rollout.npz,/home/simon/davide_fr3_ws/src/cbf_safety_filter/config/generated_scenarios_fullpool_candidates/scenario_1172.yaml,good,ok,3000,True,0,0.0010227721575103259,0.0015554195288974362,-0.0030811280993945714,-0.041525359768100706,-0.01269494836918933,0.0018854778500782949,0.02,hard_good
scenario_0046,/home/simon/davide_fr3_ws/src/cbf_safety_filter/data/rollouts/fullpool_candidates_seed20260520_n1500/scenario_0046_offline_rollout.npz,/home/simon/davide_fr3_ws/src/cbf_safety_filter/config/generated_scenarios_fullpool_candidates/scenario_0046.yaml,good,ok,3000,True,0,0.014337718070034883,0.03640037529775313,-0.003069455713540092,-0.0810716647356283,-0.01907367000570305,8.03625567595182e-05,0.02,hard_good
scenario_0907,/home/simon/davide_fr3_ws/src/cbf_safety_filter/data/rollouts/fullpool_candidates_seed20260520_n1500/scenario_0907_offline_rollout.npz,/home/simon/davide_fr3_ws/src/cbf_safety_filter/config/generated_scenarios_fullpool_candidates/scenario_0907.yaml,good,ok,3000,True,0,0.04218791306349598,0.07083788622787798,-0.003001125134723729,-0.19099505047245385,-0.00885429461729012,0.0015754738022829597,0.02,hard_good
scenario_0071,/home/simon/davide_fr3_ws/src/cbf_safety_filter/data/rollouts/fullpool_candidates_seed20260520_n1500/scenario_0071_offline_rollout.npz,/home/simon/davide_fr3_ws/src/cbf_safety_filter/config/generated_scenarios_fullpool_candidates/scenario_0071.yaml,good,ok,3000,True,0,0.0011868141713660615,0.0004179779715680612,-0.0030000305114861268,-0.04911962071483231,-0.012060955350679484,0.0008699995710866931,0.02,hard_good
scenario_0089,/home/simon/davide_fr3_ws/src/cbf_safety_filter/data/rollouts/fullpool_candidates_seed20260520_n1500/scenario_0089_offline_rollout.npz,/home/simon/davide_fr3_ws/src/cbf_safety_filter/config/generated_scenarios_fullpool_candidates/scenario_0089.yaml,good,ok,3000,True,0,0.00030480346356464433,0.0010798090845661706,-0.002974757839905702,-0.026812437568827147,-0.015607988021223915,3.2819191479654254e-05,0.02,hard_good
scenario_0013,/home/simon/davide_fr3_ws/src/cbf_safety_filter/data/rollouts/fullpool_candidates_seed20260520_n1500/scenario_0013_offline_rollout.npz,/home/simon/davide_fr3_ws/src/cbf_safety_filter/config/generated_scenarios_fullpool_candidates/scenario_0013.yaml,good,ok,3000,True,0,0.0321187465730049,0.06404737999118995,-0.002971246051827553,-0.13315308494211803,-0.009609766846524842,0.0010402640282496448,0.02,hard_good
scenario_0552,/home/simon/davide_fr3_ws/src/cbf_safety_filter/data/rollouts/fullpool_candidates_seed20260520_n1500/scenario_0552_offline_rollout.npz,/home/simon/davide_fr3_ws/src/cbf_safety_filter/config/generated_scenarios_fullpool_candidates/scenario_0552.yaml,good,ok,3000,True,0,0.06879284911703828,0.12260400659943621,-0.002953129550946884,-0.2047381913750923,-0.009568463362897545,0.0002774072874057147,0.02,hard_good
scenario_0219,/home/simon/davide_fr3_ws/src/cbf_safety_filter/data/rollouts/fullpool_candidates_seed20260520_n1500/scenario_0219_offline_rollout.npz,/home/simon/davide_fr3_ws/src/cbf_safety_filter/config/generated_scenarios_fullpool_candidates/scenario_0219.yaml,good,ok,3000,True,0,0.00076325147405025,0.0005062383722034616,-0.002930516137376507,-0.030850331676657183,-0.009569646185875053,5.982194015253048e-05,0.02,hard_good
scenario_0180,/home/simon/davide_fr3_ws/src/cbf_safety_filter/data/rollouts/fullpool_candidates_seed20260520_n1500/scenario_0180_offline_rollout.npz,/home/simon/davide_fr3_ws/src/cbf_safety_filter/config/generated_scenarios_fullpool_candidates/scenario_0180.yaml,good,ok,3000,True,0,0.0030782641218028133,0.004565078077948871,-0.00292950513220247,-0.021882128134722154,-0.00979759729590407,1.0919451512505082e-06,0.02,hard_good
scenario_1056,/home/simon/davide_fr3_ws/src/cbf_safety_filter/data/rollouts/fullpool_candidates_seed20260520_n1500/scenario_1056_offline_rollout.npz,/home/simon/davide_fr3_ws/src/cbf_safety_filter/config/generated_scenarios_fullpool_candidates/scenario_1056.yaml,good,ok,3000,True,0,0.02175753642184667,0.05475838926551762,-0.0028460062055879858,-0.17072032792705363,-0.008598158216439666,9.780168605939999e-06,0.02,hard_good
scenario_0754,/home/simon/davide_fr3_ws/src/cbf_safety_filter/data/rollouts/fullpool_candidates_seed20260520_n1500/scenario_0754_offline_rollout.npz,/home/simon/davide_fr3_ws/src/cbf_safety_filter/config/generated_scenarios_fullpool_candidates/scenario_0754.yaml,good,ok,3000,True,0,0.017325990992185288,0.03526619248767761,-0.0028347638104701655,-0.05173914565709764,-0.010916214121253598,6.253391470044556e-05,0.02,hard_good
scenario_0498,/home/simon/davide_fr3_ws/src/cbf_safety_filter/data/rollouts/fullpool_candidates_seed20260520_n1500/scenario_0498_offline_rollout.npz,/home/simon/davide_fr3_ws/src/cbf_safety_filter/config/generated_scenarios_fullpool_candidates/scenario_0498.yaml,good,ok,3000,True,0,4.2989535128046263e-05,0.00014768986420713327,-0.002799236608946166,-0.17014512274209304,-0.01103972871936236,1.0951465376448763e-06,0.02,hard_good
scenario_1208,/home/simon/davide_fr3_ws/src/cbf_safety_filter/data/rollouts/fullpool_candidates_seed20260520_n1500/scenario_1208_offline_rollout.npz,/home/simon/davide_fr3_ws/src/cbf_safety_filter/config/generated_scenarios_fullpool_candidates/scenario_1208.yaml,good,ok,3000,True,0,0.046688301272836706,0.07700607234909765,-0.002798794975297024,-0.3295961151233202,-0.010876564628708008,0.000859444474665874,0.02,hard_good
scenario_1136,/home/simon/davide_fr3_ws/src/cbf_safety_filter/data/rollouts/fullpool_candidates_seed20260520_n1500/scenario_1136_offline_rollout.npz,/home/simon/davide_fr3_ws/src/cbf_safety_filter/config/generated_scenarios_fullpool_candidates/scenario_1136.yaml,good,ok,3000,True,0,0.013314862329903004,0.025461067445539998,-0.0027965494713663754,-0.007470507701232668,-0.010668498264620935,0.013299429177299893,0.02,hard_good
scenario_0256,/home/simon/davide_fr3_ws/src/cbf_safety_filter/data/rollouts/fullpool_candidates_seed20260520_n1500/scenario_0256_offline_rollout.npz,/home/simon/davide_fr3_ws/src/cbf_safety_filter/config/generated_scenarios_fullpool_candidates/scenario_0256.yaml,good,ok,3000,True,0,0.03333428766175737,0.003711411816479354,-0.0027918956060244728,-0.25570333197476247,-0.011810577550797216,0.000422928484715526,0.02,hard_good
scenario_0887,/home/simon/davide_fr3_ws/src/cbf_safety_filter/data/rollouts/fullpool_candidates_seed20260520_n1500/scenario_0887_offline_rollout.npz,/home/simon/davide_fr3_ws/src/cbf_safety_filter/config/generated_scenarios_fullpool_candidates/scenario_0887.yaml,good,ok,3000,True,0,0.04301554354644567,0.060702319060672194,-0.002779464619010621,-0.1555679260433772,-0.01705799988354187,0.00014090129255996136,0.02,hard_good
scenario_0460,/home/simon/davide_fr3_ws/src/cbf_safety_filter/data/rollouts/fullpool_candidates_seed20260520_n1500/scenario_0460_offline_rollout.npz,/home/simon/davide_fr3_ws/src/cbf_safety_filter/config/generated_scenarios_fullpool_candidates/scenario_0460.yaml,good,ok,3000,True,0,0.0,3.941000051617666e-29,-0.0027644180281691175,-0.005196570492295143,-0.007291899122628648,7.801172077987098e-07,0.02,hard_good
scenario_0532,/home/simon/davide_fr3_ws/src/cbf_safety_filter/data/rollouts/fullpool_candidates_seed20260520_n1500/scenario_0532_offline_rollout.npz,/home/simon/davide_fr3_ws/src/cbf_safety_filter/config/generated_scenarios_fullpool_candidates/scenario_0532.yaml,good,ok,3000,True,0,0.007939835125081653,0.002408964440231639,-0.0027463967528726166,-0.043631994948122796,-0.006653962739659985,0.0013681810124119157,0.02,hard_good
scenario_0792,/home/simon/davide_fr3_ws/src/cbf_safety_filter/data/rollouts/fullpool_candidates_seed20260520_n1500/scenario_0792_offline_rollout.npz,/home/simon/davide_fr3_ws/src/cbf_safety_filter/config/generated_scenarios_fullpool_candidates/scenario_0792.yaml,good,ok,3000,True,0,0.0012007981154304667,0.002625280107951905,-0.0027306184109286633,-0.01112737334483126,-0.009573509117182633,1.4331721247161549e-05,0.02,hard_good
scenario_0896,/home/simon/davide_fr3_ws/src/cbf_safety_filter/data/rollouts/fullpool_candidates_seed20260520_n1500/scenario_0896_offline_rollout.npz,/home/simon/davide_fr3_ws/src/cbf_safety_filter/config/generated_scenarios_fullpool_candidates/scenario_0896.yaml,good,ok,3000,True,0,0.00164633733135406,0.0032648448494482533,-0.0026946063777951064,-0.023551549943204683,-0.007474099287937658,8.380794450679617e-07,0.02,hard_good
scenario_0639,/home/simon/davide_fr3_ws/src/cbf_safety_filter/data/rollouts/fullpool_candidates_seed20260520_n1500/scenario_0639_offline_rollout.npz,/home/simon/davide_fr3_ws/src/cbf_safety_filter/config/generated_scenarios_fullpool_candidates/scenario_0639.yaml,good,ok,3000,True,0,0.026904664569106562,0.05378748282279794,-0.002643632763368556,-0.10202530670875909,-0.006555912019966054,0.0001388607358930328,0.02,hard_good
scenario_0084,/home/simon/davide_fr3_ws/src/cbf_safety_filter/data/rollouts/fullpool_candidates_seed20260520_n1500/scenario_0084_offline_rollout.npz,/home/simon/davide_fr3_ws/src/cbf_safety_filter/config/generated_scenarios_fullpool_candidates/scenario_0084.yaml,good,ok,3000,True,0,0.019650876599579786,0.03519718202958666,-0.0026347657915827064,-0.059823105845972,-0.00762427923391687,0.00138897496904547,0.02,hard_good
scenario_0593,/home/simon/davide_fr3_ws/src/cbf_safety_filter/data/rollouts/fullpool_candidates_seed20260520_n1500/scenario_0593_offline_rollout.npz,/home/simon/davide_fr3_ws/src/cbf_safety_filter/config/generated_scenarios_fullpool_candidates/scenario_0593.yaml,good,ok,3000,True,0,0.011078461045339178,0.025748662407811474,-0.0026341329493701597,-0.051547008514550796,-0.00931156097597341,0.0003805946780610706,0.02,hard_good
scenario_0972,/home/simon/davide_fr3_ws/src/cbf_safety_filter/data/rollouts/fullpool_candidates_seed20260520_n1500/scenario_0972_offline_rollout.npz,/home/simon/davide_fr3_ws/src/cbf_safety_filter/config/generated_scenarios_fullpool_candidates/scenario_0972.yaml,good,ok,3000,True,0,0.01350510684259241,0.007157818491229782,-0.002631903614643289,-0.18484775213251275,-0.011100414224844563,0.00019046305542802828,0.02,hard_good
scenario_1053,/home/simon/davide_fr3_ws/src/cbf_safety_filter/data/rollouts/fullpool_candidates_seed20260520_n1500/scenario_1053_offline_rollout.npz,/home/simon/davide_fr3_ws/src/cbf_safety_filter/config/generated_scenarios_fullpool_candidates/scenario_1053.yaml,good,ok,3000,True,0,0.008092553592213517,0.01954858305661826,-0.0026087032614448384,-0.03907396476911576,-0.008645106739641195,0.0020647687242767777,0.02,hard_good
scenario_0693,/home/simon/davide_fr3_ws/src/cbf_safety_filter/data/rollouts/fullpool_candidates_seed20260520_n1500/scenario_0693_offline_rollout.npz,/home/simon/davide_fr3_ws/src/cbf_safety_filter/config/generated_scenarios_fullpool_candidates/scenario_0693.yaml,good,ok,3000,True,0,0.003541249742406178,0.0014044596961213674,-0.0025937838948432122,-0.022418313248738934,-0.007915491353424786,0.00022581072427216043,0.02,hard_good
scenario_1356,/home/simon/davide_fr3_ws/src/cbf_safety_filter/data/rollouts/fullpool_candidates_seed20260520_n1500/scenario_1356_offline_rollout.npz,/home/simon/davide_fr3_ws/src/cbf_safety_filter/config/generated_scenarios_fullpool_candidates/scenario_1356.yaml,good,ok,3000,True,0,0.004155799839269654,0.018696260226824114,-0.0025872328924054673,-0.18640821790716983,-0.010723085105496799,0.00041380817835770766,0.02,hard_good
scenario_0608,/home/simon/davide_fr3_ws/src/cbf_safety_filter/data/rollouts/fullpool_candidates_seed20260520_n1500/scenario_0608_offline_rollout.npz,/home/simon/davide_fr3_ws/src/cbf_safety_filter/config/generated_scenarios_fullpool_candidates/scenario_0608.yaml,good,ok,3000,True,0,0.00010962222785005846,0.0003169427439773883,-0.0025813011664656896,-0.05036817475697822,-0.007946035601710755,1.748178869125117e-05,0.02,hard_good
scenario_0542,/home/simon/davide_fr3_ws/src/cbf_safety_filter/data/rollouts/fullpool_candidates_seed20260520_n1500/scenario_0542_offline_rollout.npz,/home/simon/davide_fr3_ws/src/cbf_safety_filter/config/generated_scenarios_fullpool_candidates/scenario_0542.yaml,good,ok,3000,True,0,0.005326755546304591,0.004984060297822435,-0.0025636264631254957,-0.006704065334808733,-0.008668771562163169,0.00022073178735938645,0.02,hard_good
scenario_1029,/home/simon/davide_fr3_ws/src/cbf_safety_filter/data/rollouts/fullpool_candidates_seed20260520_n1500/scenario_1029_offline_rollout.npz,/home/simon/davide_fr3_ws/src/cbf_safety_filter/config/generated_scenarios_fullpool_candidates/scenario_1029.yaml,good,ok,3000,True,0,0.02330996380658482,0.02863049018934491,-0.0025480197083048613,-0.10248564907268432,-0.007281757271167588,0.000544202146940354,0.02,hard_good
scenario_1039,/home/simon/davide_fr3_ws/src/cbf_safety_filter/data/rollouts/fullpool_candidates_seed20260520_n1500/scenario_1039_offline_rollout.npz,/home/simon/davide_fr3_ws/src/cbf_safety_filter/config/generated_scenarios_fullpool_candidates/scenario_1039.yaml,good,ok,3000,True,0,0.020702452393968687,0.03625268449105276,-0.0025406455765131716,-0.043546647557963725,-0.007266067188333336,0.000738673576675077,0.02,hard_good
scenario_1251,/home/simon/davide_fr3_ws/src/cbf_safety_filter/data/rollouts/fullpool_candidates_seed20260520_n1500/scenario_1251_offline_rollout.npz,/home/simon/davide_fr3_ws/src/cbf_safety_filter/config/generated_scenarios_fullpool_candidates/scenario_1251.yaml,good,ok,3000,True,0,0.022261810795189775,0.045217940227713284,-0.00252668950837949,-0.18851429348002136,-0.009194463625869453,4.4968704939611425e-05,0.02,hard_good
scenario_0222,/home/simon/davide_fr3_ws/src/cbf_safety_filter/data/rollouts/fullpool_candidates_seed20260520_n1500/scenario_0222_offline_rollout.npz,/home/simon/davide_fr3_ws/src/cbf_safety_filter/config/generated_scenarios_fullpool_candidates/scenario_0222.yaml,good,ok,3000,True,0,0.03283355925901853,0.0829405973553607,-0.0025238982303434285,-0.12628635413619665,-0.007353009048519793,0.0002692634026485165,0.02,hard_good
scenario_1235,/home/simon/davide_fr3_ws/src/cbf_safety_filter/data/rollouts/fullpool_candidates_seed20260520_n1500/scenario_1235_offline_rollout.npz,/home/simon/davide_fr3_ws/src/cbf_safety_filter/config/generated_scenarios_fullpool_candidates/scenario_1235.yaml,good,ok,3000,True,0,0.012176028962777571,0.029190373786251264,-0.002520127723604857,-0.26009653423215345,-0.0073637068124262905,0.0003212921307207322,0.02,hard_good
scenario_0774,/home/simon/davide_fr3_ws/src/cbf_safety_filter/data/rollouts/fullpool_candidates_seed20260520_n1500/scenario_0774_offline_rollout.npz,/home/simon/davide_fr3_ws/src/cbf_safety_filter/config/generated_scenarios_fullpool_candidates/scenario_0774.yaml,good,ok,3000,True,0,0.03541709780725937,0.07633008128209579,-0.0023949633799818897,-0.08031318336029253,-0.009146184782500094,0.010974730175738969,0.02,hard_good
scenario_0197,/home/simon/davide_fr3_ws/src/cbf_safety_filter/data/rollouts/fullpool_candidates_seed20260520_n1500/scenario_0197_offline_rollout.npz,/home/simon/davide_fr3_ws/src/cbf_safety_filter/config/generated_scenarios_fullpool_candidates/scenario_0197.yaml,good,ok,3000,True,0,0.003402227581089403,0.0008946133218065708,-0.0023029548975156966,-0.11105700572880017,-0.006905526417810753,0.00020304664364920785,0.02,hard_good
scenario_0831,/home/simon/davide_fr3_ws/src/cbf_safety_filter/data/rollouts/fullpool_candidates_seed20260520_n1500/scenario_0831_offline_rollout.npz,/home/simon/davide_fr3_ws/src/cbf_safety_filter/config/generated_scenarios_fullpool_candidates/scenario_0831.yaml,good,ok,3000,True,0,0.0039008614990552262,0.0014984074962853672,-0.0022746782357632063,-0.019114038678976375,-0.007649829947504738,0.0003608826594467998,0.02,hard_good
scenario_1336,/home/simon/davide_fr3_ws/src/cbf_safety_filter/data/rollouts/fullpool_candidates_seed20260520_n1500/scenario_1336_offline_rollout.npz,/home/simon/davide_fr3_ws/src/cbf_safety_filter/config/generated_scenarios_fullpool_candidates/scenario_1336.yaml,good,ok,3000,True,0,0.016550397423325182,0.033239413816253435,-0.0022683454705776686,-0.12385929559380748,-0.007627971887522983,0.0005366251473971643,0.02,hard_good
scenario_0817,/home/simon/davide_fr3_ws/src/cbf_safety_filter/data/rollouts/fullpool_candidates_seed20260520_n1500/scenario_0817_offline_rollout.npz,/home/simon/davide_fr3_ws/src/cbf_safety_filter/config/generated_scenarios_fullpool_candidates/scenario_0817.yaml,good,ok,3000,True,0,0.06180957317606835,0.06934855265062191,-0.0022571825522823977,-0.1738434479444642,-0.013561675530414707,0.00016677885823956708,0.02,hard_good
scenario_0846,/home/simon/davide_fr3_ws/src/cbf_safety_filter/data/rollouts/fullpool_candidates_seed20260520_n1500/scenario_0846_offline_rollout.npz,/home/simon/davide_fr3_ws/src/cbf_safety_filter/config/generated_scenarios_fullpool_candidates/scenario_0846.yaml,good,ok,3000,True,0,0.01109101005033043,0.022138454831088384,-0.0022524748055106807,-0.2519056838988594,-0.013530887317235604,1.4583398226322382e-05,0.02,hard_good
scenario_0806,/home/simon/davide_fr3_ws/src/cbf_safety_filter/data/rollouts/fullpool_candidates_seed20260520_n1500/scenario_0806_offline_rollout.npz,/home/simon/davide_fr3_ws/src/cbf_safety_filter/config/generated_scenarios_fullpool_candidates/scenario_0806.yaml,good,ok,3000,True,0,0.08860536959768893,0.16674907956468413,-0.0022483619633093914,-0.11716906234989766,-0.008249335844685929,0.0010740974015652981,0.02,hard_good
scenario_0628,/home/simon/davide_fr3_ws/src/cbf_safety_filter/data/rollouts/fullpool_candidates_seed20260520_n1500/scenario_0628_offline_rollout.npz,/home/simon/davide_fr3_ws/src/cbf_safety_filter/config/generated_scenarios_fullpool_candidates/scenario_0628.yaml,good,ok,3000,True,0,0.014267236821878707,0.024690794081271943,-0.0022467938087951615,-0.08479595645596136,-0.009793961044007968,3.2896946227740725e-05,0.02,hard_good
scenario_0674,/home/simon/davide_fr3_ws/src/cbf_safety_filter/data/rollouts/fullpool_candidates_seed20260520_n1500/scenario_0674_offline_rollout.npz,/home/simon/davide_fr3_ws/src/cbf_safety_filter/config/generated_scenarios_fullpool_candidates/scenario_0674.yaml,good,ok,3000,True,0,0.008654354719048338,0.02064678272469378,-0.002185522798888194,-0.06110425575527628,-0.005707934416339239,0.0002639542775177459,0.02,hard_good
scenario_0357,/home/simon/davide_fr3_ws/src/cbf_safety_filter/data/rollouts/fullpool_candidates_seed20260520_n1500/scenario_0357_offline_rollout.npz,/home/simon/davide_fr3_ws/src/cbf_safety_filter/config/generated_scenarios_fullpool_candidates/scenario_0357.yaml,good,ok,3000,True,0,1.6073915302984576e-06,2.990675590421629e-06,-0.0021179492130522573,-0.02684602351812962,-0.007809830332906997,3.3397305291433862e-06,0.02,hard_good
scenario_0070,/home/simon/davide_fr3_ws/src/cbf_safety_filter/data/rollouts/fullpool_candidates_seed20260520_n1500/scenario_0070_offline_rollout.npz,/home/simon/davide_fr3_ws/src/cbf_safety_filter/config/generated_scenarios_fullpool_candidates/scenario_0070.yaml,good,ok,3000,True,0,0.048361291548589896,0.13293747416658885,-0.0021071258636568557,-0.04414285666623535,-0.0053721991637625255,0.013497084195422471,0.02,hard_good
scenario_0553,/home/simon/davide_fr3_ws/src/cbf_safety_filter/data/rollouts/fullpool_candidates_seed20260520_n1500/scenario_0553_offline_rollout.npz,/home/simon/davide_fr3_ws/src/cbf_safety_filter/config/generated_scenarios_fullpool_candidates/scenario_0553.yaml,good,ok,3000,True,0,0.005414590783411716,0.003898179338070403,-0.002095370575120468,-0.04643594121285771,-0.010695899524483618,0.00029951986227622415,0.02,hard_good
scenario_0855,/home/simon/davide_fr3_ws/src/cbf_safety_filter/data/rollouts/fullpool_candidates_seed20260520_n1500/scenario_0855_offline_rollout.npz,/home/simon/davide_fr3_ws/src/cbf_safety_filter/config/generated_scenarios_fullpool_candidates/scenario_0855.yaml,good,ok,3000,True,0,0.029403039840609366,0.03052300326931033,-0.002088919295906575,-0.01689687607325348,-0.006568273289950882,0.003232248140488507,0.02,hard_good
scenario_1259,/home/simon/davide_fr3_ws/src/cbf_safety_filter/data/rollouts/fullpool_candidates_seed20260520_n1500/scenario_1259_offline_rollout.npz,/home/simon/davide_fr3_ws/src/cbf_safety_filter/config/generated_scenarios_fullpool_candidates/scenario_1259.yaml,good,ok,3000,True,0,0.02828790422702392,0.03934137193322594,-0.002072354665741922,-0.10971436812196927,-0.0072523955887998925,0.003230868406780868,0.02,hard_good
scenario_1463,/home/simon/davide_fr3_ws/src/cbf_safety_filter/data/rollouts/fullpool_candidates_seed20260520_n1500/scenario_1463_offline_rollout.npz,/home/simon/davide_fr3_ws/src/cbf_safety_filter/config/generated_scenarios_fullpool_candidates/scenario_1463.yaml,good,ok,3000,True,0,0.000712241458365008,0.0014218542933654402,-0.0018958334208769544,-0.023823635233413153,-0.006241247050390197,3.2382002009445594e-07,0.02,hard_good
scenario_1301,/home/simon/davide_fr3_ws/src/cbf_safety_filter/data/rollouts/fullpool_candidates_seed20260520_n1500/scenario_1301_offline_rollout.npz,/home/simon/davide_fr3_ws/src/cbf_safety_filter/config/generated_scenarios_fullpool_candidates/scenario_1301.yaml,good,ok,3000,True,0,0.020186825876037814,0.00711523624251429,-0.0018693780514246507,-0.037623957674919134,-0.006502235076228519,0.0006966825645852569,0.02,hard_good
scenario_0947,/home/simon/davide_fr3_ws/src/cbf_safety_filter/data/rollouts/fullpool_candidates_seed20260520_n1500/scenario_0947_offline_rollout.npz,/home/simon/davide_fr3_ws/src/cbf_safety_filter/config/generated_scenarios_fullpool_candidates/scenario_0947.yaml,good,ok,3000,True,0,0.0165883763883488,0.0412560237263527,-0.0018640024159747096,-0.02834226802282895,-0.004732562888788372,0.0002343735702899321,0.02,hard_good
scenario_0684,/home/simon/davide_fr3_ws/src/cbf_safety_filter/data/rollouts/fullpool_candidates_seed20260520_n1500/scenario_0684_offline_rollout.npz,/home/simon/davide_fr3_ws/src/cbf_safety_filter/config/generated_scenarios_fullpool_candidates/scenario_0684.yaml,good,ok,3000,True,0,0.07964354889339637,0.0780313415389583,-0.001860614839247026,-0.11050054991344505,-0.007831922795090832,0.001265733556272816,0.02,hard_good
scenario_0627,/home/simon/davide_fr3_ws/src/cbf_safety_filter/data/rollouts/fullpool_candidates_seed20260520_n1500/scenario_0627_offline_rollout.npz,/home/simon/davide_fr3_ws/src/cbf_safety_filter/config/generated_scenarios_fullpool_candidates/scenario_0627.yaml,good,ok,3000,True,0,0.002146379166887112,0.0016524799305307567,-0.0018361502837669248,-0.004038207544887769,-0.006937710263114294,0.0003499494246102287,0.02,hard_good
scenario_0832,/home/simon/davide_fr3_ws/src/cbf_safety_filter/data/rollouts/fullpool_candidates_seed20260520_n1500/scenario_0832_offline_rollout.npz,/home/simon/davide_fr3_ws/src/cbf_safety_filter/config/generated_scenarios_fullpool_candidates/scenario_0832.yaml,good,ok,3000,True,0,0.010810682589010155,0.04349847636724898,-0.0018253039787202475,-0.06422685882274742,-0.005623650589563128,9.35815991852961e-05,0.02,hard_good
scenario_0688,/home/simon/davide_fr3_ws/src/cbf_safety_filter/data/rollouts/fullpool_candidates_seed20260520_n1500/scenario_0688_offline_rollout.npz,/home/simon/davide_fr3_ws/src/cbf_safety_filter/config/generated_scenarios_fullpool_candidates/scenario_0688.yaml,good,ok,3000,True,0,0.004134583593498784,0.006251423440930189,-0.0017539729090979145,-0.00435829665229322,-0.007194137546349441,4.700354883855406e-05,0.02,hard_good
scenario_1255,/home/simon/davide_fr3_ws/src/cbf_safety_filter/data/rollouts/fullpool_candidates_seed20260520_n1500/scenario_1255_offline_rollout.npz,/home/simon/davide_fr3_ws/src/cbf_safety_filter/config/generated_scenarios_fullpool_candidates/scenario_1255.yaml,good,ok,3000,True,0,0.014195752196908162,0.03202071578649601,-0.0017482842127989097,-0.004913094822452996,-0.00668522147254233,0.0005742109921162848,0.02,hard_good
scenario_0373,/home/simon/davide_fr3_ws/src/cbf_safety_filter/data/rollouts/fullpool_candidates_seed20260520_n1500/scenario_0373_offline_rollout.npz,/home/simon/davide_fr3_ws/src/cbf_safety_filter/config/generated_scenarios_fullpool_candidates/scenario_0373.yaml,good,ok,3000,True,0,0.03206896124736546,0.08745313609888056,-0.0017215682779499128,-0.1992729268238398,-0.004228111831823839,0.0020118061007038186,0.02,hard_good
scenario_1043,/home/simon/davide_fr3_ws/src/cbf_safety_filter/data/rollouts/fullpool_candidates_seed20260520_n1500/scenario_1043_offline_rollout.npz,/home/simon/davide_fr3_ws/src/cbf_safety_filter/config/generated_scenarios_fullpool_candidates/scenario_1043.yaml,good,ok,3000,True,0,0.02464360535226271,0.03919103127588202,-0.0016980471617530236,-0.16902302213398274,-0.006682124014971161,0.0006581851428528411,0.02,hard_good
scenario_0160,/home/simon/davide_fr3_ws/src/cbf_safety_filter/data/rollouts/fullpool_candidates_seed20260520_n1500/scenario_0160_offline_rollout.npz,/home/simon/davide_fr3_ws/src/cbf_safety_filter/config/generated_scenarios_fullpool_candidates/scenario_0160.yaml,good,ok,3000,True,0,0.0013698113934123568,0.0004784867656610226,-0.001696766848209269,-0.19667200678590102,-0.00532783404515752,1.6376879989540374e-05,0.02,hard_good
scenario_0636,/home/simon/davide_fr3_ws/src/cbf_safety_filter/data/rollouts/fullpool_candidates_seed20260520_n1500/scenario_0636_offline_rollout.npz,/home/simon/davide_fr3_ws/src/cbf_safety_filter/config/generated_scenarios_fullpool_candidates/scenario_0636.yaml,good,ok,3000,True,0,0.004155968180388752,0.013946238169975603,-0.0016763400135262792,-0.01369416289999402,-0.005934675400975087,0.0005159530869723689,0.02,hard_good
scenario_0783,/home/simon/davide_fr3_ws/src/cbf_safety_filter/data/rollouts/fullpool_candidates_seed20260520_n1500/scenario_0783_offline_rollout.npz,/home/simon/davide_fr3_ws/src/cbf_safety_filter/config/generated_scenarios_fullpool_candidates/scenario_0783.yaml,good,ok,3000,True,0,0.004630316661775883,0.011028503832130263,-0.0016405008949463493,-0.12285650349668722,-0.004348561000313944,0.00017163228656036809,0.02,hard_good
scenario_0633,/home/simon/davide_fr3_ws/src/cbf_safety_filter/data/rollouts/fullpool_candidates_seed20260520_n1500/scenario_0633_offline_rollout.npz,/home/simon/davide_fr3_ws/src/cbf_safety_filter/config/generated_scenarios_fullpool_candidates/scenario_0633.yaml,good,ok,3000,True,0,0.014134159020296824,0.03924846395898045,-0.0016384456229020412,-0.030397943584650727,-0.0064001827841965175,0.018736821122970326,0.02,hard_good
scenario_1152,/home/simon/davide_fr3_ws/src/cbf_safety_filter/data/rollouts/fullpool_candidates_seed20260520_n1500/scenario_1152_offline_rollout.npz,/home/simon/davide_fr3_ws/src/cbf_safety_filter/config/generated_scenarios_fullpool_candidates/scenario_1152.yaml,good,ok,3000,True,0,0.008384673458454221,0.028163249341324203,-0.0016319595365609854,-0.04460139450558159,-0.005448000817945303,0.004568814268726788,0.02,hard_good
scenario_1328,/home/simon/davide_fr3_ws/src/cbf_safety_filter/data/rollouts/fullpool_candidates_seed20260520_n1500/scenario_1328_offline_rollout.npz,/home/simon/davide_fr3_ws/src/cbf_safety_filter/config/generated_scenarios_fullpool_candidates/scenario_1328.yaml,good,ok,3000,True,0,0.04188521505533016,0.062390745904255765,-0.0016302180141143652,-0.10789956621514962,-0.004418152341255782,0.0005788428463109682,0.02,hard_good
scenario_0455,/home/simon/davide_fr3_ws/src/cbf_safety_filter/data/rollouts/fullpool_candidates_seed20260520_n1500/scenario_0455_offline_rollout.npz,/home/simon/davide_fr3_ws/src/cbf_safety_filter/config/generated_scenarios_fullpool_candidates/scenario_0455.yaml,good,ok,3000,True,0,0.009830701283569353,0.01773460012737661,-0.0015935989710244916,-0.005541290628340474,-0.005126192469162627,7.279147136529495e-06,0.02,hard_good
scenario_0926,/home/simon/davide_fr3_ws/src/cbf_safety_filter/data/rollouts/fullpool_candidates_seed20260520_n1500/scenario_0926_offline_rollout.npz,/home/simon/davide_fr3_ws/src/cbf_safety_filter/config/generated_scenarios_fullpool_candidates/scenario_0926.yaml,good,ok,3000,True,0,0.0010632694556670444,0.0025392559291301433,-0.0015112976987912766,-0.0035294857162529282,-0.005100575889845221,3.5490141780146096e-05,0.02,hard_good
scenario_0564,/home/simon/davide_fr3_ws/src/cbf_safety_filter/data/rollouts/fullpool_candidates_seed20260520_n1500/scenario_0564_offline_rollout.npz,/home/simon/davide_fr3_ws/src/cbf_safety_filter/config/generated_scenarios_fullpool_candidates/scenario_0564.yaml,good,ok,3000,True,0,0.032216221175756066,0.06240435354795687,-0.0015024667155415818,-0.3354364201601244,-0.008774798957106797,0.000585700525020645,0.02,hard_good
scenario_0844,/home/simon/davide_fr3_ws/src/cbf_safety_filter/data/rollouts/fullpool_candidates_seed20260520_n1500/scenario_0844_offline_rollout.npz,/home/simon/davide_fr3_ws/src/cbf_safety_filter/config/generated_scenarios_fullpool_candidates/scenario_0844.yaml,good,ok,3000,True,0,0.012930136714173073,0.004960358371996095,-0.001493508542324093,-0.07981896724448312,-0.004527533191151539,0.0023489616157130713,0.02,hard_good
scenario_0065,/home/simon/davide_fr3_ws/src/cbf_safety_filter/data/rollouts/fullpool_candidates_seed20260520_n1500/scenario_0065_offline_rollout.npz,/home/simon/davide_fr3_ws/src/cbf_safety_filter/config/generated_scenarios_fullpool_candidates/scenario_0065.yaml,good,ok,3000,True,0,0.0001162053490944108,0.00017398096980036717,-0.0014451335936645528,-0.017285726349117375,-0.0071451108025054055,5.985189965906097e-07,0.02,hard_good
scenario_1254,/home/simon/davide_fr3_ws/src/cbf_safety_filter/data/rollouts/fullpool_candidates_seed20260520_n1500/scenario_1254_offline_rollout.npz,/home/simon/davide_fr3_ws/src/cbf_safety_filter/config/generated_scenarios_fullpool_candidates/scenario_1254.yaml,good,ok,3000,True,0,0.02538908225333893,0.03408308173809324,-0.0014444102065198777,-0.015836274758623432,-0.005647691770682917,0.00041839648035061147,0.02,hard_good
scenario_0957,/home/simon/davide_fr3_ws/src/cbf_safety_filter/data/rollouts/fullpool_candidates_seed20260520_n1500/scenario_0957_offline_rollout.npz,/home/simon/davide_fr3_ws/src/cbf_safety_filter/config/generated_scenarios_fullpool_candidates/scenario_0957.yaml,good,ok,3000,True,0,0.027389710865536057,0.07460495011713382,-0.0014381300664864944,-0.014753808995109974,-0.007567824022916642,0.00043217511483174,0.02,hard_good
scenario_0686,/home/simon/davide_fr3_ws/src/cbf_safety_filter/data/rollouts/fullpool_candidates_seed20260520_n1500/scenario_0686_offline_rollout.npz,/home/simon/davide_fr3_ws/src/cbf_safety_filter/config/generated_scenarios_fullpool_candidates/scenario_0686.yaml,good,ok,3000,True,0,0.0030601783910771084,0.0002472941611727708,-0.0014116282701691837,-0.003789685186169606,-0.004882542487452235,0.005789417833164967,0.02,hard_good
scenario_0905,/home/simon/davide_fr3_ws/src/cbf_safety_filter/data/rollouts/fullpool_candidates_seed20260520_n1500/scenario_0905_offline_rollout.npz,/home/simon/davide_fr3_ws/src/cbf_safety_filter/config/generated_scenarios_fullpool_candidates/scenario_0905.yaml,good,ok,3000,True,0,0.0011109650052931637,0.00033505950846194786,-0.0014085087069824788,-0.013759347938208894,-0.004245637331344587,0.0007682046353504055,0.02,hard_good
scenario_0885,/home/simon/davide_fr3_ws/src/cbf_safety_filter/data/rollouts/fullpool_candidates_seed20260520_n1500/scenario_0885_offline_rollout.npz,/home/simon/davide_fr3_ws/src/cbf_safety_filter/config/generated_scenarios_fullpool_candidates/scenario_0885.yaml,good,ok,3000,True,0,4.609111246941383e-06,2.198559957694155e-05,-0.001403395992304119,-0.0079590688284613,-0.005595579167405704,3.0891854495546144e-06,0.02,hard_good
scenario_1496,/home/simon/davide_fr3_ws/src/cbf_safety_filter/data/rollouts/fullpool_candidates_seed20260520_n1500/scenario_1496_offline_rollout.npz,/home/simon/davide_fr3_ws/src/cbf_safety_filter/config/generated_scenarios_fullpool_candidates/scenario_1496.yaml,good,ok,3000,True,0,0.03720216092748286,0.07833487052613756,-0.0014016203374536147,-0.07003738009380173,-0.006134944058187125,0.0002450063454357553,0.02,hard_good
scenario_0768,/home/simon/davide_fr3_ws/src/cbf_safety_filter/data/rollouts/fullpool_candidates_seed20260520_n1500/scenario_0768_offline_rollout.npz,/home/simon/davide_fr3_ws/src/cbf_safety_filter/config/generated_scenarios_fullpool_candidates/scenario_0768.yaml,good,ok,3000,True,0,1.6102776385258644e-06,3.2072351193398283e-06,-0.001396988989031964,-0.010914393866253588,-0.006420593812202002,6.945225522008559e-07,0.02,hard_good
scenario_0915,/home/simon/davide_fr3_ws/src/cbf_safety_filter/data/rollouts/fullpool_candidates_seed20260520_n1500/scenario_0915_offline_rollout.npz,/home/simon/davide_fr3_ws/src/cbf_safety_filter/config/generated_scenarios_fullpool_candidates/scenario_0915.yaml,good,ok,3000,True,0,0.022419454339210186,0.04483422663997394,-0.0013731904465761786,-0.20697934845857402,-0.004586264027317238,3.6455518592038584e-05,0.02,hard_good
scenario_0835,/home/simon/davide_fr3_ws/src/cbf_safety_filter/data/rollouts/fullpool_candidates_seed20260520_n1500/scenario_0835_offline_rollout.npz,/home/simon/davide_fr3_ws/src/cbf_safety_filter/config/generated_scenarios_fullpool_candidates/scenario_0835.yaml,good,ok,3000,True,0,0.0003141600099499219,3.767985247148174e-05,-0.001362728400401858,-0.01103900026569948,-0.0054654618264450006,4.499400059749102e-05,0.02,hard_good
scenario_0278,/home/simon/davide_fr3_ws/src/cbf_safety_filter/data/rollouts/fullpool_candidates_seed20260520_n1500/scenario_0278_offline_rollout.npz,/home/simon/davide_fr3_ws/src/cbf_safety_filter/config/generated_scenarios_fullpool_candidates/scenario_0278.yaml,good,ok,3000,True,0,0.020230001125421733,0.008562399341542432,-0.0013349260825517573,-0.07388646684287647,-0.003715512719899422,0.0016863379242431941,0.02,hard_good
scenario_0500,/home/simon/davide_fr3_ws/src/cbf_safety_filter/data/rollouts/fullpool_candidates_seed20260520_n1500/scenario_0500_offline_rollout.npz,/home/simon/davide_fr3_ws/src/cbf_safety_filter/config/generated_scenarios_fullpool_candidates/scenario_0500.yaml,good,ok,3000,True,0,0.013434705256585855,0.0011087098205810782,-0.0012983842026247916,-0.08462950539685099,-0.0030787736578652414,0.0004416984793781499,0.02,hard_good
scenario_0287,/home/simon/davide_fr3_ws/src/cbf_safety_filter/data/rollouts/fullpool_candidates_seed20260520_n1500/scenario_0287_offline_rollout.npz,/home/simon/davide_fr3_ws/src/cbf_safety_filter/config/generated_scenarios_fullpool_candidates/scenario_0287.yaml,good,ok,3000,True,0,0.037000866521333935,0.07172232764768424,-0.0012980301306243034,-0.08891199866838001,-0.006810610681234272,0.0004057720381836898,0.02,hard_good
scenario_0922,/home/simon/davide_fr3_ws/src/cbf_safety_filter/data/rollouts/fullpool_candidates_seed20260520_n1500/scenario_0922_offline_rollout.npz,/home/simon/davide_fr3_ws/src/cbf_safety_filter/config/generated_scenarios_fullpool_candidates/scenario_0922.yaml,good,ok,3000,True,0,0.009858948006061366,0.012351533117777248,-0.0012873556917189777,-0.10049227412754383,-0.0033626702299175415,0.0006338233209435888,0.02,hard_good
scenario_0989,/home/simon/davide_fr3_ws/src/cbf_safety_filter/data/rollouts/fullpool_candidates_seed20260520_n1500/scenario_0989_offline_rollout.npz,/home/simon/davide_fr3_ws/src/cbf_safety_filter/config/generated_scenarios_fullpool_candidates/scenario_0989.yaml,good,ok,3000,True,0,0.03106120920474191,0.05425185555762685,-0.0012714705223212663,-0.3407516518345151,-0.007365083181026105,0.0008001173811114458,0.02,hard_good
scenario_0141,/home/simon/davide_fr3_ws/src/cbf_safety_filter/data/rollouts/fullpool_candidates_seed20260520_n1500/scenario_0141_offline_rollout.npz,/home/simon/davide_fr3_ws/src/cbf_safety_filter/config/generated_scenarios_fullpool_candidates/scenario_0141.yaml,good,ok,3000,True,0,0.025429684460040864,0.06888751952717342,-0.0012542253289848544,-0.00508006191014915,-0.0044515789090436575,0.00020182202078132473,0.02,hard_good
scenario_0381,/home/simon/davide_fr3_ws/src/cbf_safety_filter/data/rollouts/fullpool_candidates_seed20260520_n1500/scenario_0381_offline_rollout.npz,/home/simon/davide_fr3_ws/src/cbf_safety_filter/config/generated_scenarios_fullpool_candidates/scenario_0381.yaml,good,ok,3000,True,0,0.01487256746368737,0.034196277695638926,-0.0012282003850662068,-0.07122622528748643,-0.0038048915642432957,6.030860858196395e-06,0.02,hard_good
scenario_0913,/home/simon/davide_fr3_ws/src/cbf_safety_filter/data/rollouts/fullpool_candidates_seed20260520_n1500/scenario_0913_offline_rollout.npz,/home/simon/davide_fr3_ws/src/cbf_safety_filter/config/generated_scenarios_fullpool_candidates/scenario_0913.yaml,good,ok,3000,True,0,0.0188779208745469,0.05349812205810141,-0.0012114088648774654,-0.01580772131747906,-0.0028453213212757122,0.004569324611246045,0.02,hard_good
scenario_0820,/home/simon/davide_fr3_ws/src/cbf_safety_filter/data/rollouts/fullpool_candidates_seed20260520_n1500/scenario_0820_offline_rollout.npz,/home/simon/davide_fr3_ws/src/cbf_safety_filter/config/generated_scenarios_fullpool_candidates/scenario_0820.yaml,good,ok,3000,True,0,0.034292280760717345,0.058194465927521734,-0.001210832012205544,-0.007864596302259289,-0.004509780711620698,0.0004389070837787147,0.02,hard_good
scenario_0734,/home/simon/davide_fr3_ws/src/cbf_safety_filter/data/rollouts/fullpool_candidates_seed20260520_n1500/scenario_0734_offline_rollout.npz,/home/simon/davide_fr3_ws/src/cbf_safety_filter/config/generated_scenarios_fullpool_candidates/scenario_0734.yaml,good,ok,3000,True,0,0.007746511477728271,0.018185011161014397,-0.0012054606965890835,-0.10121773484163482,-0.0031321417749679836,0.00010386869418869199,0.02,hard_good
scenario_1358,/home/simon/davide_fr3_ws/src/cbf_safety_filter/data/rollouts/fullpool_candidates_seed20260520_n1500/scenario_1358_offline_rollout.npz,/home/simon/davide_fr3_ws/src/cbf_safety_filter/config/generated_scenarios_fullpool_candidates/scenario_1358.yaml,good,ok,3000,True,0,0.04231363923771452,0.08478430314999764,-0.0012004594447770495,-0.06878047745367744,-0.00345009272796995,1.7390268596851196e-05,0.02,hard_good
scenario_0275,/home/simon/davide_fr3_ws/src/cbf_safety_filter/data/rollouts/fullpool_candidates_seed20260520_n1500/scenario_0275_offline_rollout.npz,/home/simon/davide_fr3_ws/src/cbf_safety_filter/config/generated_scenarios_fullpool_candidates/scenario_0275.yaml,good,ok,3000,True,0,0.00014113049996733983,0.000654301981831302,-0.0011666663150386083,-0.06484412812094392,-0.005810391912976734,0.012556226009240697,0.02,hard_good
scenario_0920,/home/simon/davide_fr3_ws/src/cbf_safety_filter/data/rollouts/fullpool_candidates_seed20260520_n1500/scenario_0920_offline_rollout.npz,/home/simon/davide_fr3_ws/src/cbf_safety_filter/config/generated_scenarios_fullpool_candidates/scenario_0920.yaml,good,ok,3000,True,0,0.02186162281153929,0.04972208484090667,-0.0011543529012679795,-0.08016775476026544,-0.005243324550161049,0.0011627207716050007,0.02,hard_good
scenario_0195,/home/simon/davide_fr3_ws/src/cbf_safety_filter/data/rollouts/fullpool_candidates_seed20260520_n1500/scenario_0195_offline_rollout.npz,/home/simon/davide_fr3_ws/src/cbf_safety_filter/config/generated_scenarios_fullpool_candidates/scenario_0195.yaml,good,ok,3000,True,0,0.032612401857926646,0.06620107568972655,-0.0011284024241315846,-0.17531247328268973,-0.0045453424120833474,0.0001983973629161245,0.02,hard_good
scenario_0437,/home/simon/davide_fr3_ws/src/cbf_safety_filter/data/rollouts/fullpool_candidates_seed20260520_n1500/scenario_0437_offline_rollout.npz,/home/simon/davide_fr3_ws/src/cbf_safety_filter/config/generated_scenarios_fullpool_candidates/scenario_0437.yaml,good,ok,3000,True,0,0.028802902526842485,0.05246549906487241,-0.0011139659203046742,-0.229856984192084,-0.0028641378404123397,0.0017487097170101678,0.02,hard_good
scenario_0983,/home/simon/davide_fr3_ws/src/cbf_safety_filter/data/rollouts/fullpool_candidates_seed20260520_n1500/scenario_0983_offline_rollout.npz,/home/simon/davide_fr3_ws/src/cbf_safety_filter/config/generated_scenarios_fullpool_candidates/scenario_0983.yaml,good,ok,3000,True,0,0.0475409691756543,0.07701671627586744,-0.0011066647271717744,-0.12209224085117698,-0.003219098919379021,0.00019917401736852937,0.02,hard_good
scenario_0324,/home/simon/davide_fr3_ws/src/cbf_safety_filter/data/rollouts/fullpool_candidates_seed20260520_n1500/scenario_0324_offline_rollout.npz,/home/simon/davide_fr3_ws/src/cbf_safety_filter/config/generated_scenarios_fullpool_candidates/scenario_0324.yaml,good,ok,3000,True,0,0.031565408127497585,0.05921419433163318,-0.0011018825704952884,-0.007292977003421925,-0.00397468232606113,0.0007246849054545801,0.02,hard_good
scenario_0361,/home/simon/davide_fr3_ws/src/cbf_safety_filter/data/rollouts/fullpool_candidates_seed20260520_n1500/scenario_0361_offline_rollout.npz,/home/simon/davide_fr3_ws/src/cbf_safety_filter/config/generated_scenarios_fullpool_candidates/scenario_0361.yaml,good,ok,3000,True,0,0.005436511562060216,0.0008977754199882629,-0.0010735950709384254,-0.0038370467770219505,-0.0036598987536201333,0.0001313898302615077,0.02,hard_good
scenario_0527,/home/simon/davide_fr3_ws/src/cbf_safety_filter/data/rollouts/fullpool_candidates_seed20260520_n1500/scenario_0527_offline_rollout.npz,/home/simon/davide_fr3_ws/src/cbf_safety_filter/config/generated_scenarios_fullpool_candidates/scenario_0527.yaml,good,ok,3000,True,0,0.0927271795684765,0.051251899878982876,-0.0010582959823459415,-0.0783039758893273,-0.0035531549177691135,0.0034112605834492895,0.02,hard_good
scenario_1347,/home/simon/davide_fr3_ws/src/cbf_safety_filter/data/rollouts/fullpool_candidates_seed20260520_n1500/scenario_1347_offline_rollout.npz,/home/simon/davide_fr3_ws/src/cbf_safety_filter/config/generated_scenarios_fullpool_candidates/scenario_1347.yaml,good,ok,3000,True,0,0.01157697014605227,0.0382376326245016,-0.0009928775009586353,-0.03681959794398518,-0.0029317108592532004,3.676078462744872e-05,0.02,hard_good
scenario_0657,/home/simon/davide_fr3_ws/src/cbf_safety_filter/data/rollouts/fullpool_candidates_seed20260520_n1500/scenario_0657_offline_rollout.npz,/home/simon/davide_fr3_ws/src/cbf_safety_filter/config/generated_scenarios_fullpool_candidates/scenario_0657.yaml,good,ok,3000,True,0,0.01632512560294834,0.06220122926463885,-0.0009415068906319657,-0.22720731785736809,-0.0028378976500420816,0.0003340309209557009,0.02,hard_good
scenario_1276,/home/simon/davide_fr3_ws/src/cbf_safety_filter/data/rollouts/fullpool_candidates_seed20260520_n1500/scenario_1276_offline_rollout.npz,/home/simon/davide_fr3_ws/src/cbf_safety_filter/config/generated_scenarios_fullpool_candidates/scenario_1276.yaml,good,ok,3000,True,0,0.015075711951146733,0.027688766916149483,-0.0009402749257866778,-0.02001478344239937,-0.003419423059800919,0.00033093831942172477,0.02,hard_good
scenario_0014,/home/simon/davide_fr3_ws/src/cbf_safety_filter/data/rollouts/fullpool_candidates_seed20260520_n1500/scenario_0014_offline_rollout.npz,/home/simon/davide_fr3_ws/src/cbf_safety_filter/config/generated_scenarios_fullpool_candidates/scenario_0014.yaml,good,ok,3000,True,0,0.0035577636180295913,0.005040617653915542,-0.0009298519654718507,-0.0037655053128715895,-0.0034290246747707143,0.0009759126626739799,0.02,hard_good
scenario_0780,/home/simon/davide_fr3_ws/src/cbf_safety_filter/data/rollouts/fullpool_candidates_seed20260520_n1500/scenario_0780_offline_rollout.npz,/home/simon/davide_fr3_ws/src/cbf_safety_filter/config/generated_scenarios_fullpool_candidates/scenario_0780.yaml,good,ok,3000,True,0,0.044397031741331985,0.08436826071571543,-0.0008909244473412209,-0.013305414221814457,-0.00298552693571702,0.001242624094390894,0.02,hard_good
scenario_0917,/home/simon/davide_fr3_ws/src/cbf_safety_filter/data/rollouts/fullpool_candidates_seed20260520_n1500/scenario_0917_offline_rollout.npz,/home/simon/davide_fr3_ws/src/cbf_safety_filter/config/generated_scenarios_fullpool_candidates/scenario_0917.yaml,good,ok,3000,True,0,0.022277808619861107,0.044557777883914976,-0.0008897087675628287,-0.1618890087762912,-0.002700179827402588,5.694217260225561e-05,0.02,hard_good
scenario_0848,/home/simon/davide_fr3_ws/src/cbf_safety_filter/data/rollouts/fullpool_candidates_seed20260520_n1500/scenario_0848_offline_rollout.npz,/home/simon/davide_fr3_ws/src/cbf_safety_filter/config/generated_scenarios_fullpool_candidates/scenario_0848.yaml,good,ok,3000,True,0,0.04524950707520568,0.08850193189447197,-0.000868351004606284,-0.05100227843866331,-0.0031947544010521023,3.111138213663449e-05,0.02,hard_good
scenario_1467,/home/simon/davide_fr3_ws/src/cbf_safety_filter/data/rollouts/fullpool_candidates_seed20260520_n1500/scenario_1467_offline_rollout.npz,/home/simon/davide_fr3_ws/src/cbf_safety_filter/config/generated_scenarios_fullpool_candidates/scenario_1467.yaml,good,ok,3000,True,0,0.022012219658833064,0.03543667216872895,-0.0008415389658201992,-0.10411740480914142,-0.004152727824993596,0.00012624773318684195,0.02,hard_good
scenario_0812,/home/simon/davide_fr3_ws/src/cbf_safety_filter/data/rollouts/fullpool_candidates_seed20260520_n1500/scenario_0812_offline_rollout.npz,/home/simon/davide_fr3_ws/src/cbf_safety_filter/config/generated_scenarios_fullpool_candidates/scenario_0812.yaml,good,ok,3000,True,0,0.003634061877655099,0.0035768118941722727,-0.0008351663462038347,-0.08937452581130462,-0.0025442550789313845,0.0009836707688187455,0.02,hard_good
scenario_0135,/home/simon/davide_fr3_ws/src/cbf_safety_filter/data/rollouts/fullpool_candidates_seed20260520_n1500/scenario_0135_offline_rollout.npz,/home/simon/davide_fr3_ws/src/cbf_safety_filter/config/generated_scenarios_fullpool_candidates/scenario_0135.yaml,good,ok,3000,True,0,0.0035045644942360045,0.007130741470769041,-0.0008232195967708134,-0.008444940542643484,-0.0021881811135210927,5.024958608874162e-05,0.02,hard_good
scenario_0741,/home/simon/davide_fr3_ws/src/cbf_safety_filter/data/rollouts/fullpool_candidates_seed20260520_n1500/scenario_0741_offline_rollout.npz,/home/simon/davide_fr3_ws/src/cbf_safety_filter/config/generated_scenarios_fullpool_candidates/scenario_0741.yaml,good,ok,3000,True,0,0.014455823122106718,0.033737491065498414,-0.0008219433200125255,-0.006205807196820814,-0.0024219103859867697,0.0001835442428395065,0.02,hard_good
scenario_0911,/home/simon/davide_fr3_ws/src/cbf_safety_filter/data/rollouts/fullpool_candidates_seed20260520_n1500/scenario_0911_offline_rollout.npz,/home/simon/davide_fr3_ws/src/cbf_safety_filter/config/generated_scenarios_fullpool_candidates/scenario_0911.yaml,good,ok,3000,True,0,0.035594756901589655,0.06495740417374965,-0.0007988682130297131,-0.07491442372081011,-0.002239226598295896,0.0003426761845174535,0.02,hard_good
scenario_1310,/home/simon/davide_fr3_ws/src/cbf_safety_filter/data/rollouts/fullpool_candidates_seed20260520_n1500/scenario_1310_offline_rollout.npz,/home/simon/davide_fr3_ws/src/cbf_safety_filter/config/generated_scenarios_fullpool_candidates/scenario_1310.yaml,good,ok,3000,True,0,0.007684671166952751,0.012341756596383166,-0.0007957763839448531,-0.4456346975650038,-0.002735904486734969,0.0006838031290067574,0.02,hard_good
scenario_1369,/home/simon/davide_fr3_ws/src/cbf_safety_filter/data/rollouts/fullpool_candidates_seed20260520_n1500/scenario_1369_offline_rollout.npz,/home/simon/davide_fr3_ws/src/cbf_safety_filter/config/generated_scenarios_fullpool_candidates/scenario_1369.yaml,bad_safety,final_min_h_negative,3000,True,0,-0.015141460310032034,-0.025969236410909143,-0.016615597702074755,-0.06616500953766907,-0.06099620490292108,0.008993421536379671,0.02,bad_safety
scenario_1114,/home/simon/davide_fr3_ws/src/cbf_safety_filter/data/rollouts/fullpool_candidates_seed20260520_n1500/scenario_1114_offline_rollout.npz,/home/simon/davide_fr3_ws/src/cbf_safety_filter/config/generated_scenarios_fullpool_candidates/scenario_1114.yaml,bad_safety,final_min_h_negative,3000,True,0,-0.0009652803548051286,-0.003211669729656221,-0.012988041569449067,-0.10678433101734919,-0.04290851286342537,0.02930457391173409,0.02,bad_safety
scenario_1017,/home/simon/davide_fr3_ws/src/cbf_safety_filter/data/rollouts/fullpool_candidates_seed20260520_n1500/scenario_1017_offline_rollout.npz,/home/simon/davide_fr3_ws/src/cbf_safety_filter/config/generated_scenarios_fullpool_candidates/scenario_1017.yaml,bad_safety,final_min_h_negative,3000,True,0,-0.0003434753870501586,-0.007144779142912762,-0.012469116900317021,-0.25931015267104746,-0.042481542792771,0.00023507781777405923,0.02,bad_safety
scenario_0126,/home/simon/davide_fr3_ws/src/cbf_safety_filter/data/rollouts/fullpool_candidates_seed20260520_n1500/scenario_0126_offline_rollout.npz,/home/simon/davide_fr3_ws/src/cbf_safety_filter/config/generated_scenarios_fullpool_candidates/scenario_0126.yaml,bad_safety,final_min_h_negative,3000,True,0,-0.0006919131535068485,-0.0013220032307195758,-0.011803636732505061,-0.06470228053330886,-0.04578300481764758,0.4084207614842817,0.02,bad_safety
scenario_1019,/home/simon/davide_fr3_ws/src/cbf_safety_filter/data/rollouts/fullpool_candidates_seed20260520_n1500/scenario_1019_offline_rollout.npz,/home/simon/davide_fr3_ws/src/cbf_safety_filter/config/generated_scenarios_fullpool_candidates/scenario_1019.yaml,bad_safety,final_min_psi_negative,3000,True,0,0.004910686811977278,-0.002655452962093345,-0.011767440358430015,-0.02902990935253675,-0.05081194967491563,0.0018533630275117884,0.02,bad_safety
scenario_0946,/home/simon/davide_fr3_ws/src/cbf_safety_filter/data/rollouts/fullpool_candidates_seed20260520_n1500/scenario_0946_offline_rollout.npz,/home/simon/davide_fr3_ws/src/cbf_safety_filter/config/generated_scenarios_fullpool_candidates/scenario_0946.yaml,bad_safety,final_min_psi_negative,3000,True,0,0.00013348525126553185,-0.004671493090314404,-0.01033499849019441,-0.2000745205065273,-0.025923253838346066,0.00013529901279127799,0.02,bad_safety
scenario_1225,/home/simon/davide_fr3_ws/src/cbf_safety_filter/data/rollouts/fullpool_candidates_seed20260520_n1500/scenario_1225_offline_rollout.npz,/home/simon/davide_fr3_ws/src/cbf_safety_filter/config/generated_scenarios_fullpool_candidates/scenario_1225.yaml,bad_safety,final_min_h_negative,3000,True,0,-0.001628048006078256,-0.0041677419456751,-0.009818067502364115,-0.04922735510140012,-0.02576697239072942,0.0023113744411020916,0.02,bad_safety
scenario_0227,/home/simon/davide_fr3_ws/src/cbf_safety_filter/data/rollouts/fullpool_candidates_seed20260520_n1500/scenario_0227_offline_rollout.npz,/home/simon/davide_fr3_ws/src/cbf_safety_filter/config/generated_scenarios_fullpool_candidates/scenario_0227.yaml,bad_safety,final_min_h_negative,3000,True,0,-0.0018724967781771837,-0.00039833117372515495,-0.008459754757915097,-0.056987366747142915,-0.03632790201646806,0.0019421512000805646,0.02,bad_safety
scenario_0604,/home/simon/davide_fr3_ws/src/cbf_safety_filter/data/rollouts/fullpool_candidates_seed20260520_n1500/scenario_0604_offline_rollout.npz,/home/simon/davide_fr3_ws/src/cbf_safety_filter/config/generated_scenarios_fullpool_candidates/scenario_0604.yaml,bad_safety,final_min_psi_negative,3000,True,0,0.030005172672459147,-0.02296906748589117,-0.008392859634961815,-0.1128122473979788,-0.027932687833662068,0.0007078105565414171,0.02,bad_safety
scenario_0667,/home/simon/davide_fr3_ws/src/cbf_safety_filter/data/rollouts/fullpool_candidates_seed20260520_n1500/scenario_0667_offline_rollout.npz,/home/simon/davide_fr3_ws/src/cbf_safety_filter/config/generated_scenarios_fullpool_candidates/scenario_0667.yaml,bad_safety,final_min_h_negative,3000,True,0,-4.696461409460159e-05,-0.0008737645284959774,-0.008186983752292392,-0.13367048466906417,-0.053461197368841126,0.026961585437570965,0.02,bad_safety
scenario_0051,/home/simon/davide_fr3_ws/src/cbf_safety_filter/data/rollouts/fullpool_candidates_seed20260520_n1500/scenario_0051_offline_rollout.npz,/home/simon/davide_fr3_ws/src/cbf_safety_filter/config/generated_scenarios_fullpool_candidates/scenario_0051.yaml,bad_safety,final_min_psi_negative,3000,True,0,0.019925445596261884,-0.041142880481849387,-0.008076313961773513,-0.0872945110107671,-0.032804470392492596,0.0030081207204521914,0.02,bad_safety
scenario_0264,/home/simon/davide_fr3_ws/src/cbf_safety_filter/data/rollouts/fullpool_candidates_seed20260520_n1500/scenario_0264_offline_rollout.npz,/home/simon/davide_fr3_ws/src/cbf_safety_filter/config/generated_scenarios_fullpool_candidates/scenario_0264.yaml,bad_safety,final_min_h_negative,3000,True,0,-0.007350608961525545,-0.014876622354290625,-0.007350608961525545,-0.13291038389566234,-0.021896108912256573,0.00018603268392830574,0.02,bad_safety
scenario_0394,/home/simon/davide_fr3_ws/src/cbf_safety_filter/data/rollouts/fullpool_candidates_seed20260520_n1500/scenario_0394_offline_rollout.npz,/home/simon/davide_fr3_ws/src/cbf_safety_filter/config/generated_scenarios_fullpool_candidates/scenario_0394.yaml,bad_safety,final_min_h_negative,3000,True,0,-0.0026335403258252593,-0.0037417178172219727,-0.007229773123582459,-0.019031831144460994,-0.018818557607519132,0.021968934330571892,0.02,bad_safety
scenario_1382,/home/simon/davide_fr3_ws/src/cbf_safety_filter/data/rollouts/fullpool_candidates_seed20260520_n1500/scenario_1382_offline_rollout.npz,/home/simon/davide_fr3_ws/src/cbf_safety_filter/config/generated_scenarios_fullpool_candidates/scenario_1382.yaml,bad_safety,final_min_h_negative,3000,True,0,-5.074850674142983e-06,-2.1642659195286133e-05,-0.00666267739230663,-0.07572738297861756,-0.01957144079780132,6.633744074662732e-06,0.02,bad_safety
scenario_0687,/home/simon/davide_fr3_ws/src/cbf_safety_filter/data/rollouts/fullpool_candidates_seed20260520_n1500/scenario_0687_offline_rollout.npz,/home/simon/davide_fr3_ws/src/cbf_safety_filter/config/generated_scenarios_fullpool_candidates/scenario_0687.yaml,bad_safety,final_min_h_negative,3000,True,0,-0.00019774607445229887,-0.00041050703782366245,-0.006525753830022343,-0.053266416990585014,-0.03720632322724707,0.006348747109014777,0.02,bad_safety
scenario_1405,/home/simon/davide_fr3_ws/src/cbf_safety_filter/data/rollouts/fullpool_candidates_seed20260520_n1500/scenario_1405_offline_rollout.npz,/home/simon/davide_fr3_ws/src/cbf_safety_filter/config/generated_scenarios_fullpool_candidates/scenario_1405.yaml,bad_safety,final_min_psi_negative,3000,True,0,0.006535947594812682,-0.010672129481122804,-0.006469097085507618,-0.10862869445925125,-0.04961556098579081,0.006687477814443889,0.02,bad_safety
scenario_1314,/home/simon/davide_fr3_ws/src/cbf_safety_filter/data/rollouts/fullpool_candidates_seed20260520_n1500/scenario_1314_offline_rollout.npz,/home/simon/davide_fr3_ws/src/cbf_safety_filter/config/generated_scenarios_fullpool_candidates/scenario_1314.yaml,bad_safety,final_min_h_negative,3000,True,0,-0.0010635566964278427,0.0019743323025999127,-0.0056275047256370385,-0.11900323587958539,-0.027274946108014203,0.00011108284315848564,0.02,bad_safety
scenario_0689,/home/simon/davide_fr3_ws/src/cbf_safety_filter/data/rollouts/fullpool_candidates_seed20260520_n1500/scenario_0689_offline_rollout.npz,/home/simon/davide_fr3_ws/src/cbf_safety_filter/config/generated_scenarios_fullpool_candidates/scenario_0689.yaml,bad_safety,final_min_psi_negative,3000,True,0,0.042559009193507434,-0.032839911523169715,-0.0055735417155689665,-0.1460613841765495,-0.015625351485265143,0.002295929209236772,0.02,bad_safety
scenario_0875,/home/simon/davide_fr3_ws/src/cbf_safety_filter/data/rollouts/fullpool_candidates_seed20260520_n1500/scenario_0875_offline_rollout.npz,/home/simon/davide_fr3_ws/src/cbf_safety_filter/config/generated_scenarios_fullpool_candidates/scenario_0875.yaml,bad_safety,final_min_psi_negative,3000,True,0,0.01845896655804365,-0.0020108390253029684,-0.00518963633352398,-0.1499792682252021,-0.018817885810996943,0.0038273094605148906,0.02,bad_safety
scenario_0130,/home/simon/davide_fr3_ws/src/cbf_safety_filter/data/rollouts/fullpool_candidates_seed20260520_n1500/scenario_0130_offline_rollout.npz,/home/simon/davide_fr3_ws/src/cbf_safety_filter/config/generated_scenarios_fullpool_candidates/scenario_0130.yaml,bad_safety,final_min_psi_negative,3000,True,0,0.0062310805084679725,-0.004271563086469102,-0.004347752532571941,-0.2353268634983179,-0.011467637594932523,0.00045369013361886177,0.02,bad_safety
scenario_0188,/home/simon/davide_fr3_ws/src/cbf_safety_filter/data/rollouts/fullpool_candidates_seed20260520_n1500/scenario_0188_offline_rollout.npz,/home/simon/davide_fr3_ws/src/cbf_safety_filter/config/generated_scenarios_fullpool_candidates/scenario_0188.yaml,bad_safety,final_min_psi_negative,3000,True,0,0.06745862526881734,-0.015476550050111448,-0.0038992166763173394,-0.15642663853612693,-0.011204800176244173,0.0005918925336271,0.02,bad_safety
scenario_0142,/home/simon/davide_fr3_ws/src/cbf_safety_filter/data/rollouts/fullpool_candidates_seed20260520_n1500/scenario_0142_offline_rollout.npz,/home/simon/davide_fr3_ws/src/cbf_safety_filter/config/generated_scenarios_fullpool_candidates/scenario_0142.yaml,bad_safety,final_min_h_negative,3000,True,0,-1.6388125584632096e-06,-3.2051304971067046e-06,-0.003790982590172416,-0.0750029503598563,-0.009192318078334177,2.2048583115759186e-07,0.02,bad_safety
scenario_0664,/home/simon/davide_fr3_ws/src/cbf_safety_filter/data/rollouts/fullpool_candidates_seed20260520_n1500/scenario_0664_offline_rollout.npz,/home/simon/davide_fr3_ws/src/cbf_safety_filter/config/generated_scenarios_fullpool_candidates/scenario_0664.yaml,bad_safety,final_min_psi_negative,3000,True,0,0.00046034347284092114,-0.0004014866993401287,-0.0036147550155606334,-0.21616818009227998,-0.009449082059510172,0.00019101403111592755,0.02,bad_safety
scenario_0805,/home/simon/davide_fr3_ws/src/cbf_safety_filter/data/rollouts/fullpool_candidates_seed20260520_n1500/scenario_0805_offline_rollout.npz,/home/simon/davide_fr3_ws/src/cbf_safety_filter/config/generated_scenarios_fullpool_candidates/scenario_0805.yaml,bad_safety,final_min_psi_negative,3000,True,0,0.0017484479576841544,-0.001524092269294718,-0.003384939647096699,-0.026138928228245456,-0.011734287654407316,0.008811176161064301,0.02,bad_safety
scenario_0218,/home/simon/davide_fr3_ws/src/cbf_safety_filter/data/rollouts/fullpool_candidates_seed20260520_n1500/scenario_0218_offline_rollout.npz,/home/simon/davide_fr3_ws/src/cbf_safety_filter/config/generated_scenarios_fullpool_candidates/scenario_0218.yaml,bad_safety,final_min_psi_negative,3000,True,0,0.0055654238408605755,-0.0026868562189166015,-0.0033600236336460716,-0.011325257594990468,-0.015218793710358072,0.0013278460803611257,0.02,bad_safety
scenario_0038,/home/simon/davide_fr3_ws/src/cbf_safety_filter/data/rollouts/fullpool_candidates_seed20260520_n1500/scenario_0038_offline_rollout.npz,/home/simon/davide_fr3_ws/src/cbf_safety_filter/config/generated_scenarios_fullpool_candidates/scenario_0038.yaml,bad_safety,final_min_psi_negative,3000,True,0,0.0368281386753597,-0.08383667907053477,-0.0029809534890532056,-0.34380520193248654,-0.010469381570173047,0.0016830107929509937,0.02,bad_safety
scenario_0843,/home/simon/davide_fr3_ws/src/cbf_safety_filter/data/rollouts/fullpool_candidates_seed20260520_n1500/scenario_0843_offline_rollout.npz,/home/simon/davide_fr3_ws/src/cbf_safety_filter/config/generated_scenarios_fullpool_candidates/scenario_0843.yaml,bad_safety,final_min_h_negative,3000,True,0,-0.0015225358254083408,-0.0013941287443954113,-0.0026402361312485596,-0.09778431220799164,-0.010812323406662008,8.334173375984736e-05,0.02,bad_safety
scenario_1480,/home/simon/davide_fr3_ws/src/cbf_safety_filter/data/rollouts/fullpool_candidates_seed20260520_n1500/scenario_1480_offline_rollout.npz,/home/simon/davide_fr3_ws/src/cbf_safety_filter/config/generated_scenarios_fullpool_candidates/scenario_1480.yaml,bad_safety,final_min_h_negative,3000,True,0,-0.0007456716193587724,-0.0029572226527964434,-0.0025838903526394577,-0.06830174602949574,-0.008560477198810618,0.0008036497333566857,0.02,bad_safety
scenario_0766,/home/simon/davide_fr3_ws/src/cbf_safety_filter/data/rollouts/fullpool_candidates_seed20260520_n1500/scenario_0766_offline_rollout.npz,/home/simon/davide_fr3_ws/src/cbf_safety_filter/config/generated_scenarios_fullpool_candidates/scenario_0766.yaml,bad_safety,final_min_psi_negative,3000,True,0,0.00034168597252491606,-0.0032755120633898172,-0.002534482887082308,-0.02414846896603702,-0.008224144900195046,0.001078673148322865,0.02,bad_safety
scenario_0171,/home/simon/davide_fr3_ws/src/cbf_safety_filter/data/rollouts/fullpool_candidates_seed20260520_n1500/scenario_0171_offline_rollout.npz,/home/simon/davide_fr3_ws/src/cbf_safety_filter/config/generated_scenarios_fullpool_candidates/scenario_0171.yaml,bad_safety,final_min_psi_negative,3000,True,0,0.002274699673706363,-0.001136264258249876,-0.002522405413665039,-0.2301782023363531,-0.015316704770511363,7.257343291232561e-05,0.02,bad_safety
scenario_1202,/home/simon/davide_fr3_ws/src/cbf_safety_filter/data/rollouts/fullpool_candidates_seed20260520_n1500/scenario_1202_offline_rollout.npz,/home/simon/davide_fr3_ws/src/cbf_safety_filter/config/generated_scenarios_fullpool_candidates/scenario_1202.yaml,bad_safety,final_min_psi_negative,3000,True,0,0.0045677405182448436,-0.10437347446605699,-0.00200621537579386,-0.13478838700705653,-0.0119373032479268,0.06955784251517375,0.02,bad_safety
scenario_0087,/home/simon/davide_fr3_ws/src/cbf_safety_filter/data/rollouts/fullpool_candidates_seed20260520_n1500/scenario_0087_offline_rollout.npz,/home/simon/davide_fr3_ws/src/cbf_safety_filter/config/generated_scenarios_fullpool_candidates/scenario_0087.yaml,bad_safety,final_min_h_negative,3000,True,0,-0.0005405477782752799,-0.0010068487692695932,-0.0018884957862416972,-0.1714660689906589,-0.00584391214403937,0.08936832515421128,0.02,bad_safety
scenario_0573,/home/simon/davide_fr3_ws/src/cbf_safety_filter/data/rollouts/fullpool_candidates_seed20260520_n1500/scenario_0573_offline_rollout.npz,/home/simon/davide_fr3_ws/src/cbf_safety_filter/config/generated_scenarios_fullpool_candidates/scenario_0573.yaml,bad_safety,final_min_psi_negative,3000,True,0,0.003940752953739895,-0.0014177503826106226,-0.0018578302422416187,-0.02730871725957494,-0.007752340438634195,6.354419430703907e-05,0.02,bad_safety
scenario_0819,/home/simon/davide_fr3_ws/src/cbf_safety_filter/data/rollouts/fullpool_candidates_seed20260520_n1500/scenario_0819_offline_rollout.npz,/home/simon/davide_fr3_ws/src/cbf_safety_filter/config/generated_scenarios_fullpool_candidates/scenario_0819.yaml,bad_safety,final_min_psi_negative,3000,True,0,0.0017891902741933724,-0.0012441533906026436,-0.001759084123748339,-0.08063472523607815,-0.004585552328452647,0.00011146889382869178,0.02,bad_safety
scenario_1389,/home/simon/davide_fr3_ws/src/cbf_safety_filter/data/rollouts/fullpool_candidates_seed20260520_n1500/scenario_1389_offline_rollout.npz,/home/simon/davide_fr3_ws/src/cbf_safety_filter/config/generated_scenarios_fullpool_candidates/scenario_1389.yaml,bad_safety,final_min_h_negative,3000,True,0,-4.9799533472227875e-06,-9.422250645522707e-06,-0.0013524721951117674,-0.02136988385872904,-0.0034992746622398985,0.0002582383719608031,0.02,bad_safety
scenario_1323,/home/simon/davide_fr3_ws/src/cbf_safety_filter/data/rollouts/fullpool_candidates_seed20260520_n1500/scenario_1323_offline_rollout.npz,/home/simon/davide_fr3_ws/src/cbf_safety_filter/config/generated_scenarios_fullpool_candidates/scenario_1323.yaml,bad_safety,final_min_h_negative,3000,True,0,-0.0002652683951561846,-0.0009466216503226121,-0.0012788746827068452,-0.0407650938303539,-0.004016777875966826,7.13166220434023e-05,0.02,bad_safety
scenario_0359,/home/simon/davide_fr3_ws/src/cbf_safety_filter/data/rollouts/fullpool_candidates_seed20260520_n1500/scenario_0359_offline_rollout.npz,/home/simon/davide_fr3_ws/src/cbf_safety_filter/config/generated_scenarios_fullpool_candidates/scenario_0359.yaml,bad_safety,final_min_psi_negative,3000,True,0,0.028675385984021265,-0.006255537674481795,-0.0012091330264704624,-0.05600174349997038,-0.006468315024435359,0.01225854244167052,0.02,bad_safety
scenario_0786,/home/simon/davide_fr3_ws/src/cbf_safety_filter/data/rollouts/fullpool_candidates_seed20260520_n1500/scenario_0786_offline_rollout.npz,/home/simon/davide_fr3_ws/src/cbf_safety_filter/config/generated_scenarios_fullpool_candidates/scenario_0786.yaml,bad_safety,final_min_psi_negative,3000,True,0,3.310316298417611e-05,-0.0002423968121563272,-0.0011840736876921124,-0.004301105619708288,-0.0039649521929426,0.0003475213572269865,0.02,bad_safety
scenario_1373,/home/simon/davide_fr3_ws/src/cbf_safety_filter/data/rollouts/fullpool_candidates_seed20260520_n1500/scenario_1373_offline_rollout.npz,/home/simon/davide_fr3_ws/src/cbf_safety_filter/config/generated_scenarios_fullpool_candidates/scenario_1373.yaml,bad_safety,final_min_h_negative,3000,True,0,-0.0002751497083773001,-0.0005304575633459639,-0.0011360561202371257,-0.062056072700779674,-0.003595058081497071,2.0716532370417518e-05,0.02,bad_safety
scenario_0683,/home/simon/davide_fr3_ws/src/cbf_safety_filter/data/rollouts/fullpool_candidates_seed20260520_n1500/scenario_0683_offline_rollout.npz,/home/simon/davide_fr3_ws/src/cbf_safety_filter/config/generated_scenarios_fullpool_candidates/scenario_0683.yaml,bad_safety,final_min_psi_negative,3000,True,0,0.0011706861096749937,-0.00015355858779349946,-0.0010441952194051394,-0.01275230352469528,-0.00426311961582658,1.5840542106350804e-05,0.02,bad_safety
scenario_0663,/home/simon/davide_fr3_ws/src/cbf_safety_filter/data/rollouts/fullpool_candidates_seed20260520_n1500/scenario_0663_offline_rollout.npz,/home/simon/davide_fr3_ws/src/cbf_safety_filter/config/generated_scenarios_fullpool_candidates/scenario_0663.yaml,bad_safety,final_min_h_negative,3000,True,0,-0.00010345741965943692,0.0013470924921693864,-0.0009792419197420642,-0.004192626740180699,-0.005243413020002044,0.0005051928510351948,0.02,bad_safety
scenario_1033,/home/simon/davide_fr3_ws/src/cbf_safety_filter/data/rollouts/fullpool_candidates_seed20260520_n1500/scenario_1033_offline_rollout.npz,/home/simon/davide_fr3_ws/src/cbf_safety_filter/config/generated_scenarios_fullpool_candidates/scenario_1033.yaml,bad_safety,final_min_h_negative,3000,True,0,-0.0004287947607029864,-0.0005824513045800413,-0.0009546373635387559,-0.00220119412512975,-0.0030425970979778283,0.00019893270763313338,0.02,bad_safety
scenario_1016,/home/simon/davide_fr3_ws/src/cbf_safety_filter/data/rollouts/fullpool_candidates_seed20260520_n1500/scenario_1016_offline_rollout.npz,/home/simon/davide_fr3_ws/src/cbf_safety_filter/config/generated_scenarios_fullpool_candidates/scenario_1016.yaml,bad_safety,final_min_psi_negative,3000,True,0,0.01596114699697629,-0.009331698341540517,-0.0009465568853491667,-0.021305174359787973,-0.003832721858837221,0.013691389338313653,0.02,bad_safety
scenario_0454,/home/simon/davide_fr3_ws/src/cbf_safety_filter/data/rollouts/fullpool_candidates_seed20260520_n1500/scenario_0454_offline_rollout.npz,/home/simon/davide_fr3_ws/src/cbf_safety_filter/config/generated_scenarios_fullpool_candidates/scenario_0454.yaml,bad_safety,final_min_h_negative,3000,True,0,-0.0001082500429650645,-0.0005071270005297685,-0.0008550355759683482,-0.010632076777515771,-0.003511607127890684,0.07640982427978527,0.02,bad_safety
scenario_0484,/home/simon/davide_fr3_ws/src/cbf_safety_filter/data/rollouts/fullpool_candidates_seed20260520_n1500/scenario_0484_offline_rollout.npz,/home/simon/davide_fr3_ws/src/cbf_safety_filter/config/generated_scenarios_fullpool_candidates/scenario_0484.yaml,bad_safety,final_min_h_negative,3000,True,0,-0.00025368424425351553,-0.0006861463227506204,-0.0008500973324428313,-0.004356379924021703,-0.0029144305425325145,0.025392469769513336,0.02,bad_safety
scenario_0439,/home/simon/davide_fr3_ws/src/cbf_safety_filter/data/rollouts/fullpool_candidates_seed20260520_n1500/scenario_0439_offline_rollout.npz,/home/simon/davide_fr3_ws/src/cbf_safety_filter/config/generated_scenarios_fullpool_candidates/scenario_0439.yaml,bad_safety,final_min_h_negative,3000,True,0,-8.945082966315722e-05,-0.00015916753275813165,-0.000849781508588679,-0.0023580862903962684,-0.003334231639085028,9.370357209706298e-06,0.02,bad_safety
scenario_1357,/home/simon/davide_fr3_ws/src/cbf_safety_filter/data/rollouts/fullpool_candidates_seed20260520_n1500/scenario_1357_offline_rollout.npz,/home/simon/davide_fr3_ws/src/cbf_safety_filter/config/generated_scenarios_fullpool_candidates/scenario_1357.yaml,bad_safety,final_min_psi_negative,3000,True,0,0.033620525843391195,-0.011528538385809597,-0.000831031061021871,-0.027538932770574856,-0.0036883627998479246,0.0010819885218237419,0.02,bad_safety
scenario_1100,/home/simon/davide_fr3_ws/src/cbf_safety_filter/data/rollouts/fullpool_candidates_seed20260520_n1500/scenario_1100_offline_rollout.npz,/home/simon/davide_fr3_ws/src/cbf_safety_filter/config/generated_scenarios_fullpool_candidates/scenario_1100.yaml,bad_safety,final_min_psi_negative,3000,True,0,0.0013258724891365356,-0.0038189771681833313,-0.0008135191066999739,-0.03714871948770451,-0.0020248117116583586,0.0014540177253389661,0.02,bad_safety
scenario_0610,/home/simon/davide_fr3_ws/src/cbf_safety_filter/data/rollouts/fullpool_candidates_seed20260520_n1500/scenario_0610_offline_rollout.npz,/home/simon/davide_fr3_ws/src/cbf_safety_filter/config/generated_scenarios_fullpool_candidates/scenario_0610.yaml,bad_safety,final_min_psi_negative,3000,True,0,0.00028052773626462135,-0.00026287001657802564,-0.000758133692440795,-0.02661914154076983,-0.004073211044444705,0.0006245907897646376,0.02,bad_safety
scenario_0962,/home/simon/davide_fr3_ws/src/cbf_safety_filter/data/rollouts/fullpool_candidates_seed20260520_n1500/scenario_0962_offline_rollout.npz,/home/simon/davide_fr3_ws/src/cbf_safety_filter/config/generated_scenarios_fullpool_candidates/scenario_0962.yaml,bad_safety,final_min_psi_negative,3000,True,0,0.02539736430408212,-0.14960760832085201,-0.0006740741061476655,-0.17369430203005903,-0.0028471638058643056,0.004023846283443331,0.02,bad_safety
scenario_1003,/home/simon/davide_fr3_ws/src/cbf_safety_filter/data/rollouts/fullpool_candidates_seed20260520_n1500/scenario_1003_offline_rollout.npz,/home/simon/davide_fr3_ws/src/cbf_safety_filter/config/generated_scenarios_fullpool_candidates/scenario_1003.yaml,bad_safety,final_min_psi_negative,3000,True,0,0.002504398655713138,-0.003487212570542353,-0.0006265407991959612,-0.20260218768557126,-0.0018056223372150682,0.0008571360425984321,0.02,bad_safety
scenario_0008,/home/simon/davide_fr3_ws/src/cbf_safety_filter/data/rollouts/fullpool_candidates_seed20260520_n1500/scenario_0008_offline_rollout.npz,/home/simon/davide_fr3_ws/src/cbf_safety_filter/config/generated_scenarios_fullpool_candidates/scenario_0008.yaml,bad_safety,final_min_h_negative,3000,True,0,-1.7093467238153692e-05,-1.8180076920534414e-05,-0.000562980270234742,-0.23576287570438137,-0.001936882377231608,9.263798673197278e-05,0.02,bad_safety
scenario_0575,/home/simon/davide_fr3_ws/src/cbf_safety_filter/data/rollouts/fullpool_candidates_seed20260520_n1500/scenario_0575_offline_rollout.npz,/home/simon/davide_fr3_ws/src/cbf_safety_filter/config/generated_scenarios_fullpool_candidates/scenario_0575.yaml,bad_safety,final_min_h_negative,3000,True,0,-1.9744658762491096e-07,-4.433816034368472e-07,-0.0005601117415670008,-0.009303843159304392,-0.001958146103224201,4.857821719699231e-07,0.02,bad_safety
scenario_0054,/home/simon/davide_fr3_ws/src/cbf_safety_filter/data/rollouts/fullpool_candidates_seed20260520_n1500/scenario_0054_offline_rollout.npz,/home/simon/davide_fr3_ws/src/cbf_safety_filter/config/generated_scenarios_fullpool_candidates/scenario_0054.yaml,bad_safety,final_min_h_negative,3000,True,0,-9.3852401325107e-05,0.0024638982155431896,-0.0005262926650009513,-0.05216491391343231,-0.0018073694516577976,0.012769919027038808,0.02,bad_safety
scenario_0118,/home/simon/davide_fr3_ws/src/cbf_safety_filter/data/rollouts/fullpool_candidates_seed20260520_n1500/scenario_0118_offline_rollout.npz,/home/simon/davide_fr3_ws/src/cbf_safety_filter/config/generated_scenarios_fullpool_candidates/scenario_0118.yaml,bad_safety,final_min_h_negative,3000,True,0,-5.2320383092836764e-05,-7.511670397328574e-05,-0.0005219015870627092,-0.07384379803132933,-0.001756989962486577,0.001314996121531952,0.02,bad_safety
scenario_0271,/home/simon/davide_fr3_ws/src/cbf_safety_filter/data/rollouts/fullpool_candidates_seed20260520_n1500/scenario_0271_offline_rollout.npz,/home/simon/davide_fr3_ws/src/cbf_safety_filter/config/generated_scenarios_fullpool_candidates/scenario_0271.yaml,bad_safety,final_min_psi_negative,3000,True,0,0.0010625913293239066,-0.00018400912173118303,-0.0005010755534832021,-0.02016560120125608,-0.002081583791449876,8.866300111464408e-05,0.02,bad_safety
scenario_0726,/home/simon/davide_fr3_ws/src/cbf_safety_filter/data/rollouts/fullpool_candidates_seed20260520_n1500/scenario_0726_offline_rollout.npz,/home/simon/davide_fr3_ws/src/cbf_safety_filter/config/generated_scenarios_fullpool_candidates/scenario_0726.yaml,bad_safety,final_min_h_negative,3000,True,0,-0.00024840568405354313,0.00042260145839113396,-0.00048651500676439793,-0.011149443878971321,-0.0014630404011369835,0.000643288594812795,0.02,bad_safety
scenario_0062,/home/simon/davide_fr3_ws/src/cbf_safety_filter/data/rollouts/fullpool_candidates_seed20260520_n1500/scenario_0062_offline_rollout.npz,/home/simon/davide_fr3_ws/src/cbf_safety_filter/config/generated_scenarios_fullpool_candidates/scenario_0062.yaml,bad_safety,final_min_h_negative,3000,True,0,-8.630591526882087e-06,-3.6047668637125474e-05,-0.00042316351145672143,-0.0020508829568731696,-0.001331252331538052,9.371659491162877e-07,0.02,bad_safety
scenario_1032,/home/simon/davide_fr3_ws/src/cbf_safety_filter/data/rollouts/fullpool_candidates_seed20260520_n1500/scenario_1032_offline_rollout.npz,/home/simon/davide_fr3_ws/src/cbf_safety_filter/config/generated_scenarios_fullpool_candidates/scenario_1032.yaml,bad_safety,final_min_h_negative,3000,True,0,-3.52068167613559e-05,-6.113279112023834e-05,-0.00041261829837685796,-0.01123134329464718,-0.0015176353897330963,2.1342500798018126e-05,0.02,bad_safety
scenario_0169,/home/simon/davide_fr3_ws/src/cbf_safety_filter/data/rollouts/fullpool_candidates_seed20260520_n1500/scenario_0169_offline_rollout.npz,/home/simon/davide_fr3_ws/src/cbf_safety_filter/config/generated_scenarios_fullpool_candidates/scenario_0169.yaml,bad_safety,final_min_h_negative,3000,True,0,-0.00010821121215857238,-0.00021599781830561841,-0.0003946052187852947,-0.06086287457909384,-0.001082541341744736,4.906103519826084e-06,0.02,bad_safety
scenario_0384,/home/simon/davide_fr3_ws/src/cbf_safety_filter/data/rollouts/fullpool_candidates_seed20260520_n1500/scenario_0384_offline_rollout.npz,/home/simon/davide_fr3_ws/src/cbf_safety_filter/config/generated_scenarios_fullpool_candidates/scenario_0384.yaml,bad_safety,final_min_h_negative,3000,True,0,-0.0002001988006645264,0.0005028444547739959,-0.0003260073311725162,-0.0017286190114221027,-0.0007878147207107666,3.519874324216558e-05,0.02,bad_safety
scenario_0644,/home/simon/davide_fr3_ws/src/cbf_safety_filter/data/rollouts/fullpool_candidates_seed20260520_n1500/scenario_0644_offline_rollout.npz,/home/simon/davide_fr3_ws/src/cbf_safety_filter/config/generated_scenarios_fullpool_candidates/scenario_0644.yaml,bad_safety,final_min_psi_negative,3000,True,0,0.006094097122805356,-0.0003570639049250042,-0.0002002430952799776,-0.2585506896474701,-0.0009505989300843815,0.0003870674813276029,0.02,bad_safety
scenario_1492,/home/simon/davide_fr3_ws/src/cbf_safety_filter/data/rollouts/fullpool_candidates_seed20260520_n1500/scenario_1492_offline_rollout.npz,/home/simon/davide_fr3_ws/src/cbf_safety_filter/config/generated_scenarios_fullpool_candidates/scenario_1492.yaml,bad_safety,final_min_psi_negative,3000,True,0,0.0013570191215966677,-0.0018702845227359585,-0.00019642505423176151,-0.011060648039856853,-0.0006812774852723025,0.00019682782368472135,0.02,bad_safety
scenario_1430,/home/simon/davide_fr3_ws/src/cbf_safety_filter/data/rollouts/fullpool_candidates_seed20260520_n1500/scenario_1430_offline_rollout.npz,/home/simon/davide_fr3_ws/src/cbf_safety_filter/config/generated_scenarios_fullpool_candidates/scenario_1430.yaml,bad_safety,final_min_h_negative,3000,True,0,-9.606211582375082e-05,-0.00012865500168753605,-0.00018425094026836876,-0.0020477703997356534,-0.0009514709000099375,0.00013089512342727468,0.02,bad_safety
scenario_1449,/home/simon/davide_fr3_ws/src/cbf_safety_filter/data/rollouts/fullpool_candidates_seed20260520_n1500/scenario_1449_offline_rollout.npz,/home/simon/davide_fr3_ws/src/cbf_safety_filter/config/generated_scenarios_fullpool_candidates/scenario_1449.yaml,bad_safety,final_min_h_negative,3000,True,0,-1.917390661101276e-05,-3.7712124959432715e-05,-0.00011528435695895567,-0.010357488044801834,-0.000319630250570746,1.3353806171400038e-05,0.02,bad_safety
scenario_0866,/home/simon/davide_fr3_ws/src/cbf_safety_filter/data/rollouts/fullpool_candidates_seed20260520_n1500/scenario_0866_offline_rollout.npz,/home/simon/davide_fr3_ws/src/cbf_safety_filter/config/generated_scenarios_fullpool_candidates/scenario_0866.yaml,bad_safety,final_min_psi_negative,3000,True,0,0.026134152537947417,-0.037744435045389046,-9.585371417850444e-05,-0.048141182068752814,-0.0003160527124359269,0.0015496988496191068,0.02,bad_safety
scenario_1479,/home/simon/davide_fr3_ws/src/cbf_safety_filter/data/rollouts/fullpool_candidates_seed20260520_n1500/scenario_1479_offline_rollout.npz,/home/simon/davide_fr3_ws/src/cbf_safety_filter/config/generated_scenarios_fullpool_candidates/scenario_1479.yaml,bad_safety,final_min_psi_negative,3000,True,0,0.06947872187556964,-0.04815225311946478,-5.729151921301384e-05,-0.08275681436081397,-0.00014995815452936712,0.0004354823711958509,0.02,bad_safety
scenario_1420,/home/simon/davide_fr3_ws/src/cbf_safety_filter/data/rollouts/fullpool_candidates_seed20260520_n1500/scenario_1420_offline_rollout.npz,/home/simon/davide_fr3_ws/src/cbf_safety_filter/config/generated_scenarios_fullpool_candidates/scenario_1420.yaml,bad_safety,final_min_h_negative,3000,True,0,-9.576405489611362e-06,-1.5394811313192987e-05,-5.35229728259104e-05,-0.0007207008425264021,-0.00013661933089731404,6.66534931230822e-06,0.02,bad_safety
scenario_0987,/home/simon/davide_fr3_ws/src/cbf_safety_filter/data/rollouts/fullpool_candidates_seed20260520_n1500/scenario_0987_offline_rollout.npz,/home/simon/davide_fr3_ws/src/cbf_safety_filter/config/generated_scenarios_fullpool_candidates/scenario_0987.yaml,bad_safety,final_min_h_negative,3000,True,0,-2.877154534399254e-05,-0.000123256460977402,-2.877154534399254e-05,-0.008443160530653554,-8.380480078226671e-05,2.417140281044305e-06,0.02,bad_safety
scenario_1404,/home/simon/davide_fr3_ws/src/cbf_safety_filter/data/rollouts/fullpool_candidates_seed20260520_n1500/scenario_1404_offline_rollout.npz,/home/simon/davide_fr3_ws/src/cbf_safety_filter/config/generated_scenarios_fullpool_candidates/scenario_1404.yaml,bad_safety,final_min_h_negative,3000,True,0,-1.529184964889005e-06,-3.147902382855801e-06,-2.6338099326495695e-05,-0.00016604466420543006,-0.00013034168289215164,2.9394331500134006e-07,0.02,bad_safety
scenario_0840,/home/simon/davide_fr3_ws/src/cbf_safety_filter/data/rollouts/fullpool_candidates_seed20260520_n1500/scenario_0840_offline_rollout.npz,/home/simon/davide_fr3_ws/src/cbf_safety_filter/config/generated_scenarios_fullpool_candidates/scenario_0840.yaml,bad_safety,final_min_h_negative,3000,True,0,-2.0597045866481423e-06,-2.2182853626652585e-06,-1.9416508443823033e-05,-3.9522364304746694e-05,-5.6387014922387735e-05,8.807352063512348e-07,0.02,bad_safety
scenario_1422,/home/simon/davide_fr3_ws/src/cbf_safety_filter/data/rollouts/fullpool_candidates_seed20260520_n1500/scenario_1422_offline_rollout.npz,/home/simon/davide_fr3_ws/src/cbf_safety_filter/config/generated_scenarios_fullpool_candidates/scenario_1422.yaml,bad_safety,final_min_h_negative,3000,True,0,-4.606459603581636e-06,-9.092382600643056e-06,-1.4221193915843477e-05,-2.8486249050990542e-05,-3.804880050042869e-05,3.9640896746157303e-07,0.02,bad_safety
scenario_1038,/home/simon/davide_fr3_ws/src/cbf_safety_filter/data/rollouts/fullpool_candidates_seed20260520_n1500/scenario_1038_offline_rollout.npz,/home/simon/davide_fr3_ws/src/cbf_safety_filter/config/generated_scenarios_fullpool_candidates/scenario_1038.yaml,bad_safety,final_min_psi_negative,3000,True,0,2.5517715429123136e-05,-6.800705411846527e-05,-9.902702420903561e-06,-0.020627038866267156,-5.503183846748694e-05,0.05039588466790684,0.02,bad_safety
scenario_0582,/home/simon/davide_fr3_ws/src/cbf_safety_filter/data/rollouts/fullpool_candidates_seed20260520_n1500/scenario_0582_offline_rollout.npz,/home/simon/davide_fr3_ws/src/cbf_safety_filter/config/generated_scenarios_fullpool_candidates/scenario_0582.yaml,bad_safety,final_min_h_negative,3000,True,0,-3.1101075486598267e-06,-6.0565002597417185e-06,-9.195797795388816e-06,-1.8802632152364977e-05,-4.016336633792805e-05,3.3678518949521457e-06,0.02,bad_safety
scenario_0157,/home/simon/davide_fr3_ws/src/cbf_safety_filter/data/rollouts/fullpool_candidates_seed20260520_n1500/scenario_0157_offline_rollout.npz,/home/simon/davide_fr3_ws/src/cbf_safety_filter/config/generated_scenarios_fullpool_candidates/scenario_0157.yaml,bad_safety,final_min_psi_negative,3000,True,0,0.0005312111941918052,-4.66791794405065e-05,-8.402512684255528e-06,-0.17969002085344316,-4.067844830790701e-05,7.866491708543535e-06,0.02,bad_safety
scenario_0579,/home/simon/davide_fr3_ws/src/cbf_safety_filter/data/rollouts/fullpool_candidates_seed20260520_n1500/scenario_0579_offline_rollout.npz,/home/simon/davide_fr3_ws/src/cbf_safety_filter/config/generated_scenarios_fullpool_candidates/scenario_0579.yaml,bad_safety,final_min_h_negative,3000,True,0,-7.498937824857582e-06,-1.5135211587655054e-05,-7.498937824857582e-06,-0.006781087106765178,-2.460480059407466e-05,8.004444713642198e-07,0.02,bad_safety
scenario_1440,/home/simon/davide_fr3_ws/src/cbf_safety_filter/data/rollouts/fullpool_candidates_seed20260520_n1500/scenario_1440_offline_rollout.npz,/home/simon/davide_fr3_ws/src/cbf_safety_filter/config/generated_scenarios_fullpool_candidates/scenario_1440.yaml,bad_safety,final_min_h_negative,3000,True,0,-4.380956101862621e-06,-8.689634742790376e-06,-5.142061594756719e-06,-1.031508895325199e-05,-1.3582266436135138e-05,3.440113083020636e-07,0.02,bad_safety
scenario_0335,/home/simon/davide_fr3_ws/src/cbf_safety_filter/data/rollouts/fullpool_candidates_seed20260520_n1500/scenario_0335_offline_rollout.npz,/home/simon/davide_fr3_ws/src/cbf_safety_filter/config/generated_scenarios_fullpool_candidates/scenario_0335.yaml,bad_safety,final_min_h_negative,3000,True,0,-4.263276027448304e-06,-9.743160758165709e-06,-4.263276027448304e-06,-0.009360166947442086,-1.73739930035971e-05,1.0075877692400844e-06,0.02,bad_safety
scenario_1437,/home/simon/davide_fr3_ws/src/cbf_safety_filter/data/rollouts/fullpool_candidates_seed20260520_n1500/scenario_1437_offline_rollout.npz,/home/simon/davide_fr3_ws/src/cbf_safety_filter/config/generated_scenarios_fullpool_candidates/scenario_1437.yaml,bad_safety,final_min_h_negative,3000,True,0,-1.059770814430816e-06,-2.0600973839911373e-06,-1.934171166746018e-06,-6.3056707618956405e-06,-7.4108279199958105e-06,2.2300146017445896e-07,0.02,bad_safety
scenario_1135,/home/simon/davide_fr3_ws/src/cbf_safety_filter/data/rollouts/fullpool_candidates_seed20260520_n1500/scenario_1135_offline_rollout.npz,/home/simon/davide_fr3_ws/src/cbf_safety_filter/config/generated_scenarios_fullpool_candidates/scenario_1135.yaml,bad_safety,final_min_h_negative,3000,True,0,-1.076179618635098e-06,-2.2902023368584295e-06,-1.076179618635098e-06,-0.005614451856275952,-3.1266397283735703e-06,3.2281287843500002e-06,0.02,bad_safety
scenario_0386,/home/simon/davide_fr3_ws/src/cbf_safety_filter/data/rollouts/fullpool_candidates_seed20260520_n1500/scenario_0386_offline_rollout.npz,/home/simon/davide_fr3_ws/src/cbf_safety_filter/config/generated_scenarios_fullpool_candidates/scenario_0386.yaml,bad_safety,final_min_h_negative,3000,True,0,-2.467255560446857e-07,-4.923574708910006e-07,-2.708097969830736e-07,-0.001175595945479847,-1.0875942965671292e-06,1.975633370469372e-07,0.02,bad_safety
scenario_0889,/home/simon/davide_fr3_ws/src/cbf_safety_filter/data/rollouts/fullpool_candidates_seed20260520_n1500/scenario_0889_offline_rollout.npz,/home/simon/davide_fr3_ws/src/cbf_safety_filter/config/generated_scenarios_fullpool_candidates/scenario_0889.yaml,bad_safety,final_min_h_negative,3000,True,0,-2.4626362721616446e-07,-4.954218063916689e-07,-2.4626362721616446e-07,-4.954218063916689e-07,-8.782610504964872e-07,7.663252743137746e-08,0.02,bad_safety
scenario_1134,/home/simon/davide_fr3_ws/src/cbf_safety_filter/data/rollouts/fullpool_candidates_seed20260520_n1500/scenario_1134_offline_rollout.npz,/home/simon/davide_fr3_ws/src/cbf_safety_filter/config/generated_scenarios_fullpool_candidates/scenario_1134.yaml,bad_safety,final_min_h_negative,3000,True,0,-1.9081771484089072e-07,-3.820216368625176e-07,-1.9081771484089072e-07,-3.820216368625176e-07,-6.948951118690427e-07,2.8237241878622026e-08,0.02,bad_safety
scenario_0326,/home/simon/davide_fr3_ws/src/cbf_safety_filter/data/rollouts/fullpool_candidates_seed20260520_n1500/scenario_0326_offline_rollout.npz,/home/simon/davide_fr3_ws/src/cbf_safety_filter/config/generated_scenarios_fullpool_candidates/scenario_0326.yaml,bad_safety,final_min_psi_negative,3000,True,0,0.031154593468482157,-0.05937740813548799,8.902902609169566e-05,-0.13945854089759846,0.00020996918129920217,0.002916966808798389,0.02,bad_safety
scenario_1079,/home/simon/davide_fr3_ws/src/cbf_safety_filter/data/rollouts/fullpool_candidates_seed20260520_n1500/scenario_1079_offline_rollout.npz,/home/simon/davide_fr3_ws/src/cbf_safety_filter/config/generated_scenarios_fullpool_candidates/scenario_1079.yaml,bad_safety,final_min_psi_negative,3000,True,0,0.0073031779447903615,-0.0029198920062449146,0.00011988949164354334,-0.008573337304774768,0.0003132619210574339,8.693315680512484e-05,0.02,bad_safety
scenario_1346,/home/simon/davide_fr3_ws/src/cbf_safety_filter/data/rollouts/fullpool_candidates_seed20260520_n1500/scenario_1346_offline_rollout.npz,/home/simon/davide_fr3_ws/src/cbf_safety_filter/config/generated_scenarios_fullpool_candidates/scenario_1346.yaml,bad_safety,final_min_psi_negative,3000,True,0,0.0022637259490068916,-0.01133027737867115,0.00011990190509791193,-0.01717504084049111,0.00041229997873776236,0.002214985728402672,0.02,bad_safety
scenario_0857,/home/simon/davide_fr3_ws/src/cbf_safety_filter/data/rollouts/fullpool_candidates_seed20260520_n1500/scenario_0857_offline_rollout.npz,/home/simon/davide_fr3_ws/src/cbf_safety_filter/config/generated_scenarios_fullpool_candidates/scenario_0857.yaml,bad_safety,final_min_psi_negative,3000,True,0,0.005881637928699852,-2.8201995805849506e-05,0.00012676635222971452,-0.01516584602009452,0.0003912647223324184,0.003036645904629458,0.02,bad_safety
scenario_0609,/home/simon/davide_fr3_ws/src/cbf_safety_filter/data/rollouts/fullpool_candidates_seed20260520_n1500/scenario_0609_offline_rollout.npz,/home/simon/davide_fr3_ws/src/cbf_safety_filter/config/generated_scenarios_fullpool_candidates/scenario_0609.yaml,bad_safety,final_min_psi_negative,3000,True,0,0.03155858915592388,-0.019565740247366598,0.00012879320472801437,-0.4479942711472156,0.0007126959401384664,0.0020917299452957146,0.02,bad_safety
scenario_0632,/home/simon/davide_fr3_ws/src/cbf_safety_filter/data/rollouts/fullpool_candidates_seed20260520_n1500/scenario_0632_offline_rollout.npz,/home/simon/davide_fr3_ws/src/cbf_safety_filter/config/generated_scenarios_fullpool_candidates/scenario_0632.yaml,bad_safety,final_min_psi_negative,3000,True,0,0.002426850916856668,-0.0020635264748357935,0.00016213930279370542,-0.03877845680563935,0.0006000712806079056,0.0005578445113110864,0.02,bad_safety
scenario_0676,/home/simon/davide_fr3_ws/src/cbf_safety_filter/data/rollouts/fullpool_candidates_seed20260520_n1500/scenario_0676_offline_rollout.npz,/home/simon/davide_fr3_ws/src/cbf_safety_filter/config/generated_scenarios_fullpool_candidates/scenario_0676.yaml,bad_safety,final_min_psi_negative,3000,True,0,0.00017870485280981063,-3.329679528906002e-05,0.00017783817609378152,-0.00567275722746613,0.0006782527625566748,2.3373478640682042e-05,0.02,bad_safety
scenario_0388,/home/simon/davide_fr3_ws/src/cbf_safety_filter/data/rollouts/fullpool_candidates_seed20260520_n1500/scenario_0388_offline_rollout.npz,/home/simon/davide_fr3_ws/src/cbf_safety_filter/config/generated_scenarios_fullpool_candidates/scenario_0388.yaml,bad_safety,final_min_psi_negative,3000,True,0,0.05904723042183128,-0.017844727617588013,0.0003174515221651651,-0.1895868729977189,0.0009021018076745269,0.0015188673321281858,0.02,bad_safety
scenario_1211,/home/simon/davide_fr3_ws/src/cbf_safety_filter/data/rollouts/fullpool_candidates_seed20260520_n1500/scenario_1211_offline_rollout.npz,/home/simon/davide_fr3_ws/src/cbf_safety_filter/config/generated_scenarios_fullpool_candidates/scenario_1211.yaml,bad_safety,final_min_psi_negative,3000,True,0,0.014277324584022389,-0.023171461958314044,0.0004162962708093021,-0.04383060433701219,0.0016222144745407507,0.002341435341049724,0.02,bad_safety
scenario_0001,/home/simon/davide_fr3_ws/src/cbf_safety_filter/data/rollouts/fullpool_candidates_seed20260520_n1500/scenario_0001_offline_rollout.npz,/home/simon/davide_fr3_ws/src/cbf_safety_filter/config/generated_scenarios_fullpool_candidates/scenario_0001.yaml,bad_safety,final_min_psi_negative,3000,True,0,0.04715164520871113,-0.011918437724551756,0.0006099578140955388,-0.09650276326421137,0.0018337221199586362,0.002019157547553192,0.02,bad_safety
scenario_0105,/home/simon/davide_fr3_ws/src/cbf_safety_filter/data/rollouts/fullpool_candidates_seed20260520_n1500/scenario_0105_offline_rollout.npz,/home/simon/davide_fr3_ws/src/cbf_safety_filter/config/generated_scenarios_fullpool_candidates/scenario_0105.yaml,bad_safety,final_min_psi_negative,3000,True,0,0.04737570866944192,-0.0026115956882718505,0.0008698438882168806,-0.17520232852605416,0.0027088752607987154,0.001185566180649358,0.02,bad_safety
scenario_0864,/home/simon/davide_fr3_ws/src/cbf_safety_filter/data/rollouts/fullpool_candidates_seed20260520_n1500/scenario_0864_offline_rollout.npz,/home/simon/davide_fr3_ws/src/cbf_safety_filter/config/generated_scenarios_fullpool_candidates/scenario_0864.yaml,bad_safety,final_min_psi_negative,3000,True,0,0.058637548704331674,-0.005983547121550914,0.0010248580625338202,-0.0812728509299182,0.004240088308918838,0.001541138073145291,0.02,bad_safety
scenario_0534,/home/simon/davide_fr3_ws/src/cbf_safety_filter/data/rollouts/fullpool_candidates_seed20260520_n1500/scenario_0534_offline_rollout.npz,/home/simon/davide_fr3_ws/src/cbf_safety_filter/config/generated_scenarios_fullpool_candidates/scenario_0534.yaml,bad_safety,final_min_psi_negative,3000,True,0,0.02459416775923382,-0.010342959656733729,0.001374988360548935,-0.09020257449201957,0.004008611776329246,0.00030673684452572707,0.02,bad_safety
scenario_0869,/home/simon/davide_fr3_ws/src/cbf_safety_filter/data/rollouts/fullpool_candidates_seed20260520_n1500/scenario_0869_offline_rollout.npz,/home/simon/davide_fr3_ws/src/cbf_safety_filter/config/generated_scenarios_fullpool_candidates/scenario_0869.yaml,bad_safety,final_min_psi_negative,3000,True,0,0.010699848069104952,-0.07587186406213164,0.0019309360951121624,-0.16172405738094253,0.004979469637516248,0.00166712511518072,0.02,bad_safety
scenario_1393,/home/simon/davide_fr3_ws/src/cbf_safety_filter/data/rollouts/fullpool_candidates_seed20260520_n1500/scenario_1393_offline_rollout.npz,/home/simon/davide_fr3_ws/src/cbf_safety_filter/config/generated_scenarios_fullpool_candidates/scenario_1393.yaml,bad_safety,final_min_psi_negative,3000,True,0,0.001997889001342526,-0.002228862728325849,0.001997889001342526,-0.05261764481944148,0.004699811543292243,0.00011519041220576946,0.02,bad_safety
scenario_0566,/home/simon/davide_fr3_ws/src/cbf_safety_filter/data/rollouts/fullpool_candidates_seed20260520_n1500/scenario_0566_offline_rollout.npz,/home/simon/davide_fr3_ws/src/cbf_safety_filter/config/generated_scenarios_fullpool_candidates/scenario_0566.yaml,bad_safety,final_min_psi_negative,3000,True,0,0.002636324266935086,-0.00044080577407727,0.002636324266935086,-0.0006433171754555937,0.012613195364699625,0.000994434021410869,0.02,bad_safety
scenario_0317,/home/simon/davide_fr3_ws/src/cbf_safety_filter/data/rollouts/fullpool_candidates_seed20260520_n1500/scenario_0317_offline_rollout.npz,/home/simon/davide_fr3_ws/src/cbf_safety_filter/config/generated_scenarios_fullpool_candidates/scenario_0317.yaml,bad_safety,final_min_psi_negative,3000,True,0,0.02656868518081614,-0.06269450443330957,0.0027415015726687114,-0.1202031188464035,0.008449696823601055,0.0003375318832145868,0.02,bad_safety
scenario_0893,/home/simon/davide_fr3_ws/src/cbf_safety_filter/data/rollouts/fullpool_candidates_seed20260520_n1500/scenario_0893_offline_rollout.npz,/home/simon/davide_fr3_ws/src/cbf_safety_filter/config/generated_scenarios_fullpool_candidates/scenario_0893.yaml,bad_safety,final_min_psi_negative,3000,True,0,0.033086114352934445,-0.0011975732298496744,0.003501978032478599,-0.05670627080468185,0.017712478536512186,0.0016516339400182813,0.02,bad_safety
scenario_1212,/home/simon/davide_fr3_ws/src/cbf_safety_filter/data/rollouts/fullpool_candidates_seed20260520_n1500/scenario_1212_offline_rollout.npz,/home/simon/davide_fr3_ws/src/cbf_safety_filter/config/generated_scenarios_fullpool_candidates/scenario_1212.yaml,bad_safety,final_min_psi_negative,3000,True,0,0.004263396203712015,-5.5725297229776774e-05,0.0035397804665009552,-0.050693641493150726,0.008080210835701318,0.00027821745041325165,0.02,bad_safety
scenario_0480,/home/simon/davide_fr3_ws/src/cbf_safety_filter/data/rollouts/fullpool_candidates_seed20260520_n1500/scenario_0480_offline_rollout.npz,/home/simon/davide_fr3_ws/src/cbf_safety_filter/config/generated_scenarios_fullpool_candidates/scenario_0480.yaml,bad_safety,final_min_psi_negative,3000,True,0,0.01568360957050157,-0.1366612740380371,0.0036297229648407456,-0.21290268315661492,0.015223826487142184,0.005973173473229877,0.02,bad_safety
scenario_0121,/home/simon/davide_fr3_ws/src/cbf_safety_filter/data/rollouts/fullpool_candidates_seed20260520_n1500/scenario_0121_offline_rollout.npz,/home/simon/davide_fr3_ws/src/cbf_safety_filter/config/generated_scenarios_fullpool_candidates/scenario_0121.yaml,bad_safety,final_min_psi_negative,3000,True,0,0.01395537387409243,-0.009502390594186574,0.004029532743220002,-0.15421350172914164,0.014793080415526988,0.016024289538116642,0.02,bad_safety
scenario_0544,/home/simon/davide_fr3_ws/src/cbf_safety_filter/data/rollouts/fullpool_candidates_seed20260520_n1500/scenario_0544_offline_rollout.npz,/home/simon/davide_fr3_ws/src/cbf_safety_filter/config/generated_scenarios_fullpool_candidates/scenario_0544.yaml,bad_safety,final_min_psi_negative,3000,True,0,0.0041886013428520524,-0.0041761918438706705,0.0041886013428520524,-0.08467075583684155,0.009867887457727154,0.0003054199418188207,0.02,bad_safety
scenario_0476,/home/simon/davide_fr3_ws/src/cbf_safety_filter/data/rollouts/fullpool_candidates_seed20260520_n1500/scenario_0476_offline_rollout.npz,/home/simon/davide_fr3_ws/src/cbf_safety_filter/config/generated_scenarios_fullpool_candidates/scenario_0476.yaml,bad_safety,final_min_psi_negative,3000,True,0,0.02004792549548723,-0.013508304288819342,0.004381774152546723,-0.0763758891776653,0.011150944448539313,0.0017249223854643879,0.02,bad_safety
scenario_0669,/home/simon/davide_fr3_ws/src/cbf_safety_filter/data/rollouts/fullpool_candidates_seed20260520_n1500/scenario_0669_offline_rollout.npz,/home/simon/davide_fr3_ws/src/cbf_safety_filter/config/generated_scenarios_fullpool_candidates/scenario_0669.yaml,bad_safety,final_min_psi_negative,3000,True,0,0.009332531192464119,-0.0005473841347023896,0.005348605518433747,-0.0008039138004971857,0.014008603952515797,0.00018542362810569963,0.02,bad_safety
scenario_0164,/home/simon/davide_fr3_ws/src/cbf_safety_filter/data/rollouts/fullpool_candidates_seed20260520_n1500/scenario_0164_offline_rollout.npz,/home/simon/davide_fr3_ws/src/cbf_safety_filter/config/generated_scenarios_fullpool_candidates/scenario_0164.yaml,bad_safety,final_min_psi_negative,3000,True,0,0.017610190190993018,-0.02489611611538474,0.005733510518091988,-0.13939941473868048,0.02227852565117197,0.0015883167406524471,0.02,bad_safety
scenario_0066,/home/simon/davide_fr3_ws/src/cbf_safety_filter/data/rollouts/fullpool_candidates_seed20260520_n1500/scenario_0066_offline_rollout.npz,/home/simon/davide_fr3_ws/src/cbf_safety_filter/config/generated_scenarios_fullpool_candidates/scenario_0066.yaml,bad_safety,final_min_psi_negative,3000,True,2,0.02792114612599096,-0.023653595981858927,0.005835309536788531,-0.06282858311287617,0.019857609113452107,0.0020369324140643566,0.02,bad_safety
scenario_0617,/home/simon/davide_fr3_ws/src/cbf_safety_filter/data/rollouts/fullpool_candidates_seed20260520_n1500/scenario_0617_offline_rollout.npz,/home/simon/davide_fr3_ws/src/cbf_safety_filter/config/generated_scenarios_fullpool_candidates/scenario_0617.yaml,bad_safety,final_min_psi_negative,3000,True,0,0.015724005535197122,-0.008432342522709552,0.005877993731586767,-0.04620064774450014,0.022167128222105037,0.0014248744024602676,0.02,bad_safety
scenario_0168,/home/simon/davide_fr3_ws/src/cbf_safety_filter/data/rollouts/fullpool_candidates_seed20260520_n1500/scenario_0168_offline_rollout.npz,/home/simon/davide_fr3_ws/src/cbf_safety_filter/config/generated_scenarios_fullpool_candidates/scenario_0168.yaml,bad_safety,final_min_psi_negative,3000,True,0,0.019709800166983395,-0.0191857281679019,0.00625399444552904,-0.11792833366694161,0.029808156840546718,0.0030973628110561703,0.02,bad_safety
scenario_1082,/home/simon/davide_fr3_ws/src/cbf_safety_filter/data/rollouts/fullpool_candidates_seed20260520_n1500/scenario_1082_offline_rollout.npz,/home/simon/davide_fr3_ws/src/cbf_safety_filter/config/generated_scenarios_fullpool_candidates/scenario_1082.yaml,bad_safety,final_min_psi_negative,3000,True,0,0.006659707159063173,-0.002474118464592265,0.006659707159063173,-0.09385651146158736,0.015717334680409728,0.0009183276630747979,0.02,bad_safety
scenario_0163,/home/simon/davide_fr3_ws/src/cbf_safety_filter/data/rollouts/fullpool_candidates_seed20260520_n1500/scenario_0163_offline_rollout.npz,/home/simon/davide_fr3_ws/src/cbf_safety_filter/config/generated_scenarios_fullpool_candidates/scenario_0163.yaml,bad_safety,final_min_psi_negative,3000,True,0,0.02097514310091174,-0.02134383231446685,0.006795291967651551,-0.026985768212570233,0.015996578847430276,0.0009452307679780292,0.02,bad_safety
scenario_1399,/home/simon/davide_fr3_ws/src/cbf_safety_filter/data/rollouts/fullpool_candidates_seed20260520_n1500/scenario_1399_offline_rollout.npz,/home/simon/davide_fr3_ws/src/cbf_safety_filter/config/generated_scenarios_fullpool_candidates/scenario_1399.yaml,bad_safety,final_min_psi_negative,3000,True,0,0.02472403872530704,-0.005559206868651689,0.008119877662958283,-0.1366486055006742,0.02015102850839154,0.013917295173742362,0.02,bad_safety
scenario_1486,/home/simon/davide_fr3_ws/src/cbf_safety_filter/data/rollouts/fullpool_candidates_seed20260520_n1500/scenario_1486_offline_rollout.npz,/home/simon/davide_fr3_ws/src/cbf_safety_filter/config/generated_scenarios_fullpool_candidates/scenario_1486.yaml,bad_safety,final_min_psi_negative,3000,True,0,0.03470720408706696,-0.003979979019235136,0.008800159662008918,-0.08021459971158823,0.0400006140831993,0.0028957187075179507,0.02,bad_safety
scenario_0901,/home/simon/davide_fr3_ws/src/cbf_safety_filter/data/rollouts/fullpool_candidates_seed20260520_n1500/scenario_0901_offline_rollout.npz,/home/simon/davide_fr3_ws/src/cbf_safety_filter/config/generated_scenarios_fullpool_candidates/scenario_0901.yaml,bad_safety,final_min_psi_negative,3000,True,0,0.017790269439146043,-0.004901725279545147,0.009164327508261232,-0.07519164080665869,0.022893992136500008,0.0014151013072101002,0.02,bad_safety
scenario_0672,/home/simon/davide_fr3_ws/src/cbf_safety_filter/data/rollouts/fullpool_candidates_seed20260520_n1500/scenario_0672_offline_rollout.npz,/home/simon/davide_fr3_ws/src/cbf_safety_filter/config/generated_scenarios_fullpool_candidates/scenario_0672.yaml,bad_safety,final_min_psi_negative,3000,True,0,0.020389479943283155,-0.008898313591613638,0.009523036587505763,-0.05126067664114299,0.04119117661400007,0.0013578504902998529,0.02,bad_safety
scenario_1469,/home/simon/davide_fr3_ws/src/cbf_safety_filter/data/rollouts/fullpool_candidates_seed20260520_n1500/scenario_1469_offline_rollout.npz,/home/simon/davide_fr3_ws/src/cbf_safety_filter/config/generated_scenarios_fullpool_candidates/scenario_1469.yaml,bad_safety,final_min_psi_negative,3000,True,0,0.03658624445061232,-0.008926491412773546,0.010044405624177263,-0.19581681381018606,0.0351592923329091,0.0006706226504216517,0.02,bad_safety
scenario_1400,/home/simon/davide_fr3_ws/src/cbf_safety_filter/data/rollouts/fullpool_candidates_seed20260520_n1500/scenario_1400_offline_rollout.npz,/home/simon/davide_fr3_ws/src/cbf_safety_filter/config/generated_scenarios_fullpool_candidates/scenario_1400.yaml,bad_safety,final_min_psi_negative,3000,True,0,0.03626074944053853,-0.002722784474803036,0.010063834133910122,-0.06644849380025875,0.04316234701940366,0.0018943203439311543,0.02,bad_safety
scenario_0492,/home/simon/davide_fr3_ws/src/cbf_safety_filter/data/rollouts/fullpool_candidates_seed20260520_n1500/scenario_0492_offline_rollout.npz,/home/simon/davide_fr3_ws/src/cbf_safety_filter/config/generated_scenarios_fullpool_candidates/scenario_0492.yaml,bad_safety,final_min_psi_negative,3000,True,0,0.011269461433482526,-0.01935953601259815,0.010298708728680515,-0.05737420874660537,0.0284313050401305,0.0006984461038801541,0.02,bad_safety
scenario_1065,/home/simon/davide_fr3_ws/src/cbf_safety_filter/data/rollouts/fullpool_candidates_seed20260520_n1500/scenario_1065_offline_rollout.npz,/home/simon/davide_fr3_ws/src/cbf_safety_filter/config/generated_scenarios_fullpool_candidates/scenario_1065.yaml,bad_safety,final_min_psi_negative,3000,True,0,0.043996940546654977,-0.024232475160486988,0.01048474941498361,-0.1571164943859622,0.044677304580893196,0.0008064117805104851,0.02,bad_safety
scenario_1466,/home/simon/davide_fr3_ws/src/cbf_safety_filter/data/rollouts/fullpool_candidates_seed20260520_n1500/scenario_1466_offline_rollout.npz,/home/simon/davide_fr3_ws/src/cbf_safety_filter/config/generated_scenarios_fullpool_candidates/scenario_1466.yaml,bad_safety,final_min_psi_negative,3000,True,0,0.010915547030630723,-0.017079145059408943,0.010534272009257361,-0.08470202137749921,0.03984889714178236,0.0026290755616830952,0.02,bad_safety
scenario_0017,/home/simon/davide_fr3_ws/src/cbf_safety_filter/data/rollouts/fullpool_candidates_seed20260520_n1500/scenario_0017_offline_rollout.npz,/home/simon/davide_fr3_ws/src/cbf_safety_filter/config/generated_scenarios_fullpool_candidates/scenario_0017.yaml,bad_safety,final_min_psi_negative,3000,True,0,0.021368185439626503,-0.009615189838414334,0.012964871811979126,-0.17961489071697828,0.032247143227764175,0.021371316312835266,0.02,bad_safety
scenario_0258,/home/simon/davide_fr3_ws/src/cbf_safety_filter/data/rollouts/fullpool_candidates_seed20260520_n1500/scenario_0258_offline_rollout.npz,/home/simon/davide_fr3_ws/src/cbf_safety_filter/config/generated_scenarios_fullpool_candidates/scenario_0258.yaml,bad_safety,final_min_psi_negative,3000,True,0,0.08348257313221023,-0.025300324805979713,0.024670233669528516,-0.46555311949476574,0.05484199743508514,0.001455580476239397,0.02,bad_safety
scenario_1173,/home/simon/davide_fr3_ws/src/cbf_safety_filter/data/rollouts/fullpool_candidates_seed20260520_n1500/scenario_1173_offline_rollout.npz,/home/simon/davide_fr3_ws/src/cbf_safety_filter/config/generated_scenarios_fullpool_candidates/scenario_1173.yaml,bad_qp,final_qp_solved_false,3000,False,2953,0.012520961739413087,0.018041479210011153,0.012520961739413087,-0.12329982157469649,0.053600006056452126,0.6563187151010088,0.02,bad_qp
scenario_0097,/home/simon/davide_fr3_ws/src/cbf_safety_filter/data/rollouts/fullpool_candidates_seed20260520_n1500/scenario_0097_offline_rollout.npz,/home/simon/davide_fr3_ws/src/cbf_safety_filter/config/generated_scenarios_fullpool_candidates/scenario_0097.yaml,bad_qp,final_qp_solved_false,3000,False,2950,0.02115816381100031,0.011017559174418635,0.02115816381100031,0.004760036631435663,0.052047655330443365,0.46174791830281525,0.02,bad_qp
scenario_0194,/home/simon/davide_fr3_ws/src/cbf_safety_filter/data/rollouts/fullpool_candidates_seed20260520_n1500/scenario_0194_offline_rollout.npz,/home/simon/davide_fr3_ws/src/cbf_safety_filter/config/generated_scenarios_fullpool_candidates/scenario_0194.yaml,bad_qp,final_qp_solved_false,3000,False,2947,0.009851801814586371,0.018803193643456437,0.0069883774198405725,-0.0864677490629584,0.03283475656279282,0.6590875920007855,0.02,bad_qp
scenario_0772,/home/simon/davide_fr3_ws/src/cbf_safety_filter/data/rollouts/fullpool_candidates_seed20260520_n1500/scenario_0772_offline_rollout.npz,/home/simon/davide_fr3_ws/src/cbf_safety_filter/config/generated_scenarios_fullpool_candidates/scenario_0772.yaml,bad_qp,final_qp_solved_false,3000,False,2946,0.004988083361437107,-0.005340205856220944,0.004988083361437107,-0.06490306950783056,0.02440316150105777,0.5581483268965658,0.02,bad_qp
scenario_0314,/home/simon/davide_fr3_ws/src/cbf_safety_filter/data/rollouts/fullpool_candidates_seed20260520_n1500/scenario_0314_offline_rollout.npz,/home/simon/davide_fr3_ws/src/cbf_safety_filter/config/generated_scenarios_fullpool_candidates/scenario_0314.yaml,bad_qp,final_qp_solved_false,3000,False,2937,-0.0012667251242567696,-0.005868496283852037,-0.0012667251242567696,-0.063244405597044,-0.007336375135473097,0.46181631698322584,0.02,bad_qp
scenario_0670,/home/simon/davide_fr3_ws/src/cbf_safety_filter/data/rollouts/fullpool_candidates_seed20260520_n1500/scenario_0670_offline_rollout.npz,/home/simon/davide_fr3_ws/src/cbf_safety_filter/config/generated_scenarios_fullpool_candidates/scenario_0670.yaml,bad_qp,final_qp_solved_false,3000,False,2937,0.0010842655704714523,-0.006287225849087608,0.0010842655704714523,-0.08048408157062448,0.005834573982834879,0.5827259133419634,0.02,bad_qp
scenario_0797,/home/simon/davide_fr3_ws/src/cbf_safety_filter/data/rollouts/fullpool_candidates_seed20260520_n1500/scenario_0797_offline_rollout.npz,/home/simon/davide_fr3_ws/src/cbf_safety_filter/config/generated_scenarios_fullpool_candidates/scenario_0797.yaml,bad_qp,final_qp_solved_false,3000,False,2935,-0.0008527400925653263,-0.010645919734090563,-0.0008527400925653263,-0.06815271398808218,-0.004869160068546999,0.4819746046217196,0.02,bad_qp
scenario_0798,/home/simon/davide_fr3_ws/src/cbf_safety_filter/data/rollouts/fullpool_candidates_seed20260520_n1500/scenario_0798_offline_rollout.npz,/home/simon/davide_fr3_ws/src/cbf_safety_filter/config/generated_scenarios_fullpool_candidates/scenario_0798.yaml,bad_qp,final_qp_solved_false,3000,False,2934,0.009498055046431145,0.03058913064563408,0.0071668288605690154,-0.063643465004778,0.03355900962928206,0.467737242738072,0.02,bad_qp
scenario_0329,/home/simon/davide_fr3_ws/src/cbf_safety_filter/data/rollouts/fullpool_candidates_seed20260520_n1500/scenario_0329_offline_rollout.npz,/home/simon/davide_fr3_ws/src/cbf_safety_filter/config/generated_scenarios_fullpool_candidates/scenario_0329.yaml,bad_qp,final_qp_solved_false,3000,False,2933,0.0033398520139948443,-0.014875579494338403,0.0033398520139948443,-0.07858154931934744,0.016957243859379828,0.49847543289655477,0.02,bad_qp
scenario_0148,/home/simon/davide_fr3_ws/src/cbf_safety_filter/data/rollouts/fullpool_candidates_seed20260520_n1500/scenario_0148_offline_rollout.npz,/home/simon/davide_fr3_ws/src/cbf_safety_filter/config/generated_scenarios_fullpool_candidates/scenario_0148.yaml,bad_qp,final_qp_solved_false,3000,False,2933,0.004099540801190219,0.011055618840551784,0.002123474040572353,-0.14233947966514662,0.011111196415492741,0.5632058738840788,0.02,bad_qp
scenario_1321,/home/simon/davide_fr3_ws/src/cbf_safety_filter/data/rollouts/fullpool_candidates_seed20260520_n1500/scenario_1321_offline_rollout.npz,/home/simon/davide_fr3_ws/src/cbf_safety_filter/config/generated_scenarios_fullpool_candidates/scenario_1321.yaml,bad_qp,final_qp_solved_false,3000,False,2931,-0.00015578159115183302,-0.0012273284637601837,-0.00015578159115183302,-0.04487377083442995,-0.0008696549493486666,0.39184292879217125,0.02,bad_qp
scenario_0429,/home/simon/davide_fr3_ws/src/cbf_safety_filter/data/rollouts/fullpool_candidates_seed20260520_n1500/scenario_0429_offline_rollout.npz,/home/simon/davide_fr3_ws/src/cbf_safety_filter/config/generated_scenarios_fullpool_candidates/scenario_0429.yaml,bad_qp,final_qp_solved_false,3000,False,2931,0.015192305650671553,0.018533341228139127,0.012224510352037655,-0.036825660476868735,0.05077211788280245,0.5126915047484755,0.02,bad_qp
scenario_0954,/home/simon/davide_fr3_ws/src/cbf_safety_filter/data/rollouts/fullpool_candidates_seed20260520_n1500/scenario_0954_offline_rollout.npz,/home/simon/davide_fr3_ws/src/cbf_safety_filter/config/generated_scenarios_fullpool_candidates/scenario_0954.yaml,bad_qp,final_qp_solved_false,3000,False,2929,0.009701628047738674,-0.0669110071334915,0.005251298779484019,-0.07099997648998904,0.02554782031472519,0.4392675986230631,0.02,bad_qp
scenario_0036,/home/simon/davide_fr3_ws/src/cbf_safety_filter/data/rollouts/fullpool_candidates_seed20260520_n1500/scenario_0036_offline_rollout.npz,/home/simon/davide_fr3_ws/src/cbf_safety_filter/config/generated_scenarios_fullpool_candidates/scenario_0036.yaml,bad_qp,final_qp_solved_false,3000,False,2929,-0.0006002184498892504,-0.00018254788414052286,-0.0006655952010991596,-0.04783904730678251,-0.0037770053935677755,0.38756575614127353,0.02,bad_qp
scenario_1490,/home/simon/davide_fr3_ws/src/cbf_safety_filter/data/rollouts/fullpool_candidates_seed20260520_n1500/scenario_1490_offline_rollout.npz,/home/simon/davide_fr3_ws/src/cbf_safety_filter/config/generated_scenarios_fullpool_candidates/scenario_1490.yaml,bad_qp,final_qp_solved_false,3000,False,2927,0.0018231174985189752,-0.01953148883346919,0.0016860444207556797,-0.08344779691101259,0.00892443793500007,0.4387106958458992,0.02,bad_qp
scenario_0744,/home/simon/davide_fr3_ws/src/cbf_safety_filter/data/rollouts/fullpool_candidates_seed20260520_n1500/scenario_0744_offline_rollout.npz,/home/simon/davide_fr3_ws/src/cbf_safety_filter/config/generated_scenarios_fullpool_candidates/scenario_0744.yaml,bad_qp,final_qp_solved_false,3000,False,2926,0.004492478624906655,-0.0015747781683511652,0.004235964360036544,-0.06442792761318483,0.011863341507293929,0.3978085947740921,0.02,bad_qp
scenario_0520,/home/simon/davide_fr3_ws/src/cbf_safety_filter/data/rollouts/fullpool_candidates_seed20260520_n1500/scenario_0520_offline_rollout.npz,/home/simon/davide_fr3_ws/src/cbf_safety_filter/config/generated_scenarios_fullpool_candidates/scenario_0520.yaml,bad_qp,final_qp_solved_false,3000,False,2924,0.010552983812956565,0.004636174505427235,0.00644712842299155,-0.04351919616785835,0.023662447713765536,0.3980117523256196,0.02,bad_qp
scenario_0965,/home/simon/davide_fr3_ws/src/cbf_safety_filter/data/rollouts/fullpool_candidates_seed20260520_n1500/scenario_0965_offline_rollout.npz,/home/simon/davide_fr3_ws/src/cbf_safety_filter/config/generated_scenarios_fullpool_candidates/scenario_0965.yaml,bad_qp,final_qp_solved_false,3000,False,2924,0.020208553749874347,-0.007148821305599393,0.018632278797669266,-0.007148821305599393,0.04530045533102772,0.36908026507153324,0.02,bad_qp
scenario_0077,/home/simon/davide_fr3_ws/src/cbf_safety_filter/data/rollouts/fullpool_candidates_seed20260520_n1500/scenario_0077_offline_rollout.npz,/home/simon/davide_fr3_ws/src/cbf_safety_filter/config/generated_scenarios_fullpool_candidates/scenario_0077.yaml,bad_qp,final_qp_solved_false,3000,False,2924,0.0012618078280382597,-0.19120065849290718,0.001155323407523303,-0.19120065849290718,0.006204591405625251,0.3804894497845983,0.02,bad_qp
scenario_0890,/home/simon/davide_fr3_ws/src/cbf_safety_filter/data/rollouts/fullpool_candidates_seed20260520_n1500/scenario_0890_offline_rollout.npz,/home/simon/davide_fr3_ws/src/cbf_safety_filter/config/generated_scenarios_fullpool_candidates/scenario_0890.yaml,bad_qp,final_qp_solved_false,3000,False,2922,-0.0003908449194387504,-0.00048796006957199135,-0.0008482559316710919,-0.04712047306586703,-0.004842827264352492,0.3665789451629585,0.02,bad_qp
scenario_0393,/home/simon/davide_fr3_ws/src/cbf_safety_filter/data/rollouts/fullpool_candidates_seed20260520_n1500/scenario_0393_offline_rollout.npz,/home/simon/davide_fr3_ws/src/cbf_safety_filter/config/generated_scenarios_fullpool_candidates/scenario_0393.yaml,bad_qp,final_qp_solved_false,3000,False,2922,0.008819915746666204,-0.0033361766138968463,0.008819915746666204,-0.05412620358305267,0.03858486346389026,0.4016538094502,0.02,bad_qp
scenario_0719,/home/simon/davide_fr3_ws/src/cbf_safety_filter/data/rollouts/fullpool_candidates_seed20260520_n1500/scenario_0719_offline_rollout.npz,/home/simon/davide_fr3_ws/src/cbf_safety_filter/config/generated_scenarios_fullpool_candidates/scenario_0719.yaml,bad_qp,final_qp_solved_false,3000,False,2922,0.008417816818404651,0.02277767350628576,0.006510879808995068,-0.026201791554667356,0.030875472321704164,0.3441765185572524,0.02,bad_qp
scenario_1262,/home/simon/davide_fr3_ws/src/cbf_safety_filter/data/rollouts/fullpool_candidates_seed20260520_n1500/scenario_1262_offline_rollout.npz,/home/simon/davide_fr3_ws/src/cbf_safety_filter/config/generated_scenarios_fullpool_candidates/scenario_1262.yaml,bad_qp,final_qp_solved_false,3000,False,2922,0.038274371007542454,0.04719844845702616,0.0249173091091157,-0.010258925252788043,0.06287830713966794,0.3864809437421521,0.02,bad_qp
scenario_0007,/home/simon/davide_fr3_ws/src/cbf_safety_filter/data/rollouts/fullpool_candidates_seed20260520_n1500/scenario_0007_offline_rollout.npz,/home/simon/davide_fr3_ws/src/cbf_safety_filter/config/generated_scenarios_fullpool_candidates/scenario_0007.yaml,bad_qp,final_qp_solved_false,3000,False,2921,-1.6164572040289205e-05,-0.02296434215193832,-0.004028199780878101,-0.08163587293084013,-0.010589074905991841,0.4651278360386932,0.02,bad_qp
scenario_0909,/home/simon/davide_fr3_ws/src/cbf_safety_filter/data/rollouts/fullpool_candidates_seed20260520_n1500/scenario_0909_offline_rollout.npz,/home/simon/davide_fr3_ws/src/cbf_safety_filter/config/generated_scenarios_fullpool_candidates/scenario_0909.yaml,bad_qp,final_qp_solved_false,3000,False,2921,0.014080887779808728,-0.04174940590129583,0.012648942090591534,-0.04174940590129583,0.05404493080491077,0.3303508362212147,0.02,bad_qp
scenario_0358,/home/simon/davide_fr3_ws/src/cbf_safety_filter/data/rollouts/fullpool_candidates_seed20260520_n1500/scenario_0358_offline_rollout.npz,/home/simon/davide_fr3_ws/src/cbf_safety_filter/config/generated_scenarios_fullpool_candidates/scenario_0358.yaml,bad_qp,final_qp_solved_false,3000,False,2919,0.017393317393697223,-0.04211779460523485,0.009594661986991295,-0.17256116863092275,0.03825505056206294,0.39457873292634077,0.02,bad_qp
scenario_1158,/home/simon/davide_fr3_ws/src/cbf_safety_filter/data/rollouts/fullpool_candidates_seed20260520_n1500/scenario_1158_offline_rollout.npz,/home/simon/davide_fr3_ws/src/cbf_safety_filter/config/generated_scenarios_fullpool_candidates/scenario_1158.yaml,bad_qp,final_qp_solved_false,3000,False,2917,0.0019370851918406335,-0.018064717197935933,0.0019370851918406335,-0.08296584978012517,0.010185254363307542,0.43946408769520834,0.02,bad_qp
scenario_1477,/home/simon/davide_fr3_ws/src/cbf_safety_filter/data/rollouts/fullpool_candidates_seed20260520_n1500/scenario_1477_offline_rollout.npz,/home/simon/davide_fr3_ws/src/cbf_safety_filter/config/generated_scenarios_fullpool_candidates/scenario_1477.yaml,bad_qp,final_qp_solved_false,3000,False,2916,0.01069177469225117,0.004254891672147924,0.006703293914784032,-0.14326778788762623,0.0316687877591621,0.32200367899470306,0.02,bad_qp
scenario_0735,/home/simon/davide_fr3_ws/src/cbf_safety_filter/data/rollouts/fullpool_candidates_seed20260520_n1500/scenario_0735_offline_rollout.npz,/home/simon/davide_fr3_ws/src/cbf_safety_filter/config/generated_scenarios_fullpool_candidates/scenario_0735.yaml,bad_qp,final_qp_solved_false,3000,False,2915,-0.0024186804345746535,-0.012407142276894705,-0.0024186804345746535,-0.06173788099610142,-0.014625471375103463,0.4301081974327039,0.02,bad_qp
scenario_0606,/home/simon/davide_fr3_ws/src/cbf_safety_filter/data/rollouts/fullpool_candidates_seed20260520_n1500/scenario_0606_offline_rollout.npz,/home/simon/davide_fr3_ws/src/cbf_safety_filter/config/generated_scenarios_fullpool_candidates/scenario_0606.yaml,bad_qp,final_qp_solved_false,3000,False,2913,0.01033845370275234,0.006688457742568654,0.01033845370275234,-0.01901665740586258,0.029794303795927818,0.32316270962860977,0.02,bad_qp
scenario_1285,/home/simon/davide_fr3_ws/src/cbf_safety_filter/data/rollouts/fullpool_candidates_seed20260520_n1500/scenario_1285_offline_rollout.npz,/home/simon/davide_fr3_ws/src/cbf_safety_filter/config/generated_scenarios_fullpool_candidates/scenario_1285.yaml,bad_qp,final_qp_solved_false,3000,False,2912,0.0043331839278428486,-0.008536177831221212,0.0043331839278428486,-0.008536177831221212,0.012512357232836252,0.3163102277585625,0.02,bad_qp
scenario_0611,/home/simon/davide_fr3_ws/src/cbf_safety_filter/data/rollouts/fullpool_candidates_seed20260520_n1500/scenario_0611_offline_rollout.npz,/home/simon/davide_fr3_ws/src/cbf_safety_filter/config/generated_scenarios_fullpool_candidates/scenario_0611.yaml,bad_qp,final_qp_solved_false,3000,False,2909,0.047039494095643244,0.0790590779309407,0.03887923542179153,0.016302917097377023,0.09526331701939489,0.33247669357538145,0.02,bad_qp
scenario_1156,/home/simon/davide_fr3_ws/src/cbf_safety_filter/data/rollouts/fullpool_candidates_seed20260520_n1500/scenario_1156_offline_rollout.npz,/home/simon/davide_fr3_ws/src/cbf_safety_filter/config/generated_scenarios_fullpool_candidates/scenario_1156.yaml,bad_qp,final_qp_solved_false,3000,False,2905,0.00911642633568657,0.010365157642273987,0.008277003866977713,-0.0031238109453432944,0.02670794356469844,0.2813152066314947,0.02,bad_qp
scenario_0004,/home/simon/davide_fr3_ws/src/cbf_safety_filter/data/rollouts/fullpool_candidates_seed20260520_n1500/scenario_0004_offline_rollout.npz,/home/simon/davide_fr3_ws/src/cbf_safety_filter/config/generated_scenarios_fullpool_candidates/scenario_0004.yaml,bad_qp,final_qp_solved_false,3000,False,2901,0.01272456024490767,-0.007237257328939289,0.01272456024490767,-0.04111191404304054,0.04078571440144371,0.4819093721775572,0.02,bad_qp
scenario_1250,/home/simon/davide_fr3_ws/src/cbf_safety_filter/data/rollouts/fullpool_candidates_seed20260520_n1500/scenario_1250_offline_rollout.npz,/home/simon/davide_fr3_ws/src/cbf_safety_filter/config/generated_scenarios_fullpool_candidates/scenario_1250.yaml,bad_qp,final_qp_solved_false,3000,False,2898,0.02727308376328905,0.03331902646046068,0.010899843279172823,0.015301321150071344,0.0355142905226454,0.22816628728819638,0.02,bad_qp
scenario_0199,/home/simon/davide_fr3_ws/src/cbf_safety_filter/data/rollouts/fullpool_candidates_seed20260520_n1500/scenario_0199_offline_rollout.npz,/home/simon/davide_fr3_ws/src/cbf_safety_filter/config/generated_scenarios_fullpool_candidates/scenario_0199.yaml,bad_qp,final_qp_solved_false,3000,False,2896,-0.0009920174865358997,-0.0025539194565537366,-0.0009920174865358997,-0.026619254124940817,-0.005691148071723218,0.24307110088409706,0.02,bad_qp
scenario_1045,/home/simon/davide_fr3_ws/src/cbf_safety_filter/data/rollouts/fullpool_candidates_seed20260520_n1500/scenario_1045_offline_rollout.npz,/home/simon/davide_fr3_ws/src/cbf_safety_filter/config/generated_scenarios_fullpool_candidates/scenario_1045.yaml,bad_qp,final_qp_solved_false,3000,False,2895,0.00012582480942055843,-0.003073986493205265,0.00012582480942055843,-0.0365741459703938,0.0006963329436232429,0.3134504861559883,0.02,bad_qp
scenario_0681,/home/simon/davide_fr3_ws/src/cbf_safety_filter/data/rollouts/fullpool_candidates_seed20260520_n1500/scenario_0681_offline_rollout.npz,/home/simon/davide_fr3_ws/src/cbf_safety_filter/config/generated_scenarios_fullpool_candidates/scenario_0681.yaml,bad_qp,final_qp_solved_false,3000,False,2895,-0.0018330452799911329,-0.08712399480792543,-0.0020535127995445785,-0.09470322496057831,-0.012240838478958502,0.26620514216596125,0.02,bad_qp
scenario_1201,/home/simon/davide_fr3_ws/src/cbf_safety_filter/data/rollouts/fullpool_candidates_seed20260520_n1500/scenario_1201_offline_rollout.npz,/home/simon/davide_fr3_ws/src/cbf_safety_filter/config/generated_scenarios_fullpool_candidates/scenario_1201.yaml,bad_qp,final_qp_solved_false,3000,False,2894,0.003482820899048387,0.006421900388696087,0.001985239998759528,-0.06056439428936398,0.010425295612009666,0.21253322537491934,0.02,bad_qp
scenario_0933,/home/simon/davide_fr3_ws/src/cbf_safety_filter/data/rollouts/fullpool_candidates_seed20260520_n1500/scenario_0933_offline_rollout.npz,/home/simon/davide_fr3_ws/src/cbf_safety_filter/config/generated_scenarios_fullpool_candidates/scenario_0933.yaml,bad_qp,final_qp_solved_false,3000,False,2888,0.004759734398270519,-0.08059503483963959,0.0004200066384361864,-0.08059503483963959,0.0011739441769645365,0.2604880671235927,0.02,bad_qp
scenario_0102,/home/simon/davide_fr3_ws/src/cbf_safety_filter/data/rollouts/fullpool_candidates_seed20260520_n1500/scenario_0102_offline_rollout.npz,/home/simon/davide_fr3_ws/src/cbf_safety_filter/config/generated_scenarios_fullpool_candidates/scenario_0102.yaml,bad_qp,final_qp_solved_false,3000,False,2888,0.013159737446408777,0.01267065689562362,0.012726833167621682,0.0073603348719456785,0.04552948399481763,0.237651339399225,0.02,bad_qp
scenario_0732,/home/simon/davide_fr3_ws/src/cbf_safety_filter/data/rollouts/fullpool_candidates_seed20260520_n1500/scenario_0732_offline_rollout.npz,/home/simon/davide_fr3_ws/src/cbf_safety_filter/config/generated_scenarios_fullpool_candidates/scenario_0732.yaml,bad_qp,final_qp_solved_false,3000,False,2887,-0.00245560149020305,-0.024598336989379875,-0.00245560149020305,-0.10263534077038158,-0.0075026625931596536,0.366408831319808,0.02,bad_qp
scenario_0517,/home/simon/davide_fr3_ws/src/cbf_safety_filter/data/rollouts/fullpool_candidates_seed20260520_n1500/scenario_0517_offline_rollout.npz,/home/simon/davide_fr3_ws/src/cbf_safety_filter/config/generated_scenarios_fullpool_candidates/scenario_0517.yaml,bad_qp,final_qp_solved_false,3000,False,2884,0.023380100672899015,0.0163111246853621,0.016407590407075876,0.0163111246853621,0.04600991134833843,0.22625793954943227,0.02,bad_qp
scenario_0940,/home/simon/davide_fr3_ws/src/cbf_safety_filter/data/rollouts/fullpool_candidates_seed20260520_n1500/scenario_0940_offline_rollout.npz,/home/simon/davide_fr3_ws/src/cbf_safety_filter/config/generated_scenarios_fullpool_candidates/scenario_0940.yaml,bad_qp,final_qp_solved_false,3000,False,2884,-0.0020059147902055235,-0.00033874113209615003,-0.002423516956554829,-0.18352453276495262,-0.006360273717918641,0.2593792575428512,0.02,bad_qp
scenario_0739,/home/simon/davide_fr3_ws/src/cbf_safety_filter/data/rollouts/fullpool_candidates_seed20260520_n1500/scenario_0739_offline_rollout.npz,/home/simon/davide_fr3_ws/src/cbf_safety_filter/config/generated_scenarios_fullpool_candidates/scenario_0739.yaml,bad_qp,final_qp_solved_false,3000,False,2881,-0.003817588435441591,-0.018567403322903443,-0.003817588435441591,-0.09891209041066792,-0.028513649162630286,0.31021645927582203,0.02,bad_qp
scenario_1379,/home/simon/davide_fr3_ws/src/cbf_safety_filter/data/rollouts/fullpool_candidates_seed20260520_n1500/scenario_1379_offline_rollout.npz,/home/simon/davide_fr3_ws/src/cbf_safety_filter/config/generated_scenarios_fullpool_candidates/scenario_1379.yaml,bad_qp,final_qp_solved_false,3000,False,2876,0.03012992727744799,0.06066825120620109,0.00891147008502901,-0.002487850786992943,0.022562808193962114,0.2047518258380384,0.02,bad_qp
scenario_0481,/home/simon/davide_fr3_ws/src/cbf_safety_filter/data/rollouts/fullpool_candidates_seed20260520_n1500/scenario_0481_offline_rollout.npz,/home/simon/davide_fr3_ws/src/cbf_safety_filter/config/generated_scenarios_fullpool_candidates/scenario_0481.yaml,bad_qp,final_qp_solved_false,3000,False,2872,0.036240547133750495,0.04897642156495904,0.028180050335745433,0.03653163456498588,0.09028262958846378,0.16227346011102609,0.02,bad_qp
scenario_0583,/home/simon/davide_fr3_ws/src/cbf_safety_filter/data/rollouts/fullpool_candidates_seed20260520_n1500/scenario_0583_offline_rollout.npz,/home/simon/davide_fr3_ws/src/cbf_safety_filter/config/generated_scenarios_fullpool_candidates/scenario_0583.yaml,bad_qp,final_qp_solved_false,3000,False,2869,-4.544395373815187e-05,-0.0009571881818648698,-4.544395373815187e-05,-0.007496217019927524,-0.000252821513643961,0.15537157866759843,0.02,bad_qp
scenario_1435,/home/simon/davide_fr3_ws/src/cbf_safety_filter/data/rollouts/fullpool_candidates_seed20260520_n1500/scenario_1435_offline_rollout.npz,/home/simon/davide_fr3_ws/src/cbf_safety_filter/config/generated_scenarios_fullpool_candidates/scenario_1435.yaml,bad_qp,final_qp_solved_false,3000,False,2868,0.006900326949460155,-0.0014208657274850447,0.0023810040670202096,-0.054203219984162665,0.011876711509728965,0.25464142910729554,0.02,bad_qp
scenario_0304,/home/simon/davide_fr3_ws/src/cbf_safety_filter/data/rollouts/fullpool_candidates_seed20260520_n1500/scenario_0304_offline_rollout.npz,/home/simon/davide_fr3_ws/src/cbf_safety_filter/config/generated_scenarios_fullpool_candidates/scenario_0304.yaml,bad_qp,final_qp_solved_false,3000,False,2864,0.0028278948585121044,-0.07766379567504272,0.0028278948585121044,-0.07766379567504272,0.014371468013436778,0.3189326237010449,0.02,bad_qp
scenario_0952,/home/simon/davide_fr3_ws/src/cbf_safety_filter/data/rollouts/fullpool_candidates_seed20260520_n1500/scenario_0952_offline_rollout.npz,/home/simon/davide_fr3_ws/src/cbf_safety_filter/config/generated_scenarios_fullpool_candidates/scenario_0952.yaml,bad_qp,final_qp_solved_false,3000,False,2856,0.0366129744198969,0.07131500475350715,0.02403075956214494,0.033268078664744384,0.07217077667359856,0.14269652135783714,0.02,bad_qp
scenario_0395,/home/simon/davide_fr3_ws/src/cbf_safety_filter/data/rollouts/fullpool_candidates_seed20260520_n1500/scenario_0395_offline_rollout.npz,/home/simon/davide_fr3_ws/src/cbf_safety_filter/config/generated_scenarios_fullpool_candidates/scenario_0395.yaml,bad_qp,final_qp_solved_false,3000,False,2848,-0.015365636154656831,-0.021820799775807843,-0.015477146129573672,-0.07924850782630749,-0.0416058903276926,0.34213902224191084,0.02,bad_qp
scenario_0458,/home/simon/davide_fr3_ws/src/cbf_safety_filter/data/rollouts/fullpool_candidates_seed20260520_n1500/scenario_0458_offline_rollout.npz,/home/simon/davide_fr3_ws/src/cbf_safety_filter/config/generated_scenarios_fullpool_candidates/scenario_0458.yaml,bad_qp,final_qp_solved_false,3000,False,2842,-0.0012516272623663872,-0.021239210713911397,-0.0018819591027787862,-0.08254025817252669,-0.011145444664108245,0.12144326617320027,0.02,bad_qp
scenario_1133,/home/simon/davide_fr3_ws/src/cbf_safety_filter/data/rollouts/fullpool_candidates_seed20260520_n1500/scenario_1133_offline_rollout.npz,/home/simon/davide_fr3_ws/src/cbf_safety_filter/config/generated_scenarios_fullpool_candidates/scenario_1133.yaml,bad_qp,final_qp_solved_false,3000,False,2840,0.03460250517076095,0.0650131390490002,0.010457502879952455,-0.025495932100988813,0.02879322151531785,0.1525057704804377,0.02,bad_qp
scenario_0059,/home/simon/davide_fr3_ws/src/cbf_safety_filter/data/rollouts/fullpool_candidates_seed20260520_n1500/scenario_0059_offline_rollout.npz,/home/simon/davide_fr3_ws/src/cbf_safety_filter/config/generated_scenarios_fullpool_candidates/scenario_0059.yaml,bad_qp,final_qp_solved_false,3000,False,2831,-0.008054612646616673,-0.011585121806952266,-0.010355210031185651,-0.031064616031834358,-0.04676386790786789,0.1357610207447742,0.02,bad_qp
scenario_0518,/home/simon/davide_fr3_ws/src/cbf_safety_filter/data/rollouts/fullpool_candidates_seed20260520_n1500/scenario_0518_offline_rollout.npz,/home/simon/davide_fr3_ws/src/cbf_safety_filter/config/generated_scenarios_fullpool_candidates/scenario_0518.yaml,bad_qp,final_qp_solved_false,3000,False,2823,0.033532297237522705,0.038246883255249914,0.013052054652559944,-0.08389016656998582,0.04771900464316153,0.14383857612309528,0.02,bad_qp
scenario_0903,/home/simon/davide_fr3_ws/src/cbf_safety_filter/data/rollouts/fullpool_candidates_seed20260520_n1500/scenario_0903_offline_rollout.npz,/home/simon/davide_fr3_ws/src/cbf_safety_filter/config/generated_scenarios_fullpool_candidates/scenario_0903.yaml,bad_qp,final_qp_solved_false,3000,False,2809,-0.0024315350506962027,-0.00593453326453968,-0.011483488351617228,-0.032277599239879884,-0.03270790959227035,0.15814545508058403,0.02,bad_qp
scenario_0694,/home/simon/davide_fr3_ws/src/cbf_safety_filter/data/rollouts/fullpool_candidates_seed20260520_n1500/scenario_0694_offline_rollout.npz,/home/simon/davide_fr3_ws/src/cbf_safety_filter/config/generated_scenarios_fullpool_candidates/scenario_0694.yaml,bad_qp,final_qp_solved_false,3000,False,2805,0.0062427850688368085,0.009274589570102493,0.0014620011624595398,-0.08897701380673326,0.004094161484970327,0.1303297751493252,0.02,bad_qp
scenario_1465,/home/simon/davide_fr3_ws/src/cbf_safety_filter/data/rollouts/fullpool_candidates_seed20260520_n1500/scenario_1465_offline_rollout.npz,/home/simon/davide_fr3_ws/src/cbf_safety_filter/config/generated_scenarios_fullpool_candidates/scenario_1465.yaml,bad_qp,final_qp_solved_false,3000,False,2805,0.010557645930344257,0.017847036126671774,0.0026559567510422363,-0.06260838447966896,0.007962398528019748,0.11112050464733692,0.02,bad_qp
scenario_1072,/home/simon/davide_fr3_ws/src/cbf_safety_filter/data/rollouts/fullpool_candidates_seed20260520_n1500/scenario_1072_offline_rollout.npz,/home/simon/davide_fr3_ws/src/cbf_safety_filter/config/generated_scenarios_fullpool_candidates/scenario_1072.yaml,bad_qp,final_qp_solved_false,3000,False,2797,-0.0015437942039698213,-0.0018375488284901355,-0.01522589960012636,-0.07334531442559944,-0.056231121699392,0.12193058729817849,0.02,bad_qp
scenario_0892,/home/simon/davide_fr3_ws/src/cbf_safety_filter/data/rollouts/fullpool_candidates_seed20260520_n1500/scenario_0892_offline_rollout.npz,/home/simon/davide_fr3_ws/src/cbf_safety_filter/config/generated_scenarios_fullpool_candidates/scenario_0892.yaml,bad_qp,final_qp_solved_false,3000,False,2749,-0.00018455619556297619,0.0010535578089215904,-0.003972906656108917,-0.3274898080133032,-0.01877317103683704,0.08753467972171723,0.02,bad_qp
scenario_0997,/home/simon/davide_fr3_ws/src/cbf_safety_filter/data/rollouts/fullpool_candidates_seed20260520_n1500/scenario_0997_offline_rollout.npz,/home/simon/davide_fr3_ws/src/cbf_safety_filter/config/generated_scenarios_fullpool_candidates/scenario_0997.yaml,bad_qp,final_qp_solved_false,3000,False,2725,0.004486285426348838,-0.08980419810811496,-0.002460433537082078,-0.08980419810811496,-0.007461778392220286,0.187495459249222,0.02,bad_qp
scenario_1484,/home/simon/davide_fr3_ws/src/cbf_safety_filter/data/rollouts/fullpool_candidates_seed20260520_n1500/scenario_1484_offline_rollout.npz,/home/simon/davide_fr3_ws/src/cbf_safety_filter/config/generated_scenarios_fullpool_candidates/scenario_1484.yaml,bad_qp,final_qp_solved_false,3000,False,2465,0.034886961857392686,0.09617418596215163,-0.011271932474760715,-0.05288909501693478,-0.034083353849814674,0.0034704835944428733,0.02,bad_qp
scenario_0576,/home/simon/davide_fr3_ws/src/cbf_safety_filter/data/rollouts/fullpool_candidates_seed20260520_n1500/scenario_0576_offline_rollout.npz,/home/simon/davide_fr3_ws/src/cbf_safety_filter/config/generated_scenarios_fullpool_candidates/scenario_0576.yaml,bad_qp,final_qp_solved_false,3000,False,2441,0.0014327540729547963,0.00424373212695346,-0.0089052708258788,-0.055462759026667516,-0.0261746225155908,0.18103264460638768,0.02,bad_qp
scenario_0353,/home/simon/davide_fr3_ws/src/cbf_safety_filter/data/rollouts/fullpool_candidates_seed20260520_n1500/scenario_0353_offline_rollout.npz,/home/simon/davide_fr3_ws/src/cbf_safety_filter/config/generated_scenarios_fullpool_candidates/scenario_0353.yaml,bad_qp,final_qp_solved_false,3000,False,2102,0.012093074179713077,0.0347135238405228,0.003509406907624451,0.004005184027428808,0.011597603125014122,0.0025979929119241286,0.02,bad_qp
scenario_0826,/home/simon/davide_fr3_ws/src/cbf_safety_filter/data/rollouts/fullpool_candidates_seed20260520_n1500/scenario_0826_offline_rollout.npz,/home/simon/davide_fr3_ws/src/cbf_safety_filter/config/generated_scenarios_fullpool_candidates/scenario_0826.yaml,bad_qp,final_qp_solved_false,3000,False,2019,0.014561921935983338,0.02243298826636316,0.00018045698683936615,0.00024527599115797057,0.0005142481042427205,5.51094896515876e-05,0.02,bad_qp
scenario_0730,/home/simon/davide_fr3_ws/src/cbf_safety_filter/data/rollouts/fullpool_candidates_seed20260520_n1500/scenario_0730_offline_rollout.npz,/home/simon/davide_fr3_ws/src/cbf_safety_filter/config/generated_scenarios_fullpool_candidates/scenario_0730.yaml,bad_qp,final_qp_solved_false,3000,False,1632,0.008714841112312268,0.02434519017117635,-0.005537128788248042,-0.035367214910179134,-0.01649398127967744,0.002413261924548925,0.02,bad_qp
scenario_0203,/home/simon/davide_fr3_ws/src/cbf_safety_filter/data/rollouts/fullpool_candidates_seed20260520_n1500/scenario_0203_offline_rollout.npz,/home/simon/davide_fr3_ws/src/cbf_safety_filter/config/generated_scenarios_fullpool_candidates/scenario_0203.yaml,bad_qp,final_qp_solved_false,3000,False,1523,0.029412285528767394,0.05167480220247728,-0.002865336092672817,-0.14424646548529813,-0.01764902276176787,0.020370777753627518,0.02,bad_qp
scenario_1350,/home/simon/davide_fr3_ws/src/cbf_safety_filter/data/rollouts/fullpool_candidates_seed20260520_n1500/scenario_1350_offline_rollout.npz,/home/simon/davide_fr3_ws/src/cbf_safety_filter/config/generated_scenarios_fullpool_candidates/scenario_1350.yaml,bad_qp,final_qp_solved_false,3000,False,1401,0.03854839338956149,0.08238296460376915,0.0004085451813581366,-0.014299943483474367,0.0012661544315914763,0.0026661597590908353,0.02,bad_qp
scenario_0242,/home/simon/davide_fr3_ws/src/cbf_safety_filter/data/rollouts/fullpool_candidates_seed20260520_n1500/scenario_0242_offline_rollout.npz,/home/simon/davide_fr3_ws/src/cbf_safety_filter/config/generated_scenarios_fullpool_candidates/scenario_0242.yaml,bad_qp,final_qp_solved_false,3000,False,1284,0.022354276156859393,0.02527734193697246,5.730740647147403e-05,-0.00031156205979303037,0.00015929374853490552,0.008048487051206745,0.02,bad_qp
scenario_0263,/home/simon/davide_fr3_ws/src/cbf_safety_filter/data/rollouts/fullpool_candidates_seed20260520_n1500/scenario_0263_offline_rollout.npz,/home/simon/davide_fr3_ws/src/cbf_safety_filter/config/generated_scenarios_fullpool_candidates/scenario_0263.yaml,bad_qp,final_qp_solved_false,3000,False,1161,0.019803440389990788,0.037928324465768604,0.000629630495814602,-0.28165681891619937,0.003432491649396796,0.0008973466317280899,0.02,bad_qp
scenario_1041,/home/simon/davide_fr3_ws/src/cbf_safety_filter/data/rollouts/fullpool_candidates_seed20260520_n1500/scenario_1041_offline_rollout.npz,/home/simon/davide_fr3_ws/src/cbf_safety_filter/config/generated_scenarios_fullpool_candidates/scenario_1041.yaml,bad_qp,final_qp_solved_false,3000,False,1072,0.03589936855910657,0.06449231782362203,-0.008380220677985675,-0.1414692042510973,-0.02740467205392874,0.002430970829589455,0.02,bad_qp
scenario_1143,/home/simon/davide_fr3_ws/src/cbf_safety_filter/data/rollouts/fullpool_candidates_seed20260520_n1500/scenario_1143_offline_rollout.npz,/home/simon/davide_fr3_ws/src/cbf_safety_filter/config/generated_scenarios_fullpool_candidates/scenario_1143.yaml,bad_qp,final_qp_solved_false,3000,False,1043,0.034460447641891975,0.07631356185620089,0.002022959548718447,-0.05098964095312447,0.0069065026899048365,0.0028078446005278582,0.02,bad_qp
scenario_1474,/home/simon/davide_fr3_ws/src/cbf_safety_filter/data/rollouts/fullpool_candidates_seed20260520_n1500/scenario_1474_offline_rollout.npz,/home/simon/davide_fr3_ws/src/cbf_safety_filter/config/generated_scenarios_fullpool_candidates/scenario_1474.yaml,bad_qp,final_qp_solved_false,3000,False,1030,0.032133159538605155,0.08031219174188198,0.02191046346199479,-0.14238608807565917,0.06663131634112687,0.005372522652833234,0.02,bad_qp
scenario_1022,/home/simon/davide_fr3_ws/src/cbf_safety_filter/data/rollouts/fullpool_candidates_seed20260520_n1500/scenario_1022_offline_rollout.npz,/home/simon/davide_fr3_ws/src/cbf_safety_filter/config/generated_scenarios_fullpool_candidates/scenario_1022.yaml,bad_qp,final_qp_solved_false,3000,False,1010,0.006717428776549385,0.020193249631816693,-0.002181383903368573,-0.1416723727229327,-0.013067457492739604,0.0037168688836542343,0.02,bad_qp
scenario_0356,/home/simon/davide_fr3_ws/src/cbf_safety_filter/data/rollouts/fullpool_candidates_seed20260520_n1500/scenario_0356_offline_rollout.npz,/home/simon/davide_fr3_ws/src/cbf_safety_filter/config/generated_scenarios_fullpool_candidates/scenario_0356.yaml,bad_qp,final_qp_solved_false,3000,False,989,0.031776890619963916,0.052155208539663586,-0.006067737252509489,-0.18979185066306897,-0.021726894316047074,0.010173381187235013,0.02,bad_qp
scenario_1377,/home/simon/davide_fr3_ws/src/cbf_safety_filter/data/rollouts/fullpool_candidates_seed20260520_n1500/scenario_1377_offline_rollout.npz,/home/simon/davide_fr3_ws/src/cbf_safety_filter/config/generated_scenarios_fullpool_candidates/scenario_1377.yaml,bad_qp,final_qp_solved_false,3000,False,668,0.014556018032449485,0.027203412772278116,0.007057499862500871,0.002093265089723677,0.01776949140175013,0.010588198273252055,0.02,bad_qp
scenario_0238,/home/simon/davide_fr3_ws/src/cbf_safety_filter/data/rollouts/fullpool_candidates_seed20260520_n1500/scenario_0238_offline_rollout.npz,/home/simon/davide_fr3_ws/src/cbf_safety_filter/config/generated_scenarios_fullpool_candidates/scenario_0238.yaml,bad_qp,final_qp_solved_false,3000,False,529,0.010975600348807363,0.020635337143994646,-0.0006869333200995118,-0.15913601683175582,-0.003042796910570314,0.00866180242757438,0.02,bad_qp
scenario_0346,/home/simon/davide_fr3_ws/src/cbf_safety_filter/data/rollouts/fullpool_candidates_seed20260520_n1500/scenario_0346_offline_rollout.npz,/home/simon/davide_fr3_ws/src/cbf_safety_filter/config/generated_scenarios_fullpool_candidates/scenario_0346.yaml,bad_qp,final_qp_solved_false,3000,False,473,0.019301997025905453,0.03959992869191028,0.010248824475560811,0.01708829148958943,0.033923585192596695,0.0003076086951134314,0.02,bad_qp
scenario_1071,/home/simon/davide_fr3_ws/src/cbf_safety_filter/data/rollouts/fullpool_candidates_seed20260520_n1500/scenario_1071_offline_rollout.npz,/home/simon/davide_fr3_ws/src/cbf_safety_filter/config/generated_scenarios_fullpool_candidates/scenario_1071.yaml,bad_qp,final_qp_solved_false,3000,False,297,0.026191976723815076,0.010292882630637656,0.011853793266829093,-0.32677051572773774,0.03259294762190593,0.002923183762966928,0.02,bad_qp
scenario_0079,/home/simon/davide_fr3_ws/src/cbf_safety_filter/data/rollouts/fullpool_candidates_seed20260520_n1500/scenario_0079_offline_rollout.npz,/home/simon/davide_fr3_ws/src/cbf_safety_filter/config/generated_scenarios_fullpool_candidates/scenario_0079.yaml,bad_qp,final_qp_solved_false,3000,False,227,0.05887375672531654,0.12221374113237417,0.014965034334362515,-0.10364067624179324,0.03932711671997621,0.009868918242763333,0.02,bad_qp
scenario_1144,/home/simon/davide_fr3_ws/src/cbf_safety_filter/data/rollouts/fullpool_candidates_seed20260520_n1500/scenario_1144_offline_rollout.npz,/home/simon/davide_fr3_ws/src/cbf_safety_filter/config/generated_scenarios_fullpool_candidates/scenario_1144.yaml,bad_qp,final_qp_solved_false,3000,False,159,0.01755039782623736,0.00959204884868618,0.007741146157015192,-0.37598997713030236,0.03070592688078952,0.015822663508862113,0.02,bad_qp
scenario_0960,/home/simon/davide_fr3_ws/src/cbf_safety_filter/data/rollouts/fullpool_candidates_seed20260520_n1500/scenario_0960_offline_rollout.npz,/home/simon/davide_fr3_ws/src/cbf_safety_filter/config/generated_scenarios_fullpool_candidates/scenario_0960.yaml,bad_qp,final_qp_solved_false,3000,False,119,0.019916249493716072,0.04224598314383249,-0.0008956771592365,-0.21043236530920462,-0.0037404104844943054,0.011298342279397782,0.02,bad_qp
scenario_0254,/home/simon/davide_fr3_ws/src/cbf_safety_filter/data/rollouts/fullpool_candidates_seed20260520_n1500/scenario_0254_offline_rollout.npz,/home/simon/davide_fr3_ws/src/cbf_safety_filter/config/generated_scenarios_fullpool_candidates/scenario_0254.yaml,bad_goal,final_dist_to_goal_above_tol,3000,True,0,3.642919299551295e-17,2.914315596915805e-17,-0.005395785698733741,-0.07972293178521697,-0.025004118006770035,0.27277870953869404,0.02,bad_goal
scenario_0813,/home/simon/davide_fr3_ws/src/cbf_safety_filter/data/rollouts/fullpool_candidates_seed20260520_n1500/scenario_0813_offline_rollout.npz,/home/simon/davide_fr3_ws/src/cbf_safety_filter/config/generated_scenarios_fullpool_candidates/scenario_0813.yaml,bad_goal,final_dist_to_goal_above_tol,3000,True,0,0.0070666881345839705,0.015463101583495169,0.005245285433111726,-0.24474376629640887,0.021107178715051106,0.18076928341599957,0.02,bad_goal
scenario_1086,/home/simon/davide_fr3_ws/src/cbf_safety_filter/data/rollouts/fullpool_candidates_seed20260520_n1500/scenario_1086_offline_rollout.npz,/home/simon/davide_fr3_ws/src/cbf_safety_filter/config/generated_scenarios_fullpool_candidates/scenario_1086.yaml,bad_goal,final_dist_to_goal_above_tol,3000,True,0,8.326672684688674e-17,6.661322367534171e-17,8.326672684688674e-17,-1.8101689982354838e-16,1.942890293094024e-16,0.13279357780784684,0.02,bad_goal
scenario_0074,/home/simon/davide_fr3_ws/src/cbf_safety_filter/data/rollouts/fullpool_candidates_seed20260520_n1500/scenario_0074_offline_rollout.npz,/home/simon/davide_fr3_ws/src/cbf_safety_filter/config/generated_scenarios_fullpool_candidates/scenario_0074.yaml,bad_goal,final_dist_to_goal_above_tol,3000,True,0,0.00759261640695677,0.01799481549958788,0.00014615602766860497,-2.3627161283651388e-05,0.0005483284345731143,0.11861350312975712,0.02,bad_goal
scenario_0378,/home/simon/davide_fr3_ws/src/cbf_safety_filter/data/rollouts/fullpool_candidates_seed20260520_n1500/scenario_0378_offline_rollout.npz,/home/simon/davide_fr3_ws/src/cbf_safety_filter/config/generated_scenarios_fullpool_candidates/scenario_0378.yaml,bad_goal,final_dist_to_goal_above_tol,3000,True,0,0.0003394146922281009,0.0008405720159627567,-0.00492077711351489,-0.05691361492081903,-0.016141166233288262,0.09682669159175401,0.02,bad_goal
scenario_0459,/home/simon/davide_fr3_ws/src/cbf_safety_filter/data/rollouts/fullpool_candidates_seed20260520_n1500/scenario_0459_offline_rollout.npz,/home/simon/davide_fr3_ws/src/cbf_safety_filter/config/generated_scenarios_fullpool_candidates/scenario_0459.yaml,bad_goal,final_dist_to_goal_above_tol,3000,True,0,0.045466771397933994,0.07200117806976435,7.553008600461042e-06,-0.04322815423426399,2.1815519016726848e-05,0.06606713548028892,0.02,bad_goal
scenario_0441,/home/simon/davide_fr3_ws/src/cbf_safety_filter/data/rollouts/fullpool_candidates_seed20260520_n1500/scenario_0441_offline_rollout.npz,/home/simon/davide_fr3_ws/src/cbf_safety_filter/config/generated_scenarios_fullpool_candidates/scenario_0441.yaml,bad_goal,final_dist_to_goal_above_tol,3000,True,0,0.0003631386759638394,0.00055694083468307,-0.0013058684799002185,-0.11292620362367636,-0.003571572618829344,0.06339040147341311,0.02,bad_goal
scenario_0773,/home/simon/davide_fr3_ws/src/cbf_safety_filter/data/rollouts/fullpool_candidates_seed20260520_n1500/scenario_0773_offline_rollout.npz,/home/simon/davide_fr3_ws/src/cbf_safety_filter/config/generated_scenarios_fullpool_candidates/scenario_0773.yaml,bad_goal,final_dist_to_goal_above_tol,3000,True,0,0.000993148399768922,0.002235867301524457,-0.005375179539002642,-0.11546768672310312,-0.02537564448601773,0.06337652822003181,0.02,bad_goal
scenario_0770,/home/simon/davide_fr3_ws/src/cbf_safety_filter/data/rollouts/fullpool_candidates_seed20260520_n1500/scenario_0770_offline_rollout.npz,/home/simon/davide_fr3_ws/src/cbf_safety_filter/config/generated_scenarios_fullpool_candidates/scenario_0770.yaml,bad_goal,final_dist_to_goal_above_tol,3000,True,0,0.00403055716552057,0.005365038597705702,6.017768370003562e-06,-0.2251896472011229,2.0621463760223113e-05,0.060181747495495715,0.02,bad_goal
scenario_1282,/home/simon/davide_fr3_ws/src/cbf_safety_filter/data/rollouts/fullpool_candidates_seed20260520_n1500/scenario_1282_offline_rollout.npz,/home/simon/davide_fr3_ws/src/cbf_safety_filter/config/generated_scenarios_fullpool_candidates/scenario_1282.yaml,bad_goal,final_dist_to_goal_above_tol,3000,True,0,0.00484771454059758,0.008445192638223104,-0.0017398637329193618,-0.09903368127301787,-0.010249537511807252,0.04973877871849352,0.02,bad_goal
scenario_1233,/home/simon/davide_fr3_ws/src/cbf_safety_filter/data/rollouts/fullpool_candidates_seed20260520_n1500/scenario_1233_offline_rollout.npz,/home/simon/davide_fr3_ws/src/cbf_safety_filter/config/generated_scenarios_fullpool_candidates/scenario_1233.yaml,bad_goal,final_dist_to_goal_above_tol,3000,True,0,0.010074933447449605,0.020369590978255032,-0.004399741463329531,-0.3202921715588184,-0.019122900415917438,0.04728318105148808,0.02,bad_goal
scenario_0425,/home/simon/davide_fr3_ws/src/cbf_safety_filter/data/rollouts/fullpool_candidates_seed20260520_n1500/scenario_0425_offline_rollout.npz,/home/simon/davide_fr3_ws/src/cbf_safety_filter/config/generated_scenarios_fullpool_candidates/scenario_0425.yaml,bad_goal,final_dist_to_goal_above_tol,3000,True,0,0.006057681410879031,0.006825906509487183,-0.008491923016946679,-0.0769903646229892,-0.05371871041212837,0.045339252673347305,0.02,bad_goal
scenario_1247,/home/simon/davide_fr3_ws/src/cbf_safety_filter/data/rollouts/fullpool_candidates_seed20260520_n1500/scenario_1247_offline_rollout.npz,/home/simon/davide_fr3_ws/src/cbf_safety_filter/config/generated_scenarios_fullpool_candidates/scenario_1247.yaml,bad_goal,final_dist_to_goal_above_tol,3000,True,0,0.014443545648517082,0.023002555690702177,-0.00010157682874194218,-0.02492795035963788,-0.0003583694764750234,0.04454428917134347,0.02,bad_goal
scenario_0223,/home/simon/davide_fr3_ws/src/cbf_safety_filter/data/rollouts/fullpool_candidates_seed20260520_n1500/scenario_0223_offline_rollout.npz,/home/simon/davide_fr3_ws/src/cbf_safety_filter/config/generated_scenarios_fullpool_candidates/scenario_0223.yaml,bad_goal,final_dist_to_goal_above_tol,3000,True,0,0.02733947385949015,0.06744288480882125,0.017645736676401153,0.019156118123268003,0.040859866890301744,0.03567553431918952,0.02,bad_goal
scenario_1093,/home/simon/davide_fr3_ws/src/cbf_safety_filter/data/rollouts/fullpool_candidates_seed20260520_n1500/scenario_1093_offline_rollout.npz,/home/simon/davide_fr3_ws/src/cbf_safety_filter/config/generated_scenarios_fullpool_candidates/scenario_1093.yaml,bad_goal,final_dist_to_goal_above_tol,3000,True,0,0.003314684974259789,0.03506570419948896,-0.0010369154607944228,-0.15288490154578907,-0.002874527975456842,0.03445912302583305,0.02,bad_goal
scenario_1316,/home/simon/davide_fr3_ws/src/cbf_safety_filter/data/rollouts/fullpool_candidates_seed20260520_n1500/scenario_1316_offline_rollout.npz,/home/simon/davide_fr3_ws/src/cbf_safety_filter/config/generated_scenarios_fullpool_candidates/scenario_1316.yaml,bad_goal,final_dist_to_goal_above_tol,3000,True,0,0.010534929013900234,0.011409077468493643,-0.006689273372348037,-0.03825369834231035,-0.020981442970823938,0.033988543462202425,0.02,bad_goal
scenario_0048,/home/simon/davide_fr3_ws/src/cbf_safety_filter/data/rollouts/fullpool_candidates_seed20260520_n1500/scenario_0048_offline_rollout.npz,/home/simon/davide_fr3_ws/src/cbf_safety_filter/config/generated_scenarios_fullpool_candidates/scenario_0048.yaml,bad_goal,final_dist_to_goal_above_tol,3000,True,0,0.0342238774635654,0.04889522924901587,0.008734264679538289,-0.09281510001724375,0.02398316433822459,0.033978615102362,0.02,bad_goal
scenario_1151,/home/simon/davide_fr3_ws/src/cbf_safety_filter/data/rollouts/fullpool_candidates_seed20260520_n1500/scenario_1151_offline_rollout.npz,/home/simon/davide_fr3_ws/src/cbf_safety_filter/config/generated_scenarios_fullpool_candidates/scenario_1151.yaml,bad_goal,final_dist_to_goal_above_tol,3000,True,0,0.0005930248286939981,0.00044790531939226867,-0.004994419652234818,-0.04909521720321389,-0.018172955509116545,0.03294114542669147,0.02,bad_goal
scenario_1205,/home/simon/davide_fr3_ws/src/cbf_safety_filter/data/rollouts/fullpool_candidates_seed20260520_n1500/scenario_1205_offline_rollout.npz,/home/simon/davide_fr3_ws/src/cbf_safety_filter/config/generated_scenarios_fullpool_candidates/scenario_1205.yaml,bad_goal,final_dist_to_goal_above_tol,3000,True,0,2.099972066668676e-05,4.554958635440667e-05,1.126161340216092e-05,6.813380654542247e-06,3.5998457523056526e-05,0.03273266679071634,0.02,bad_goal
scenario_0052,/home/simon/davide_fr3_ws/src/cbf_safety_filter/data/rollouts/fullpool_candidates_seed20260520_n1500/scenario_0052_offline_rollout.npz,/home/simon/davide_fr3_ws/src/cbf_safety_filter/config/generated_scenarios_fullpool_candidates/scenario_0052.yaml,bad_goal,final_dist_to_goal_above_tol,3000,True,0,0.03710640672804839,0.058739061100642496,-0.0015015468977266772,-0.08424821554321534,-0.0038686566375144282,0.03178858814130525,0.02,bad_goal
scenario_0570,/home/simon/davide_fr3_ws/src/cbf_safety_filter/data/rollouts/fullpool_candidates_seed20260520_n1500/scenario_0570_offline_rollout.npz,/home/simon/davide_fr3_ws/src/cbf_safety_filter/config/generated_scenarios_fullpool_candidates/scenario_0570.yaml,bad_goal,final_dist_to_goal_above_tol,3000,True,0,0.0038947516303151734,0.005990504481688939,0.0013285973671370438,0.0012036114084667503,0.004365142979679992,0.030576728902625767,0.02,bad_goal
scenario_0863,/home/simon/davide_fr3_ws/src/cbf_safety_filter/data/rollouts/fullpool_candidates_seed20260520_n1500/scenario_0863_offline_rollout.npz,/home/simon/davide_fr3_ws/src/cbf_safety_filter/config/generated_scenarios_fullpool_candidates/scenario_0863.yaml,bad_goal,final_dist_to_goal_above_tol,3000,True,0,6.573948125965928e-05,0.00012076346349470911,-0.0007115549861496755,-0.02002680785132324,-0.002917615337966001,0.029063770692173134,0.02,bad_goal
scenario_0364,/home/simon/davide_fr3_ws/src/cbf_safety_filter/data/rollouts/fullpool_candidates_seed20260520_n1500/scenario_0364_offline_rollout.npz,/home/simon/davide_fr3_ws/src/cbf_safety_filter/config/generated_scenarios_fullpool_candidates/scenario_0364.yaml,bad_goal,final_dist_to_goal_above_tol,3000,True,0,0.029571790863667506,0.061198888502099605,0.0009469968998930822,-0.12312680991572728,0.002617334246479086,0.02753554680794915,0.02,bad_goal
scenario_0310,/home/simon/davide_fr3_ws/src/cbf_safety_filter/data/rollouts/fullpool_candidates_seed20260520_n1500/scenario_0310_offline_rollout.npz,/home/simon/davide_fr3_ws/src/cbf_safety_filter/config/generated_scenarios_fullpool_candidates/scenario_0310.yaml,bad_goal,final_dist_to_goal_above_tol,3000,True,0,0.012148330138761834,0.02336682241799741,-0.0001620868600126068,-0.031065135991799386,-0.0006563719066739748,0.02646294138734649,0.02,bad_goal
scenario_1063,/home/simon/davide_fr3_ws/src/cbf_safety_filter/data/rollouts/fullpool_candidates_seed20260520_n1500/scenario_1063_offline_rollout.npz,/home/simon/davide_fr3_ws/src/cbf_safety_filter/config/generated_scenarios_fullpool_candidates/scenario_1063.yaml,bad_goal,final_dist_to_goal_above_tol,3000,True,0,0.007151104657968019,0.010671588178913071,-0.0026180923295547505,-0.039004382355709716,-0.009707701495645343,0.025995112603502242,0.02,bad_goal
scenario_0387,/home/simon/davide_fr3_ws/src/cbf_safety_filter/data/rollouts/fullpool_candidates_seed20260520_n1500/scenario_0387_offline_rollout.npz,/home/simon/davide_fr3_ws/src/cbf_safety_filter/config/generated_scenarios_fullpool_candidates/scenario_0387.yaml,bad_goal,final_dist_to_goal_above_tol,3000,True,0,0.005134445567476914,0.008758012132343937,-0.007310329616558874,-0.16731701965791818,-0.02286361502838624,0.02304060832808146,0.02,bad_goal
scenario_0659,/home/simon/davide_fr3_ws/src/cbf_safety_filter/data/rollouts/fullpool_candidates_seed20260520_n1500/scenario_0659_offline_rollout.npz,/home/simon/davide_fr3_ws/src/cbf_safety_filter/config/generated_scenarios_fullpool_candidates/scenario_0659.yaml,bad_goal,final_dist_to_goal_above_tol,3000,True,0,0.001865255917553977,0.008243532979312532,-0.0062316876516111544,-0.06037622413255107,-0.05142877477935647,0.022998506404371975,0.02,bad_goal
scenario_0112,/home/simon/davide_fr3_ws/src/cbf_safety_filter/data/rollouts/fullpool_candidates_seed20260520_n1500/scenario_0112_offline_rollout.npz,/home/simon/davide_fr3_ws/src/cbf_safety_filter/config/generated_scenarios_fullpool_candidates/scenario_0112.yaml,bad_goal,final_dist_to_goal_above_tol,3000,True,0,0.015148384778993364,0.04723181511511225,-0.0030040433679396454,-0.4783756772370329,-0.01098720858064045,0.02271951310393735,0.02,bad_goal
scenario_1407,/home/simon/davide_fr3_ws/src/cbf_safety_filter/data/rollouts/fullpool_candidates_seed20260520_n1500/scenario_1407_offline_rollout.npz,/home/simon/davide_fr3_ws/src/cbf_safety_filter/config/generated_scenarios_fullpool_candidates/scenario_1407.yaml,bad_goal,final_dist_to_goal_above_tol,3000,True,0,0.006703840441265933,0.012519378590960709,0.0002558634559139232,-0.04761186424528549,0.0007439104114616568,0.02269512943888618,0.02,bad_goal
scenario_1489,/home/simon/davide_fr3_ws/src/cbf_safety_filter/data/rollouts/fullpool_candidates_seed20260520_n1500/scenario_1489_offline_rollout.npz,/home/simon/davide_fr3_ws/src/cbf_safety_filter/config/generated_scenarios_fullpool_candidates/scenario_1489.yaml,bad_goal,final_dist_to_goal_above_tol,3000,True,0,1.214306433183765e-16,9.714451968454903e-17,1.0061396160665481e-16,-8.65821100641152e-17,3.3306690738754696e-16,0.021781324082351363,0.02,bad_goal
scenario_0446,/home/simon/davide_fr3_ws/src/cbf_safety_filter/data/rollouts/fullpool_candidates_seed20260520_n1500/scenario_0446_offline_rollout.npz,/home/simon/davide_fr3_ws/src/cbf_safety_filter/config/generated_scenarios_fullpool_candidates/scenario_0446.yaml,bad_goal,final_dist_to_goal_above_tol,3000,True,0,0.019858454461773208,0.050217346954471956,0.0007050678531439654,-0.21418428271236567,0.003835323056639847,0.021611764577822667,0.02,bad_goal
scenario_1077,/home/simon/davide_fr3_ws/src/cbf_safety_filter/data/rollouts/fullpool_candidates_seed20260520_n1500/scenario_1077_offline_rollout.npz,/home/simon/davide_fr3_ws/src/cbf_safety_filter/config/generated_scenarios_fullpool_candidates/scenario_1077.yaml,bad_goal,final_dist_to_goal_above_tol,3000,True,0,0.015251946527239095,0.024773730792612695,0.011282431690222682,-0.20676211401769673,0.02962462145524694,0.021599624446357515,0.02,bad_goal
scenario_0613,/home/simon/davide_fr3_ws/src/cbf_safety_filter/data/rollouts/fullpool_candidates_seed20260520_n1500/scenario_0613_offline_rollout.npz,/home/simon/davide_fr3_ws/src/cbf_safety_filter/config/generated_scenarios_fullpool_candidates/scenario_0613.yaml,bad_goal,final_dist_to_goal_above_tol,3000,True,0,0.06280680190778588,0.043688976461316725,-0.003320396541925355,-0.2020235837129674,-0.008516378631843041,0.021243988400836935,0.02,bad_goal
scenario_0216,/home/simon/davide_fr3_ws/src/cbf_safety_filter/data/rollouts/fullpool_candidates_seed20260520_n1500/scenario_0216_offline_rollout.npz,/home/simon/davide_fr3_ws/src/cbf_safety_filter/config/generated_scenarios_fullpool_candidates/scenario_0216.yaml,bad_goal,final_dist_to_goal_above_tol,3000,True,0,0.021295088545675217,0.044391,-0.0011875953671401833,-0.07580253486511612,-0.00685912778386423,0.02030262706879908,0.02,bad_goal
